ISO-10303-21;
HEADER;
FILE_DESCRIPTION(('STEP AP242'),'1');
FILE_NAME('ihlp5050ceer2r2m01.stp','2024-12-12T18:58:47',('TraceParts'),('TraceParts S.A.'),'Spatial InterOp 3D',' ',' ');
FILE_SCHEMA(('AP242_MANAGED_MODEL_BASED_3D_ENGINEERING_MIM_LF  {1 0 10303 442 1 1 4}'));
ENDSEC;
DATA;
#1=MECHANICAL_DESIGN_GEOMETRIC_PRESENTATION_REPRESENTATION(' ',(#10,#11,#12,#13,#14,#15,#16,#17,#18,#19,#20,#21,#22,#23,#24,#25,#26,#27,#28,#29,#30,#31,#32,#33,#34,#35,#36,#37,#38,#39,#40,#41,#42,#43,#44,#45,#46,#47,#48,#49,#50,#51,#52,#53,#54,#55,#56,#57,#58,#59,#60,#61,#62,#63,#64,#65,#66,#67,#68,#69,#70,#71,#72,#73,#74,#75,#76,#77,#78,#79,#80,#81,#82,#83,#84,#85,#86,#87,#88,#89,#90,#91,#92,#93,#94,#95,#96,#97,#98,#99,#100,#101,#102,#103,#104,#105,#106),#6);
#2=PRODUCT_DEFINITION_CONTEXT('',#107,'design');
#3=APPLICATION_PROTOCOL_DEFINITION('INTERNATIONAL STANDARD','ap242_managed_model_based_3d_engineering',2014,#107);
#4=PRODUCT_CATEGORY_RELATIONSHIP('NONE','NONE',#108,#109);
#5=SHAPE_DEFINITION_REPRESENTATION(#110,#111);
#6= (GEOMETRIC_REPRESENTATION_CONTEXT(3)GLOBAL_UNCERTAINTY_ASSIGNED_CONTEXT((#114))GLOBAL_UNIT_ASSIGNED_CONTEXT((#116,#117,#118))REPRESENTATION_CONTEXT('NONE','WORKSPACE'));
#10=STYLED_ITEM('',(#120),#121);
#11=STYLED_ITEM('',(#122),#123);
#12=STYLED_ITEM('',(#124),#125);
#13=STYLED_ITEM('',(#126),#127);
#14=STYLED_ITEM('',(#128),#129);
#15=STYLED_ITEM('',(#130),#131);
#16=STYLED_ITEM('',(#132),#133);
#17=STYLED_ITEM('',(#134),#135);
#18=STYLED_ITEM('',(#136),#137);
#19=STYLED_ITEM('',(#138),#139);
#20=STYLED_ITEM('',(#140),#141);
#21=STYLED_ITEM('',(#142),#143);
#22=STYLED_ITEM('',(#144),#145);
#23=STYLED_ITEM('',(#146),#147);
#24=STYLED_ITEM('',(#148),#149);
#25=STYLED_ITEM('',(#150),#151);
#26=STYLED_ITEM('',(#152),#153);
#27=STYLED_ITEM('',(#154),#155);
#28=STYLED_ITEM('',(#156),#157);
#29=STYLED_ITEM('',(#158),#159);
#30=STYLED_ITEM('',(#160),#161);
#31=STYLED_ITEM('',(#162),#163);
#32=STYLED_ITEM('',(#164),#165);
#33=STYLED_ITEM('',(#166),#167);
#34=STYLED_ITEM('',(#168),#169);
#35=STYLED_ITEM('',(#170),#171);
#36=STYLED_ITEM('',(#172),#173);
#37=STYLED_ITEM('',(#174),#175);
#38=STYLED_ITEM('',(#176),#177);
#39=STYLED_ITEM('',(#178),#179);
#40=STYLED_ITEM('',(#180),#181);
#41=STYLED_ITEM('',(#182),#183);
#42=STYLED_ITEM('',(#184),#185);
#43=STYLED_ITEM('',(#186),#187);
#44=STYLED_ITEM('',(#188),#189);
#45=STYLED_ITEM('',(#190),#191);
#46=STYLED_ITEM('',(#192),#193);
#47=STYLED_ITEM('',(#194),#195);
#48=STYLED_ITEM('',(#196),#197);
#49=STYLED_ITEM('',(#198),#199);
#50=STYLED_ITEM('',(#200),#201);
#51=STYLED_ITEM('',(#202),#203);
#52=STYLED_ITEM('',(#204),#205);
#53=STYLED_ITEM('',(#206),#207);
#54=STYLED_ITEM('',(#208),#209);
#55=STYLED_ITEM('',(#210),#211);
#56=STYLED_ITEM('',(#212),#213);
#57=STYLED_ITEM('',(#214),#215);
#58=STYLED_ITEM('',(#216),#217);
#59=STYLED_ITEM('',(#218),#219);
#60=STYLED_ITEM('',(#220),#221);
#61=STYLED_ITEM('',(#222),#223);
#62=STYLED_ITEM('',(#224),#225);
#63=STYLED_ITEM('',(#226),#227);
#64=STYLED_ITEM('',(#228),#229);
#65=STYLED_ITEM('',(#230),#231);
#66=STYLED_ITEM('',(#232),#233);
#67=STYLED_ITEM('',(#234),#235);
#68=STYLED_ITEM('',(#236),#237);
#69=STYLED_ITEM('',(#238),#239);
#70=STYLED_ITEM('',(#240),#241);
#71=STYLED_ITEM('',(#242),#243);
#72=STYLED_ITEM('',(#244),#245);
#73=STYLED_ITEM('',(#246),#247);
#74=STYLED_ITEM('',(#248),#249);
#75=STYLED_ITEM('',(#250),#251);
#76=STYLED_ITEM('',(#252),#253);
#77=STYLED_ITEM('',(#254),#255);
#78=STYLED_ITEM('',(#256),#257);
#79=STYLED_ITEM('',(#258),#259);
#80=STYLED_ITEM('',(#260),#261);
#81=STYLED_ITEM('',(#262),#263);
#82=STYLED_ITEM('',(#264),#265);
#83=STYLED_ITEM('',(#266),#267);
#84=STYLED_ITEM('',(#268),#269);
#85=STYLED_ITEM('',(#270),#271);
#86=STYLED_ITEM('',(#272),#273);
#87=STYLED_ITEM('',(#274),#275);
#88=STYLED_ITEM('',(#276),#277);
#89=STYLED_ITEM('',(#278),#279);
#90=STYLED_ITEM('',(#280),#281);
#91=STYLED_ITEM('',(#282),#283);
#92=STYLED_ITEM('',(#284),#285);
#93=STYLED_ITEM('',(#286),#287);
#94=STYLED_ITEM('',(#288),#289);
#95=STYLED_ITEM('',(#290),#291);
#96=STYLED_ITEM('',(#292),#293);
#97=STYLED_ITEM('',(#294),#295);
#98=STYLED_ITEM('',(#296),#297);
#99=STYLED_ITEM('',(#298),#299);
#100=STYLED_ITEM('',(#300),#301);
#101=STYLED_ITEM('',(#302),#303);
#102=STYLED_ITEM('',(#304),#305);
#103=STYLED_ITEM('',(#306),#307);
#104=STYLED_ITEM('',(#308),#309);
#105=STYLED_ITEM('',(#310),#311);
#106=STYLED_ITEM('',(#312),#313);
#107=APPLICATION_CONTEXT('managed model based 3d engineering');
#108=PRODUCT_CATEGORY('part','NONE');
#109=PRODUCT_RELATED_PRODUCT_CATEGORY('detail',' ',(#314));
#110=PRODUCT_DEFINITION_SHAPE('NONE','NONE',#315);
#111=ADVANCED_BREP_SHAPE_REPRESENTATION('ihlp5050ceer2r2m01',(#313,#316),#6);
#114=UNCERTAINTY_MEASURE_WITH_UNIT(LENGTH_MEASURE(1.0E-06),#116,'','');
#116= (CONVERSION_BASED_UNIT('MILLIMETRE',#319)LENGTH_UNIT()NAMED_UNIT(#322));
#117= (NAMED_UNIT(#324)PLANE_ANGLE_UNIT()SI_UNIT($,.RADIAN.));
#118= (NAMED_UNIT(#324)SOLID_ANGLE_UNIT()SI_UNIT($,.STERADIAN.));
#120=PRESENTATION_STYLE_ASSIGNMENT((#330));
#121=ADVANCED_FACE('NONE',(#331),#332,.F.);
#122=PRESENTATION_STYLE_ASSIGNMENT((#333));
#123=ADVANCED_FACE('NONE',(#334),#335,.F.);
#124=PRESENTATION_STYLE_ASSIGNMENT((#336));
#125=ADVANCED_FACE('NONE',(#337),#338,.T.);
#126=PRESENTATION_STYLE_ASSIGNMENT((#339));
#127=ADVANCED_FACE('NONE',(#340),#341,.T.);
#128=PRESENTATION_STYLE_ASSIGNMENT((#342));
#129=ADVANCED_FACE('NONE',(#343),#344,.T.);
#130=PRESENTATION_STYLE_ASSIGNMENT((#345));
#131=ADVANCED_FACE('NONE',(#346),#347,.T.);
#132=PRESENTATION_STYLE_ASSIGNMENT((#348));
#133=ADVANCED_FACE('NONE',(#349),#350,.T.);
#134=PRESENTATION_STYLE_ASSIGNMENT((#351));
#135=ADVANCED_FACE('NONE',(#352),#353,.F.);
#136=PRESENTATION_STYLE_ASSIGNMENT((#354));
#137=ADVANCED_FACE('NONE',(#355),#356,.T.);
#138=PRESENTATION_STYLE_ASSIGNMENT((#357));
#139=ADVANCED_FACE('NONE',(#358),#359,.F.);
#140=PRESENTATION_STYLE_ASSIGNMENT((#360));
#141=ADVANCED_FACE('NONE',(#361),#362,.T.);
#142=PRESENTATION_STYLE_ASSIGNMENT((#363));
#143=ADVANCED_FACE('NONE',(#364),#365,.F.);
#144=PRESENTATION_STYLE_ASSIGNMENT((#366));
#145=ADVANCED_FACE('NONE',(#367),#368,.T.);
#146=PRESENTATION_STYLE_ASSIGNMENT((#369));
#147=ADVANCED_FACE('NONE',(#370),#371,.F.);
#148=PRESENTATION_STYLE_ASSIGNMENT((#372));
#149=ADVANCED_FACE('NONE',(#373),#374,.T.);
#150=PRESENTATION_STYLE_ASSIGNMENT((#375));
#151=ADVANCED_FACE('NONE',(#376),#377,.F.);
#152=PRESENTATION_STYLE_ASSIGNMENT((#378));
#153=ADVANCED_FACE('NONE',(#379),#380,.T.);
#154=PRESENTATION_STYLE_ASSIGNMENT((#381));
#155=ADVANCED_FACE('NONE',(#382),#383,.T.);
#156=PRESENTATION_STYLE_ASSIGNMENT((#384));
#157=ADVANCED_FACE('NONE',(#385),#386,.T.);
#158=PRESENTATION_STYLE_ASSIGNMENT((#387));
#159=ADVANCED_FACE('NONE',(#388),#389,.T.);
#160=PRESENTATION_STYLE_ASSIGNMENT((#390));
#161=ADVANCED_FACE('NONE',(#391),#392,.T.);
#162=PRESENTATION_STYLE_ASSIGNMENT((#393));
#163=ADVANCED_FACE('NONE',(#394),#395,.T.);
#164=PRESENTATION_STYLE_ASSIGNMENT((#396));
#165=ADVANCED_FACE('NONE',(#397),#398,.T.);
#166=PRESENTATION_STYLE_ASSIGNMENT((#399));
#167=ADVANCED_FACE('NONE',(#400),#401,.T.);
#168=PRESENTATION_STYLE_ASSIGNMENT((#402));
#169=ADVANCED_FACE('NONE',(#403),#404,.T.);
#170=PRESENTATION_STYLE_ASSIGNMENT((#405));
#171=ADVANCED_FACE('NONE',(#406),#407,.F.);
#172=PRESENTATION_STYLE_ASSIGNMENT((#408));
#173=ADVANCED_FACE('NONE',(#409),#410,.F.);
#174=PRESENTATION_STYLE_ASSIGNMENT((#411));
#175=ADVANCED_FACE('NONE',(#412),#413,.F.);
#176=PRESENTATION_STYLE_ASSIGNMENT((#414));
#177=ADVANCED_FACE('NONE',(#415),#416,.F.);
#178=PRESENTATION_STYLE_ASSIGNMENT((#417));
#179=ADVANCED_FACE('NONE',(#418),#419,.F.);
#180=PRESENTATION_STYLE_ASSIGNMENT((#420));
#181=ADVANCED_FACE('NONE',(#421),#422,.F.);
#182=PRESENTATION_STYLE_ASSIGNMENT((#423));
#183=ADVANCED_FACE('NONE',(#424),#425,.F.);
#184=PRESENTATION_STYLE_ASSIGNMENT((#426));
#185=ADVANCED_FACE('NONE',(#427),#428,.F.);
#186=PRESENTATION_STYLE_ASSIGNMENT((#429));
#187=ADVANCED_FACE('NONE',(#430),#431,.T.);
#188=PRESENTATION_STYLE_ASSIGNMENT((#432));
#189=ADVANCED_FACE('NONE',(#433),#434,.F.);
#190=PRESENTATION_STYLE_ASSIGNMENT((#435));
#191=ADVANCED_FACE('NONE',(#436),#437,.F.);
#192=PRESENTATION_STYLE_ASSIGNMENT((#438));
#193=ADVANCED_FACE('NONE',(#439),#440,.T.);
#194=PRESENTATION_STYLE_ASSIGNMENT((#441));
#195=ADVANCED_FACE('NONE',(#442),#443,.F.);
#196=PRESENTATION_STYLE_ASSIGNMENT((#444));
#197=ADVANCED_FACE('NONE',(#445),#446,.T.);
#198=PRESENTATION_STYLE_ASSIGNMENT((#447));
#199=ADVANCED_FACE('NONE',(#448),#449,.T.);
#200=PRESENTATION_STYLE_ASSIGNMENT((#450));
#201=ADVANCED_FACE('NONE',(#451),#452,.T.);
#202=PRESENTATION_STYLE_ASSIGNMENT((#453));
#203=ADVANCED_FACE('NONE',(#454),#455,.T.);
#204=PRESENTATION_STYLE_ASSIGNMENT((#456));
#205=ADVANCED_FACE('NONE',(#457),#458,.F.);
#206=PRESENTATION_STYLE_ASSIGNMENT((#459));
#207=ADVANCED_FACE('NONE',(#460),#461,.T.);
#208=PRESENTATION_STYLE_ASSIGNMENT((#462));
#209=ADVANCED_FACE('NONE',(#463),#464,.T.);
#210=PRESENTATION_STYLE_ASSIGNMENT((#465));
#211=ADVANCED_FACE('NONE',(#466),#467,.T.);
#212=PRESENTATION_STYLE_ASSIGNMENT((#468));
#213=ADVANCED_FACE('NONE',(#469),#470,.T.);
#214=PRESENTATION_STYLE_ASSIGNMENT((#471));
#215=ADVANCED_FACE('NONE',(#472),#473,.F.);
#216=PRESENTATION_STYLE_ASSIGNMENT((#474));
#217=ADVANCED_FACE('NONE',(#475),#476,.F.);
#218=PRESENTATION_STYLE_ASSIGNMENT((#477));
#219=ADVANCED_FACE('NONE',(#478),#479,.F.);
#220=PRESENTATION_STYLE_ASSIGNMENT((#480));
#221=ADVANCED_FACE('NONE',(#481),#482,.F.);
#222=PRESENTATION_STYLE_ASSIGNMENT((#483));
#223=ADVANCED_FACE('NONE',(#484),#485,.T.);
#224=PRESENTATION_STYLE_ASSIGNMENT((#486));
#225=ADVANCED_FACE('NONE',(#487),#488,.T.);
#226=PRESENTATION_STYLE_ASSIGNMENT((#489));
#227=ADVANCED_FACE('NONE',(#490),#491,.F.);
#228=PRESENTATION_STYLE_ASSIGNMENT((#492));
#229=ADVANCED_FACE('NONE',(#493),#494,.F.);
#230=PRESENTATION_STYLE_ASSIGNMENT((#495));
#231=ADVANCED_FACE('NONE',(#496),#497,.T.);
#232=PRESENTATION_STYLE_ASSIGNMENT((#498));
#233=ADVANCED_FACE('NONE',(#499),#500,.T.);
#234=PRESENTATION_STYLE_ASSIGNMENT((#501));
#235=ADVANCED_FACE('NONE',(#502),#503,.F.);
#236=PRESENTATION_STYLE_ASSIGNMENT((#504));
#237=ADVANCED_FACE('NONE',(#505),#506,.F.);
#238=PRESENTATION_STYLE_ASSIGNMENT((#507));
#239=ADVANCED_FACE('NONE',(#508),#509,.T.);
#240=PRESENTATION_STYLE_ASSIGNMENT((#510));
#241=ADVANCED_FACE('NONE',(#511),#512,.T.);
#242=PRESENTATION_STYLE_ASSIGNMENT((#513));
#243=ADVANCED_FACE('NONE',(#514),#515,.T.);
#244=PRESENTATION_STYLE_ASSIGNMENT((#516));
#245=ADVANCED_FACE('NONE',(#517),#518,.T.);
#246=PRESENTATION_STYLE_ASSIGNMENT((#519));
#247=ADVANCED_FACE('NONE',(#520),#521,.T.);
#248=PRESENTATION_STYLE_ASSIGNMENT((#522));
#249=ADVANCED_FACE('NONE',(#523),#524,.F.);
#250=PRESENTATION_STYLE_ASSIGNMENT((#525));
#251=ADVANCED_FACE('NONE',(#526),#527,.T.);
#252=PRESENTATION_STYLE_ASSIGNMENT((#528));
#253=ADVANCED_FACE('NONE',(#529),#530,.T.);
#254=PRESENTATION_STYLE_ASSIGNMENT((#531));
#255=ADVANCED_FACE('NONE',(#532),#533,.F.);
#256=PRESENTATION_STYLE_ASSIGNMENT((#534));
#257=ADVANCED_FACE('NONE',(#535),#536,.T.);
#258=PRESENTATION_STYLE_ASSIGNMENT((#537));
#259=ADVANCED_FACE('NONE',(#538),#539,.T.);
#260=PRESENTATION_STYLE_ASSIGNMENT((#540));
#261=ADVANCED_FACE('NONE',(#541),#542,.F.);
#262=PRESENTATION_STYLE_ASSIGNMENT((#543));
#263=ADVANCED_FACE('NONE',(#544),#545,.F.);
#264=PRESENTATION_STYLE_ASSIGNMENT((#546));
#265=ADVANCED_FACE('NONE',(#547),#548,.T.);
#266=PRESENTATION_STYLE_ASSIGNMENT((#549));
#267=ADVANCED_FACE('NONE',(#550),#551,.F.);
#268=PRESENTATION_STYLE_ASSIGNMENT((#552));
#269=ADVANCED_FACE('NONE',(#553),#554,.T.);
#270=PRESENTATION_STYLE_ASSIGNMENT((#555));
#271=ADVANCED_FACE('NONE',(#556),#557,.T.);
#272=PRESENTATION_STYLE_ASSIGNMENT((#558));
#273=ADVANCED_FACE('NONE',(#559),#560,.F.);
#274=PRESENTATION_STYLE_ASSIGNMENT((#561));
#275=ADVANCED_FACE('NONE',(#562),#563,.F.);
#276=PRESENTATION_STYLE_ASSIGNMENT((#564));
#277=ADVANCED_FACE('NONE',(#565),#566,.F.);
#278=PRESENTATION_STYLE_ASSIGNMENT((#567));
#279=ADVANCED_FACE('NONE',(#568),#569,.F.);
#280=PRESENTATION_STYLE_ASSIGNMENT((#570));
#281=ADVANCED_FACE('NONE',(#571),#572,.F.);
#282=PRESENTATION_STYLE_ASSIGNMENT((#573));
#283=ADVANCED_FACE('NONE',(#574),#575,.F.);
#284=PRESENTATION_STYLE_ASSIGNMENT((#576));
#285=ADVANCED_FACE('NONE',(#577),#578,.F.);
#286=PRESENTATION_STYLE_ASSIGNMENT((#579));
#287=ADVANCED_FACE('NONE',(#580),#581,.T.);
#288=PRESENTATION_STYLE_ASSIGNMENT((#582));
#289=ADVANCED_FACE('NONE',(#583),#584,.F.);
#290=PRESENTATION_STYLE_ASSIGNMENT((#585));
#291=ADVANCED_FACE('NONE',(#586),#587,.T.);
#292=PRESENTATION_STYLE_ASSIGNMENT((#588));
#293=ADVANCED_FACE('NONE',(#589),#590,.T.);
#294=PRESENTATION_STYLE_ASSIGNMENT((#591));
#295=ADVANCED_FACE('NONE',(#592),#593,.T.);
#296=PRESENTATION_STYLE_ASSIGNMENT((#594));
#297=ADVANCED_FACE('NONE',(#595),#596,.T.);
#298=PRESENTATION_STYLE_ASSIGNMENT((#597));
#299=ADVANCED_FACE('NONE',(#598),#599,.T.);
#300=PRESENTATION_STYLE_ASSIGNMENT((#600));
#301=ADVANCED_FACE('NONE',(#601),#602,.T.);
#302=PRESENTATION_STYLE_ASSIGNMENT((#603));
#303=ADVANCED_FACE('NONE',(#604),#605,.T.);
#304=PRESENTATION_STYLE_ASSIGNMENT((#606));
#305=ADVANCED_FACE('NONE',(#607),#608,.F.);
#306=PRESENTATION_STYLE_ASSIGNMENT((#609));
#307=ADVANCED_FACE('NONE',(#610),#611,.F.);
#308=PRESENTATION_STYLE_ASSIGNMENT((#612));
#309=ADVANCED_FACE('NONE',(#613),#614,.T.);
#310=PRESENTATION_STYLE_ASSIGNMENT((#615));
#311=ADVANCED_FACE('NONE',(#616),#617,.F.);
#312=PRESENTATION_STYLE_ASSIGNMENT((#618));
#313=MANIFOLD_SOLID_BREP('ihlp5050ceer2r2m01',#619);
#314=PRODUCT('ihlp5050ceer2r2m01','','PART--DESC',(#620));
#315=PRODUCT_DEFINITION('','NONE',#621,#2);
#316=AXIS2_PLACEMENT_3D('',#622,#623,#624);
#319=LENGTH_MEASURE_WITH_UNIT(LENGTH_MEASURE(1.0),#625);
#322=DIMENSIONAL_EXPONENTS(1.0,0.0,0.0,0.0,0.0,0.0,0.0);
#324=DIMENSIONAL_EXPONENTS(0.0,0.0,0.0,0.0,0.0,0.0,0.0);
#330=SURFACE_STYLE_USAGE(.BOTH.,#626);
#331=FACE_OUTER_BOUND('',#627,.T.);
#332=PLANE('',#628);
#333=SURFACE_STYLE_USAGE(.BOTH.,#629);
#334=FACE_OUTER_BOUND('',#630,.T.);
#335=PLANE('',#631);
#336=SURFACE_STYLE_USAGE(.BOTH.,#632);
#337=FACE_OUTER_BOUND('',#633,.T.);
#338=PLANE('',#634);
#339=SURFACE_STYLE_USAGE(.BOTH.,#635);
#340=FACE_OUTER_BOUND('',#636,.T.);
#341=PLANE('',#637);
#342=SURFACE_STYLE_USAGE(.BOTH.,#638);
#343=FACE_OUTER_BOUND('',#639,.T.);
#344=PLANE('',#640);
#345=SURFACE_STYLE_USAGE(.BOTH.,#641);
#346=FACE_OUTER_BOUND('',#642,.T.);
#347=PLANE('',#643);
#348=SURFACE_STYLE_USAGE(.BOTH.,#644);
#349=FACE_OUTER_BOUND('',#645,.T.);
#350=CYLINDRICAL_SURFACE('',#646,1.00584);
#351=SURFACE_STYLE_USAGE(.BOTH.,#647);
#352=FACE_OUTER_BOUND('',#648,.T.);
#353=PLANE('',#649);
#354=SURFACE_STYLE_USAGE(.BOTH.,#650);
#355=FACE_OUTER_BOUND('',#651,.T.);
#356=CYLINDRICAL_SURFACE('',#652,1.00584);
#357=SURFACE_STYLE_USAGE(.BOTH.,#653);
#358=FACE_OUTER_BOUND('',#654,.T.);
#359=PLANE('',#655);
#360=SURFACE_STYLE_USAGE(.BOTH.,#656);
#361=FACE_OUTER_BOUND('',#657,.T.);
#362=CYLINDRICAL_SURFACE('',#658,1.00584);
#363=SURFACE_STYLE_USAGE(.BOTH.,#659);
#364=FACE_OUTER_BOUND('',#660,.T.);
#365=PLANE('',#661);
#366=SURFACE_STYLE_USAGE(.BOTH.,#662);
#367=FACE_OUTER_BOUND('',#663,.T.);
#368=CYLINDRICAL_SURFACE('',#664,1.00584);
#369=SURFACE_STYLE_USAGE(.BOTH.,#665);
#370=FACE_OUTER_BOUND('',#666,.T.);
#371=PLANE('',#667);
#372=SURFACE_STYLE_USAGE(.BOTH.,#668);
#373=FACE_OUTER_BOUND('',#669,.T.);
#374=PLANE('',#670);
#375=SURFACE_STYLE_USAGE(.BOTH.,#671);
#376=FACE_OUTER_BOUND('',#672,.T.);
#377=PLANE('',#673);
#378=SURFACE_STYLE_USAGE(.BOTH.,#674);
#379=FACE_OUTER_BOUND('',#675,.T.);
#380=CYLINDRICAL_SURFACE('',#676,1.00584);
#381=SURFACE_STYLE_USAGE(.BOTH.,#677);
#382=FACE_OUTER_BOUND('',#678,.T.);
#383=PLANE('',#679);
#384=SURFACE_STYLE_USAGE(.BOTH.,#680);
#385=FACE_OUTER_BOUND('',#681,.T.);
#386=CYLINDRICAL_SURFACE('',#682,1.00584);
#387=SURFACE_STYLE_USAGE(.BOTH.,#683);
#388=FACE_OUTER_BOUND('',#684,.T.);
#389=PLANE('',#685);
#390=SURFACE_STYLE_USAGE(.BOTH.,#686);
#391=FACE_OUTER_BOUND('',#687,.T.);
#392=CYLINDRICAL_SURFACE('',#688,1.00584);
#393=SURFACE_STYLE_USAGE(.BOTH.,#689);
#394=FACE_OUTER_BOUND('',#690,.T.);
#395=PLANE('',#691);
#396=SURFACE_STYLE_USAGE(.BOTH.,#692);
#397=FACE_OUTER_BOUND('',#693,.T.);
#398=CYLINDRICAL_SURFACE('',#694,1.00584);
#399=SURFACE_STYLE_USAGE(.BOTH.,#695);
#400=FACE_OUTER_BOUND('',#696,.T.);
#401=PLANE('',#697);
#402=SURFACE_STYLE_USAGE(.BOTH.,#698);
#403=FACE_OUTER_BOUND('',#699,.T.);
#404=PLANE('',#700);
#405=SURFACE_STYLE_USAGE(.BOTH.,#701);
#406=FACE_OUTER_BOUND('',#702,.T.);
#407=PLANE('',#703);
#408=SURFACE_STYLE_USAGE(.BOTH.,#704);
#409=FACE_OUTER_BOUND('',#705,.T.);
#410=PLANE('',#706);
#411=SURFACE_STYLE_USAGE(.BOTH.,#707);
#412=FACE_OUTER_BOUND('',#708,.T.);
#413=PLANE('',#709);
#414=SURFACE_STYLE_USAGE(.BOTH.,#710);
#415=FACE_OUTER_BOUND('',#711,.T.);
#416=PLANE('',#712);
#417=SURFACE_STYLE_USAGE(.BOTH.,#713);
#418=FACE_OUTER_BOUND('',#714,.T.);
#419=PLANE('',#715);
#420=SURFACE_STYLE_USAGE(.BOTH.,#716);
#421=FACE_OUTER_BOUND('',#717,.T.);
#422=PLANE('',#718);
#423=SURFACE_STYLE_USAGE(.BOTH.,#719);
#424=FACE_OUTER_BOUND('',#720,.T.);
#425=PLANE('',#721);
#426=SURFACE_STYLE_USAGE(.BOTH.,#722);
#427=FACE_OUTER_BOUND('',#723,.T.);
#428=PLANE('',#724);
#429=SURFACE_STYLE_USAGE(.BOTH.,#725);
#430=FACE_OUTER_BOUND('',#726,.T.);
#431=CYLINDRICAL_SURFACE('',#727,0.2159);
#432=SURFACE_STYLE_USAGE(.BOTH.,#728);
#433=FACE_OUTER_BOUND('',#729,.T.);
#434=CYLINDRICAL_SURFACE('',#730,0.25399999999999);
#435=SURFACE_STYLE_USAGE(.BOTH.,#731);
#436=FACE_OUTER_BOUND('',#732,.T.);
#437=PLANE('',#733);
#438=SURFACE_STYLE_USAGE(.BOTH.,#734);
#439=FACE_OUTER_BOUND('',#735,.T.);
#440=PLANE('',#736);
#441=SURFACE_STYLE_USAGE(.BOTH.,#737);
#442=FACE_OUTER_BOUND('',#738,.T.);
#443=PLANE('',#739);
#444=SURFACE_STYLE_USAGE(.BOTH.,#740);
#445=FACE_OUTER_BOUND('',#741,.T.);
#446=CYLINDRICAL_SURFACE('',#742,0.2159);
#447=SURFACE_STYLE_USAGE(.BOTH.,#743);
#448=FACE_OUTER_BOUND('',#744,.T.);
#449=B_SPLINE_SURFACE_WITH_KNOTS('',1,3,((#745,#746,#747,#748),(#749,#750,#751,#752)),.UNSPECIFIED.,.F.,.F.,.F.,(2,2),(4,4),(0.0,1.0),(0.0,1.0),.UNSPECIFIED.);
#450=SURFACE_STYLE_USAGE(.BOTH.,#753);
#451=FACE_OUTER_BOUND('',#754,.T.);
#452=PLANE('',#755);
#453=SURFACE_STYLE_USAGE(.BOTH.,#756);
#454=FACE_OUTER_BOUND('',#757,.T.);
#455=B_SPLINE_SURFACE_WITH_KNOTS('',1,3,((#758,#759,#760,#761),(#762,#763,#764,#765)),.UNSPECIFIED.,.F.,.F.,.F.,(2,2),(4,4),(0.0,1.0),(0.0,1.0),.UNSPECIFIED.);
#456=SURFACE_STYLE_USAGE(.BOTH.,#766);
#457=FACE_OUTER_BOUND('',#767,.T.);
#458=PLANE('',#768);
#459=SURFACE_STYLE_USAGE(.BOTH.,#769);
#460=FACE_OUTER_BOUND('',#770,.T.);
#461=PLANE('',#771);
#462=SURFACE_STYLE_USAGE(.BOTH.,#772);
#463=FACE_OUTER_BOUND('',#773,.T.);
#464=PLANE('',#774);
#465=SURFACE_STYLE_USAGE(.BOTH.,#775);
#466=FACE_OUTER_BOUND('',#776,.T.);
#467=PLANE('',#777);
#468=SURFACE_STYLE_USAGE(.BOTH.,#778);
#469=FACE_OUTER_BOUND('',#779,.T.);
#470=PLANE('',#780);
#471=SURFACE_STYLE_USAGE(.BOTH.,#781);
#472=FACE_OUTER_BOUND('',#782,.T.);
#473=CYLINDRICAL_SURFACE('',#783,0.761999999999999);
#474=SURFACE_STYLE_USAGE(.BOTH.,#784);
#475=FACE_OUTER_BOUND('',#785,.T.);
#476=PLANE('',#786);
#477=SURFACE_STYLE_USAGE(.BOTH.,#787);
#478=FACE_OUTER_BOUND('',#788,.T.);
#479=PLANE('',#789);
#480=SURFACE_STYLE_USAGE(.BOTH.,#790);
#481=FACE_OUTER_BOUND('',#791,.T.);
#482=CYLINDRICAL_SURFACE('',#792,0.761999999999992);
#483=SURFACE_STYLE_USAGE(.BOTH.,#793);
#484=FACE_OUTER_BOUND('',#794,.T.);
#485=PLANE('',#795);
#486=SURFACE_STYLE_USAGE(.BOTH.,#796);
#487=FACE_OUTER_BOUND('',#797,.T.);
#488=PLANE('',#798);
#489=SURFACE_STYLE_USAGE(.BOTH.,#799);
#490=FACE_OUTER_BOUND('',#800,.T.);
#491=PLANE('',#801);
#492=SURFACE_STYLE_USAGE(.BOTH.,#802);
#493=FACE_OUTER_BOUND('',#803,.T.);
#494=CYLINDRICAL_SURFACE('',#804,0.25399999999999);
#495=SURFACE_STYLE_USAGE(.BOTH.,#805);
#496=FACE_OUTER_BOUND('',#806,.T.);
#497=PLANE('',#807);
#498=SURFACE_STYLE_USAGE(.BOTH.,#808);
#499=FACE_OUTER_BOUND('',#809,.T.);
#500=PLANE('',#810);
#501=SURFACE_STYLE_USAGE(.BOTH.,#811);
#502=FACE_OUTER_BOUND('',#812,.T.);
#503=PLANE('',#813);
#504=SURFACE_STYLE_USAGE(.BOTH.,#814);
#505=FACE_OUTER_BOUND('',#815,.T.);
#506=PLANE('',#816);
#507=SURFACE_STYLE_USAGE(.BOTH.,#817);
#508=FACE_OUTER_BOUND('',#818,.T.);
#509=PLANE('',#819);
#510=SURFACE_STYLE_USAGE(.BOTH.,#820);
#511=FACE_OUTER_BOUND('',#821,.T.);
#512=PLANE('',#822);
#513=SURFACE_STYLE_USAGE(.BOTH.,#823);
#514=FACE_OUTER_BOUND('',#824,.T.);
#515=PLANE('',#825);
#516=SURFACE_STYLE_USAGE(.BOTH.,#826);
#517=FACE_OUTER_BOUND('',#827,.T.);
#518=PLANE('',#828);
#519=SURFACE_STYLE_USAGE(.BOTH.,#829);
#520=FACE_OUTER_BOUND('',#830,.T.);
#521=PLANE('',#831);
#522=SURFACE_STYLE_USAGE(.BOTH.,#832);
#523=FACE_OUTER_BOUND('',#833,.T.);
#524=PLANE('',#834);
#525=SURFACE_STYLE_USAGE(.BOTH.,#835);
#526=FACE_OUTER_BOUND('',#836,.T.);
#527=PLANE('',#837);
#528=SURFACE_STYLE_USAGE(.BOTH.,#838);
#529=FACE_OUTER_BOUND('',#839,.T.);
#530=PLANE('',#840);
#531=SURFACE_STYLE_USAGE(.BOTH.,#841);
#532=FACE_OUTER_BOUND('',#842,.T.);
#533=PLANE('',#843);
#534=SURFACE_STYLE_USAGE(.BOTH.,#844);
#535=FACE_OUTER_BOUND('',#845,.T.);
#536=PLANE('',#846);
#537=SURFACE_STYLE_USAGE(.BOTH.,#847);
#538=FACE_OUTER_BOUND('',#848,.T.);
#539=PLANE('',#849);
#540=SURFACE_STYLE_USAGE(.BOTH.,#850);
#541=FACE_OUTER_BOUND('',#851,.T.);
#542=PLANE('',#852);
#543=SURFACE_STYLE_USAGE(.BOTH.,#853);
#544=FACE_OUTER_BOUND('',#854,.T.);
#545=PLANE('',#855);
#546=SURFACE_STYLE_USAGE(.BOTH.,#856);
#547=FACE_OUTER_BOUND('',#857,.T.);
#548=PLANE('',#858);
#549=SURFACE_STYLE_USAGE(.BOTH.,#859);
#550=FACE_OUTER_BOUND('',#860,.T.);
#551=CYLINDRICAL_SURFACE('',#861,0.254000000000005);
#552=SURFACE_STYLE_USAGE(.BOTH.,#862);
#553=FACE_OUTER_BOUND('',#863,.T.);
#554=PLANE('',#864);
#555=SURFACE_STYLE_USAGE(.BOTH.,#865);
#556=FACE_OUTER_BOUND('',#866,.T.);
#557=PLANE('',#867);
#558=SURFACE_STYLE_USAGE(.BOTH.,#868);
#559=FACE_OUTER_BOUND('',#869,.T.);
#560=PLANE('',#870);
#561=SURFACE_STYLE_USAGE(.BOTH.,#871);
#562=FACE_OUTER_BOUND('',#872,.T.);
#563=CYLINDRICAL_SURFACE('',#873,0.761999999999991);
#564=SURFACE_STYLE_USAGE(.BOTH.,#874);
#565=FACE_OUTER_BOUND('',#875,.T.);
#566=PLANE('',#876);
#567=SURFACE_STYLE_USAGE(.BOTH.,#877);
#568=FACE_OUTER_BOUND('',#878,.T.);
#569=PLANE('',#879);
#570=SURFACE_STYLE_USAGE(.BOTH.,#880);
#571=FACE_OUTER_BOUND('',#881,.T.);
#572=CYLINDRICAL_SURFACE('',#882,0.761999999999998);
#573=SURFACE_STYLE_USAGE(.BOTH.,#883);
#574=FACE_OUTER_BOUND('',#884,.T.);
#575=PLANE('',#885);
#576=SURFACE_STYLE_USAGE(.BOTH.,#886);
#577=FACE_OUTER_BOUND('',#887,.T.);
#578=PLANE('',#888);
#579=SURFACE_STYLE_USAGE(.BOTH.,#889);
#580=FACE_OUTER_BOUND('',#890,.T.);
#581=PLANE('',#891);
#582=SURFACE_STYLE_USAGE(.BOTH.,#892);
#583=FACE_OUTER_BOUND('',#893,.T.);
#584=PLANE('',#894);
#585=SURFACE_STYLE_USAGE(.BOTH.,#895);
#586=FACE_OUTER_BOUND('',#896,.T.);
#587=PLANE('',#897);
#588=SURFACE_STYLE_USAGE(.BOTH.,#898);
#589=FACE_OUTER_BOUND('',#899,.T.);
#590=B_SPLINE_SURFACE_WITH_KNOTS('',1,3,((#900,#901,#902,#903),(#904,#905,#906,#907)),.UNSPECIFIED.,.F.,.F.,.F.,(2,2),(4,4),(0.0,1.0),(0.0,1.0),.UNSPECIFIED.);
#591=SURFACE_STYLE_USAGE(.BOTH.,#908);
#592=FACE_OUTER_BOUND('',#909,.T.);
#593=PLANE('',#910);
#594=SURFACE_STYLE_USAGE(.BOTH.,#911);
#595=FACE_OUTER_BOUND('',#912,.T.);
#596=B_SPLINE_SURFACE_WITH_KNOTS('',1,3,((#913,#914,#915,#916),(#917,#918,#919,#920)),.UNSPECIFIED.,.F.,.F.,.F.,(2,2),(4,4),(0.0,1.0),(0.0,1.0),.UNSPECIFIED.);
#597=SURFACE_STYLE_USAGE(.BOTH.,#921);
#598=FACE_OUTER_BOUND('',#922,.T.);
#599=CYLINDRICAL_SURFACE('',#923,0.2159);
#600=SURFACE_STYLE_USAGE(.BOTH.,#924);
#601=FACE_OUTER_BOUND('',#925,.T.);
#602=PLANE('',#926);
#603=SURFACE_STYLE_USAGE(.BOTH.,#927);
#604=FACE_OUTER_BOUND('',#928,.T.);
#605=PLANE('',#929);
#606=SURFACE_STYLE_USAGE(.BOTH.,#930);
#607=FACE_OUTER_BOUND('',#931,.T.);
#608=CYLINDRICAL_SURFACE('',#932,0.253999999999997);
#609=SURFACE_STYLE_USAGE(.BOTH.,#933);
#610=FACE_OUTER_BOUND('',#934,.T.);
#611=PLANE('',#935);
#612=SURFACE_STYLE_USAGE(.BOTH.,#936);
#613=FACE_OUTER_BOUND('',#937,.T.);
#614=CYLINDRICAL_SURFACE('',#938,0.2159);
#615=SURFACE_STYLE_USAGE(.BOTH.,#939);
#616=FACE_OUTER_BOUND('',#940,.T.);
#617=PLANE('',#941);
#618=SURFACE_STYLE_USAGE(.BOTH.,#942);
#619=CLOSED_SHELL('',(#121,#123,#125,#127,#129,#131,#133,#135,#137,#139,#141,#143,#145,#147,#149,#151,#153,#155,#157,#159,#161,#163,#165,#167,#169,#171,#173,#175,#177,#179,#181,#183,#185,#187,#189,#191,#193,#195,#197,#199,#201,#203,#205,#207,#209,#211,#213,#215,#217,#219,#221,#223,#225,#227,#229,#231,#233,#235,#237,#239,#241,#243,#245,#247,#249,#251,#253,#255,#257,#259,#261,#263,#265,#267,#269,#271,#273,#275,#277,#279,#281,#283,#285,#287,#289,#291,#293,#295,#297,#299,#301,#303,#305,#307,#309,#311));
#620=PRODUCT_CONTEXT('',#107,'mechanical');
#621=PRODUCT_DEFINITION_FORMATION_WITH_SPECIFIED_SOURCE(' ','NONE',#314,.NOT_KNOWN.);
#622=CARTESIAN_POINT('',(0.0,0.0,0.0));
#623=DIRECTION('',(0.0,0.0,1.0));
#624=DIRECTION('',(1.0,0.0,0.0));
#625= (NAMED_UNIT(#322)LENGTH_UNIT()SI_UNIT(.MILLI.,.METRE.));
#626=SURFACE_SIDE_STYLE('',(#944));
#627=EDGE_LOOP('',(#945,#946,#947,#948,#949,#950,#951,#952,#953,#954,#955,#956));
#628=AXIS2_PLACEMENT_3D('',#957,#958,#959);
#629=SURFACE_SIDE_STYLE('',(#960));
#630=EDGE_LOOP('',(#961,#962,#963,#964,#965,#966,#967,#968,#969,#970,#971,#972));
#631=AXIS2_PLACEMENT_3D('',#973,#974,#975);
#632=SURFACE_SIDE_STYLE('',(#976));
#633=EDGE_LOOP('',(#977,#978,#979,#980,#981,#982,#983,#984,#985,#986,#987,#988,#989,#990));
#634=AXIS2_PLACEMENT_3D('',#991,#992,#993);
#635=SURFACE_SIDE_STYLE('',(#994));
#636=EDGE_LOOP('',(#995,#996,#997,#998,#999,#1000,#1001,#1002));
#637=AXIS2_PLACEMENT_3D('',#1003,#1004,#1005);
#638=SURFACE_SIDE_STYLE('',(#1006));
#639=EDGE_LOOP('',(#1007,#1008,#1009,#1010,#1011,#1012,#1013,#1014,#1015,#1016,#1017,#1018,#1019,#1020));
#640=AXIS2_PLACEMENT_3D('',#1021,#1022,#1023);
#641=SURFACE_SIDE_STYLE('',(#1024));
#642=EDGE_LOOP('',(#1025,#1026,#1027,#1028,#1029,#1030,#1031,#1032,#1033,#1034));
#643=AXIS2_PLACEMENT_3D('',#1035,#1036,#1037);
#644=SURFACE_SIDE_STYLE('',(#1038));
#645=EDGE_LOOP('',(#1039,#1040,#1041,#1042));
#646=AXIS2_PLACEMENT_3D('',#1043,#1044,#1045);
#647=SURFACE_SIDE_STYLE('',(#1046));
#648=EDGE_LOOP('',(#1047,#1048,#1049,#1050,#1051,#1052,#1053,#1054,#1055,#1056,#1057,#1058));
#649=AXIS2_PLACEMENT_3D('',#1059,#1060,#1061);
#650=SURFACE_SIDE_STYLE('',(#1062));
#651=EDGE_LOOP('',(#1063,#1064,#1065,#1066));
#652=AXIS2_PLACEMENT_3D('',#1067,#1068,#1069);
#653=SURFACE_SIDE_STYLE('',(#1070));
#654=EDGE_LOOP('',(#1071,#1072,#1073,#1074));
#655=AXIS2_PLACEMENT_3D('',#1075,#1076,#1077);
#656=SURFACE_SIDE_STYLE('',(#1078));
#657=EDGE_LOOP('',(#1079,#1080,#1081,#1082));
#658=AXIS2_PLACEMENT_3D('',#1083,#1084,#1085);
#659=SURFACE_SIDE_STYLE('',(#1086));
#660=EDGE_LOOP('',(#1087,#1088,#1089,#1090,#1091,#1092,#1093,#1094,#1095,#1096,#1097,#1098));
#661=AXIS2_PLACEMENT_3D('',#1099,#1100,#1101);
#662=SURFACE_SIDE_STYLE('',(#1102));
#663=EDGE_LOOP('',(#1103,#1104,#1105,#1106));
#664=AXIS2_PLACEMENT_3D('',#1107,#1108,#1109);
#665=SURFACE_SIDE_STYLE('',(#1110));
#666=EDGE_LOOP('',(#1111,#1112,#1113,#1114));
#667=AXIS2_PLACEMENT_3D('',#1115,#1116,#1117);
#668=SURFACE_SIDE_STYLE('',(#1118));
#669=EDGE_LOOP('',(#1119,#1120,#1121,#1122,#1123,#1124,#1125,#1126));
#670=AXIS2_PLACEMENT_3D('',#1127,#1128,#1129);
#671=SURFACE_SIDE_STYLE('',(#1130));
#672=EDGE_LOOP('',(#1131,#1132,#1133,#1134,#1135,#1136,#1137,#1138,#1139,#1140,#1141,#1142,#1143,#1144,#1145,#1146));
#673=AXIS2_PLACEMENT_3D('',#1147,#1148,#1149);
#674=SURFACE_SIDE_STYLE('',(#1150));
#675=EDGE_LOOP('',(#1151,#1152,#1153,#1154));
#676=AXIS2_PLACEMENT_3D('',#1155,#1156,#1157);
#677=SURFACE_SIDE_STYLE('',(#1158));
#678=EDGE_LOOP('',(#1159,#1160,#1161,#1162,#1163,#1164,#1165,#1166,#1167,#1168,#1169,#1170));
#679=AXIS2_PLACEMENT_3D('',#1171,#1172,#1173);
#680=SURFACE_SIDE_STYLE('',(#1174));
#681=EDGE_LOOP('',(#1175,#1176,#1177,#1178));
#682=AXIS2_PLACEMENT_3D('',#1179,#1180,#1181);
#683=SURFACE_SIDE_STYLE('',(#1182));
#684=EDGE_LOOP('',(#1183,#1184,#1185,#1186));
#685=AXIS2_PLACEMENT_3D('',#1187,#1188,#1189);
#686=SURFACE_SIDE_STYLE('',(#1190));
#687=EDGE_LOOP('',(#1191,#1192,#1193,#1194));
#688=AXIS2_PLACEMENT_3D('',#1195,#1196,#1197);
#689=SURFACE_SIDE_STYLE('',(#1198));
#690=EDGE_LOOP('',(#1199,#1200,#1201,#1202,#1203,#1204,#1205,#1206,#1207,#1208,#1209,#1210));
#691=AXIS2_PLACEMENT_3D('',#1211,#1212,#1213);
#692=SURFACE_SIDE_STYLE('',(#1214));
#693=EDGE_LOOP('',(#1215,#1216,#1217,#1218));
#694=AXIS2_PLACEMENT_3D('',#1219,#1220,#1221);
#695=SURFACE_SIDE_STYLE('',(#1222));
#696=EDGE_LOOP('',(#1223,#1224,#1225,#1226));
#697=AXIS2_PLACEMENT_3D('',#1227,#1228,#1229);
#698=SURFACE_SIDE_STYLE('',(#1230));
#699=EDGE_LOOP('',(#1231,#1232,#1233,#1234,#1235,#1236,#1237,#1238));
#700=AXIS2_PLACEMENT_3D('',#1239,#1240,#1241);
#701=SURFACE_SIDE_STYLE('',(#1242));
#702=EDGE_LOOP('',(#1243,#1244,#1245,#1246,#1247,#1248,#1249,#1250,#1251,#1252));
#703=AXIS2_PLACEMENT_3D('',#1253,#1254,#1255);
#704=SURFACE_SIDE_STYLE('',(#1256));
#705=EDGE_LOOP('',(#1257,#1258,#1259,#1260));
#706=AXIS2_PLACEMENT_3D('',#1261,#1262,#1263);
#707=SURFACE_SIDE_STYLE('',(#1264));
#708=EDGE_LOOP('',(#1265,#1266,#1267,#1268));
#709=AXIS2_PLACEMENT_3D('',#1269,#1270,#1271);
#710=SURFACE_SIDE_STYLE('',(#1272));
#711=EDGE_LOOP('',(#1273,#1274,#1275,#1276));
#712=AXIS2_PLACEMENT_3D('',#1277,#1278,#1279);
#713=SURFACE_SIDE_STYLE('',(#1280));
#714=EDGE_LOOP('',(#1281,#1282,#1283,#1284));
#715=AXIS2_PLACEMENT_3D('',#1285,#1286,#1287);
#716=SURFACE_SIDE_STYLE('',(#1288));
#717=EDGE_LOOP('',(#1289,#1290,#1291,#1292));
#718=AXIS2_PLACEMENT_3D('',#1293,#1294,#1295);
#719=SURFACE_SIDE_STYLE('',(#1296));
#720=EDGE_LOOP('',(#1297,#1298,#1299,#1300));
#721=AXIS2_PLACEMENT_3D('',#1301,#1302,#1303);
#722=SURFACE_SIDE_STYLE('',(#1304));
#723=EDGE_LOOP('',(#1305,#1306,#1307,#1308));
#724=AXIS2_PLACEMENT_3D('',#1309,#1310,#1311);
#725=SURFACE_SIDE_STYLE('',(#1312));
#726=EDGE_LOOP('',(#1313,#1314,#1315,#1316));
#727=AXIS2_PLACEMENT_3D('',#1317,#1318,#1319);
#728=SURFACE_SIDE_STYLE('',(#1320));
#729=EDGE_LOOP('',(#1321,#1322,#1323,#1324));
#730=AXIS2_PLACEMENT_3D('',#1325,#1326,#1327);
#731=SURFACE_SIDE_STYLE('',(#1328));
#732=EDGE_LOOP('',(#1329,#1330,#1331,#1332));
#733=AXIS2_PLACEMENT_3D('',#1333,#1334,#1335);
#734=SURFACE_SIDE_STYLE('',(#1336));
#735=EDGE_LOOP('',(#1337,#1338,#1339,#1340,#1341));
#736=AXIS2_PLACEMENT_3D('',#1342,#1343,#1344);
#737=SURFACE_SIDE_STYLE('',(#1345));
#738=EDGE_LOOP('',(#1346,#1347,#1348,#1349));
#739=AXIS2_PLACEMENT_3D('',#1350,#1351,#1352);
#740=SURFACE_SIDE_STYLE('',(#1353));
#741=EDGE_LOOP('',(#1354,#1355,#1356,#1357,#1358,#1359,#1360,#1361));
#742=AXIS2_PLACEMENT_3D('',#1362,#1363,#1364);
#743=SURFACE_SIDE_STYLE('',(#1365));
#744=EDGE_LOOP('',(#1366,#1367,#1368,#1369));
#745=CARTESIAN_POINT('',(10.983019592263,4.96126405597113,2.79084613139347));
#746=CARTESIAN_POINT('',(10.9552951938677,4.9737190684884,2.84050952798585));
#747=CARTESIAN_POINT('',(10.9249393102834,4.98022450676021,2.89013633741809));
#748=CARTESIAN_POINT('',(10.8945457319618,4.98022450676021,2.93979973401047));
#749=CARTESIAN_POINT('',(10.8997500766854,4.77590918612556,2.79084613139347));
#750=CARTESIAN_POINT('',(10.8981196281652,4.77664165492213,2.84049739435649));
#751=CARTESIAN_POINT('',(10.8963331527055,4.77702450676021,2.89014847104745));
#752=CARTESIAN_POINT('',(10.8945457319618,4.77702450676021,2.93979973401047));
#753=SURFACE_SIDE_STYLE('',(#1370));
#754=EDGE_LOOP('',(#1371,#1372,#1373,#1374));
#755=AXIS2_PLACEMENT_3D('',#1375,#1376,#1377);
#756=SURFACE_SIDE_STYLE('',(#1378));
#757=EDGE_LOOP('',(#1379,#1380,#1381,#1382));
#758=CARTESIAN_POINT('',(10.8945457319618,4.98022450676021,1.62589303148272));
#759=CARTESIAN_POINT('',(10.9249393102834,4.98022450676021,1.67555642807487));
#760=CARTESIAN_POINT('',(10.9552951938677,4.9737190684884,1.72518323750689));
#761=CARTESIAN_POINT('',(10.983019592263,4.96126405597113,1.77484663409904));
#762=CARTESIAN_POINT('',(10.8945457319618,4.77702450676021,1.62589303148272));
#763=CARTESIAN_POINT('',(10.8963331527055,4.77702450676021,1.67554429444551));
#764=CARTESIAN_POINT('',(10.8981196281652,4.77664165492213,1.72519537113625));
#765=CARTESIAN_POINT('',(10.8997500766854,4.77590918612556,1.77484663409904));
#766=SURFACE_SIDE_STYLE('',(#1383));
#767=EDGE_LOOP('',(#1384,#1385,#1386,#1387));
#768=AXIS2_PLACEMENT_3D('',#1388,#1389,#1390);
#769=SURFACE_SIDE_STYLE('',(#1391));
#770=EDGE_LOOP('',(#1392,#1393,#1394,#1395));
#771=AXIS2_PLACEMENT_3D('',#1396,#1397,#1398);
#772=SURFACE_SIDE_STYLE('',(#1399));
#773=EDGE_LOOP('',(#1400,#1401,#1402,#1403,#1404,#1405,#1406,#1407,#1408,#1409,#1410,#1411));
#774=AXIS2_PLACEMENT_3D('',#1412,#1413,#1414);
#775=SURFACE_SIDE_STYLE('',(#1415));
#776=EDGE_LOOP('',(#1416,#1417,#1418,#1419));
#777=AXIS2_PLACEMENT_3D('',#1420,#1421,#1422);
#778=SURFACE_SIDE_STYLE('',(#1423));
#779=EDGE_LOOP('',(#1424,#1425,#1426,#1427));
#780=AXIS2_PLACEMENT_3D('',#1428,#1429,#1430);
#781=SURFACE_SIDE_STYLE('',(#1431));
#782=EDGE_LOOP('',(#1432,#1433,#1434,#1435));
#783=AXIS2_PLACEMENT_3D('',#1436,#1437,#1438);
#784=SURFACE_SIDE_STYLE('',(#1439));
#785=EDGE_LOOP('',(#1440,#1441,#1442,#1443));
#786=AXIS2_PLACEMENT_3D('',#1444,#1445,#1446);
#787=SURFACE_SIDE_STYLE('',(#1447));
#788=EDGE_LOOP('',(#1448,#1449,#1450,#1451));
#789=AXIS2_PLACEMENT_3D('',#1452,#1453,#1454);
#790=SURFACE_SIDE_STYLE('',(#1455));
#791=EDGE_LOOP('',(#1456,#1457,#1458,#1459));
#792=AXIS2_PLACEMENT_3D('',#1460,#1461,#1462);
#793=SURFACE_SIDE_STYLE('',(#1463));
#794=EDGE_LOOP('',(#1464,#1465,#1466,#1467));
#795=AXIS2_PLACEMENT_3D('',#1468,#1469,#1470);
#796=SURFACE_SIDE_STYLE('',(#1471));
#797=EDGE_LOOP('',(#1472,#1473,#1474,#1475));
#798=AXIS2_PLACEMENT_3D('',#1476,#1477,#1478);
#799=SURFACE_SIDE_STYLE('',(#1479));
#800=EDGE_LOOP('',(#1480,#1481,#1482,#1483));
#801=AXIS2_PLACEMENT_3D('',#1484,#1485,#1486);
#802=SURFACE_SIDE_STYLE('',(#1487));
#803=EDGE_LOOP('',(#1488,#1489,#1490,#1491));
#804=AXIS2_PLACEMENT_3D('',#1492,#1493,#1494);
#805=SURFACE_SIDE_STYLE('',(#1495));
#806=EDGE_LOOP('',(#1496,#1497,#1498,#1499));
#807=AXIS2_PLACEMENT_3D('',#1500,#1501,#1502);
#808=SURFACE_SIDE_STYLE('',(#1503));
#809=EDGE_LOOP('',(#1504,#1505,#1506,#1507,#1508));
#810=AXIS2_PLACEMENT_3D('',#1509,#1510,#1511);
#811=SURFACE_SIDE_STYLE('',(#1512));
#812=EDGE_LOOP('',(#1513,#1514,#1515,#1516));
#813=AXIS2_PLACEMENT_3D('',#1517,#1518,#1519);
#814=SURFACE_SIDE_STYLE('',(#1520));
#815=EDGE_LOOP('',(#1521,#1522,#1523,#1524));
#816=AXIS2_PLACEMENT_3D('',#1525,#1526,#1527);
#817=SURFACE_SIDE_STYLE('',(#1528));
#818=EDGE_LOOP('',(#1529,#1530,#1531,#1532));
#819=AXIS2_PLACEMENT_3D('',#1533,#1534,#1535);
#820=SURFACE_SIDE_STYLE('',(#1536));
#821=EDGE_LOOP('',(#1537,#1538,#1539,#1540,#1541));
#822=AXIS2_PLACEMENT_3D('',#1542,#1543,#1544);
#823=SURFACE_SIDE_STYLE('',(#1545));
#824=EDGE_LOOP('',(#1546,#1547,#1548,#1549,#1550));
#825=AXIS2_PLACEMENT_3D('',#1551,#1552,#1553);
#826=SURFACE_SIDE_STYLE('',(#1554));
#827=EDGE_LOOP('',(#1555,#1556,#1557,#1558,#1559));
#828=AXIS2_PLACEMENT_3D('',#1560,#1561,#1562);
#829=SURFACE_SIDE_STYLE('',(#1563));
#830=EDGE_LOOP('',(#1564,#1565,#1566,#1567,#1568));
#831=AXIS2_PLACEMENT_3D('',#1569,#1570,#1571);
#832=SURFACE_SIDE_STYLE('',(#1572));
#833=EDGE_LOOP('',(#1573,#1574,#1575,#1576,#1577));
#834=AXIS2_PLACEMENT_3D('',#1578,#1579,#1580);
#835=SURFACE_SIDE_STYLE('',(#1581));
#836=EDGE_LOOP('',(#1582,#1583,#1584,#1585,#1586));
#837=AXIS2_PLACEMENT_3D('',#1587,#1588,#1589);
#838=SURFACE_SIDE_STYLE('',(#1590));
#839=EDGE_LOOP('',(#1591,#1592,#1593,#1594,#1595));
#840=AXIS2_PLACEMENT_3D('',#1596,#1597,#1598);
#841=SURFACE_SIDE_STYLE('',(#1599));
#842=EDGE_LOOP('',(#1600,#1601,#1602,#1603,#1604));
#843=AXIS2_PLACEMENT_3D('',#1605,#1606,#1607);
#844=SURFACE_SIDE_STYLE('',(#1608));
#845=EDGE_LOOP('',(#1609,#1610,#1611,#1612,#1613));
#846=AXIS2_PLACEMENT_3D('',#1614,#1615,#1616);
#847=SURFACE_SIDE_STYLE('',(#1617));
#848=EDGE_LOOP('',(#1618,#1619,#1620,#1621));
#849=AXIS2_PLACEMENT_3D('',#1622,#1623,#1624);
#850=SURFACE_SIDE_STYLE('',(#1625));
#851=EDGE_LOOP('',(#1626,#1627,#1628,#1629));
#852=AXIS2_PLACEMENT_3D('',#1630,#1631,#1632);
#853=SURFACE_SIDE_STYLE('',(#1633));
#854=EDGE_LOOP('',(#1634,#1635,#1636,#1637));
#855=AXIS2_PLACEMENT_3D('',#1638,#1639,#1640);
#856=SURFACE_SIDE_STYLE('',(#1641));
#857=EDGE_LOOP('',(#1642,#1643,#1644,#1645));
#858=AXIS2_PLACEMENT_3D('',#1646,#1647,#1648);
#859=SURFACE_SIDE_STYLE('',(#1649));
#860=EDGE_LOOP('',(#1650,#1651,#1652,#1653));
#861=AXIS2_PLACEMENT_3D('',#1654,#1655,#1656);
#862=SURFACE_SIDE_STYLE('',(#1657));
#863=EDGE_LOOP('',(#1658,#1659,#1660,#1661));
#864=AXIS2_PLACEMENT_3D('',#1662,#1663,#1664);
#865=SURFACE_SIDE_STYLE('',(#1665));
#866=EDGE_LOOP('',(#1666,#1667,#1668,#1669));
#867=AXIS2_PLACEMENT_3D('',#1670,#1671,#1672);
#868=SURFACE_SIDE_STYLE('',(#1673));
#869=EDGE_LOOP('',(#1674,#1675,#1676,#1677));
#870=AXIS2_PLACEMENT_3D('',#1678,#1679,#1680);
#871=SURFACE_SIDE_STYLE('',(#1681));
#872=EDGE_LOOP('',(#1682,#1683,#1684,#1685));
#873=AXIS2_PLACEMENT_3D('',#1686,#1687,#1688);
#874=SURFACE_SIDE_STYLE('',(#1689));
#875=EDGE_LOOP('',(#1690,#1691,#1692,#1693));
#876=AXIS2_PLACEMENT_3D('',#1694,#1695,#1696);
#877=SURFACE_SIDE_STYLE('',(#1697));
#878=EDGE_LOOP('',(#1698,#1699,#1700,#1701));
#879=AXIS2_PLACEMENT_3D('',#1702,#1703,#1704);
#880=SURFACE_SIDE_STYLE('',(#1705));
#881=EDGE_LOOP('',(#1706,#1707,#1708,#1709));
#882=AXIS2_PLACEMENT_3D('',#1710,#1711,#1712);
#883=SURFACE_SIDE_STYLE('',(#1713));
#884=EDGE_LOOP('',(#1714,#1715,#1716,#1717));
#885=AXIS2_PLACEMENT_3D('',#1718,#1719,#1720);
#886=SURFACE_SIDE_STYLE('',(#1721));
#887=EDGE_LOOP('',(#1722,#1723,#1724,#1725));
#888=AXIS2_PLACEMENT_3D('',#1726,#1727,#1728);
#889=SURFACE_SIDE_STYLE('',(#1729));
#890=EDGE_LOOP('',(#1730,#1731,#1732,#1733,#1734,#1735,#1736,#1737,#1738,#1739,#1740,#1741));
#891=AXIS2_PLACEMENT_3D('',#1742,#1743,#1744);
#892=SURFACE_SIDE_STYLE('',(#1745));
#893=EDGE_LOOP('',(#1746,#1747,#1748,#1749));
#894=AXIS2_PLACEMENT_3D('',#1750,#1751,#1752);
#895=SURFACE_SIDE_STYLE('',(#1753));
#896=EDGE_LOOP('',(#1754,#1755,#1756,#1757));
#897=AXIS2_PLACEMENT_3D('',#1758,#1759,#1760);
#898=SURFACE_SIDE_STYLE('',(#1761));
#899=EDGE_LOOP('',(#1762,#1763,#1764,#1765));
#900=CARTESIAN_POINT('',(-1.83593426803819,4.98022450676021,2.939799857175));
#901=CARTESIAN_POINT('',(-1.86632772370286,4.98022450676021,2.8901365546564));
#902=CARTESIAN_POINT('',(-1.89668348543339,4.97371912162199,2.84050983855512));
#903=CARTESIAN_POINT('',(-1.9244077931423,4.96126420655599,2.79084653603651));
#904=CARTESIAN_POINT('',(-1.83593426803819,4.77702450676021,2.939799857175));
#905=CARTESIAN_POINT('',(-1.83772168157659,4.77702450676021,2.89014868803952));
#906=CARTESIAN_POINT('',(-1.83950814984995,4.77664165805233,2.84049770517199));
#907=CARTESIAN_POINT('',(-1.84113859304432,4.77590919498349,2.79084653603651));
#908=SURFACE_SIDE_STYLE('',(#1766));
#909=EDGE_LOOP('',(#1767,#1768,#1769,#1770));
#910=AXIS2_PLACEMENT_3D('',#1771,#1772,#1773);
#911=SURFACE_SIDE_STYLE('',(#1774));
#912=EDGE_LOOP('',(#1775,#1776,#1777,#1778));
#913=CARTESIAN_POINT('',(-1.9244077931423,4.96126420655599,1.77484703874208));
#914=CARTESIAN_POINT('',(-1.89668348543497,4.97371912162127,1.72518372771121));
#915=CARTESIAN_POINT('',(-1.86632772370112,4.98022450676021,1.67555700309541));
#916=CARTESIAN_POINT('',(-1.83593426803819,4.98022450676021,1.62589369206453));
#917=CARTESIAN_POINT('',(-1.84113859304432,4.77590919498349,1.77484703874208));
#918=CARTESIAN_POINT('',(-1.83950814984995,4.77664165805233,1.7251958610936));
#919=CARTESIAN_POINT('',(-1.83772168157659,4.77702450676021,1.67554486971301));
#920=CARTESIAN_POINT('',(-1.83593426803819,4.77702450676021,1.62589369206453));
#921=SURFACE_SIDE_STYLE('',(#1779));
#922=EDGE_LOOP('',(#1780,#1781,#1782,#1783,#1784,#1785,#1786,#1787));
#923=AXIS2_PLACEMENT_3D('',#1788,#1789,#1790);
#924=SURFACE_SIDE_STYLE('',(#1791));
#925=EDGE_LOOP('',(#1792,#1793,#1794,#1795));
#926=AXIS2_PLACEMENT_3D('',#1796,#1797,#1798);
#927=SURFACE_SIDE_STYLE('',(#1799));
#928=EDGE_LOOP('',(#1800,#1801,#1802,#1803,#1804));
#929=AXIS2_PLACEMENT_3D('',#1805,#1806,#1807);
#930=SURFACE_SIDE_STYLE('',(#1808));
#931=EDGE_LOOP('',(#1809,#1810,#1811,#1812));
#932=AXIS2_PLACEMENT_3D('',#1813,#1814,#1815);
#933=SURFACE_SIDE_STYLE('',(#1816));
#934=EDGE_LOOP('',(#1817,#1818,#1819,#1820));
#935=AXIS2_PLACEMENT_3D('',#1821,#1822,#1823);
#936=SURFACE_SIDE_STYLE('',(#1824));
#937=EDGE_LOOP('',(#1825,#1826,#1827,#1828));
#938=AXIS2_PLACEMENT_3D('',#1829,#1830,#1831);
#939=SURFACE_SIDE_STYLE('',(#1832));
#940=EDGE_LOOP('',(#1833,#1834,#1835,#1836));
#941=AXIS2_PLACEMENT_3D('',#1837,#1838,#1839);
#942=SURFACE_SIDE_STYLE('',(#1840));
#944=SURFACE_STYLE_FILL_AREA(#1841);
#945=ORIENTED_EDGE('',*,*,#1842,.T.);
#946=ORIENTED_EDGE('',*,*,#1843,.T.);
#947=ORIENTED_EDGE('',*,*,#1844,.T.);
#948=ORIENTED_EDGE('',*,*,#1845,.F.);
#949=ORIENTED_EDGE('',*,*,#1846,.F.);
#950=ORIENTED_EDGE('',*,*,#1847,.F.);
#951=ORIENTED_EDGE('',*,*,#1848,.T.);
#952=ORIENTED_EDGE('',*,*,#1849,.F.);
#953=ORIENTED_EDGE('',*,*,#1850,.T.);
#954=ORIENTED_EDGE('',*,*,#1851,.T.);
#955=ORIENTED_EDGE('',*,*,#1852,.T.);
#956=ORIENTED_EDGE('',*,*,#1853,.F.);
#957=CARTESIAN_POINT('',(10.9072457319618,4.77702450676021,7.65494638274658));
#958=DIRECTION('',(-1.0,0.0,-1.614567372142E-16));
#959=DIRECTION('',(-1.614567372142E-16,0.0,1.0));
#960=SURFACE_STYLE_FILL_AREA(#1854);
#961=ORIENTED_EDGE('',*,*,#1855,.T.);
#962=ORIENTED_EDGE('',*,*,#1856,.T.);
#963=ORIENTED_EDGE('',*,*,#1857,.T.);
#964=ORIENTED_EDGE('',*,*,#1858,.T.);
#965=ORIENTED_EDGE('',*,*,#1859,.T.);
#966=ORIENTED_EDGE('',*,*,#1860,.T.);
#967=ORIENTED_EDGE('',*,*,#1861,.T.);
#968=ORIENTED_EDGE('',*,*,#1862,.F.);
#969=ORIENTED_EDGE('',*,*,#1863,.T.);
#970=ORIENTED_EDGE('',*,*,#1864,.T.);
#971=ORIENTED_EDGE('',*,*,#1865,.T.);
#972=ORIENTED_EDGE('',*,*,#1866,.T.);
#973=CARTESIAN_POINT('',(-1.84863426803819,4.77702450676021,7.65494638274658));
#974=DIRECTION('',(1.0,-0.0,0.0));
#975=DIRECTION('',(0.0,1.0,-0.0));
#976=SURFACE_STYLE_FILL_AREA(#1867);
#977=ORIENTED_EDGE('',*,*,#1868,.F.);
#978=ORIENTED_EDGE('',*,*,#1869,.F.);
#979=ORIENTED_EDGE('',*,*,#1870,.F.);
#980=ORIENTED_EDGE('',*,*,#1871,.F.);
#981=ORIENTED_EDGE('',*,*,#1872,.F.);
#982=ORIENTED_EDGE('',*,*,#1873,.F.);
#983=ORIENTED_EDGE('',*,*,#1874,.F.);
#984=ORIENTED_EDGE('',*,*,#1875,.F.);
#985=ORIENTED_EDGE('',*,*,#1876,.T.);
#986=ORIENTED_EDGE('',*,*,#1877,.T.);
#987=ORIENTED_EDGE('',*,*,#1878,.T.);
#988=ORIENTED_EDGE('',*,*,#1879,.T.);
#989=ORIENTED_EDGE('',*,*,#1849,.T.);
#990=ORIENTED_EDGE('',*,*,#1880,.F.);
#991=CARTESIAN_POINT('',(9.90140573196181,4.77702450676021,7.65494638274658));
#992=DIRECTION('',(-0.0,1.0,0.0));
#993=DIRECTION('',(1.0,0.0,0.0));
#994=SURFACE_STYLE_FILL_AREA(#1881);
#995=ORIENTED_EDGE('',*,*,#1882,.T.);
#996=ORIENTED_EDGE('',*,*,#1883,.F.);
#997=ORIENTED_EDGE('',*,*,#1884,.F.);
#998=ORIENTED_EDGE('',*,*,#1885,.F.);
#999=ORIENTED_EDGE('',*,*,#1886,.T.);
#1000=ORIENTED_EDGE('',*,*,#1887,.T.);
#1001=ORIENTED_EDGE('',*,*,#1888,.F.);
#1002=ORIENTED_EDGE('',*,*,#1889,.T.);
#1003=CARTESIAN_POINT('',(9.90140573196181,4.77702450676021,7.65494638274658));
#1004=DIRECTION('',(-0.0,1.0,0.0));
#1005=DIRECTION('',(1.0,0.0,0.0));
#1006=SURFACE_STYLE_FILL_AREA(#1890);
#1007=ORIENTED_EDGE('',*,*,#1891,.T.);
#1008=ORIENTED_EDGE('',*,*,#1892,.F.);
#1009=ORIENTED_EDGE('',*,*,#1893,.T.);
#1010=ORIENTED_EDGE('',*,*,#1894,.T.);
#1011=ORIENTED_EDGE('',*,*,#1895,.T.);
#1012=ORIENTED_EDGE('',*,*,#1896,.T.);
#1013=ORIENTED_EDGE('',*,*,#1862,.T.);
#1014=ORIENTED_EDGE('',*,*,#1897,.F.);
#1015=ORIENTED_EDGE('',*,*,#1898,.T.);
#1016=ORIENTED_EDGE('',*,*,#1899,.F.);
#1017=ORIENTED_EDGE('',*,*,#1900,.F.);
#1018=ORIENTED_EDGE('',*,*,#1901,.F.);
#1019=ORIENTED_EDGE('',*,*,#1902,.F.);
#1020=ORIENTED_EDGE('',*,*,#1903,.F.);
#1021=CARTESIAN_POINT('',(9.90140573196181,4.77702450676021,7.65494638274658));
#1022=DIRECTION('',(-0.0,1.0,0.0));
#1023=DIRECTION('',(1.0,0.0,0.0));
#1024=SURFACE_STYLE_FILL_AREA(#1904);
#1025=ORIENTED_EDGE('',*,*,#1905,.F.);
#1026=ORIENTED_EDGE('',*,*,#1906,.T.);
#1027=ORIENTED_EDGE('',*,*,#1907,.T.);
#1028=ORIENTED_EDGE('',*,*,#1908,.T.);
#1029=ORIENTED_EDGE('',*,*,#1909,.F.);
#1030=ORIENTED_EDGE('',*,*,#1853,.T.);
#1031=ORIENTED_EDGE('',*,*,#1910,.T.);
#1032=ORIENTED_EDGE('',*,*,#1911,.T.);
#1033=ORIENTED_EDGE('',*,*,#1912,.T.);
#1034=ORIENTED_EDGE('',*,*,#1913,.T.);
#1035=CARTESIAN_POINT('',(-1.84863426803819,2.60532450676021,8.66078638274658));
#1036=DIRECTION('',(0.0,-1.0,0.0));
#1037=DIRECTION('',(0.0,0.0,-1.0));
#1038=SURFACE_STYLE_FILL_AREA(#1914);
#1039=ORIENTED_EDGE('',*,*,#1915,.T.);
#1040=ORIENTED_EDGE('',*,*,#1850,.F.);
#1041=ORIENTED_EDGE('',*,*,#1879,.F.);
#1042=ORIENTED_EDGE('',*,*,#1916,.T.);
#1043=CARTESIAN_POINT('',(9.90140573196181,4.77702450676021,7.65494638274658));
#1044=DIRECTION('',(0.0,1.0,0.0));
#1045=DIRECTION('',(0.0,0.0,-1.0));
#1046=SURFACE_STYLE_FILL_AREA(#1917);
#1047=ORIENTED_EDGE('',*,*,#1918,.T.);
#1048=ORIENTED_EDGE('',*,*,#1919,.T.);
#1049=ORIENTED_EDGE('',*,*,#1920,.T.);
#1050=ORIENTED_EDGE('',*,*,#1913,.F.);
#1051=ORIENTED_EDGE('',*,*,#1921,.T.);
#1052=ORIENTED_EDGE('',*,*,#1922,.T.);
#1053=ORIENTED_EDGE('',*,*,#1923,.F.);
#1054=ORIENTED_EDGE('',*,*,#1893,.F.);
#1055=ORIENTED_EDGE('',*,*,#1924,.T.);
#1056=ORIENTED_EDGE('',*,*,#1925,.T.);
#1057=ORIENTED_EDGE('',*,*,#1926,.F.);
#1058=ORIENTED_EDGE('',*,*,#1927,.F.);
#1059=CARTESIAN_POINT('',(10.9072457319618,4.77702450676021,7.65494638274658));
#1060=DIRECTION('',(-1.0,0.0,-1.614567372142E-16));
#1061=DIRECTION('',(-1.614567372142E-16,0.0,1.0));
#1062=SURFACE_STYLE_FILL_AREA(#1928);
#1063=ORIENTED_EDGE('',*,*,#1929,.T.);
#1064=ORIENTED_EDGE('',*,*,#1930,.F.);
#1065=ORIENTED_EDGE('',*,*,#1894,.F.);
#1066=ORIENTED_EDGE('',*,*,#1923,.T.);
#1067=CARTESIAN_POINT('',(9.90140573196181,4.77702450676021,-3.08925361725342));
#1068=DIRECTION('',(0.0,1.0,0.0));
#1069=DIRECTION('',(0.0,0.0,-1.0));
#1070=SURFACE_STYLE_FILL_AREA(#1931);
#1071=ORIENTED_EDGE('',*,*,#1932,.T.);
#1072=ORIENTED_EDGE('',*,*,#1933,.F.);
#1073=ORIENTED_EDGE('',*,*,#1895,.F.);
#1074=ORIENTED_EDGE('',*,*,#1930,.T.);
#1075=CARTESIAN_POINT('',(-0.842794268038193,4.77702450676021,-4.09509361725342));
#1076=DIRECTION('',(1.614567372142E-16,-0.0,1.0));
#1077=DIRECTION('',(1.0,0.0,-1.614567372142E-16));
#1078=SURFACE_STYLE_FILL_AREA(#1934);
#1079=ORIENTED_EDGE('',*,*,#1935,.T.);
#1080=ORIENTED_EDGE('',*,*,#1863,.F.);
#1081=ORIENTED_EDGE('',*,*,#1896,.F.);
#1082=ORIENTED_EDGE('',*,*,#1933,.T.);
#1083=CARTESIAN_POINT('',(-0.842794268038193,4.77702450676021,-3.08925361725342));
#1084=DIRECTION('',(0.0,1.0,0.0));
#1085=DIRECTION('',(0.0,0.0,-1.0));
#1086=SURFACE_STYLE_FILL_AREA(#1936);
#1087=ORIENTED_EDGE('',*,*,#1937,.T.);
#1088=ORIENTED_EDGE('',*,*,#1938,.T.);
#1089=ORIENTED_EDGE('',*,*,#1939,.T.);
#1090=ORIENTED_EDGE('',*,*,#1940,.T.);
#1091=ORIENTED_EDGE('',*,*,#1941,.T.);
#1092=ORIENTED_EDGE('',*,*,#1942,.T.);
#1093=ORIENTED_EDGE('',*,*,#1943,.F.);
#1094=ORIENTED_EDGE('',*,*,#1876,.F.);
#1095=ORIENTED_EDGE('',*,*,#1944,.T.);
#1096=ORIENTED_EDGE('',*,*,#1945,.F.);
#1097=ORIENTED_EDGE('',*,*,#1946,.F.);
#1098=ORIENTED_EDGE('',*,*,#1947,.T.);
#1099=CARTESIAN_POINT('',(-1.84863426803819,4.77702450676021,7.65494638274658));
#1100=DIRECTION('',(1.0,-0.0,0.0));
#1101=DIRECTION('',(0.0,1.0,-0.0));
#1102=SURFACE_STYLE_FILL_AREA(#1948);
#1103=ORIENTED_EDGE('',*,*,#1949,.T.);
#1104=ORIENTED_EDGE('',*,*,#1950,.F.);
#1105=ORIENTED_EDGE('',*,*,#1877,.F.);
#1106=ORIENTED_EDGE('',*,*,#1943,.T.);
#1107=CARTESIAN_POINT('',(-0.842794268038193,4.77702450676021,7.65494638274658));
#1108=DIRECTION('',(0.0,1.0,0.0));
#1109=DIRECTION('',(0.0,0.0,-1.0));
#1110=SURFACE_STYLE_FILL_AREA(#1951);
#1111=ORIENTED_EDGE('',*,*,#1952,.T.);
#1112=ORIENTED_EDGE('',*,*,#1916,.F.);
#1113=ORIENTED_EDGE('',*,*,#1878,.F.);
#1114=ORIENTED_EDGE('',*,*,#1950,.T.);
#1115=CARTESIAN_POINT('',(-0.842794268038193,4.77702450676021,8.66078638274658));
#1116=DIRECTION('',(0.0,0.0,-1.0));
#1117=DIRECTION('',(0.0,-1.0,0.0));
#1118=SURFACE_STYLE_FILL_AREA(#1953);
#1119=ORIENTED_EDGE('',*,*,#1954,.F.);
#1120=ORIENTED_EDGE('',*,*,#1955,.T.);
#1121=ORIENTED_EDGE('',*,*,#1956,.F.);
#1122=ORIENTED_EDGE('',*,*,#1957,.F.);
#1123=ORIENTED_EDGE('',*,*,#1958,.F.);
#1124=ORIENTED_EDGE('',*,*,#1959,.T.);
#1125=ORIENTED_EDGE('',*,*,#1960,.F.);
#1126=ORIENTED_EDGE('',*,*,#1961,.F.);
#1127=CARTESIAN_POINT('',(9.90140573196181,4.77702450676021,7.65494638274658));
#1128=DIRECTION('',(-0.0,1.0,0.0));
#1129=DIRECTION('',(1.0,0.0,0.0));
#1130=SURFACE_STYLE_FILL_AREA(#1962);
#1131=ORIENTED_EDGE('',*,*,#1922,.F.);
#1132=ORIENTED_EDGE('',*,*,#1963,.T.);
#1133=ORIENTED_EDGE('',*,*,#1964,.T.);
#1134=ORIENTED_EDGE('',*,*,#1965,.T.);
#1135=ORIENTED_EDGE('',*,*,#1851,.F.);
#1136=ORIENTED_EDGE('',*,*,#1915,.F.);
#1137=ORIENTED_EDGE('',*,*,#1952,.F.);
#1138=ORIENTED_EDGE('',*,*,#1949,.F.);
#1139=ORIENTED_EDGE('',*,*,#1942,.F.);
#1140=ORIENTED_EDGE('',*,*,#1966,.T.);
#1141=ORIENTED_EDGE('',*,*,#1967,.T.);
#1142=ORIENTED_EDGE('',*,*,#1968,.T.);
#1143=ORIENTED_EDGE('',*,*,#1864,.F.);
#1144=ORIENTED_EDGE('',*,*,#1935,.F.);
#1145=ORIENTED_EDGE('',*,*,#1932,.F.);
#1146=ORIENTED_EDGE('',*,*,#1929,.F.);
#1147=CARTESIAN_POINT('',(9.90140573196181,2.42752450676021,7.65494638274658));
#1148=DIRECTION('',(-0.0,1.0,0.0));
#1149=DIRECTION('',(1.0,0.0,0.0));
#1150=SURFACE_STYLE_FILL_AREA(#1969);
#1151=ORIENTED_EDGE('',*,*,#1970,.T.);
#1152=ORIENTED_EDGE('',*,*,#1900,.T.);
#1153=ORIENTED_EDGE('',*,*,#1971,.F.);
#1154=ORIENTED_EDGE('',*,*,#1972,.T.);
#1155=CARTESIAN_POINT('',(-0.588794268038194,5.79302450676021,-3.03845361725342));
#1156=DIRECTION('',(0.0,1.0,0.0));
#1157=DIRECTION('',(0.0,0.0,-1.0));
#1158=SURFACE_STYLE_FILL_AREA(#1973);
#1159=ORIENTED_EDGE('',*,*,#1974,.F.);
#1160=ORIENTED_EDGE('',*,*,#1975,.F.);
#1161=ORIENTED_EDGE('',*,*,#1976,.F.);
#1162=ORIENTED_EDGE('',*,*,#1873,.T.);
#1163=ORIENTED_EDGE('',*,*,#1977,.F.);
#1164=ORIENTED_EDGE('',*,*,#1978,.T.);
#1165=ORIENTED_EDGE('',*,*,#1971,.T.);
#1166=ORIENTED_EDGE('',*,*,#1899,.T.);
#1167=ORIENTED_EDGE('',*,*,#1979,.F.);
#1168=ORIENTED_EDGE('',*,*,#1980,.F.);
#1169=ORIENTED_EDGE('',*,*,#1981,.F.);
#1170=ORIENTED_EDGE('',*,*,#1961,.T.);
#1171=CARTESIAN_POINT('',(-1.59463426803819,5.79302450676021,-3.03845361725342));
#1172=DIRECTION('',(-1.0,0.0,-2.44497135471145E-16));
#1173=DIRECTION('',(-2.44497135471145E-16,0.0,1.0));
#1174=SURFACE_STYLE_FILL_AREA(#1982);
#1175=ORIENTED_EDGE('',*,*,#1977,.T.);
#1176=ORIENTED_EDGE('',*,*,#1872,.T.);
#1177=ORIENTED_EDGE('',*,*,#1983,.F.);
#1178=ORIENTED_EDGE('',*,*,#1984,.T.);
#1179=CARTESIAN_POINT('',(-0.588794268038197,5.79302450676021,7.60414638274658));
#1180=DIRECTION('',(0.0,1.0,0.0));
#1181=DIRECTION('',(0.0,0.0,-1.0));
#1182=SURFACE_STYLE_FILL_AREA(#1985);
#1183=ORIENTED_EDGE('',*,*,#1983,.T.);
#1184=ORIENTED_EDGE('',*,*,#1871,.T.);
#1185=ORIENTED_EDGE('',*,*,#1986,.F.);
#1186=ORIENTED_EDGE('',*,*,#1987,.T.);
#1187=CARTESIAN_POINT('',(-0.588794268038197,5.79302450676021,8.60998638274658));
#1188=DIRECTION('',(-4.23673696287882E-17,0.0,1.0));
#1189=DIRECTION('',(1.0,-0.0,4.23673696287882E-17));
#1190=SURFACE_STYLE_FILL_AREA(#1988);
#1191=ORIENTED_EDGE('',*,*,#1986,.T.);
#1192=ORIENTED_EDGE('',*,*,#1870,.T.);
#1193=ORIENTED_EDGE('',*,*,#1989,.F.);
#1194=ORIENTED_EDGE('',*,*,#1990,.T.);
#1195=CARTESIAN_POINT('',(9.6474057319618,5.79302450676021,7.60414638274658));
#1196=DIRECTION('',(0.0,1.0,0.0));
#1197=DIRECTION('',(0.0,0.0,-1.0));
#1198=SURFACE_STYLE_FILL_AREA(#1991);
#1199=ORIENTED_EDGE('',*,*,#1992,.F.);
#1200=ORIENTED_EDGE('',*,*,#1993,.F.);
#1201=ORIENTED_EDGE('',*,*,#1994,.F.);
#1202=ORIENTED_EDGE('',*,*,#1888,.T.);
#1203=ORIENTED_EDGE('',*,*,#1995,.F.);
#1204=ORIENTED_EDGE('',*,*,#1996,.F.);
#1205=ORIENTED_EDGE('',*,*,#1997,.F.);
#1206=ORIENTED_EDGE('',*,*,#1903,.T.);
#1207=ORIENTED_EDGE('',*,*,#1998,.F.);
#1208=ORIENTED_EDGE('',*,*,#1999,.T.);
#1209=ORIENTED_EDGE('',*,*,#1989,.T.);
#1210=ORIENTED_EDGE('',*,*,#1869,.T.);
#1211=CARTESIAN_POINT('',(10.6532457319618,5.79302450676021,-3.03845361725342));
#1212=DIRECTION('',(1.0,0.0,-0.0));
#1213=DIRECTION('',(-0.0,1.0,0.0));
#1214=SURFACE_STYLE_FILL_AREA(#2000);
#1215=ORIENTED_EDGE('',*,*,#1998,.T.);
#1216=ORIENTED_EDGE('',*,*,#1902,.T.);
#1217=ORIENTED_EDGE('',*,*,#2001,.F.);
#1218=ORIENTED_EDGE('',*,*,#2002,.T.);
#1219=CARTESIAN_POINT('',(9.6474057319618,5.79302450676021,-3.03845361725342));
#1220=DIRECTION('',(0.0,1.0,0.0));
#1221=DIRECTION('',(0.0,0.0,-1.0));
#1222=SURFACE_STYLE_FILL_AREA(#2003);
#1223=ORIENTED_EDGE('',*,*,#2001,.T.);
#1224=ORIENTED_EDGE('',*,*,#1901,.T.);
#1225=ORIENTED_EDGE('',*,*,#1970,.F.);
#1226=ORIENTED_EDGE('',*,*,#2004,.T.);
#1227=CARTESIAN_POINT('',(-0.588794268038194,5.79302450676021,-4.04429361725342));
#1228=DIRECTION('',(0.0,0.0,-1.0));
#1229=DIRECTION('',(0.0,-1.0,0.0));
#1230=SURFACE_STYLE_FILL_AREA(#2005);
#1231=ORIENTED_EDGE('',*,*,#1972,.F.);
#1232=ORIENTED_EDGE('',*,*,#1978,.F.);
#1233=ORIENTED_EDGE('',*,*,#1984,.F.);
#1234=ORIENTED_EDGE('',*,*,#1987,.F.);
#1235=ORIENTED_EDGE('',*,*,#1990,.F.);
#1236=ORIENTED_EDGE('',*,*,#1999,.F.);
#1237=ORIENTED_EDGE('',*,*,#2002,.F.);
#1238=ORIENTED_EDGE('',*,*,#2004,.F.);
#1239=CARTESIAN_POINT('',(-0.588794268038194,5.79302450676021,-3.03845361725342));
#1240=DIRECTION('',(0.0,1.0,0.0));
#1241=DIRECTION('',(1.0,0.0,-0.0));
#1242=SURFACE_STYLE_FILL_AREA(#2006);
#1243=ORIENTED_EDGE('',*,*,#1940,.F.);
#1244=ORIENTED_EDGE('',*,*,#2007,.T.);
#1245=ORIENTED_EDGE('',*,*,#2008,.T.);
#1246=ORIENTED_EDGE('',*,*,#2009,.T.);
#1247=ORIENTED_EDGE('',*,*,#2010,.T.);
#1248=ORIENTED_EDGE('',*,*,#2011,.T.);
#1249=ORIENTED_EDGE('',*,*,#1866,.F.);
#1250=ORIENTED_EDGE('',*,*,#2012,.T.);
#1251=ORIENTED_EDGE('',*,*,#2013,.T.);
#1252=ORIENTED_EDGE('',*,*,#2014,.T.);
#1253=CARTESIAN_POINT('',(-1.84863426803819,2.60532450676021,8.66078638274658));
#1254=DIRECTION('',(-0.0,1.0,0.0));
#1255=DIRECTION('',(1.0,0.0,0.0));
#1256=SURFACE_STYLE_FILL_AREA(#2015);
#1257=ORIENTED_EDGE('',*,*,#1852,.F.);
#1258=ORIENTED_EDGE('',*,*,#1965,.F.);
#1259=ORIENTED_EDGE('',*,*,#2016,.F.);
#1260=ORIENTED_EDGE('',*,*,#1910,.F.);
#1261=CARTESIAN_POINT('',(9.90140573196181,2.42752450676021,4.17514638274658));
#1262=DIRECTION('',(0.0,0.707106781186544,0.707106781186551));
#1263=DIRECTION('',(1.0,-0.0,0.0));
#1264=SURFACE_STYLE_FILL_AREA(#2017);
#1265=ORIENTED_EDGE('',*,*,#2016,.T.);
#1266=ORIENTED_EDGE('',*,*,#1964,.F.);
#1267=ORIENTED_EDGE('',*,*,#2018,.F.);
#1268=ORIENTED_EDGE('',*,*,#1911,.F.);
#1269=CARTESIAN_POINT('',(8.79904573196181,2.60532450676021,0.568346382746578));
#1270=DIRECTION('',(-0.707106781186551,0.707106781186544,0.0));
#1271=DIRECTION('',(0.0,0.0,1.0));
#1272=SURFACE_STYLE_FILL_AREA(#2019);
#1273=ORIENTED_EDGE('',*,*,#2018,.T.);
#1274=ORIENTED_EDGE('',*,*,#1963,.F.);
#1275=ORIENTED_EDGE('',*,*,#1921,.F.);
#1276=ORIENTED_EDGE('',*,*,#1912,.F.);
#1277=CARTESIAN_POINT('',(13.0154457319618,2.60532450676021,0.568346382746578));
#1278=DIRECTION('',(0.0,0.707106781186544,-0.707106781186551));
#1279=DIRECTION('',(-1.0,0.0,0.0));
#1280=SURFACE_STYLE_FILL_AREA(#2020);
#1281=ORIENTED_EDGE('',*,*,#1941,.F.);
#1282=ORIENTED_EDGE('',*,*,#2014,.F.);
#1283=ORIENTED_EDGE('',*,*,#2021,.F.);
#1284=ORIENTED_EDGE('',*,*,#1966,.F.);
#1285=CARTESIAN_POINT('',(-3.95683426803819,2.60532450676021,3.99734638274658));
#1286=DIRECTION('',(0.0,0.707106781186547,0.707106781186547));
#1287=DIRECTION('',(1.0,0.0,-0.0));
#1288=SURFACE_STYLE_FILL_AREA(#2022);
#1289=ORIENTED_EDGE('',*,*,#2021,.T.);
#1290=ORIENTED_EDGE('',*,*,#2013,.F.);
#1291=ORIENTED_EDGE('',*,*,#2023,.F.);
#1292=ORIENTED_EDGE('',*,*,#1967,.F.);
#1293=CARTESIAN_POINT('',(0.259565731961809,2.60532450676021,0.56834638274658));
#1294=DIRECTION('',(0.707106781186547,0.707106781186547,0.0));
#1295=DIRECTION('',(0.0,-0.0,-1.0));
#1296=SURFACE_STYLE_FILL_AREA(#2024);
#1297=ORIENTED_EDGE('',*,*,#2023,.T.);
#1298=ORIENTED_EDGE('',*,*,#2012,.F.);
#1299=ORIENTED_EDGE('',*,*,#1865,.F.);
#1300=ORIENTED_EDGE('',*,*,#1968,.F.);
#1301=CARTESIAN_POINT('',(9.90140573196181,2.42752450676021,0.390546382746581));
#1302=DIRECTION('',(0.0,0.707106781186547,-0.707106781186547));
#1303=DIRECTION('',(-1.0,0.0,0.0));
#1304=SURFACE_STYLE_FILL_AREA(#2025);
#1305=ORIENTED_EDGE('',*,*,#2026,.T.);
#1306=ORIENTED_EDGE('',*,*,#2027,.T.);
#1307=ORIENTED_EDGE('',*,*,#1907,.F.);
#1308=ORIENTED_EDGE('',*,*,#2028,.F.);
#1309=CARTESIAN_POINT('',(8.90064581815661,2.40212450676022,2.28283708461236));
#1310=DIRECTION('',(0.999999999999999,-6.98296267847116E-15,5.02737434318841E-08));
#1311=DIRECTION('',(9.93840510514659E-31,-0.99999999999999,-1.38898800880669E-07));
#1312=SURFACE_STYLE_FILL_AREA(#2029);
#1313=ORIENTED_EDGE('',*,*,#2030,.T.);
#1314=ORIENTED_EDGE('',*,*,#2031,.T.);
#1315=ORIENTED_EDGE('',*,*,#2032,.F.);
#1316=ORIENTED_EDGE('',*,*,#2033,.T.);
#1317=CARTESIAN_POINT('',(10.8945457319618,2.61802450676021,5.29228715824501));
#1318=DIRECTION('',(0.0,-1.56125112837913E-17,1.0));
#1319=DIRECTION('',(-1.0,0.0,0.0));
#1320=SURFACE_STYLE_FILL_AREA(#2034);
#1321=ORIENTED_EDGE('',*,*,#1886,.F.);
#1322=ORIENTED_EDGE('',*,*,#2035,.T.);
#1323=ORIENTED_EDGE('',*,*,#2036,.T.);
#1324=ORIENTED_EDGE('',*,*,#2037,.F.);
#1325=CARTESIAN_POINT('',(10.6888060316908,4.98022450676021,1.77484663409904));
#1326=DIRECTION('',(0.0,-1.0,-1.56014176345364E-17));
#1327=DIRECTION('',(1.0,0.0,0.0));
#1328=SURFACE_STYLE_FILL_AREA(#2038);
#1329=ORIENTED_EDGE('',*,*,#1891,.F.);
#1330=ORIENTED_EDGE('',*,*,#1997,.T.);
#1331=ORIENTED_EDGE('',*,*,#2039,.T.);
#1332=ORIENTED_EDGE('',*,*,#2040,.T.);
#1333=CARTESIAN_POINT('',(4.52929121227082,4.98022450676021,-2.79715411465452));
#1334=DIRECTION('',(-1.66267516192308E-16,-1.56125112837913E-17,1.0));
#1335=DIRECTION('',(1.0,0.0,1.66267516192308E-16));
#1336=SURFACE_STYLE_FILL_AREA(#2041);
#1337=ORIENTED_EDGE('',*,*,#2039,.F.);
#1338=ORIENTED_EDGE('',*,*,#1996,.T.);
#1339=ORIENTED_EDGE('',*,*,#2042,.F.);
#1340=ORIENTED_EDGE('',*,*,#2036,.F.);
#1341=ORIENTED_EDGE('',*,*,#2043,.T.);
#1342=CARTESIAN_POINT('',(4.52929121227082,4.98022450676021,2.28283763081338));
#1343=DIRECTION('',(-2.01807743958155E-33,1.0,1.56014176345364E-17));
#1344=DIRECTION('',(0.0,1.56014176345364E-17,-1.0));
#1345=SURFACE_STYLE_FILL_AREA(#2044);
#1346=ORIENTED_EDGE('',*,*,#2042,.T.);
#1347=ORIENTED_EDGE('',*,*,#1995,.T.);
#1348=ORIENTED_EDGE('',*,*,#1887,.F.);
#1349=ORIENTED_EDGE('',*,*,#2037,.T.);
#1350=CARTESIAN_POINT('',(4.52929121227082,4.98022450676021,1.52084663409905));
#1351=DIRECTION('',(1.66267516192308E-16,1.56125112837913E-17,-1.0));
#1352=DIRECTION('',(0.0,-1.0,-1.56125112837913E-17));
#1353=SURFACE_STYLE_FILL_AREA(#2045);
#1354=ORIENTED_EDGE('',*,*,#2046,.T.);
#1355=ORIENTED_EDGE('',*,*,#2047,.F.);
#1356=ORIENTED_EDGE('',*,*,#2048,.T.);
#1357=ORIENTED_EDGE('',*,*,#2049,.T.);
#1358=ORIENTED_EDGE('',*,*,#2050,.T.);
#1359=ORIENTED_EDGE('',*,*,#2043,.F.);
#1360=ORIENTED_EDGE('',*,*,#2051,.T.);
#1361=ORIENTED_EDGE('',*,*,#2052,.T.);
#1362=CARTESIAN_POINT('',(10.8945457319618,4.76432450676021,9.57798819346031));
#1363=DIRECTION('',(0.0,-1.56125112837913E-17,1.0));
#1364=DIRECTION('',(-1.0,0.0,0.0));
#1365=SURFACE_STYLE_FILL_AREA(#2053);
#1366=ORIENTED_EDGE('',*,*,#2054,.F.);
#1367=ORIENTED_EDGE('',*,*,#1883,.T.);
#1368=ORIENTED_EDGE('',*,*,#2055,.F.);
#1369=ORIENTED_EDGE('',*,*,#2046,.F.);
#1370=SURFACE_STYLE_FILL_AREA(#2056);
#1371=ORIENTED_EDGE('',*,*,#2057,.F.);
#1372=ORIENTED_EDGE('',*,*,#1884,.T.);
#1373=ORIENTED_EDGE('',*,*,#2054,.T.);
#1374=ORIENTED_EDGE('',*,*,#2052,.F.);
#1375=CARTESIAN_POINT('',(10.983019592263,4.96126405597113,2.28284638274626));
#1376=DIRECTION('',(-0.912179477586451,0.409790923118253,6.2056071735288E-16));
#1377=DIRECTION('',(6.80305501933491E-16,-5.09083525295148E-32,1.0));
#1378=SURFACE_STYLE_FILL_AREA(#2058);
#1379=ORIENTED_EDGE('',*,*,#2035,.F.);
#1380=ORIENTED_EDGE('',*,*,#1885,.T.);
#1381=ORIENTED_EDGE('',*,*,#2057,.T.);
#1382=ORIENTED_EDGE('',*,*,#2051,.F.);
#1383=SURFACE_STYLE_FILL_AREA(#2059);
#1384=ORIENTED_EDGE('',*,*,#2060,.F.);
#1385=ORIENTED_EDGE('',*,*,#2061,.T.);
#1386=ORIENTED_EDGE('',*,*,#2062,.F.);
#1387=ORIENTED_EDGE('',*,*,#1925,.F.);
#1388=CARTESIAN_POINT('',(11.1104457319618,11.3091210466039,-2.79715411465452));
#1389=DIRECTION('',(-9.6707586153866E-18,1.55139065251664E-16,1.0));
#1390=DIRECTION('',(0.0,-1.0,1.55139065251664E-16));
#1391=SURFACE_STYLE_FILL_AREA(#2063);
#1392=ORIENTED_EDGE('',*,*,#2064,.F.);
#1393=ORIENTED_EDGE('',*,*,#1847,.T.);
#1394=ORIENTED_EDGE('',*,*,#2065,.T.);
#1395=ORIENTED_EDGE('',*,*,#2066,.F.);
#1396=CARTESIAN_POINT('',(11.1104457319618,11.3091210466039,7.36284688014768));
#1397=DIRECTION('',(-9.6707586153866E-18,1.55139065251664E-16,1.0));
#1398=DIRECTION('',(0.0,-1.0,1.55139065251664E-16));
#1399=SURFACE_STYLE_FILL_AREA(#2067);
#1400=ORIENTED_EDGE('',*,*,#2030,.F.);
#1401=ORIENTED_EDGE('',*,*,#2068,.F.);
#1402=ORIENTED_EDGE('',*,*,#2069,.F.);
#1403=ORIENTED_EDGE('',*,*,#2070,.T.);
#1404=ORIENTED_EDGE('',*,*,#2071,.T.);
#1405=ORIENTED_EDGE('',*,*,#2061,.F.);
#1406=ORIENTED_EDGE('',*,*,#2049,.F.);
#1407=ORIENTED_EDGE('',*,*,#2066,.T.);
#1408=ORIENTED_EDGE('',*,*,#2072,.T.);
#1409=ORIENTED_EDGE('',*,*,#2073,.T.);
#1410=ORIENTED_EDGE('',*,*,#2074,.F.);
#1411=ORIENTED_EDGE('',*,*,#2075,.F.);
#1412=CARTESIAN_POINT('',(11.1104457319618,11.3091210466039,2.28283763081338));
#1413=DIRECTION('',(1.0,-3.51229802055485E-15,-4.47296669389285E-18));
#1414=DIRECTION('',(-3.51229802055485E-15,-1.0,0.0));
#1415=SURFACE_STYLE_FILL_AREA(#2076);
#1416=ORIENTED_EDGE('',*,*,#2065,.F.);
#1417=ORIENTED_EDGE('',*,*,#1846,.T.);
#1418=ORIENTED_EDGE('',*,*,#2077,.T.);
#1419=ORIENTED_EDGE('',*,*,#2072,.F.);
#1420=CARTESIAN_POINT('',(11.1104457319618,5.30835471102781,8.28359663221073));
#1421=DIRECTION('',(-2.49040952041834E-15,-0.707107213302113,0.707106349070718));
#1422=DIRECTION('',(-1.0,3.52196876735057E-15,-3.513754674743E-31));
#1423=SURFACE_STYLE_FILL_AREA(#2078);
#1424=ORIENTED_EDGE('',*,*,#2077,.F.);
#1425=ORIENTED_EDGE('',*,*,#1845,.T.);
#1426=ORIENTED_EDGE('',*,*,#2079,.T.);
#1427=ORIENTED_EDGE('',*,*,#2073,.F.);
#1428=CARTESIAN_POINT('',(11.1104457319618,3.62560633566432,2.28283763081344));
#1429=DIRECTION('',(-3.51229802055485E-15,-1.0,6.9004331180615E-15));
#1430=DIRECTION('',(-1.0,3.51229802055485E-15,0.0));
#1431=SURFACE_STYLE_FILL_AREA(#2080);
#1432=ORIENTED_EDGE('',*,*,#2079,.F.);
#1433=ORIENTED_EDGE('',*,*,#1844,.F.);
#1434=ORIENTED_EDGE('',*,*,#2081,.T.);
#1435=ORIENTED_EDGE('',*,*,#2074,.T.);
#1436=CARTESIAN_POINT('',(11.1104457319618,2.86360633566434,4.54344664500736));
#1437=DIRECTION('',(-1.0,4.55307998944044E-15,4.47296669389285E-18));
#1438=DIRECTION('',(-4.55307998944044E-15,-1.0,0.0));
#1439=SURFACE_STYLE_FILL_AREA(#2082);
#1440=ORIENTED_EDGE('',*,*,#2083,.F.);
#1441=ORIENTED_EDGE('',*,*,#2075,.T.);
#1442=ORIENTED_EDGE('',*,*,#2081,.F.);
#1443=ORIENTED_EDGE('',*,*,#1843,.F.);
#1444=CARTESIAN_POINT('',(11.1104457319618,11.3091210466039,3.78144664500736));
#1445=DIRECTION('',(9.6707586153866E-18,-1.55139065251664E-16,-1.0));
#1446=DIRECTION('',(0.0,-1.0,1.55139065251664E-16));
#1447=SURFACE_STYLE_FILL_AREA(#2084);
#1448=ORIENTED_EDGE('',*,*,#2085,.F.);
#1449=ORIENTED_EDGE('',*,*,#1919,.F.);
#1450=ORIENTED_EDGE('',*,*,#2086,.T.);
#1451=ORIENTED_EDGE('',*,*,#2068,.T.);
#1452=CARTESIAN_POINT('',(11.1104457319618,11.3091210466039,0.784247051808371));
#1453=DIRECTION('',(-9.6707586153866E-18,1.55139065251664E-16,1.0));
#1454=DIRECTION('',(0.0,-1.0,1.55139065251664E-16));
#1455=SURFACE_STYLE_FILL_AREA(#2087);
#1456=ORIENTED_EDGE('',*,*,#2086,.F.);
#1457=ORIENTED_EDGE('',*,*,#1918,.F.);
#1458=ORIENTED_EDGE('',*,*,#2088,.T.);
#1459=ORIENTED_EDGE('',*,*,#2069,.T.);
#1460=CARTESIAN_POINT('',(11.1104457319618,2.86360633566432,0.0222470518083805));
#1461=DIRECTION('',(-1.0,4.55307998944049E-15,4.47296669389269E-18));
#1462=DIRECTION('',(-4.55307998944049E-15,-1.0,1.55622851201579E-16));
#1463=SURFACE_STYLE_FILL_AREA(#2089);
#1464=ORIENTED_EDGE('',*,*,#1927,.T.);
#1465=ORIENTED_EDGE('',*,*,#2090,.T.);
#1466=ORIENTED_EDGE('',*,*,#2070,.F.);
#1467=ORIENTED_EDGE('',*,*,#2088,.F.);
#1468=CARTESIAN_POINT('',(11.1104457319618,3.62560633566432,2.28283763081339));
#1469=DIRECTION('',(-3.51229802055485E-15,-1.0,1.55127971602409E-16));
#1470=DIRECTION('',(-1.0,3.51229802055485E-15,0.0));
#1471=SURFACE_STYLE_FILL_AREA(#2091);
#1472=ORIENTED_EDGE('',*,*,#2090,.F.);
#1473=ORIENTED_EDGE('',*,*,#1926,.T.);
#1474=ORIENTED_EDGE('',*,*,#2062,.T.);
#1475=ORIENTED_EDGE('',*,*,#2071,.F.);
#1476=CARTESIAN_POINT('',(11.1104457319618,5.30836346296098,-3.71791261866148));
#1477=DIRECTION('',(-2.4767330107838E-15,-0.707107213302113,-0.707106349070717));
#1478=DIRECTION('',(0.0,0.707106349070717,-0.707107213302113));
#1479=SURFACE_STYLE_FILL_AREA(#2092);
#1480=ORIENTED_EDGE('',*,*,#1889,.F.);
#1481=ORIENTED_EDGE('',*,*,#1994,.T.);
#1482=ORIENTED_EDGE('',*,*,#2093,.T.);
#1483=ORIENTED_EDGE('',*,*,#2094,.F.);
#1484=CARTESIAN_POINT('',(4.52929121227068,4.98022450676021,3.04484613139295));
#1485=DIRECTION('',(-1.92902466277036E-13,-1.56125112837913E-17,1.0));
#1486=DIRECTION('',(1.0,0.0,1.92902466277036E-13));
#1487=SURFACE_STYLE_FILL_AREA(#2095);
#1488=ORIENTED_EDGE('',*,*,#2096,.T.);
#1489=ORIENTED_EDGE('',*,*,#2055,.T.);
#1490=ORIENTED_EDGE('',*,*,#1882,.F.);
#1491=ORIENTED_EDGE('',*,*,#2094,.T.);
#1492=CARTESIAN_POINT('',(10.6888060316908,4.98022450676021,2.79084613139414));
#1493=DIRECTION('',(0.0,-1.0,-1.56014176345364E-17));
#1494=DIRECTION('',(1.0,0.0,0.0));
#1495=SURFACE_STYLE_FILL_AREA(#2097);
#1496=ORIENTED_EDGE('',*,*,#2098,.F.);
#1497=ORIENTED_EDGE('',*,*,#1992,.T.);
#1498=ORIENTED_EDGE('',*,*,#1868,.T.);
#1499=ORIENTED_EDGE('',*,*,#2099,.T.);
#1500=CARTESIAN_POINT('',(4.52929121227082,4.98022450676021,7.36284688014768));
#1501=DIRECTION('',(-1.66267516192308E-16,-1.56125112837913E-17,1.0));
#1502=DIRECTION('',(1.0,0.0,1.66267516192308E-16));
#1503=SURFACE_STYLE_FILL_AREA(#2100);
#1504=ORIENTED_EDGE('',*,*,#2093,.F.);
#1505=ORIENTED_EDGE('',*,*,#1993,.T.);
#1506=ORIENTED_EDGE('',*,*,#2098,.T.);
#1507=ORIENTED_EDGE('',*,*,#2047,.T.);
#1508=ORIENTED_EDGE('',*,*,#2096,.F.);
#1509=CARTESIAN_POINT('',(4.52929121227082,4.98022450676021,2.28283763081338));
#1510=DIRECTION('',(-2.01807743958155E-33,1.0,1.56014176345364E-17));
#1511=DIRECTION('',(0.0,1.56014176345364E-17,-1.0));
#1512=SURFACE_STYLE_FILL_AREA(#2101);
#1513=ORIENTED_EDGE('',*,*,#2102,.T.);
#1514=ORIENTED_EDGE('',*,*,#2028,.T.);
#1515=ORIENTED_EDGE('',*,*,#1906,.F.);
#1516=ORIENTED_EDGE('',*,*,#2103,.T.);
#1517=CARTESIAN_POINT('',(19.7651842919581,2.40212450676015,0.784247051808371));
#1518=DIRECTION('',(1.75213449580093E-16,-1.56125112837926E-17,1.0));
#1519=DIRECTION('',(1.0,0.0,-1.75213449580094E-16));
#1520=SURFACE_STYLE_FILL_AREA(#2104);
#1521=ORIENTED_EDGE('',*,*,#1908,.F.);
#1522=ORIENTED_EDGE('',*,*,#2027,.F.);
#1523=ORIENTED_EDGE('',*,*,#2105,.T.);
#1524=ORIENTED_EDGE('',*,*,#2106,.T.);
#1525=CARTESIAN_POINT('',(19.7651842919581,2.40212450676015,3.78144664500736));
#1526=DIRECTION('',(-1.75213449580093E-16,1.56125112837926E-17,-1.0));
#1527=DIRECTION('',(-1.0,0.0,1.75213449580094E-16));
#1528=SURFACE_STYLE_FILL_AREA(#2107);
#1529=ORIENTED_EDGE('',*,*,#2105,.F.);
#1530=ORIENTED_EDGE('',*,*,#2026,.F.);
#1531=ORIENTED_EDGE('',*,*,#2102,.F.);
#1532=ORIENTED_EDGE('',*,*,#2032,.T.);
#1533=CARTESIAN_POINT('',(19.7651842919581,2.40212450676015,2.28283763081338));
#1534=DIRECTION('',(-6.98296267768627E-15,-1.0,-1.56014176345363E-17));
#1535=DIRECTION('',(-1.0,6.98296267768627E-15,0.0));
#1536=SURFACE_STYLE_FILL_AREA(#2108);
#1537=ORIENTED_EDGE('',*,*,#1842,.F.);
#1538=ORIENTED_EDGE('',*,*,#1909,.T.);
#1539=ORIENTED_EDGE('',*,*,#2106,.F.);
#1540=ORIENTED_EDGE('',*,*,#2031,.F.);
#1541=ORIENTED_EDGE('',*,*,#2083,.T.);
#1542=CARTESIAN_POINT('',(10.8945457319618,2.61802450676021,3.78144664500736));
#1543=DIRECTION('',(-1.66267516192308E-16,-1.56125112837913E-17,1.0));
#1544=DIRECTION('',(1.0,0.0,1.66267516192308E-16));
#1545=SURFACE_STYLE_FILL_AREA(#2109);
#1546=ORIENTED_EDGE('',*,*,#1920,.F.);
#1547=ORIENTED_EDGE('',*,*,#2085,.T.);
#1548=ORIENTED_EDGE('',*,*,#2033,.F.);
#1549=ORIENTED_EDGE('',*,*,#2103,.F.);
#1550=ORIENTED_EDGE('',*,*,#1905,.T.);
#1551=CARTESIAN_POINT('',(10.8945457319618,2.61802450676021,0.784247051808372));
#1552=DIRECTION('',(1.66267516192308E-16,1.56125112837913E-17,-1.0));
#1553=DIRECTION('',(0.0,-1.0,-1.56125112837913E-17));
#1554=SURFACE_STYLE_FILL_AREA(#2110);
#1555=ORIENTED_EDGE('',*,*,#1924,.F.);
#1556=ORIENTED_EDGE('',*,*,#1892,.T.);
#1557=ORIENTED_EDGE('',*,*,#2040,.F.);
#1558=ORIENTED_EDGE('',*,*,#2050,.F.);
#1559=ORIENTED_EDGE('',*,*,#2060,.T.);
#1560=CARTESIAN_POINT('',(10.8945457319618,4.76432450676021,-2.79715411465452));
#1561=DIRECTION('',(1.66267516192308E-16,1.56125112837913E-17,-1.0));
#1562=DIRECTION('',(0.0,-1.0,-1.56125112837913E-17));
#1563=SURFACE_STYLE_FILL_AREA(#2111);
#1564=ORIENTED_EDGE('',*,*,#1848,.F.);
#1565=ORIENTED_EDGE('',*,*,#2064,.T.);
#1566=ORIENTED_EDGE('',*,*,#2048,.F.);
#1567=ORIENTED_EDGE('',*,*,#2099,.F.);
#1568=ORIENTED_EDGE('',*,*,#1880,.T.);
#1569=CARTESIAN_POINT('',(10.8945457319618,4.76432450676021,7.36284688014768));
#1570=DIRECTION('',(-3.38256241501192E-16,-4.03302493772904E-15,1.0));
#1571=DIRECTION('',(0.0,-1.0,-4.03302493772904E-15));
#1572=SURFACE_STYLE_FILL_AREA(#2112);
#1573=ORIENTED_EDGE('',*,*,#1944,.F.);
#1574=ORIENTED_EDGE('',*,*,#1875,.T.);
#1575=ORIENTED_EDGE('',*,*,#2113,.T.);
#1576=ORIENTED_EDGE('',*,*,#2114,.F.);
#1577=ORIENTED_EDGE('',*,*,#2115,.F.);
#1578=CARTESIAN_POINT('',(-1.83593426803819,4.76432450676021,7.36284701955087));
#1579=DIRECTION('',(-4.47301744217366E-18,1.56125112837913E-17,-1.0));
#1580=DIRECTION('',(-1.0,0.0,4.47301744217366E-18));
#1581=SURFACE_STYLE_FILL_AREA(#2116);
#1582=ORIENTED_EDGE('',*,*,#1861,.F.);
#1583=ORIENTED_EDGE('',*,*,#2117,.F.);
#1584=ORIENTED_EDGE('',*,*,#2118,.F.);
#1585=ORIENTED_EDGE('',*,*,#2119,.T.);
#1586=ORIENTED_EDGE('',*,*,#1897,.T.);
#1587=CARTESIAN_POINT('',(-1.83593426803819,4.76432450676021,-2.79715129536931));
#1588=DIRECTION('',(-4.47301744217366E-18,1.56125112837913E-17,-1.0));
#1589=DIRECTION('',(-1.0,0.0,4.47301744217366E-18));
#1590=SURFACE_STYLE_FILL_AREA(#2120);
#1591=ORIENTED_EDGE('',*,*,#2121,.T.);
#1592=ORIENTED_EDGE('',*,*,#1975,.T.);
#1593=ORIENTED_EDGE('',*,*,#2122,.T.);
#1594=ORIENTED_EDGE('',*,*,#2123,.F.);
#1595=ORIENTED_EDGE('',*,*,#2124,.F.);
#1596=CARTESIAN_POINT('',(4.52929121227082,4.98022450676021,2.28283763081338));
#1597=DIRECTION('',(-2.01807743958155E-33,1.0,1.56014176345364E-17));
#1598=DIRECTION('',(0.0,1.56014176345364E-17,-1.0));
#1599=SURFACE_STYLE_FILL_AREA(#2125);
#1600=ORIENTED_EDGE('',*,*,#1939,.F.);
#1601=ORIENTED_EDGE('',*,*,#2126,.T.);
#1602=ORIENTED_EDGE('',*,*,#2127,.F.);
#1603=ORIENTED_EDGE('',*,*,#2128,.F.);
#1604=ORIENTED_EDGE('',*,*,#2007,.F.);
#1605=CARTESIAN_POINT('',(-1.83593426803819,2.61802450676021,3.78144690133933));
#1606=DIRECTION('',(-4.47301744217371E-18,1.56125112837925E-17,-1.0));
#1607=DIRECTION('',(-1.0,0.0,4.47301744217371E-18));
#1608=SURFACE_STYLE_FILL_AREA(#2129);
#1609=ORIENTED_EDGE('',*,*,#1855,.F.);
#1610=ORIENTED_EDGE('',*,*,#2011,.F.);
#1611=ORIENTED_EDGE('',*,*,#2130,.F.);
#1612=ORIENTED_EDGE('',*,*,#2131,.F.);
#1613=ORIENTED_EDGE('',*,*,#2132,.T.);
#1614=CARTESIAN_POINT('',(-1.83593426803819,2.61802450676021,0.784249232425758));
#1615=DIRECTION('',(-4.47301744217371E-18,1.56125112837925E-17,-1.0));
#1616=DIRECTION('',(-1.0,0.0,4.47301744217371E-18));
#1617=SURFACE_STYLE_FILL_AREA(#2133);
#1618=ORIENTED_EDGE('',*,*,#2134,.F.);
#1619=ORIENTED_EDGE('',*,*,#2135,.F.);
#1620=ORIENTED_EDGE('',*,*,#2136,.F.);
#1621=ORIENTED_EDGE('',*,*,#2137,.T.);
#1622=CARTESIAN_POINT('',(-10.7065437886525,2.40212450676015,2.28283763081338));
#1623=DIRECTION('',(6.98296267768627E-15,-1.0,-1.56014176345376E-17));
#1624=DIRECTION('',(0.0,1.56014176345376E-17,-1.0));
#1625=SURFACE_STYLE_FILL_AREA(#2138);
#1626=ORIENTED_EDGE('',*,*,#2010,.F.);
#1627=ORIENTED_EDGE('',*,*,#2139,.F.);
#1628=ORIENTED_EDGE('',*,*,#2134,.T.);
#1629=ORIENTED_EDGE('',*,*,#2130,.T.);
#1630=CARTESIAN_POINT('',(-10.7065442001589,2.40212450676015,0.784251618962175));
#1631=DIRECTION('',(2.74596452345905E-07,-1.56105937870136E-17,0.999999999999962));
#1632=DIRECTION('',(-5.68492187486428E-11,-1.0,0.0));
#1633=SURFACE_STYLE_FILL_AREA(#2140);
#1634=ORIENTED_EDGE('',*,*,#2136,.T.);
#1635=ORIENTED_EDGE('',*,*,#2141,.T.);
#1636=ORIENTED_EDGE('',*,*,#2008,.F.);
#1637=ORIENTED_EDGE('',*,*,#2128,.T.);
#1638=CARTESIAN_POINT('',(-10.7065438639932,2.40212450676015,3.78144645538058));
#1639=DIRECTION('',(5.02737435884808E-08,1.56128623434675E-17,-0.999999999999999));
#1640=DIRECTION('',(0.0,-1.0,-1.56128623434675E-17));
#1641=SURFACE_STYLE_FILL_AREA(#2142);
#1642=ORIENTED_EDGE('',*,*,#2122,.F.);
#1643=ORIENTED_EDGE('',*,*,#1974,.T.);
#1644=ORIENTED_EDGE('',*,*,#1960,.T.);
#1645=ORIENTED_EDGE('',*,*,#2143,.T.);
#1646=CARTESIAN_POINT('',(4.52929121227082,4.98022450676021,3.04484652326698));
#1647=DIRECTION('',(-8.50177285731826E-17,1.56125112837913E-17,-1.0));
#1648=DIRECTION('',(-1.0,0.0,8.50177285731826E-17));
#1649=SURFACE_STYLE_FILL_AREA(#2144);
#1650=ORIENTED_EDGE('',*,*,#2145,.F.);
#1651=ORIENTED_EDGE('',*,*,#2123,.T.);
#1652=ORIENTED_EDGE('',*,*,#2143,.F.);
#1653=ORIENTED_EDGE('',*,*,#1959,.F.);
#1654=CARTESIAN_POINT('',(-1.63019437322514,4.98022450676021,2.79084652326698));
#1655=DIRECTION('',(0.0,-1.0,-1.56014176345364E-17));
#1656=DIRECTION('',(1.0,0.0,0.0));
#1657=SURFACE_STYLE_FILL_AREA(#2146);
#1658=ORIENTED_EDGE('',*,*,#1874,.T.);
#1659=ORIENTED_EDGE('',*,*,#1976,.T.);
#1660=ORIENTED_EDGE('',*,*,#2121,.F.);
#1661=ORIENTED_EDGE('',*,*,#2113,.F.);
#1662=CARTESIAN_POINT('',(4.52929146766189,4.98022450676021,7.36284669052089));
#1663=DIRECTION('',(5.02737436346889E-08,-1.56125112837912E-17,0.999999999999999));
#1664=DIRECTION('',(-3.10550003939205E-10,-1.0,0.0));
#1665=SURFACE_STYLE_FILL_AREA(#2147);
#1666=ORIENTED_EDGE('',*,*,#2148,.F.);
#1667=ORIENTED_EDGE('',*,*,#1946,.T.);
#1668=ORIENTED_EDGE('',*,*,#2149,.T.);
#1669=ORIENTED_EDGE('',*,*,#2150,.F.);
#1670=CARTESIAN_POINT('',(-2.0518342680382,5.30834579397286,8.28358444742239));
#1671=DIRECTION('',(2.44729216744829E-15,-0.707106745637641,0.707106816735452));
#1672=DIRECTION('',(-1.0,-3.46099394829194E-15,0.0));
#1673=SURFACE_STYLE_FILL_AREA(#2151);
#1674=ORIENTED_EDGE('',*,*,#2152,.F.);
#1675=ORIENTED_EDGE('',*,*,#1947,.F.);
#1676=ORIENTED_EDGE('',*,*,#2148,.T.);
#1677=ORIENTED_EDGE('',*,*,#2153,.T.);
#1678=CARTESIAN_POINT('',(-2.05183426803819,3.62560735710157,2.28283801709092));
#1679=DIRECTION('',(-3.47066465664522E-15,0.999999999999999,-5.02737434631764E-08));
#1680=DIRECTION('',(-0.999999999999998,4.9692025525733E-31,6.90353337062983E-08));
#1681=SURFACE_STYLE_FILL_AREA(#2154);
#1682=ORIENTED_EDGE('',*,*,#2155,.F.);
#1683=ORIENTED_EDGE('',*,*,#1937,.F.);
#1684=ORIENTED_EDGE('',*,*,#2152,.T.);
#1685=ORIENTED_EDGE('',*,*,#2156,.T.);
#1686=CARTESIAN_POINT('',(-2.05183426803819,2.86360747075085,4.5434468799667));
#1687=DIRECTION('',(1.0,3.41480999208037E-15,-4.47301744217361E-18));
#1688=DIRECTION('',(-3.41480999208037E-15,1.0,2.3153468428494E-48));
#1689=SURFACE_STYLE_FILL_AREA(#2157);
#1690=ORIENTED_EDGE('',*,*,#2126,.F.);
#1691=ORIENTED_EDGE('',*,*,#1938,.F.);
#1692=ORIENTED_EDGE('',*,*,#2155,.T.);
#1693=ORIENTED_EDGE('',*,*,#2158,.T.);
#1694=CARTESIAN_POINT('',(-2.05183426803822,11.3090920825626,3.78144645538058));
#1695=DIRECTION('',(9.67088235041139E-18,-5.02737435773524E-08,-0.999999999999999));
#1696=DIRECTION('',(8.06255509824661E-41,-0.999999999999999,5.02737435773524E-08));
#1697=SURFACE_STYLE_FILL_AREA(#2159);
#1698=ORIENTED_EDGE('',*,*,#2132,.F.);
#1699=ORIENTED_EDGE('',*,*,#2160,.T.);
#1700=ORIENTED_EDGE('',*,*,#2161,.F.);
#1701=ORIENTED_EDGE('',*,*,#1856,.F.);
#1702=CARTESIAN_POINT('',(-2.05183426803822,11.3090924187283,0.784251618962175));
#1703=DIRECTION('',(-9.66975483490388E-18,-2.74596452357033E-07,0.999999999999962));
#1704=DIRECTION('',(-1.0,3.52144201132327E-11,-1.94109474709887E-33));
#1705=SURFACE_STYLE_FILL_AREA(#2162);
#1706=ORIENTED_EDGE('',*,*,#2163,.F.);
#1707=ORIENTED_EDGE('',*,*,#1857,.F.);
#1708=ORIENTED_EDGE('',*,*,#2161,.T.);
#1709=ORIENTED_EDGE('',*,*,#2164,.T.);
#1710=CARTESIAN_POINT('',(-2.05183426803819,2.8636076416846,0.0222492998619896));
#1711=DIRECTION('',(1.0,3.41480999208034E-15,-4.47301744217363E-18));
#1712=DIRECTION('',(-3.41480999208034E-15,1.0,1.86747421441893E-16));
#1713=SURFACE_STYLE_FILL_AREA(#2165);
#1714=ORIENTED_EDGE('',*,*,#2166,.F.);
#1715=ORIENTED_EDGE('',*,*,#1858,.F.);
#1716=ORIENTED_EDGE('',*,*,#2163,.T.);
#1717=ORIENTED_EDGE('',*,*,#2167,.T.);
#1718=CARTESIAN_POINT('',(-2.05183426803819,3.62560702093567,2.28283552095566));
#1719=DIRECTION('',(-3.47066465978682E-15,0.999999999999962,2.7459645248523E-07));
#1720=DIRECTION('',(1.0,-4.96920255257311E-31,1.26391460209177E-08));
#1721=SURFACE_STYLE_FILL_AREA(#2168);
#1722=ORIENTED_EDGE('',*,*,#2169,.F.);
#1723=ORIENTED_EDGE('',*,*,#1859,.F.);
#1724=ORIENTED_EDGE('',*,*,#2166,.T.);
#1725=ORIENTED_EDGE('',*,*,#2170,.T.);
#1726=CARTESIAN_POINT('',(-2.0518342680382,5.30835791268742,-3.71789975928258));
#1727=DIRECTION('',(-2.46096806537594E-15,0.707106587017507,0.707106975355535));
#1728=DIRECTION('',(1.0,3.4803353703096E-15,3.51375778687911E-31));
#1729=SURFACE_STYLE_FILL_AREA(#2171);
#1730=ORIENTED_EDGE('',*,*,#2172,.F.);
#1731=ORIENTED_EDGE('',*,*,#2158,.F.);
#1732=ORIENTED_EDGE('',*,*,#2156,.F.);
#1733=ORIENTED_EDGE('',*,*,#2153,.F.);
#1734=ORIENTED_EDGE('',*,*,#2150,.T.);
#1735=ORIENTED_EDGE('',*,*,#2173,.T.);
#1736=ORIENTED_EDGE('',*,*,#2174,.T.);
#1737=ORIENTED_EDGE('',*,*,#2175,.F.);
#1738=ORIENTED_EDGE('',*,*,#2170,.F.);
#1739=ORIENTED_EDGE('',*,*,#2167,.F.);
#1740=ORIENTED_EDGE('',*,*,#2164,.F.);
#1741=ORIENTED_EDGE('',*,*,#2160,.F.);
#1742=CARTESIAN_POINT('',(-2.05183426803822,11.3090920072219,2.28283763081338));
#1743=DIRECTION('',(-1.0,-3.47066465713141E-15,4.47301744217362E-18));
#1744=DIRECTION('',(-3.47066465713141E-15,1.0,0.0));
#1745=SURFACE_STYLE_FILL_AREA(#2176);
#1746=ORIENTED_EDGE('',*,*,#2175,.T.);
#1747=ORIENTED_EDGE('',*,*,#2117,.T.);
#1748=ORIENTED_EDGE('',*,*,#1860,.F.);
#1749=ORIENTED_EDGE('',*,*,#2169,.T.);
#1750=CARTESIAN_POINT('',(-2.05183426803822,11.3090934021683,-2.7971495475006));
#1751=DIRECTION('',(-9.66975483490536E-18,-2.74596451930109E-07,0.999999999999962));
#1752=DIRECTION('',(-1.0,3.52144201679871E-11,-3.88218949419775E-33));
#1753=SURFACE_STYLE_FILL_AREA(#2177);
#1754=ORIENTED_EDGE('',*,*,#1945,.T.);
#1755=ORIENTED_EDGE('',*,*,#2115,.T.);
#1756=ORIENTED_EDGE('',*,*,#2173,.F.);
#1757=ORIENTED_EDGE('',*,*,#2149,.F.);
#1758=CARTESIAN_POINT('',(-2.05183426803822,11.309092262613,7.36284669052089));
#1759=DIRECTION('',(-9.67088235041154E-18,5.02737436146145E-08,0.999999999999999));
#1760=DIRECTION('',(1.0,1.92364476068184E-10,0.0));
#1761=SURFACE_STYLE_FILL_AREA(#2178);
#1762=ORIENTED_EDGE('',*,*,#2145,.T.);
#1763=ORIENTED_EDGE('',*,*,#1958,.T.);
#1764=ORIENTED_EDGE('',*,*,#2179,.T.);
#1765=ORIENTED_EDGE('',*,*,#2180,.F.);
#1766=SURFACE_STYLE_FILL_AREA(#2181);
#1767=ORIENTED_EDGE('',*,*,#2179,.F.);
#1768=ORIENTED_EDGE('',*,*,#1957,.T.);
#1769=ORIENTED_EDGE('',*,*,#2182,.T.);
#1770=ORIENTED_EDGE('',*,*,#2183,.F.);
#1771=CARTESIAN_POINT('',(-1.9244077931423,4.96126420655599,2.2828467873893));
#1772=DIRECTION('',(0.912180175061514,0.409789370560958,3.02154792430144E-16));
#1773=DIRECTION('',(0.0,7.37341703169426E-16,-1.0));
#1774=SURFACE_STYLE_FILL_AREA(#2184);
#1775=ORIENTED_EDGE('',*,*,#2182,.F.);
#1776=ORIENTED_EDGE('',*,*,#1956,.T.);
#1777=ORIENTED_EDGE('',*,*,#2185,.T.);
#1778=ORIENTED_EDGE('',*,*,#2186,.F.);
#1779=SURFACE_STYLE_FILL_AREA(#2187);
#1780=ORIENTED_EDGE('',*,*,#2188,.T.);
#1781=ORIENTED_EDGE('',*,*,#2118,.T.);
#1782=ORIENTED_EDGE('',*,*,#2174,.F.);
#1783=ORIENTED_EDGE('',*,*,#2114,.T.);
#1784=ORIENTED_EDGE('',*,*,#2124,.T.);
#1785=ORIENTED_EDGE('',*,*,#2180,.T.);
#1786=ORIENTED_EDGE('',*,*,#2183,.T.);
#1787=ORIENTED_EDGE('',*,*,#2186,.T.);
#1788=CARTESIAN_POINT('',(-1.83593426803819,4.76432450676021,-5.01229267155234));
#1789=DIRECTION('',(0.0,1.56125112837913E-17,-1.0));
#1790=DIRECTION('',(1.0,0.0,0.0));
#1791=SURFACE_STYLE_FILL_AREA(#2189);
#1792=ORIENTED_EDGE('',*,*,#1954,.T.);
#1793=ORIENTED_EDGE('',*,*,#1981,.T.);
#1794=ORIENTED_EDGE('',*,*,#2190,.F.);
#1795=ORIENTED_EDGE('',*,*,#2191,.F.);
#1796=CARTESIAN_POINT('',(4.52929121227082,4.98022450676021,1.52084702597256));
#1797=DIRECTION('',(-1.66267516192308E-16,-1.56125112837913E-17,1.0));
#1798=DIRECTION('',(1.0,0.0,1.66267516192308E-16));
#1799=SURFACE_STYLE_FILL_AREA(#2192);
#1800=ORIENTED_EDGE('',*,*,#2190,.T.);
#1801=ORIENTED_EDGE('',*,*,#1980,.T.);
#1802=ORIENTED_EDGE('',*,*,#2193,.F.);
#1803=ORIENTED_EDGE('',*,*,#2188,.F.);
#1804=ORIENTED_EDGE('',*,*,#2194,.F.);
#1805=CARTESIAN_POINT('',(4.52929121227082,4.98022450676021,2.28283763081338));
#1806=DIRECTION('',(-2.01807743958155E-33,1.0,1.56014176345364E-17));
#1807=DIRECTION('',(0.0,1.56014176345364E-17,-1.0));
#1808=SURFACE_STYLE_FILL_AREA(#2195);
#1809=ORIENTED_EDGE('',*,*,#2185,.F.);
#1810=ORIENTED_EDGE('',*,*,#1955,.F.);
#1811=ORIENTED_EDGE('',*,*,#2191,.T.);
#1812=ORIENTED_EDGE('',*,*,#2194,.T.);
#1813=CARTESIAN_POINT('',(-1.63019437322514,4.98022450676021,1.77484702597255));
#1814=DIRECTION('',(0.0,-1.0,-1.56014176345364E-17));
#1815=DIRECTION('',(1.0,0.0,0.0));
#1816=SURFACE_STYLE_FILL_AREA(#2196);
#1817=ORIENTED_EDGE('',*,*,#2193,.T.);
#1818=ORIENTED_EDGE('',*,*,#1979,.T.);
#1819=ORIENTED_EDGE('',*,*,#1898,.F.);
#1820=ORIENTED_EDGE('',*,*,#2119,.F.);
#1821=CARTESIAN_POINT('',(4.52929260721728,4.98022450676021,-2.7971495475006));
#1822=DIRECTION('',(-2.74596451910035E-07,-1.56125112837907E-17,0.999999999999962));
#1823=DIRECTION('',(-5.68562018015649E-11,1.0,3.88218949419775E-33));
#1824=SURFACE_STYLE_FILL_AREA(#2197);
#1825=ORIENTED_EDGE('',*,*,#2172,.T.);
#1826=ORIENTED_EDGE('',*,*,#2131,.T.);
#1827=ORIENTED_EDGE('',*,*,#2137,.F.);
#1828=ORIENTED_EDGE('',*,*,#2127,.T.);
#1829=CARTESIAN_POINT('',(-1.83593426803819,2.61802450676021,-0.726590380110302));
#1830=DIRECTION('',(0.0,1.56125112837925E-17,-1.0));
#1831=DIRECTION('',(1.0,0.0,0.0));
#1832=SURFACE_STYLE_FILL_AREA(#2198);
#1833=ORIENTED_EDGE('',*,*,#2135,.T.);
#1834=ORIENTED_EDGE('',*,*,#2139,.T.);
#1835=ORIENTED_EDGE('',*,*,#2009,.F.);
#1836=ORIENTED_EDGE('',*,*,#2141,.F.);
#1837=CARTESIAN_POINT('',(0.157965818156554,2.40212450676022,2.28283817701295));
#1838=DIRECTION('',(-0.999999999999999,-6.98296267690136E-15,-5.0273743431884E-08));
#1839=DIRECTION('',(-5.0273743431884E-08,0.0,0.999999999999999));
#1840=SURFACE_STYLE_FILL_AREA(#2199);
#1841=FILL_AREA_STYLE('',(#2200));
#1842=EDGE_CURVE('NONE',#2201,#2202,#2203,.T.);
#1843=EDGE_CURVE('NONE',#2202,#2204,#2205,.T.);
#1844=EDGE_CURVE('NONE',#2204,#2206,#2207,.T.);
#1845=EDGE_CURVE('NONE',#2208,#2206,#2209,.T.);
#1846=EDGE_CURVE('NONE',#2210,#2208,#2211,.T.);
#1847=EDGE_CURVE('NONE',#2212,#2210,#2213,.T.);
#1848=EDGE_CURVE('NONE',#2212,#2214,#2215,.T.);
#1849=EDGE_CURVE('NONE',#2216,#2214,#2217,.T.);
#1850=EDGE_CURVE('NONE',#2216,#2218,#2219,.T.);
#1851=EDGE_CURVE('NONE',#2218,#2220,#2221,.T.);
#1852=EDGE_CURVE('NONE',#2220,#2222,#2223,.T.);
#1853=EDGE_CURVE('NONE',#2201,#2222,#2224,.T.);
#1854=FILL_AREA_STYLE('',(#2225));
#1855=EDGE_CURVE('NONE',#2226,#2227,#2228,.T.);
#1856=EDGE_CURVE('NONE',#2227,#2229,#2230,.T.);
#1857=EDGE_CURVE('NONE',#2229,#2231,#2232,.T.);
#1858=EDGE_CURVE('NONE',#2231,#2233,#2234,.T.);
#1859=EDGE_CURVE('NONE',#2233,#2235,#2236,.T.);
#1860=EDGE_CURVE('NONE',#2235,#2237,#2238,.T.);
#1861=EDGE_CURVE('NONE',#2237,#2239,#2240,.T.);
#1862=EDGE_CURVE('NONE',#2241,#2239,#2242,.T.);
#1863=EDGE_CURVE('NONE',#2241,#2243,#2244,.T.);
#1864=EDGE_CURVE('NONE',#2243,#2245,#2246,.T.);
#1865=EDGE_CURVE('NONE',#2245,#2247,#2248,.T.);
#1866=EDGE_CURVE('NONE',#2247,#2226,#2249,.T.);
#1867=FILL_AREA_STYLE('',(#2250));
#1868=EDGE_CURVE('NONE',#2251,#2252,#2253,.T.);
#1869=EDGE_CURVE('NONE',#2254,#2251,#2255,.T.);
#1870=EDGE_CURVE('NONE',#2256,#2254,#2257,.T.);
#1871=EDGE_CURVE('NONE',#2258,#2256,#2259,.T.);
#1872=EDGE_CURVE('NONE',#2260,#2258,#2261,.T.);
#1873=EDGE_CURVE('NONE',#2262,#2260,#2263,.T.);
#1874=EDGE_CURVE('NONE',#2264,#2262,#2265,.T.);
#1875=EDGE_CURVE('NONE',#2266,#2264,#2267,.T.);
#1876=EDGE_CURVE('NONE',#2266,#2268,#2269,.T.);
#1877=EDGE_CURVE('NONE',#2268,#2270,#2271,.T.);
#1878=EDGE_CURVE('NONE',#2270,#2272,#2273,.T.);
#1879=EDGE_CURVE('NONE',#2272,#2216,#2274,.T.);
#1880=EDGE_CURVE('NONE',#2252,#2214,#2275,.T.);
#1881=FILL_AREA_STYLE('',(#2276));
#1882=EDGE_CURVE('NONE',#2277,#2278,#2279,.T.);
#1883=EDGE_CURVE('NONE',#2280,#2278,#2281,.T.);
#1884=EDGE_CURVE('NONE',#2282,#2280,#2283,.T.);
#1885=EDGE_CURVE('NONE',#2284,#2282,#2285,.T.);
#1886=EDGE_CURVE('NONE',#2284,#2286,#2287,.T.);
#1887=EDGE_CURVE('NONE',#2286,#2288,#2289,.T.);
#1888=EDGE_CURVE('NONE',#2290,#2288,#2291,.T.);
#1889=EDGE_CURVE('NONE',#2290,#2277,#2292,.T.);
#1890=FILL_AREA_STYLE('',(#2293));
#1891=EDGE_CURVE('NONE',#2294,#2295,#2296,.T.);
#1892=EDGE_CURVE('NONE',#2297,#2295,#2298,.T.);
#1893=EDGE_CURVE('NONE',#2297,#2299,#2300,.T.);
#1894=EDGE_CURVE('NONE',#2299,#2301,#2302,.T.);
#1895=EDGE_CURVE('NONE',#2301,#2303,#2304,.T.);
#1896=EDGE_CURVE('NONE',#2303,#2241,#2305,.T.);
#1897=EDGE_CURVE('NONE',#2306,#2239,#2307,.T.);
#1898=EDGE_CURVE('NONE',#2306,#2308,#2309,.T.);
#1899=EDGE_CURVE('NONE',#2310,#2308,#2311,.T.);
#1900=EDGE_CURVE('NONE',#2312,#2310,#2313,.T.);
#1901=EDGE_CURVE('NONE',#2314,#2312,#2315,.T.);
#1902=EDGE_CURVE('NONE',#2316,#2314,#2317,.T.);
#1903=EDGE_CURVE('NONE',#2294,#2316,#2318,.T.);
#1904=FILL_AREA_STYLE('',(#2319));
#1905=EDGE_CURVE('NONE',#2320,#2321,#2322,.T.);
#1906=EDGE_CURVE('NONE',#2320,#2323,#2324,.T.);
#1907=EDGE_CURVE('NONE',#2323,#2325,#2326,.T.);
#1908=EDGE_CURVE('NONE',#2325,#2327,#2328,.T.);
#1909=EDGE_CURVE('NONE',#2201,#2327,#2329,.T.);
#1910=EDGE_CURVE('NONE',#2222,#2330,#2331,.T.);
#1911=EDGE_CURVE('NONE',#2330,#2332,#2333,.T.);
#1912=EDGE_CURVE('NONE',#2332,#2334,#2335,.T.);
#1913=EDGE_CURVE('NONE',#2334,#2321,#2336,.T.);
#1914=FILL_AREA_STYLE('',(#2337));
#1915=EDGE_CURVE('NONE',#2338,#2218,#2339,.T.);
#1916=EDGE_CURVE('NONE',#2272,#2338,#2340,.T.);
#1917=FILL_AREA_STYLE('',(#2341));
#1918=EDGE_CURVE('NONE',#2342,#2343,#2344,.T.);
#1919=EDGE_CURVE('NONE',#2343,#2345,#2346,.T.);
#1920=EDGE_CURVE('NONE',#2345,#2321,#2347,.T.);
#1921=EDGE_CURVE('NONE',#2334,#2348,#2349,.T.);
#1922=EDGE_CURVE('NONE',#2348,#2350,#2351,.T.);
#1923=EDGE_CURVE('NONE',#2299,#2350,#2352,.T.);
#1924=EDGE_CURVE('NONE',#2297,#2353,#2354,.T.);
#1925=EDGE_CURVE('NONE',#2353,#2355,#2356,.T.);
#1926=EDGE_CURVE('NONE',#2357,#2355,#2358,.T.);
#1927=EDGE_CURVE('NONE',#2342,#2357,#2359,.T.);
#1928=FILL_AREA_STYLE('',(#2360));
#1929=EDGE_CURVE('NONE',#2350,#2361,#2362,.T.);
#1930=EDGE_CURVE('NONE',#2301,#2361,#2363,.T.);
#1931=FILL_AREA_STYLE('',(#2364));
#1932=EDGE_CURVE('NONE',#2361,#2365,#2366,.T.);
#1933=EDGE_CURVE('NONE',#2303,#2365,#2367,.T.);
#1934=FILL_AREA_STYLE('',(#2368));
#1935=EDGE_CURVE('NONE',#2365,#2243,#2369,.T.);
#1936=FILL_AREA_STYLE('',(#2370));
#1937=EDGE_CURVE('NONE',#2371,#2372,#2373,.T.);
#1938=EDGE_CURVE('NONE',#2372,#2374,#2375,.T.);
#1939=EDGE_CURVE('NONE',#2374,#2376,#2377,.T.);
#1940=EDGE_CURVE('NONE',#2376,#2378,#2379,.T.);
#1941=EDGE_CURVE('NONE',#2378,#2380,#2381,.T.);
#1942=EDGE_CURVE('NONE',#2380,#2382,#2383,.T.);
#1943=EDGE_CURVE('NONE',#2268,#2382,#2384,.T.);
#1944=EDGE_CURVE('NONE',#2266,#2385,#2386,.T.);
#1945=EDGE_CURVE('NONE',#2387,#2385,#2388,.T.);
#1946=EDGE_CURVE('NONE',#2389,#2387,#2390,.T.);
#1947=EDGE_CURVE('NONE',#2389,#2371,#2391,.T.);
#1948=FILL_AREA_STYLE('',(#2392));
#1949=EDGE_CURVE('NONE',#2382,#2393,#2394,.T.);
#1950=EDGE_CURVE('NONE',#2270,#2393,#2395,.T.);
#1951=FILL_AREA_STYLE('',(#2396));
#1952=EDGE_CURVE('NONE',#2393,#2338,#2397,.T.);
#1953=FILL_AREA_STYLE('',(#2398));
#1954=EDGE_CURVE('NONE',#2399,#2400,#2401,.T.);
#1955=EDGE_CURVE('NONE',#2399,#2402,#2403,.T.);
#1956=EDGE_CURVE('NONE',#2404,#2402,#2405,.T.);
#1957=EDGE_CURVE('NONE',#2406,#2404,#2407,.T.);
#1958=EDGE_CURVE('NONE',#2408,#2406,#2409,.T.);
#1959=EDGE_CURVE('NONE',#2408,#2410,#2411,.T.);
#1960=EDGE_CURVE('NONE',#2412,#2410,#2413,.T.);
#1961=EDGE_CURVE('NONE',#2400,#2412,#2414,.T.);
#1962=FILL_AREA_STYLE('',(#2415));
#1963=EDGE_CURVE('NONE',#2348,#2416,#2417,.T.);
#1964=EDGE_CURVE('NONE',#2416,#2418,#2419,.T.);
#1965=EDGE_CURVE('NONE',#2418,#2220,#2420,.T.);
#1966=EDGE_CURVE('NONE',#2380,#2421,#2422,.T.);
#1967=EDGE_CURVE('NONE',#2421,#2423,#2424,.T.);
#1968=EDGE_CURVE('NONE',#2423,#2245,#2425,.T.);
#1969=FILL_AREA_STYLE('',(#2426));
#1970=EDGE_CURVE('NONE',#2427,#2312,#2428,.T.);
#1971=EDGE_CURVE('NONE',#2429,#2310,#2430,.T.);
#1972=EDGE_CURVE('NONE',#2429,#2427,#2431,.T.);
#1973=FILL_AREA_STYLE('',(#2432));
#1974=EDGE_CURVE('NONE',#2433,#2412,#2434,.T.);
#1975=EDGE_CURVE('NONE',#2435,#2433,#2436,.T.);
#1976=EDGE_CURVE('NONE',#2262,#2435,#2437,.T.);
#1977=EDGE_CURVE('NONE',#2438,#2260,#2439,.T.);
#1978=EDGE_CURVE('NONE',#2438,#2429,#2440,.T.);
#1979=EDGE_CURVE('NONE',#2441,#2308,#2442,.T.);
#1980=EDGE_CURVE('NONE',#2443,#2441,#2444,.T.);
#1981=EDGE_CURVE('NONE',#2400,#2443,#2445,.T.);
#1982=FILL_AREA_STYLE('',(#2446));
#1983=EDGE_CURVE('NONE',#2447,#2258,#2448,.T.);
#1984=EDGE_CURVE('NONE',#2447,#2438,#2449,.T.);
#1985=FILL_AREA_STYLE('',(#2450));
#1986=EDGE_CURVE('NONE',#2451,#2256,#2452,.T.);
#1987=EDGE_CURVE('NONE',#2451,#2447,#2453,.T.);
#1988=FILL_AREA_STYLE('',(#2454));
#1989=EDGE_CURVE('NONE',#2455,#2254,#2456,.T.);
#1990=EDGE_CURVE('NONE',#2455,#2451,#2457,.T.);
#1991=FILL_AREA_STYLE('',(#2458));
#1992=EDGE_CURVE('NONE',#2459,#2251,#2460,.T.);
#1993=EDGE_CURVE('NONE',#2461,#2459,#2462,.T.);
#1994=EDGE_CURVE('NONE',#2290,#2461,#2463,.T.);
#1995=EDGE_CURVE('NONE',#2464,#2288,#2465,.T.);
#1996=EDGE_CURVE('NONE',#2466,#2464,#2467,.T.);
#1997=EDGE_CURVE('NONE',#2294,#2466,#2468,.T.);
#1998=EDGE_CURVE('NONE',#2469,#2316,#2470,.T.);
#1999=EDGE_CURVE('NONE',#2469,#2455,#2471,.T.);
#2000=FILL_AREA_STYLE('',(#2472));
#2001=EDGE_CURVE('NONE',#2473,#2314,#2474,.T.);
#2002=EDGE_CURVE('NONE',#2473,#2469,#2475,.T.);
#2003=FILL_AREA_STYLE('',(#2476));
#2004=EDGE_CURVE('NONE',#2427,#2473,#2477,.T.);
#2005=FILL_AREA_STYLE('',(#2478));
#2006=FILL_AREA_STYLE('',(#2479));
#2007=EDGE_CURVE('NONE',#2376,#2480,#2481,.T.);
#2008=EDGE_CURVE('NONE',#2480,#2482,#2483,.T.);
#2009=EDGE_CURVE('NONE',#2482,#2484,#2485,.T.);
#2010=EDGE_CURVE('NONE',#2484,#2486,#2487,.T.);
#2011=EDGE_CURVE('NONE',#2486,#2226,#2488,.T.);
#2012=EDGE_CURVE('NONE',#2247,#2489,#2490,.T.);
#2013=EDGE_CURVE('NONE',#2489,#2491,#2492,.T.);
#2014=EDGE_CURVE('NONE',#2491,#2378,#2493,.T.);
#2015=FILL_AREA_STYLE('',(#2494));
#2016=EDGE_CURVE('NONE',#2330,#2418,#2495,.T.);
#2017=FILL_AREA_STYLE('',(#2496));
#2018=EDGE_CURVE('NONE',#2332,#2416,#2497,.T.);
#2019=FILL_AREA_STYLE('',(#2498));
#2020=FILL_AREA_STYLE('',(#2499));
#2021=EDGE_CURVE('NONE',#2421,#2491,#2500,.T.);
#2022=FILL_AREA_STYLE('',(#2501));
#2023=EDGE_CURVE('NONE',#2423,#2489,#2502,.T.);
#2024=FILL_AREA_STYLE('',(#2503));
#2025=FILL_AREA_STYLE('',(#2504));
#2026=EDGE_CURVE('NONE',#2505,#2506,#2507,.T.);
#2027=EDGE_CURVE('NONE',#2506,#2325,#2508,.T.);
#2028=EDGE_CURVE('NONE',#2505,#2323,#2509,.T.);
#2029=FILL_AREA_STYLE('',(#2510));
#2030=EDGE_CURVE('NONE',#2511,#2512,#2513,.T.);
#2031=EDGE_CURVE('NONE',#2512,#2514,#2515,.T.);
#2032=EDGE_CURVE('NONE',#2516,#2514,#2517,.T.);
#2033=EDGE_CURVE('NONE',#2516,#2511,#2518,.T.);
#2034=FILL_AREA_STYLE('',(#2519));
#2035=EDGE_CURVE('NONE',#2284,#2520,#2521,.T.);
#2036=EDGE_CURVE('NONE',#2520,#2522,#2523,.T.);
#2037=EDGE_CURVE('NONE',#2286,#2522,#2524,.T.);
#2038=FILL_AREA_STYLE('',(#2525));
#2039=EDGE_CURVE('NONE',#2466,#2526,#2527,.T.);
#2040=EDGE_CURVE('NONE',#2526,#2295,#2528,.T.);
#2041=FILL_AREA_STYLE('',(#2529));
#2042=EDGE_CURVE('NONE',#2522,#2464,#2530,.T.);
#2043=EDGE_CURVE('NONE',#2520,#2526,#2531,.T.);
#2044=FILL_AREA_STYLE('',(#2532));
#2045=FILL_AREA_STYLE('',(#2533));
#2046=EDGE_CURVE('NONE',#2534,#2535,#2536,.T.);
#2047=EDGE_CURVE('NONE',#2537,#2535,#2538,.T.);
#2048=EDGE_CURVE('NONE',#2537,#2539,#2540,.T.);
#2049=EDGE_CURVE('NONE',#2539,#2541,#2542,.T.);
#2050=EDGE_CURVE('NONE',#2541,#2526,#2543,.T.);
#2051=EDGE_CURVE('NONE',#2520,#2544,#2545,.T.);
#2052=EDGE_CURVE('NONE',#2544,#2534,#2546,.T.);
#2053=FILL_AREA_STYLE('',(#2547));
#2054=EDGE_CURVE('NONE',#2280,#2534,#2548,.T.);
#2055=EDGE_CURVE('NONE',#2535,#2278,#2549,.T.);
#2056=FILL_AREA_STYLE('',(#2550));
#2057=EDGE_CURVE('NONE',#2282,#2544,#2551,.T.);
#2058=FILL_AREA_STYLE('',(#2552));
#2059=FILL_AREA_STYLE('',(#2553));
#2060=EDGE_CURVE('NONE',#2541,#2353,#2554,.T.);
#2061=EDGE_CURVE('NONE',#2541,#2555,#2556,.T.);
#2062=EDGE_CURVE('NONE',#2355,#2555,#2557,.T.);
#2063=FILL_AREA_STYLE('',(#2558));
#2064=EDGE_CURVE('NONE',#2212,#2539,#2559,.T.);
#2065=EDGE_CURVE('NONE',#2210,#2560,#2561,.T.);
#2066=EDGE_CURVE('NONE',#2539,#2560,#2562,.T.);
#2067=FILL_AREA_STYLE('',(#2563));
#2068=EDGE_CURVE('NONE',#2564,#2511,#2565,.T.);
#2069=EDGE_CURVE('NONE',#2566,#2564,#2567,.T.);
#2070=EDGE_CURVE('NONE',#2566,#2568,#2569,.T.);
#2071=EDGE_CURVE('NONE',#2568,#2555,#2570,.T.);
#2072=EDGE_CURVE('NONE',#2560,#2571,#2572,.T.);
#2073=EDGE_CURVE('NONE',#2571,#2573,#2574,.T.);
#2074=EDGE_CURVE('NONE',#2575,#2573,#2576,.T.);
#2075=EDGE_CURVE('NONE',#2512,#2575,#2577,.T.);
#2076=FILL_AREA_STYLE('',(#2578));
#2077=EDGE_CURVE('NONE',#2208,#2571,#2579,.T.);
#2078=FILL_AREA_STYLE('',(#2580));
#2079=EDGE_CURVE('NONE',#2206,#2573,#2581,.T.);
#2080=FILL_AREA_STYLE('',(#2582));
#2081=EDGE_CURVE('NONE',#2204,#2575,#2583,.T.);
#2082=FILL_AREA_STYLE('',(#2584));
#2083=EDGE_CURVE('NONE',#2512,#2202,#2585,.T.);
#2084=FILL_AREA_STYLE('',(#2586));
#2085=EDGE_CURVE('NONE',#2345,#2511,#2587,.T.);
#2086=EDGE_CURVE('NONE',#2343,#2564,#2588,.T.);
#2087=FILL_AREA_STYLE('',(#2589));
#2088=EDGE_CURVE('NONE',#2342,#2566,#2590,.T.);
#2089=FILL_AREA_STYLE('',(#2591));
#2090=EDGE_CURVE('NONE',#2357,#2568,#2592,.T.);
#2091=FILL_AREA_STYLE('',(#2593));
#2092=FILL_AREA_STYLE('',(#2594));
#2093=EDGE_CURVE('NONE',#2461,#2595,#2596,.T.);
#2094=EDGE_CURVE('NONE',#2277,#2595,#2597,.T.);
#2095=FILL_AREA_STYLE('',(#2598));
#2096=EDGE_CURVE('NONE',#2595,#2535,#2599,.T.);
#2097=FILL_AREA_STYLE('',(#2600));
#2098=EDGE_CURVE('NONE',#2459,#2537,#2601,.T.);
#2099=EDGE_CURVE('NONE',#2252,#2537,#2602,.T.);
#2100=FILL_AREA_STYLE('',(#2603));
#2101=FILL_AREA_STYLE('',(#2604));
#2102=EDGE_CURVE('NONE',#2516,#2505,#2605,.T.);
#2103=EDGE_CURVE('NONE',#2320,#2516,#2606,.T.);
#2104=FILL_AREA_STYLE('',(#2607));
#2105=EDGE_CURVE('NONE',#2506,#2514,#2608,.T.);
#2106=EDGE_CURVE('NONE',#2514,#2327,#2609,.T.);
#2107=FILL_AREA_STYLE('',(#2610));
#2108=FILL_AREA_STYLE('',(#2611));
#2109=FILL_AREA_STYLE('',(#2612));
#2110=FILL_AREA_STYLE('',(#2613));
#2111=FILL_AREA_STYLE('',(#2614));
#2112=FILL_AREA_STYLE('',(#2615));
#2113=EDGE_CURVE('NONE',#2264,#2616,#2617,.T.);
#2114=EDGE_CURVE('NONE',#2618,#2616,#2619,.T.);
#2115=EDGE_CURVE('NONE',#2385,#2618,#2620,.T.);
#2116=FILL_AREA_STYLE('',(#2621));
#2117=EDGE_CURVE('NONE',#2622,#2237,#2623,.T.);
#2118=EDGE_CURVE('NONE',#2624,#2622,#2625,.T.);
#2119=EDGE_CURVE('NONE',#2624,#2306,#2626,.T.);
#2120=FILL_AREA_STYLE('',(#2627));
#2121=EDGE_CURVE('NONE',#2616,#2435,#2628,.T.);
#2122=EDGE_CURVE('NONE',#2433,#2629,#2630,.T.);
#2123=EDGE_CURVE('NONE',#2631,#2629,#2632,.T.);
#2124=EDGE_CURVE('NONE',#2616,#2631,#2633,.T.);
#2125=FILL_AREA_STYLE('',(#2634));
#2126=EDGE_CURVE('NONE',#2374,#2635,#2636,.T.);
#2127=EDGE_CURVE('NONE',#2637,#2635,#2638,.T.);
#2128=EDGE_CURVE('NONE',#2480,#2637,#2639,.T.);
#2129=FILL_AREA_STYLE('',(#2640));
#2130=EDGE_CURVE('NONE',#2641,#2486,#2642,.T.);
#2131=EDGE_CURVE('NONE',#2643,#2641,#2644,.T.);
#2132=EDGE_CURVE('NONE',#2643,#2227,#2645,.T.);
#2133=FILL_AREA_STYLE('',(#2646));
#2134=EDGE_CURVE('NONE',#2647,#2641,#2648,.T.);
#2135=EDGE_CURVE('NONE',#2649,#2647,#2650,.T.);
#2136=EDGE_CURVE('NONE',#2637,#2649,#2651,.T.);
#2137=EDGE_CURVE('NONE',#2637,#2641,#2652,.T.);
#2138=FILL_AREA_STYLE('',(#2653));
#2139=EDGE_CURVE('NONE',#2647,#2484,#2654,.T.);
#2140=FILL_AREA_STYLE('',(#2655));
#2141=EDGE_CURVE('NONE',#2649,#2482,#2656,.T.);
#2142=FILL_AREA_STYLE('',(#2657));
#2143=EDGE_CURVE('NONE',#2410,#2629,#2658,.T.);
#2144=FILL_AREA_STYLE('',(#2659));
#2145=EDGE_CURVE('NONE',#2631,#2408,#2660,.T.);
#2146=FILL_AREA_STYLE('',(#2661));
#2147=FILL_AREA_STYLE('',(#2662));
#2148=EDGE_CURVE('NONE',#2389,#2663,#2664,.T.);
#2149=EDGE_CURVE('NONE',#2387,#2665,#2666,.T.);
#2150=EDGE_CURVE('NONE',#2663,#2665,#2667,.T.);
#2151=FILL_AREA_STYLE('',(#2668));
#2152=EDGE_CURVE('NONE',#2371,#2669,#2670,.T.);
#2153=EDGE_CURVE('NONE',#2663,#2669,#2671,.T.);
#2154=FILL_AREA_STYLE('',(#2672));
#2155=EDGE_CURVE('NONE',#2372,#2673,#2674,.T.);
#2156=EDGE_CURVE('NONE',#2669,#2673,#2675,.T.);
#2157=FILL_AREA_STYLE('',(#2676));
#2158=EDGE_CURVE('NONE',#2673,#2635,#2677,.T.);
#2159=FILL_AREA_STYLE('',(#2678));
#2160=EDGE_CURVE('NONE',#2643,#2679,#2680,.T.);
#2161=EDGE_CURVE('NONE',#2229,#2679,#2681,.T.);
#2162=FILL_AREA_STYLE('',(#2682));
#2163=EDGE_CURVE('NONE',#2231,#2683,#2684,.T.);
#2164=EDGE_CURVE('NONE',#2679,#2683,#2685,.T.);
#2165=FILL_AREA_STYLE('',(#2686));
#2166=EDGE_CURVE('NONE',#2233,#2687,#2688,.T.);
#2167=EDGE_CURVE('NONE',#2683,#2687,#2689,.T.);
#2168=FILL_AREA_STYLE('',(#2690));
#2169=EDGE_CURVE('NONE',#2235,#2691,#2692,.T.);
#2170=EDGE_CURVE('NONE',#2687,#2691,#2693,.T.);
#2171=FILL_AREA_STYLE('',(#2694));
#2172=EDGE_CURVE('NONE',#2635,#2643,#2695,.T.);
#2173=EDGE_CURVE('NONE',#2665,#2618,#2696,.T.);
#2174=EDGE_CURVE('NONE',#2618,#2622,#2697,.T.);
#2175=EDGE_CURVE('NONE',#2691,#2622,#2698,.T.);
#2176=FILL_AREA_STYLE('',(#2699));
#2177=FILL_AREA_STYLE('',(#2700));
#2178=FILL_AREA_STYLE('',(#2701));
#2179=EDGE_CURVE('NONE',#2406,#2702,#2703,.T.);
#2180=EDGE_CURVE('NONE',#2631,#2702,#2704,.T.);
#2181=FILL_AREA_STYLE('',(#2705));
#2182=EDGE_CURVE('NONE',#2404,#2706,#2707,.T.);
#2183=EDGE_CURVE('NONE',#2702,#2706,#2708,.T.);
#2184=FILL_AREA_STYLE('',(#2709));
#2185=EDGE_CURVE('NONE',#2402,#2710,#2711,.T.);
#2186=EDGE_CURVE('NONE',#2706,#2710,#2712,.T.);
#2187=FILL_AREA_STYLE('',(#2713));
#2188=EDGE_CURVE('NONE',#2710,#2624,#2714,.T.);
#2189=FILL_AREA_STYLE('',(#2715));
#2190=EDGE_CURVE('NONE',#2716,#2443,#2717,.T.);
#2191=EDGE_CURVE('NONE',#2399,#2716,#2718,.T.);
#2192=FILL_AREA_STYLE('',(#2719));
#2193=EDGE_CURVE('NONE',#2624,#2441,#2720,.T.);
#2194=EDGE_CURVE('NONE',#2716,#2710,#2721,.T.);
#2195=FILL_AREA_STYLE('',(#2722));
#2196=FILL_AREA_STYLE('',(#2723));
#2197=FILL_AREA_STYLE('',(#2724));
#2198=FILL_AREA_STYLE('',(#2725));
#2199=FILL_AREA_STYLE('',(#2726));
#2200=FILL_AREA_STYLE_COLOUR('',#2727);
#2201=VERTEX_POINT('NONE',#2728);
#2202=VERTEX_POINT('NONE',#2729);
#2203=LINE('',#2730,#2731);
#2204=VERTEX_POINT('NONE',#2732);
#2205=LINE('',#2733,#2734);
#2206=VERTEX_POINT('NONE',#2735);
#2207=CIRCLE('',#2736,0.761999999999999);
#2208=VERTEX_POINT('NONE',#2737);
#2209=LINE('',#2738,#2739);
#2210=VERTEX_POINT('NONE',#2740);
#2211=LINE('',#2741,#2742);
#2212=VERTEX_POINT('NONE',#2743);
#2213=LINE('',#2744,#2745);
#2214=VERTEX_POINT('NONE',#2746);
#2215=LINE('',#2747,#2748);
#2216=VERTEX_POINT('NONE',#2749);
#2217=LINE('',#2750,#2751);
#2218=VERTEX_POINT('NONE',#2752);
#2219=LINE('',#2753,#2754);
#2220=VERTEX_POINT('NONE',#2755);
#2221=LINE('',#2756,#2757);
#2222=VERTEX_POINT('NONE',#2758);
#2223=LINE('',#2759,#2760);
#2224=LINE('',#2761,#2762);
#2225=FILL_AREA_STYLE_COLOUR('',#2763);
#2226=VERTEX_POINT('NONE',#2764);
#2227=VERTEX_POINT('NONE',#2765);
#2228=LINE('',#2766,#2767);
#2229=VERTEX_POINT('NONE',#2768);
#2230=LINE('',#2769,#2770);
#2231=VERTEX_POINT('NONE',#2771);
#2232=CIRCLE('',#2772,0.761999999999998);
#2233=VERTEX_POINT('NONE',#2773);
#2234=LINE('',#2774,#2775);
#2235=VERTEX_POINT('NONE',#2776);
#2236=LINE('',#2777,#2778);
#2237=VERTEX_POINT('NONE',#2779);
#2238=LINE('',#2780,#2781);
#2239=VERTEX_POINT('NONE',#2782);
#2240=LINE('',#2783,#2784);
#2241=VERTEX_POINT('NONE',#2785);
#2242=LINE('',#2786,#2787);
#2243=VERTEX_POINT('NONE',#2788);
#2244=LINE('',#2789,#2790);
#2245=VERTEX_POINT('NONE',#2791);
#2246=LINE('',#2792,#2793);
#2247=VERTEX_POINT('NONE',#2794);
#2248=LINE('',#2795,#2796);
#2249=LINE('',#2797,#2798);
#2250=FILL_AREA_STYLE_COLOUR('',#2799);
#2251=VERTEX_POINT('NONE',#2800);
#2252=VERTEX_POINT('NONE',#2801);
#2253=LINE('',#2802,#2803);
#2254=VERTEX_POINT('NONE',#2804);
#2255=LINE('',#2805,#2806);
#2256=VERTEX_POINT('NONE',#2807);
#2257=CIRCLE('',#2808,1.00584);
#2258=VERTEX_POINT('NONE',#2809);
#2259=LINE('',#2810,#2811);
#2260=VERTEX_POINT('NONE',#2812);
#2261=CIRCLE('',#2813,1.00584);
#2262=VERTEX_POINT('NONE',#2814);
#2263=LINE('',#2815,#2816);
#2264=VERTEX_POINT('NONE',#2817);
#2265=LINE('',#2818,#2819);
#2266=VERTEX_POINT('NONE',#2820);
#2267=LINE('',#2821,#2822);
#2268=VERTEX_POINT('NONE',#2823);
#2269=LINE('',#2824,#2825);
#2270=VERTEX_POINT('NONE',#2826);
#2271=CIRCLE('',#2827,1.00584);
#2272=VERTEX_POINT('NONE',#2828);
#2273=LINE('',#2829,#2830);
#2274=CIRCLE('',#2831,1.00584);
#2275=LINE('',#2832,#2833);
#2276=FILL_AREA_STYLE_COLOUR('',#2834);
#2277=VERTEX_POINT('NONE',#2835);
#2278=VERTEX_POINT('NONE',#2836);
#2279=CIRCLE('',#2837,0.25399999999999);
#2280=VERTEX_POINT('NONE',#2838);
#2281=B_SPLINE_CURVE_WITH_KNOTS('',3,(#2839,#2840,#2841,#2842,#2843,#2844,#2845,#2846,#2847,#2848),.UNSPECIFIED.,.F.,.F.,(4,3,3,4),(0.0,4.39031033149058E-05,8.78061107641564E-05,0.00014906302679495),.UNSPECIFIED.);
#2282=VERTEX_POINT('NONE',#2849);
#2283=LINE('',#2850,#2851);
#2284=VERTEX_POINT('NONE',#2852);
#2285=B_SPLINE_CURVE_WITH_KNOTS('',3,(#2853,#2854,#2855,#2856,#2857,#2858,#2859,#2860,#2861,#2862),.UNSPECIFIED.,.F.,.F.,(4,3,3,4),(0.0,4.39030085436851E-05,8.78060394885346E-05,0.000149063238555125),.UNSPECIFIED.);
#2286=VERTEX_POINT('NONE',#2863);
#2287=CIRCLE('',#2864,0.25399999999999);
#2288=VERTEX_POINT('NONE',#2865);
#2289=LINE('',#2866,#2867);
#2290=VERTEX_POINT('NONE',#2868);
#2291=LINE('',#2869,#2870);
#2292=LINE('',#2871,#2872);
#2293=FILL_AREA_STYLE_COLOUR('',#2873);
#2294=VERTEX_POINT('NONE',#2874);
#2295=VERTEX_POINT('NONE',#2875);
#2296=LINE('',#2876,#2877);
#2297=VERTEX_POINT('NONE',#2878);
#2298=LINE('',#2879,#2880);
#2299=VERTEX_POINT('NONE',#2881);
#2300=LINE('',#2882,#2883);
#2301=VERTEX_POINT('NONE',#2884);
#2302=CIRCLE('',#2885,1.00584);
#2303=VERTEX_POINT('NONE',#2886);
#2304=LINE('',#2887,#2888);
#2305=CIRCLE('',#2889,1.00584);
#2306=VERTEX_POINT('NONE',#2890);
#2307=LINE('',#2891,#2892);
#2308=VERTEX_POINT('NONE',#2893);
#2309=LINE('',#2894,#2895);
#2310=VERTEX_POINT('NONE',#2896);
#2311=LINE('',#2897,#2898);
#2312=VERTEX_POINT('NONE',#2899);
#2313=CIRCLE('',#2900,1.00584);
#2314=VERTEX_POINT('NONE',#2901);
#2315=LINE('',#2902,#2903);
#2316=VERTEX_POINT('NONE',#2904);
#2317=CIRCLE('',#2905,1.00584);
#2318=LINE('',#2906,#2907);
#2319=FILL_AREA_STYLE_COLOUR('',#2908);
#2320=VERTEX_POINT('NONE',#2909);
#2321=VERTEX_POINT('NONE',#2910);
#2322=LINE('',#2911,#2912);
#2323=VERTEX_POINT('NONE',#2913);
#2324=LINE('',#2914,#2915);
#2325=VERTEX_POINT('NONE',#2916);
#2326=LINE('',#2917,#2918);
#2327=VERTEX_POINT('NONE',#2919);
#2328=LINE('',#2920,#2921);
#2329=LINE('',#2922,#2923);
#2330=VERTEX_POINT('NONE',#2924);
#2331=LINE('',#2925,#2926);
#2332=VERTEX_POINT('NONE',#2927);
#2333=LINE('',#2928,#2929);
#2334=VERTEX_POINT('NONE',#2930);
#2335=LINE('',#2931,#2932);
#2336=LINE('',#2933,#2934);
#2337=FILL_AREA_STYLE_COLOUR('',#2935);
#2338=VERTEX_POINT('NONE',#2936);
#2339=CIRCLE('',#2937,1.00584);
#2340=LINE('',#2938,#2939);
#2341=FILL_AREA_STYLE_COLOUR('',#2940);
#2342=VERTEX_POINT('NONE',#2941);
#2343=VERTEX_POINT('NONE',#2942);
#2344=CIRCLE('',#2943,0.761999999999992);
#2345=VERTEX_POINT('NONE',#2944);
#2346=LINE('',#2945,#2946);
#2347=LINE('',#2947,#2948);
#2348=VERTEX_POINT('NONE',#2949);
#2349=LINE('',#2950,#2951);
#2350=VERTEX_POINT('NONE',#2952);
#2351=LINE('',#2953,#2954);
#2352=LINE('',#2955,#2956);
#2353=VERTEX_POINT('NONE',#2957);
#2354=LINE('',#2958,#2959);
#2355=VERTEX_POINT('NONE',#2960);
#2356=LINE('',#2961,#2962);
#2357=VERTEX_POINT('NONE',#2963);
#2358=LINE('',#2964,#2965);
#2359=LINE('',#2966,#2967);
#2360=FILL_AREA_STYLE_COLOUR('',#2968);
#2361=VERTEX_POINT('NONE',#2969);
#2362=CIRCLE('',#2970,1.00584);
#2363=LINE('',#2971,#2972);
#2364=FILL_AREA_STYLE_COLOUR('',#2973);
#2365=VERTEX_POINT('NONE',#2974);
#2366=LINE('',#2975,#2976);
#2367=LINE('',#2977,#2978);
#2368=FILL_AREA_STYLE_COLOUR('',#2979);
#2369=CIRCLE('',#2980,1.00584);
#2370=FILL_AREA_STYLE_COLOUR('',#2981);
#2371=VERTEX_POINT('NONE',#2982);
#2372=VERTEX_POINT('NONE',#2983);
#2373=CIRCLE('',#2984,0.761999999999991);
#2374=VERTEX_POINT('NONE',#2985);
#2375=LINE('',#2986,#2987);
#2376=VERTEX_POINT('NONE',#2988);
#2377=LINE('',#2989,#2990);
#2378=VERTEX_POINT('NONE',#2991);
#2379=LINE('',#2992,#2993);
#2380=VERTEX_POINT('NONE',#2994);
#2381=LINE('',#2995,#2996);
#2382=VERTEX_POINT('NONE',#2997);
#2383=LINE('',#2998,#2999);
#2384=LINE('',#3000,#3001);
#2385=VERTEX_POINT('NONE',#3002);
#2386=LINE('',#3003,#3004);
#2387=VERTEX_POINT('NONE',#3005);
#2388=LINE('',#3006,#3007);
#2389=VERTEX_POINT('NONE',#3008);
#2390=LINE('',#3009,#3010);
#2391=LINE('',#3011,#3012);
#2392=FILL_AREA_STYLE_COLOUR('',#3013);
#2393=VERTEX_POINT('NONE',#3014);
#2394=CIRCLE('',#3015,1.00584);
#2395=LINE('',#3016,#3017);
#2396=FILL_AREA_STYLE_COLOUR('',#3018);
#2397=LINE('',#3019,#3020);
#2398=FILL_AREA_STYLE_COLOUR('',#3021);
#2399=VERTEX_POINT('NONE',#3022);
#2400=VERTEX_POINT('NONE',#3023);
#2401=LINE('',#3024,#3025);
#2402=VERTEX_POINT('NONE',#3026);
#2403=CIRCLE('',#3027,0.253999999999997);
#2404=VERTEX_POINT('NONE',#3028);
#2405=B_SPLINE_CURVE_WITH_KNOTS('',3,(#3029,#3030,#3031,#3032,#3033,#3034,#3035,#3036,#3037,#3038),.UNSPECIFIED.,.F.,.F.,(4,3,3,4),(0.0,4.39029975631469E-05,8.78058992634147E-05,0.00014906277004435),.UNSPECIFIED.);
#2406=VERTEX_POINT('NONE',#3039);
#2407=LINE('',#3040,#3041);
#2408=VERTEX_POINT('NONE',#3042);
#2409=B_SPLINE_CURVE_WITH_KNOTS('',3,(#3043,#3044,#3045,#3046,#3047,#3048,#3049,#3050,#3051,#3052),.UNSPECIFIED.,.F.,.F.,(4,3,3,4),(0.0,4.39028973795014E-05,8.78058171595762E-05,0.000149062956279535),.UNSPECIFIED.);
#2410=VERTEX_POINT('NONE',#3053);
#2411=CIRCLE('',#3054,0.254000000000005);
#2412=VERTEX_POINT('NONE',#3055);
#2413=LINE('',#3056,#3057);
#2414=LINE('',#3058,#3059);
#2415=FILL_AREA_STYLE_COLOUR('',#3060);
#2416=VERTEX_POINT('NONE',#3061);
#2417=LINE('',#3062,#3063);
#2418=VERTEX_POINT('NONE',#3064);
#2419=LINE('',#3065,#3066);
#2420=LINE('',#3067,#3068);
#2421=VERTEX_POINT('NONE',#3069);
#2422=LINE('',#3070,#3071);
#2423=VERTEX_POINT('NONE',#3072);
#2424=LINE('',#3073,#3074);
#2425=LINE('',#3075,#3076);
#2426=FILL_AREA_STYLE_COLOUR('',#3077);
#2427=VERTEX_POINT('NONE',#3078);
#2428=LINE('',#3079,#3080);
#2429=VERTEX_POINT('NONE',#3081);
#2430=LINE('',#3082,#3083);
#2431=CIRCLE('',#3084,1.00584);
#2432=FILL_AREA_STYLE_COLOUR('',#3085);
#2433=VERTEX_POINT('NONE',#3086);
#2434=LINE('',#3087,#3088);
#2435=VERTEX_POINT('NONE',#3089);
#2436=LINE('',#3090,#3091);
#2437=LINE('',#3092,#3093);
#2438=VERTEX_POINT('NONE',#3094);
#2439=LINE('',#3095,#3096);
#2440=LINE('',#3097,#3098);
#2441=VERTEX_POINT('NONE',#3099);
#2442=LINE('',#3100,#3101);
#2443=VERTEX_POINT('NONE',#3102);
#2444=LINE('',#3103,#3104);
#2445=LINE('',#3105,#3106);
#2446=FILL_AREA_STYLE_COLOUR('',#3107);
#2447=VERTEX_POINT('NONE',#3108);
#2448=LINE('',#3109,#3110);
#2449=CIRCLE('',#3111,1.00584);
#2450=FILL_AREA_STYLE_COLOUR('',#3112);
#2451=VERTEX_POINT('NONE',#3113);
#2452=LINE('',#3114,#3115);
#2453=LINE('',#3116,#3117);
#2454=FILL_AREA_STYLE_COLOUR('',#3118);
#2455=VERTEX_POINT('NONE',#3119);
#2456=LINE('',#3120,#3121);
#2457=CIRCLE('',#3122,1.00584);
#2458=FILL_AREA_STYLE_COLOUR('',#3123);
#2459=VERTEX_POINT('NONE',#3124);
#2460=LINE('',#3125,#3126);
#2461=VERTEX_POINT('NONE',#3127);
#2462=LINE('',#3128,#3129);
#2463=LINE('',#3130,#3131);
#2464=VERTEX_POINT('NONE',#3132);
#2465=LINE('',#3133,#3134);
#2466=VERTEX_POINT('NONE',#3135);
#2467=LINE('',#3136,#3137);
#2468=LINE('',#3138,#3139);
#2469=VERTEX_POINT('NONE',#3140);
#2470=LINE('',#3141,#3142);
#2471=LINE('',#3143,#3144);
#2472=FILL_AREA_STYLE_COLOUR('',#3145);
#2473=VERTEX_POINT('NONE',#3146);
#2474=LINE('',#3147,#3148);
#2475=CIRCLE('',#3149,1.00584);
#2476=FILL_AREA_STYLE_COLOUR('',#3150);
#2477=LINE('',#3151,#3152);
#2478=FILL_AREA_STYLE_COLOUR('',#3153);
#2479=FILL_AREA_STYLE_COLOUR('',#3154);
#2480=VERTEX_POINT('NONE',#3155);
#2481=LINE('',#3156,#3157);
#2482=VERTEX_POINT('NONE',#3158);
#2483=LINE('',#3159,#3160);
#2484=VERTEX_POINT('NONE',#3161);
#2485=LINE('',#3162,#3163);
#2486=VERTEX_POINT('NONE',#3164);
#2487=LINE('',#3165,#3166);
#2488=LINE('',#3167,#3168);
#2489=VERTEX_POINT('NONE',#3169);
#2490=LINE('',#3170,#3171);
#2491=VERTEX_POINT('NONE',#3172);
#2492=LINE('',#3173,#3174);
#2493=LINE('',#3175,#3176);
#2494=FILL_AREA_STYLE_COLOUR('',#3177);
#2495=LINE('',#3178,#3179);
#2496=FILL_AREA_STYLE_COLOUR('',#3180);
#2497=LINE('',#3181,#3182);
#2498=FILL_AREA_STYLE_COLOUR('',#3183);
#2499=FILL_AREA_STYLE_COLOUR('',#3184);
#2500=LINE('',#3185,#3186);
#2501=FILL_AREA_STYLE_COLOUR('',#3187);
#2502=LINE('',#3188,#3189);
#2503=FILL_AREA_STYLE_COLOUR('',#3190);
#2504=FILL_AREA_STYLE_COLOUR('',#3191);
#2505=VERTEX_POINT('NONE',#3192);
#2506=VERTEX_POINT('NONE',#3193);
#2507=LINE('',#3194,#3195);
#2508=LINE('',#3196,#3197);
#2509=LINE('',#3198,#3199);
#2510=FILL_AREA_STYLE_COLOUR('',#3200);
#2511=VERTEX_POINT('NONE',#3201);
#2512=VERTEX_POINT('NONE',#3202);
#2513=LINE('',#3203,#3204);
#2514=VERTEX_POINT('NONE',#3205);
#2515=CIRCLE('',#3206,0.2159);
#2516=VERTEX_POINT('NONE',#3207);
#2517=LINE('',#3208,#3209);
#2518=CIRCLE('',#3210,0.2159);
#2519=FILL_AREA_STYLE_COLOUR('',#3211);
#2520=VERTEX_POINT('NONE',#3212);
#2521=B_SPLINE_CURVE_WITH_KNOTS('',3,(#3213,#3214,#3215,#3216),.UNSPECIFIED.,.F.,.F.,(4,4),(0.0,1.0),.UNSPECIFIED.);
#2522=VERTEX_POINT('NONE',#3217);
#2523=CIRCLE('',#3218,0.25399999999999);
#2524=LINE('',#3219,#3220);
#2525=FILL_AREA_STYLE_COLOUR('',#3221);
#2526=VERTEX_POINT('NONE',#3222);
#2527=LINE('',#3223,#3224);
#2528=LINE('',#3225,#3226);
#2529=FILL_AREA_STYLE_COLOUR('',#3227);
#2530=LINE('',#3228,#3229);
#2531=LINE('',#3230,#3231);
#2532=FILL_AREA_STYLE_COLOUR('',#3232);
#2533=FILL_AREA_STYLE_COLOUR('',#3233);
#2534=VERTEX_POINT('NONE',#3234);
#2535=VERTEX_POINT('NONE',#3235);
#2536=B_SPLINE_CURVE_WITH_KNOTS('',3,(#3236,#3237,#3238,#3239),.UNSPECIFIED.,.F.,.F.,(4,4),(0.0,1.0),.UNSPECIFIED.);
#2537=VERTEX_POINT('NONE',#3240);
#2538=LINE('',#3241,#3242);
#2539=VERTEX_POINT('NONE',#3243);
#2540=CIRCLE('',#3244,0.2159);
#2541=VERTEX_POINT('NONE',#3245);
#2542=LINE('',#3246,#3247);
#2543=CIRCLE('',#3248,0.2159);
#2544=VERTEX_POINT('NONE',#3249);
#2545=B_SPLINE_CURVE_WITH_KNOTS('',3,(#3250,#3251,#3252,#3253),.UNSPECIFIED.,.F.,.F.,(4,4),(0.0,1.0),.UNSPECIFIED.);
#2546=LINE('',#3254,#3255);
#2547=FILL_AREA_STYLE_COLOUR('',#3256);
#2548=B_SPLINE_CURVE_WITH_KNOTS('',3,(#3257,#3258,#3259,#3260),.UNSPECIFIED.,.F.,.F.,(4,4),(0.00601721786743951,1.0),.UNSPECIFIED.);
#2549=B_SPLINE_CURVE_WITH_KNOTS('',3,(#3261,#3262,#3263,#3264),.UNSPECIFIED.,.F.,.F.,(4,4),(0.0,1.0),.UNSPECIFIED.);
#2550=FILL_AREA_STYLE_COLOUR('',#3265);
#2551=B_SPLINE_CURVE_WITH_KNOTS('',1,(#3266,#3267),.UNSPECIFIED.,.F.,.F.,(2,2),(0.00601721786744303,1.0),.UNSPECIFIED.);
#2552=FILL_AREA_STYLE_COLOUR('',#3268);
#2553=FILL_AREA_STYLE_COLOUR('',#3269);
#2554=LINE('',#3270,#3271);
#2555=VERTEX_POINT('NONE',#3272);
#2556=LINE('',#3273,#3274);
#2557=LINE('',#3275,#3276);
#2558=FILL_AREA_STYLE_COLOUR('',#3277);
#2559=LINE('',#3278,#3279);
#2560=VERTEX_POINT('NONE',#3280);
#2561=LINE('',#3281,#3282);
#2562=LINE('',#3283,#3284);
#2563=FILL_AREA_STYLE_COLOUR('',#3285);
#2564=VERTEX_POINT('NONE',#3286);
#2565=LINE('',#3287,#3288);
#2566=VERTEX_POINT('NONE',#3289);
#2567=CIRCLE('',#3290,0.761999999999992);
#2568=VERTEX_POINT('NONE',#3291);
#2569=LINE('',#3292,#3293);
#2570=LINE('',#3294,#3295);
#2571=VERTEX_POINT('NONE',#3296);
#2572=LINE('',#3297,#3298);
#2573=VERTEX_POINT('NONE',#3299);
#2574=LINE('',#3300,#3301);
#2575=VERTEX_POINT('NONE',#3302);
#2576=CIRCLE('',#3303,0.761999999999999);
#2577=LINE('',#3304,#3305);
#2578=FILL_AREA_STYLE_COLOUR('',#3306);
#2579=LINE('',#3307,#3308);
#2580=FILL_AREA_STYLE_COLOUR('',#3309);
#2581=LINE('',#3310,#3311);
#2582=FILL_AREA_STYLE_COLOUR('',#3312);
#2583=LINE('',#3313,#3314);
#2584=FILL_AREA_STYLE_COLOUR('',#3315);
#2585=LINE('',#3316,#3317);
#2586=FILL_AREA_STYLE_COLOUR('',#3318);
#2587=LINE('',#3319,#3320);
#2588=LINE('',#3321,#3322);
#2589=FILL_AREA_STYLE_COLOUR('',#3323);
#2590=LINE('',#3324,#3325);
#2591=FILL_AREA_STYLE_COLOUR('',#3326);
#2592=LINE('',#3327,#3328);
#2593=FILL_AREA_STYLE_COLOUR('',#3329);
#2594=FILL_AREA_STYLE_COLOUR('',#3330);
#2595=VERTEX_POINT('NONE',#3331);
#2596=LINE('',#3332,#3333);
#2597=LINE('',#3334,#3335);
#2598=FILL_AREA_STYLE_COLOUR('',#3336);
#2599=CIRCLE('',#3337,0.25399999999999);
#2600=FILL_AREA_STYLE_COLOUR('',#3338);
#2601=LINE('',#3339,#3340);
#2602=LINE('',#3341,#3342);
#2603=FILL_AREA_STYLE_COLOUR('',#3343);
#2604=FILL_AREA_STYLE_COLOUR('',#3344);
#2605=LINE('',#3345,#3346);
#2606=LINE('',#3347,#3348);
#2607=FILL_AREA_STYLE_COLOUR('',#3349);
#2608=LINE('',#3350,#3351);
#2609=LINE('',#3352,#3353);
#2610=FILL_AREA_STYLE_COLOUR('',#3354);
#2611=FILL_AREA_STYLE_COLOUR('',#3355);
#2612=FILL_AREA_STYLE_COLOUR('',#3356);
#2613=FILL_AREA_STYLE_COLOUR('',#3357);
#2614=FILL_AREA_STYLE_COLOUR('',#3358);
#2615=FILL_AREA_STYLE_COLOUR('',#3359);
#2616=VERTEX_POINT('NONE',#3360);
#2617=LINE('',#3361,#3362);
#2618=VERTEX_POINT('NONE',#3363);
#2619=B_SPLINE_CURVE_WITH_KNOTS('',3,(#3364,#3365,#3366,#3367,#3368,#3369),.UNSPECIFIED.,.F.,.F.,(4,2,4),(0.0,0.5,1.0),.UNSPECIFIED.);
#2620=LINE('',#3370,#3371);
#2621=FILL_AREA_STYLE_COLOUR('',#3372);
#2622=VERTEX_POINT('NONE',#3373);
#2623=LINE('',#3374,#3375);
#2624=VERTEX_POINT('NONE',#3376);
#2625=B_SPLINE_CURVE_WITH_KNOTS('',3,(#3377,#3378,#3379,#3380,#3381,#3382),.UNSPECIFIED.,.F.,.F.,(4,2,4),(0.0,0.5,1.0),.UNSPECIFIED.);
#2626=LINE('',#3383,#3384);
#2627=FILL_AREA_STYLE_COLOUR('',#3385);
#2628=LINE('',#3386,#3387);
#2629=VERTEX_POINT('NONE',#3388);
#2630=LINE('',#3389,#3390);
#2631=VERTEX_POINT('NONE',#3391);
#2632=CIRCLE('',#3392,0.254000000000005);
#2633=LINE('',#3393,#3394);
#2634=FILL_AREA_STYLE_COLOUR('',#3395);
#2635=VERTEX_POINT('NONE',#3396);
#2636=LINE('',#3397,#3398);
#2637=VERTEX_POINT('NONE',#3399);
#2638=B_SPLINE_CURVE_WITH_KNOTS('',3,(#3400,#3401,#3402,#3403,#3404,#3405),.UNSPECIFIED.,.F.,.F.,(4,2,4),(0.0,0.5,1.0),.UNSPECIFIED.);
#2639=LINE('',#3406,#3407);
#2640=FILL_AREA_STYLE_COLOUR('',#3408);
#2641=VERTEX_POINT('NONE',#3409);
#2642=LINE('',#3410,#3411);
#2643=VERTEX_POINT('NONE',#3412);
#2644=B_SPLINE_CURVE_WITH_KNOTS('',3,(#3413,#3414,#3415,#3416,#3417,#3418),.UNSPECIFIED.,.F.,.F.,(4,2,4),(0.0,0.5,1.0),.UNSPECIFIED.);
#2645=LINE('',#3419,#3420);
#2646=FILL_AREA_STYLE_COLOUR('',#3421);
#2647=VERTEX_POINT('NONE',#3422);
#2648=LINE('',#3423,#3424);
#2649=VERTEX_POINT('NONE',#3425);
#2650=LINE('',#3426,#3427);
#2651=LINE('',#3428,#3429);
#2652=LINE('',#3430,#3431);
#2653=FILL_AREA_STYLE_COLOUR('',#3432);
#2654=LINE('',#3433,#3434);
#2655=FILL_AREA_STYLE_COLOUR('',#3435);
#2656=LINE('',#3436,#3437);
#2657=FILL_AREA_STYLE_COLOUR('',#3438);
#2658=LINE('',#3439,#3440);
#2659=FILL_AREA_STYLE_COLOUR('',#3441);
#2660=B_SPLINE_CURVE_WITH_KNOTS('',1,(#3442,#3443),.UNSPECIFIED.,.F.,.F.,(2,2),(0.0,1.0),.UNSPECIFIED.);
#2661=FILL_AREA_STYLE_COLOUR('',#3444);
#2662=FILL_AREA_STYLE_COLOUR('',#3445);
#2663=VERTEX_POINT('NONE',#3446);
#2664=LINE('',#3447,#3448);
#2665=VERTEX_POINT('NONE',#3449);
#2666=LINE('',#3450,#3451);
#2667=LINE('',#3452,#3453);
#2668=FILL_AREA_STYLE_COLOUR('',#3454);
#2669=VERTEX_POINT('NONE',#3455);
#2670=LINE('',#3456,#3457);
#2671=LINE('',#3458,#3459);
#2672=FILL_AREA_STYLE_COLOUR('',#3460);
#2673=VERTEX_POINT('NONE',#3461);
#2674=LINE('',#3462,#3463);
#2675=CIRCLE('',#3464,0.761999999999991);
#2676=FILL_AREA_STYLE_COLOUR('',#3465);
#2677=LINE('',#3466,#3467);
#2678=FILL_AREA_STYLE_COLOUR('',#3468);
#2679=VERTEX_POINT('NONE',#3469);
#2680=LINE('',#3470,#3471);
#2681=LINE('',#3472,#3473);
#2682=FILL_AREA_STYLE_COLOUR('',#3474);
#2683=VERTEX_POINT('NONE',#3475);
#2684=LINE('',#3476,#3477);
#2685=CIRCLE('',#3478,0.761999999999998);
#2686=FILL_AREA_STYLE_COLOUR('',#3479);
#2687=VERTEX_POINT('NONE',#3480);
#2688=LINE('',#3481,#3482);
#2689=LINE('',#3483,#3484);
#2690=FILL_AREA_STYLE_COLOUR('',#3485);
#2691=VERTEX_POINT('NONE',#3486);
#2692=LINE('',#3487,#3488);
#2693=LINE('',#3489,#3490);
#2694=FILL_AREA_STYLE_COLOUR('',#3491);
#2695=LINE('',#3492,#3493);
#2696=LINE('',#3494,#3495);
#2697=LINE('',#3496,#3497);
#2698=LINE('',#3498,#3499);
#2699=FILL_AREA_STYLE_COLOUR('',#3500);
#2700=FILL_AREA_STYLE_COLOUR('',#3501);
#2701=FILL_AREA_STYLE_COLOUR('',#3502);
#2702=VERTEX_POINT('NONE',#3503);
#2703=B_SPLINE_CURVE_WITH_KNOTS('',1,(#3504,#3505),.UNSPECIFIED.,.F.,.F.,(2,2),(0.00601716547751566,1.0),.UNSPECIFIED.);
#2704=B_SPLINE_CURVE_WITH_KNOTS('',3,(#3506,#3507,#3508,#3509),.UNSPECIFIED.,.F.,.F.,(4,4),(0.0,1.0),.UNSPECIFIED.);
#2705=FILL_AREA_STYLE_COLOUR('',#3510);
#2706=VERTEX_POINT('NONE',#3511);
#2707=B_SPLINE_CURVE_WITH_KNOTS('',3,(#3512,#3513,#3514,#3515),.UNSPECIFIED.,.F.,.F.,(4,4),(0.00601716547751435,1.0),.UNSPECIFIED.);
#2708=LINE('',#3516,#3517);
#2709=FILL_AREA_STYLE_COLOUR('',#3518);
#2710=VERTEX_POINT('NONE',#3519);
#2711=B_SPLINE_CURVE_WITH_KNOTS('',1,(#3520,#3521),.UNSPECIFIED.,.F.,.F.,(2,2),(0.0,1.0),.UNSPECIFIED.);
#2712=B_SPLINE_CURVE_WITH_KNOTS('',3,(#3522,#3523,#3524,#3525),.UNSPECIFIED.,.F.,.F.,(4,4),(0.0,1.0),.UNSPECIFIED.);
#2713=FILL_AREA_STYLE_COLOUR('',#3526);
#2714=LINE('',#3527,#3528);
#2715=FILL_AREA_STYLE_COLOUR('',#3529);
#2716=VERTEX_POINT('NONE',#3530);
#2717=LINE('',#3531,#3532);
#2718=LINE('',#3533,#3534);
#2719=FILL_AREA_STYLE_COLOUR('',#3535);
#2720=LINE('',#3536,#3537);
#2721=CIRCLE('',#3538,0.253999999999997);
#2722=FILL_AREA_STYLE_COLOUR('',#3539);
#2723=FILL_AREA_STYLE_COLOUR('',#3540);
#2724=FILL_AREA_STYLE_COLOUR('',#3541);
#2725=FILL_AREA_STYLE_COLOUR('',#3542);
#2726=FILL_AREA_STYLE_COLOUR('',#3543);
#2727=COLOUR_RGB('',0.501960813999176,0.501960813999176,0.501960813999176);
#2728=CARTESIAN_POINT('',(10.9072457319618,2.60532450676021,3.78144664500736));
#2729=CARTESIAN_POINT('',(10.9072457319618,2.61802450676021,3.78144664500736));
#2730=CARTESIAN_POINT('',(10.9072457319618,4.77702450676021,3.78144664500736));
#2731=VECTOR('',#3544,1000.0);
#2732=CARTESIAN_POINT('',(10.9072457319618,2.86360633566434,3.78144664500736));
#2733=CARTESIAN_POINT('',(10.9072457319618,11.3091210466039,3.78144664500736));
#2734=VECTOR('',#3545,1000.0);
#2735=CARTESIAN_POINT('',(10.9072457319618,3.62560633566434,4.54344664500736));
#2736=AXIS2_PLACEMENT_3D('',#3546,#3547,#3548);
#2737=CARTESIAN_POINT('',(10.9072457319618,3.62560633566435,6.60084620017789));
#2738=CARTESIAN_POINT('',(10.9072457319618,3.62560633566435,2.28283763081339));
#2739=VECTOR('',#3549,1000.0);
#2740=CARTESIAN_POINT('',(10.9072457319618,4.38760608431156,7.36284688014768));
#2741=CARTESIAN_POINT('',(10.9072457319618,5.30835471102781,8.28359663221073));
#2742=VECTOR('',#3550,1000.0);
#2743=CARTESIAN_POINT('',(10.9072457319618,4.76432450676021,7.36284688014768));
#2744=CARTESIAN_POINT('',(10.9072457319618,11.3091210466039,7.36284688014768));
#2745=VECTOR('',#3551,1000.0);
#2746=CARTESIAN_POINT('',(10.9072457319618,4.77702450676021,7.36284688014768));
#2747=CARTESIAN_POINT('',(10.9072457319618,4.77702450676021,7.36284688014768));
#2748=VECTOR('',#3552,1000.0);
#2749=CARTESIAN_POINT('',(10.9072457319618,4.77702450676021,7.65494638274658));
#2750=CARTESIAN_POINT('',(10.9072457319618,4.77702450676021,7.65494638274658));
#2751=VECTOR('',#3553,1000.0);
#2752=CARTESIAN_POINT('',(10.9072457319618,2.42752450676021,7.65494638274658));
#2753=CARTESIAN_POINT('',(10.9072457319618,4.77702450676021,7.65494638274658));
#2754=VECTOR('',#3554,1000.0);
#2755=CARTESIAN_POINT('',(10.9072457319618,2.42752450676021,4.17514638274658));
#2756=CARTESIAN_POINT('',(10.9072457319618,2.42752450676021,7.65494638274658));
#2757=VECTOR('',#3555,1000.0);
#2758=CARTESIAN_POINT('',(10.9072457319618,2.60532450676021,3.99734638274658));
#2759=CARTESIAN_POINT('',(10.9072457319618,2.42752450676021,4.17514638274658));
#2760=VECTOR('',#3556,1000.0);
#2761=CARTESIAN_POINT('',(10.9072457319618,2.60532450676021,7.65494638274658));
#2762=VECTOR('',#3557,1000.0);
#2763=COLOUR_RGB('',0.501960813999176,0.501960813999176,0.501960813999176);
#2764=CARTESIAN_POINT('',(-1.84863426803819,2.60532450676021,0.784249232425758));
#2765=CARTESIAN_POINT('',(-1.84863426803819,2.61802450676013,0.784249232425759));
#2766=CARTESIAN_POINT('',(-1.84863426803819,4.77702450676021,0.784249232425758));
#2767=VECTOR('',#3558,1000.0);
#2768=CARTESIAN_POINT('',(-1.84863426803819,2.8636074324421,0.784249299861959));
#2769=CARTESIAN_POINT('',(-1.84863426803822,11.3090924187283,0.784251618962175));
#2770=VECTOR('',#3559,1000.0);
#2771=CARTESIAN_POINT('',(-1.84863426803819,3.62560764168457,0.0222495091044867));
#2772=AXIS2_PLACEMENT_3D('',#3560,#3561,#3562);
#2773=CARTESIAN_POINT('',(-1.84863426803819,3.62560820663945,-2.03515097738856));
#2774=CARTESIAN_POINT('',(-1.84863426803819,3.62560702093567,2.28283552095566));
#2775=VECTOR('',#3563,1000.0);
#2776=CARTESIAN_POINT('',(-1.84863426803819,4.38760909585189,-2.79715144811563));
#2777=CARTESIAN_POINT('',(-1.8486342680382,5.30835791268742,-3.71789975928258));
#2778=VECTOR('',#3564,1000.0);
#2779=CARTESIAN_POINT('',(-1.84863426803819,4.76432450676022,-2.79715134467092));
#2780=CARTESIAN_POINT('',(-1.84863426803822,11.3090934021683,-2.7971495475006));
#2781=VECTOR('',#3565,1000.0);
#2782=CARTESIAN_POINT('',(-1.84863426803819,4.77702450676021,-2.79715129536931));
#2783=CARTESIAN_POINT('',(-1.84863426803819,4.77702450676021,-2.79715129536931));
#2784=VECTOR('',#3566,1000.0);
#2785=CARTESIAN_POINT('',(-1.84863426803819,4.77702450676021,-3.08925361725342));
#2786=CARTESIAN_POINT('',(-1.84863426803819,4.77702450676021,7.65494638274658));
#2787=VECTOR('',#3567,1000.0);
#2788=CARTESIAN_POINT('',(-1.84863426803819,2.42752450676021,-3.08925361725342));
#2789=CARTESIAN_POINT('',(-1.84863426803819,4.77702450676021,-3.08925361725342));
#2790=VECTOR('',#3568,1000.0);
#2791=CARTESIAN_POINT('',(-1.84863426803819,2.42752450676021,0.390546382746585));
#2792=CARTESIAN_POINT('',(-1.84863426803819,2.42752450676021,7.65494638274658));
#2793=VECTOR('',#3569,1000.0);
#2794=CARTESIAN_POINT('',(-1.84863426803819,2.60532450676021,0.56834638274658));
#2795=CARTESIAN_POINT('',(-1.84863426803819,2.42752450676021,0.390546382746581));
#2796=VECTOR('',#3570,1000.0);
#2797=CARTESIAN_POINT('',(-1.84863426803819,2.60532450676021,7.65494638274658));
#2798=VECTOR('',#3571,1000.0);
#2799=COLOUR_RGB('',0.501960813999176,0.501960813999176,0.501960813999176);
#2800=CARTESIAN_POINT('',(10.6532457319618,4.77702450676021,7.36284688014768));
#2801=CARTESIAN_POINT('',(10.8945457319618,4.77702450676021,7.36284688014768));
#2802=CARTESIAN_POINT('',(4.52929121227082,4.77702450676021,7.36284688014768));
#2803=VECTOR('',#3572,1000.0);
#2804=CARTESIAN_POINT('',(10.6532457319618,4.77702450676021,7.60414638274658));
#2805=CARTESIAN_POINT('',(10.6532457319618,4.77702450676021,7.65494638274658));
#2806=VECTOR('',#3573,1000.0);
#2807=CARTESIAN_POINT('',(9.6474057319618,4.77702450676021,8.60998638274658));
#2808=AXIS2_PLACEMENT_3D('',#3574,#3575,#3576);
#2809=CARTESIAN_POINT('',(-0.588794268038197,4.77702450676021,8.60998638274658));
#2810=CARTESIAN_POINT('',(9.90140573196181,4.77702450676021,8.60998638274658));
#2811=VECTOR('',#3577,1000.0);
#2812=CARTESIAN_POINT('',(-1.5946342680382,4.77702450676021,7.60414638274658));
#2813=AXIS2_PLACEMENT_3D('',#3578,#3579,#3580);
#2814=CARTESIAN_POINT('',(-1.5946342680382,4.77702450676021,7.36284699839357));
#2815=CARTESIAN_POINT('',(-1.5946342680382,4.77702450676021,7.65494638274658));
#2816=VECTOR('',#3581,1000.0);
#2817=CARTESIAN_POINT('',(-1.83593426803819,4.77702450676021,7.36284701052462));
#2818=CARTESIAN_POINT('',(4.52929146766189,4.77702450676021,7.36284669052089));
#2819=VECTOR('',#3582,1000.0);
#2820=CARTESIAN_POINT('',(-1.84863426803819,4.77702450676021,7.36284701955087));
#2821=CARTESIAN_POINT('',(9.90140573196181,4.77702450676021,7.36284701955087));
#2822=VECTOR('',#3583,1000.0);
#2823=CARTESIAN_POINT('',(-1.84863426803819,4.77702450676021,7.65494638274658));
#2824=CARTESIAN_POINT('',(-1.84863426803819,4.77702450676021,7.65494638274658));
#2825=VECTOR('',#3584,1000.0);
#2826=CARTESIAN_POINT('',(-0.842794268038193,4.77702450676021,8.66078638274658));
#2827=AXIS2_PLACEMENT_3D('',#3585,#3586,#3587);
#2828=CARTESIAN_POINT('',(9.90140573196181,4.77702450676021,8.66078638274658));
#2829=CARTESIAN_POINT('',(-0.842794268038193,4.77702450676021,8.66078638274658));
#2830=VECTOR('',#3588,1000.0);
#2831=AXIS2_PLACEMENT_3D('',#3589,#3590,#3591);
#2832=CARTESIAN_POINT('',(9.90140573196181,4.77702450676021,7.36284688014768));
#2833=VECTOR('',#3592,1000.0);
#2834=COLOUR_RGB('',0.501960813999176,0.501960813999176,0.501960813999176);
#2835=CARTESIAN_POINT('',(10.6888060316908,4.77702450676021,3.04484613139413));
#2836=CARTESIAN_POINT('',(10.8945457319618,4.77702450676021,2.93979973401047));
#2837=AXIS2_PLACEMENT_3D('',#3593,#3594,#3595);
#2838=CARTESIAN_POINT('',(10.9002511275024,4.77702450676021,2.79084613139347));
#2839=CARTESIAN_POINT('',(10.9002511275024,4.77702450676021,2.79084613139347));
#2840=CARTESIAN_POINT('',(10.8996185510466,4.77702450676021,2.80546682108661));
#2841=CARTESIAN_POINT('',(10.899020946172,4.77702450676021,2.82008903771695));
#2842=CARTESIAN_POINT('',(10.898444901136,4.77702450676021,2.83471206381253));
#2843=CARTESIAN_POINT('',(10.8978688568992,4.77702450676021,2.8493350696193));
#2844=CARTESIAN_POINT('',(10.8973145265283,4.77702450676021,2.86395893430014));
#2845=CARTESIAN_POINT('',(10.8967718553195,4.77702450676021,2.87858321663285));
#2846=CARTESIAN_POINT('',(10.8960146777372,4.77702450676021,2.89898816637013));
#2847=CARTESIAN_POINT('',(10.8952803297051,4.77702450676021,2.91939395890077));
#2848=CARTESIAN_POINT('',(10.8945457319618,4.77702450676021,2.93979973401047));
#2849=CARTESIAN_POINT('',(10.9002511275024,4.77702450676021,1.77484663409904));
#2850=CARTESIAN_POINT('',(10.9002511275024,4.77702450676021,7.65494638274658));
#2851=VECTOR('',#3596,1000.0);
#2852=CARTESIAN_POINT('',(10.8945457319618,4.77702450676021,1.62589303148272));
#2853=CARTESIAN_POINT('',(10.8945457319618,4.77702450676021,1.62589303148272));
#2854=CARTESIAN_POINT('',(10.8950722197332,4.77702450676021,1.6405178940835));
#2855=CARTESIAN_POINT('',(10.8955986193674,4.77702450676021,1.6551427614162));
#2856=CARTESIAN_POINT('',(10.8961333284709,4.77702450676021,1.66976732573928));
#2857=CARTESIAN_POINT('',(10.8966680377253,4.77702450676021,1.68439189418679));
#2858=CARTESIAN_POINT('',(10.8972109638493,4.77702450676021,1.69901617171287));
#2859=CARTESIAN_POINT('',(10.8977713949752,4.77702450676021,1.71363977705545));
#2860=CARTESIAN_POINT('',(10.8985533540993,4.77702450676021,1.73404382153991));
#2861=CARTESIAN_POINT('',(10.8993685069981,4.77702450676021,1.75444669604911));
#2862=CARTESIAN_POINT('',(10.9002511275024,4.77702450676021,1.77484663409904));
#2863=CARTESIAN_POINT('',(10.6888060316907,4.77702450676021,1.52084663409905));
#2864=AXIS2_PLACEMENT_3D('',#3597,#3598,#3599);
#2865=CARTESIAN_POINT('',(10.6532457319618,4.77702450676021,1.52084663409905));
#2866=CARTESIAN_POINT('',(4.52929121227082,4.77702450676021,1.52084663409905));
#2867=VECTOR('',#3600,1000.0);
#2868=CARTESIAN_POINT('',(10.6532457319618,4.77702450676021,3.04484613139411));
#2869=CARTESIAN_POINT('',(10.6532457319618,4.77702450676021,7.65494638274658));
#2870=VECTOR('',#3601,1000.0);
#2871=CARTESIAN_POINT('',(4.52929121227082,4.77702450676021,3.04484613139405));
#2872=VECTOR('',#3602,1000.0);
#2873=COLOUR_RGB('',0.501960813999176,0.501960813999176,0.501960813999176);
#2874=CARTESIAN_POINT('',(10.6532457319618,4.77702450676021,-2.79715411465452));
#2875=CARTESIAN_POINT('',(10.8945457319618,4.77702450676021,-2.79715411465452));
#2876=CARTESIAN_POINT('',(4.52929121227082,4.77702450676021,-2.79715411465452));
#2877=VECTOR('',#3603,1000.0);
#2878=CARTESIAN_POINT('',(10.9072457319618,4.77702450676021,-2.79715411465452));
#2879=CARTESIAN_POINT('',(9.90140573196181,4.77702450676021,-2.79715411465452));
#2880=VECTOR('',#3604,1000.0);
#2881=CARTESIAN_POINT('',(10.9072457319618,4.77702450676021,-3.08925361725342));
#2882=CARTESIAN_POINT('',(10.9072457319618,4.77702450676021,7.65494638274658));
#2883=VECTOR('',#3605,1000.0);
#2884=CARTESIAN_POINT('',(9.90140573196181,4.77702450676021,-4.09509361725342));
#2885=AXIS2_PLACEMENT_3D('',#3606,#3607,#3608);
#2886=CARTESIAN_POINT('',(-0.842794268038193,4.77702450676021,-4.09509361725342));
#2887=CARTESIAN_POINT('',(-0.842794268038193,4.77702450676021,-4.09509361725342));
#2888=VECTOR('',#3609,1000.0);
#2889=AXIS2_PLACEMENT_3D('',#3610,#3611,#3612);
#2890=CARTESIAN_POINT('',(-1.8359342680382,4.77702450676021,-2.79715129536931));
#2891=CARTESIAN_POINT('',(9.90140573196181,4.77702450676021,-2.79715129536931));
#2892=VECTOR('',#3613,1000.0);
#2893=CARTESIAN_POINT('',(-1.5946342680382,4.77702450676021,-2.79715122910919));
#2894=CARTESIAN_POINT('',(4.52929260721728,4.77702450676021,-2.7971495475006));
#2895=VECTOR('',#3614,1000.0);
#2896=CARTESIAN_POINT('',(-1.5946342680382,4.77702450676021,-3.03845361725342));
#2897=CARTESIAN_POINT('',(-1.5946342680382,4.77702450676021,7.65494638274658));
#2898=VECTOR('',#3615,1000.0);
#2899=CARTESIAN_POINT('',(-0.588794268038194,4.77702450676021,-4.04429361725342));
#2900=AXIS2_PLACEMENT_3D('',#3616,#3617,#3618);
#2901=CARTESIAN_POINT('',(9.6474057319618,4.77702450676021,-4.04429361725342));
#2902=CARTESIAN_POINT('',(9.90140573196181,4.77702450676021,-4.04429361725342));
#2903=VECTOR('',#3619,1000.0);
#2904=CARTESIAN_POINT('',(10.6532457319618,4.77702450676021,-3.03845361725342));
#2905=AXIS2_PLACEMENT_3D('',#3620,#3621,#3622);
#2906=CARTESIAN_POINT('',(10.6532457319618,4.77702450676021,7.65494638274658));
#2907=VECTOR('',#3623,1000.0);
#2908=COLOUR_RGB('',0.501960813999176,0.501960813999176,0.501960813999176);
#2909=CARTESIAN_POINT('',(10.8945457319618,2.60532450676021,0.784247051808372));
#2910=CARTESIAN_POINT('',(10.9072457319618,2.60532450676021,0.784247051808373));
#2911=CARTESIAN_POINT('',(-1.84863426803819,2.60532450676021,0.78424705180837));
#2912=VECTOR('',#3624,1000.0);
#2913=CARTESIAN_POINT('',(8.90064589349635,2.60532450676022,0.784247051808372));
#2914=CARTESIAN_POINT('',(19.7651842919581,2.60532450676015,0.784247051808371));
#2915=VECTOR('',#3625,1000.0);
#2916=CARTESIAN_POINT('',(8.90064574281586,2.60532450676021,3.7814474411074));
#2917=CARTESIAN_POINT('',(8.90064581815662,2.60532450676022,2.28283708461236));
#2918=VECTOR('',#3626,1000.0);
#2919=CARTESIAN_POINT('',(10.8945457319618,2.60532450676021,3.78144664500736));
#2920=CARTESIAN_POINT('',(19.7651842919581,2.60532450676015,3.78144664500736));
#2921=VECTOR('',#3627,1000.0);
#2922=CARTESIAN_POINT('',(-1.84863426803819,2.60532450676021,3.78144664500736));
#2923=VECTOR('',#3628,1000.0);
#2924=CARTESIAN_POINT('',(8.79904573196181,2.60532450676021,3.99734638274658));
#2925=CARTESIAN_POINT('',(13.0154457319618,2.60532450676021,3.99734638274658));
#2926=VECTOR('',#3629,1000.0);
#2927=CARTESIAN_POINT('',(8.79904573196181,2.60532450676021,0.568346382746578));
#2928=CARTESIAN_POINT('',(8.79904573196181,2.60532450676021,0.568346382746578));
#2929=VECTOR('',#3630,1000.0);
#2930=CARTESIAN_POINT('',(10.9072457319618,2.60532450676021,0.568346382746578));
#2931=CARTESIAN_POINT('',(13.0154457319618,2.60532450676021,0.568346382746578));
#2932=VECTOR('',#3631,1000.0);
#2933=CARTESIAN_POINT('',(10.9072457319618,2.60532450676021,7.65494638274658));
#2934=VECTOR('',#3632,1000.0);
#2935=COLOUR_RGB('',0.501960813999176,0.501960813999176,0.501960813999176);
#2936=CARTESIAN_POINT('',(9.90140573196181,2.42752450676021,8.66078638274658));
#2937=AXIS2_PLACEMENT_3D('',#3633,#3634,#3635);
#2938=CARTESIAN_POINT('',(9.90140573196181,4.77702450676021,8.66078638274658));
#2939=VECTOR('',#3636,1000.0);
#2940=COLOUR_RGB('',0.501960813999176,0.501960813999176,0.501960813999176);
#2941=CARTESIAN_POINT('',(10.9072457319618,3.62560633566432,0.0222470518083809));
#2942=CARTESIAN_POINT('',(10.9072457319618,2.86360633566433,0.784247051808372));
#2943=AXIS2_PLACEMENT_3D('',#3637,#3638,#3639);
#2944=CARTESIAN_POINT('',(10.9072457319618,2.61802450676021,0.784247051808372));
#2945=CARTESIAN_POINT('',(10.9072457319618,11.3091210466039,0.784247051808371));
#2946=VECTOR('',#3640,1000.0);
#2947=CARTESIAN_POINT('',(10.9072457319618,4.77702450676021,0.784247051808372));
#2948=VECTOR('',#3641,1000.0);
#2949=CARTESIAN_POINT('',(10.9072457319618,2.42752450676021,0.390546382746579));
#2950=CARTESIAN_POINT('',(10.9072457319618,2.60532450676021,0.568346382746578));
#2951=VECTOR('',#3642,1000.0);
#2952=CARTESIAN_POINT('',(10.9072457319618,2.42752450676021,-3.08925361725342));
#2953=CARTESIAN_POINT('',(10.9072457319618,2.42752450676021,7.65494638274658));
#2954=VECTOR('',#3643,1000.0);
#2955=CARTESIAN_POINT('',(10.9072457319618,4.77702450676021,-3.08925361725342));
#2956=VECTOR('',#3644,1000.0);
#2957=CARTESIAN_POINT('',(10.9072457319618,4.76432450676021,-2.79715411465452));
#2958=CARTESIAN_POINT('',(10.9072457319618,4.77702450676021,-2.79715411465452));
#2959=VECTOR('',#3645,1000.0);
#2960=CARTESIAN_POINT('',(10.9072457319618,4.38760608431153,-2.79715411465452));
#2961=CARTESIAN_POINT('',(10.9072457319618,11.3091210466039,-2.79715411465452));
#2962=VECTOR('',#3646,1000.0);
#2963=CARTESIAN_POINT('',(10.9072457319618,3.62560633566431,-2.03515343468473));
#2964=CARTESIAN_POINT('',(10.9072457319618,5.30836346296098,-3.71791261866148));
#2965=VECTOR('',#3647,1000.0);
#2966=CARTESIAN_POINT('',(10.9072457319618,3.62560633566432,2.28283763081339));
#2967=VECTOR('',#3648,1000.0);
#2968=COLOUR_RGB('',0.501960813999176,0.501960813999176,0.501960813999176);
#2969=CARTESIAN_POINT('',(9.90140573196181,2.42752450676021,-4.09509361725342));
#2970=AXIS2_PLACEMENT_3D('',#3649,#3650,#3651);
#2971=CARTESIAN_POINT('',(9.90140573196181,4.77702450676021,-4.09509361725342));
#2972=VECTOR('',#3652,1000.0);
#2973=COLOUR_RGB('',0.501960813999176,0.501960813999176,0.501960813999176);
#2974=CARTESIAN_POINT('',(-0.842794268038193,2.42752450676021,-4.09509361725342));
#2975=CARTESIAN_POINT('',(-0.842794268038193,2.42752450676021,-4.09509361725342));
#2976=VECTOR('',#3653,1000.0);
#2977=CARTESIAN_POINT('',(-0.842794268038193,4.77702450676021,-4.09509361725342));
#2978=VECTOR('',#3654,1000.0);
#2979=COLOUR_RGB('',0.501960813999176,0.501960813999176,0.501960813999176);
#2980=AXIS2_PLACEMENT_3D('',#3655,#3656,#3657);
#2981=COLOUR_RGB('',0.501960813999176,0.501960813999176,0.501960813999176);
#2982=CARTESIAN_POINT('',(-1.84863426803819,3.62560747075084,4.54344684165811));
#2983=CARTESIAN_POINT('',(-1.84863426803819,2.86360743244226,3.78144687996671));
#2984=AXIS2_PLACEMENT_3D('',#3658,#3659,#3660);
#2985=CARTESIAN_POINT('',(-1.84863426803819,2.61802450676021,3.78144689231308));
#2986=CARTESIAN_POINT('',(-1.84863426803822,11.3090920825626,3.78144645538058));
#2987=VECTOR('',#3661,1000.0);
#2988=CARTESIAN_POINT('',(-1.84863426803819,2.60532450676021,3.78144690133933));
#2989=CARTESIAN_POINT('',(-1.84863426803819,4.77702450676021,3.78144690133933));
#2990=VECTOR('',#3662,1000.0);
#2991=CARTESIAN_POINT('',(-1.84863426803819,2.60532450676021,3.99734638274658));
#2992=CARTESIAN_POINT('',(-1.84863426803819,2.60532450676021,7.65494638274658));
#2993=VECTOR('',#3663,1000.0);
#2994=CARTESIAN_POINT('',(-1.84863426803819,2.42752450676021,4.17514638274658));
#2995=CARTESIAN_POINT('',(-1.84863426803819,2.60532450676021,3.99734638274658));
#2996=VECTOR('',#3664,1000.0);
#2997=CARTESIAN_POINT('',(-1.84863426803819,2.42752450676021,7.65494638274658));
#2998=CARTESIAN_POINT('',(-1.84863426803819,2.42752450676021,7.65494638274658));
#2999=VECTOR('',#3665,1000.0);
#3000=CARTESIAN_POINT('',(-1.84863426803819,4.77702450676021,7.65494638274658));
#3001=VECTOR('',#3666,1000.0);
#3002=CARTESIAN_POINT('',(-1.84863426803819,4.76432450676021,7.36284701955087));
#3003=CARTESIAN_POINT('',(-1.84863426803819,4.77702450676021,7.36284701955087));
#3004=VECTOR('',#3667,1000.0);
#3005=CARTESIAN_POINT('',(-1.84863426803819,4.38760829246244,7.3628470384898));
#3006=CARTESIAN_POINT('',(-1.84863426803822,11.309092262613,7.36284669052089));
#3007=VECTOR('',#3668,1000.0);
#3008=CARTESIAN_POINT('',(-1.84863426803819,3.62560757418402,6.60084639682864));
#3009=CARTESIAN_POINT('',(-1.8486342680382,5.30834579397286,8.28358444742239));
#3010=VECTOR('',#3669,1000.0);
#3011=CARTESIAN_POINT('',(-1.84863426803819,3.62560735710157,2.28283801709092));
#3012=VECTOR('',#3670,1000.0);
#3013=COLOUR_RGB('',0.501960813999176,0.501960813999176,0.501960813999176);
#3014=CARTESIAN_POINT('',(-0.842794268038193,2.42752450676021,8.66078638274658));
#3015=AXIS2_PLACEMENT_3D('',#3671,#3672,#3673);
#3016=CARTESIAN_POINT('',(-0.842794268038193,4.77702450676021,8.66078638274658));
#3017=VECTOR('',#3674,1000.0);
#3018=COLOUR_RGB('',0.501960813999176,0.501960813999176,0.501960813999176);
#3019=CARTESIAN_POINT('',(-0.842794268038193,2.42752450676021,8.66078638274658));
#3020=VECTOR('',#3675,1000.0);
#3021=COLOUR_RGB('',0.501960813999176,0.501960813999176,0.501960813999176);
#3022=CARTESIAN_POINT('',(-1.63019438599468,4.77702450676021,1.52084702597256));
#3023=CARTESIAN_POINT('',(-1.5946342680382,4.77702450676021,1.52084702597256));
#3024=CARTESIAN_POINT('',(4.52929121227082,4.77702450676021,1.52084702597256));
#3025=VECTOR('',#3676,1000.0);
#3026=CARTESIAN_POINT('',(-1.83593426803819,4.77702450676021,1.62589369206453));
#3027=AXIS2_PLACEMENT_3D('',#3677,#3678,#3679);
#3028=CARTESIAN_POINT('',(-1.84163963760049,4.77702450676021,1.77484703874208));
#3029=CARTESIAN_POINT('',(-1.84163963760049,4.77702450676021,1.77484703874208));
#3030=CARTESIAN_POINT('',(-1.84100706509464,4.77702450676021,1.76022638416161));
#3031=CARTESIAN_POINT('',(-1.84040946363132,4.77702450676021,1.7456042026734));
#3032=CARTESIAN_POINT('',(-1.83983342170717,4.77702450676021,1.73098121173316));
#3033=CARTESIAN_POINT('',(-1.83925738058223,4.77702450676021,1.71635824108114));
#3034=CARTESIAN_POINT('',(-1.8387030530195,4.77702450676021,1.70173441156964));
#3035=CARTESIAN_POINT('',(-1.83816038447211,4.77702450676021,1.68711016441243));
#3036=CARTESIAN_POINT('',(-1.83740320933874,4.77702450676021,1.66670522967852));
#3037=CARTESIAN_POINT('',(-1.83666886354198,4.77702450676021,1.64629945216122));
#3038=CARTESIAN_POINT('',(-1.83593426803819,4.77702450676021,1.62589369206453));
#3039=CARTESIAN_POINT('',(-1.84163963760049,4.77702450676021,2.79084653603651));
#3040=CARTESIAN_POINT('',(-1.84163963760049,4.77702450676021,7.65494638274658));
#3041=VECTOR('',#3680,1000.0);
#3042=CARTESIAN_POINT('',(-1.83593426803819,4.77702450676021,2.939799857175));
#3043=CARTESIAN_POINT('',(-1.83593426803819,4.77702450676021,2.939799857175));
#3044=CARTESIAN_POINT('',(-1.83646075335059,4.77702450676021,2.92517503156442));
#3045=CARTESIAN_POINT('',(-1.83698715052763,4.77702450676021,2.91055020122204));
#3046=CARTESIAN_POINT('',(-1.8375218570561,4.77702450676021,2.8959256738843));
#3047=CARTESIAN_POINT('',(-1.83805656373535,4.77702450676021,2.88130114242224));
#3048=CARTESIAN_POINT('',(-1.8385994871686,4.77702450676021,2.86667690187694));
#3049=CARTESIAN_POINT('',(-1.83915991534657,4.77702450676021,2.85205333350342));
#3050=CARTESIAN_POINT('',(-1.83994187157215,4.77702450676021,2.83164930890378));
#3051=CARTESIAN_POINT('',(-1.84075702119411,4.77702450676021,2.81124645426381));
#3052=CARTESIAN_POINT('',(-1.84163963760049,4.77702450676021,2.79084653603651));
#3053=CARTESIAN_POINT('',(-1.6301943604556,4.77702450676021,3.04484652326698));
#3054=AXIS2_PLACEMENT_3D('',#3681,#3682,#3683);
#3055=CARTESIAN_POINT('',(-1.5946342680382,4.77702450676021,3.04484652326698));
#3056=CARTESIAN_POINT('',(4.52929121227082,4.77702450676021,3.04484652326698));
#3057=VECTOR('',#3684,1000.0);
#3058=CARTESIAN_POINT('',(-1.5946342680382,4.77702450676021,7.65494638274658));
#3059=VECTOR('',#3685,1000.0);
#3060=COLOUR_RGB('',0.501960813999176,0.501960813999176,0.501960813999176);
#3061=CARTESIAN_POINT('',(8.62124573196181,2.42752450676021,0.390546382746579));
#3062=CARTESIAN_POINT('',(9.90140573196181,2.42752450676021,0.390546382746579));
#3063=VECTOR('',#3686,1000.0);
#3064=CARTESIAN_POINT('',(8.62124573196181,2.42752450676021,4.17514638274658));
#3065=CARTESIAN_POINT('',(8.62124573196181,2.42752450676021,7.65494638274658));
#3066=VECTOR('',#3687,1000.0);
#3067=CARTESIAN_POINT('',(9.90140573196181,2.42752450676021,4.17514638274658));
#3068=VECTOR('',#3688,1000.0);
#3069=CARTESIAN_POINT('',(0.437365731961808,2.42752450676021,4.17514638274658));
#3070=CARTESIAN_POINT('',(9.90140573196181,2.42752450676021,4.17514638274658));
#3071=VECTOR('',#3689,1000.0);
#3072=CARTESIAN_POINT('',(0.437365731961808,2.42752450676021,0.390546382746581));
#3073=CARTESIAN_POINT('',(0.437365731961808,2.42752450676021,7.65494638274658));
#3074=VECTOR('',#3690,1000.0);
#3075=CARTESIAN_POINT('',(9.90140573196181,2.42752450676021,0.390546382746581));
#3076=VECTOR('',#3691,1000.0);
#3077=COLOUR_RGB('',0.501960813999176,0.501960813999176,0.501960813999176);
#3078=CARTESIAN_POINT('',(-0.588794268038194,5.79302450676021,-4.04429361725342));
#3079=CARTESIAN_POINT('',(-0.588794268038194,5.79302450676021,-4.04429361725342));
#3080=VECTOR('',#3692,1000.0);
#3081=CARTESIAN_POINT('',(-1.59463426803819,5.79302450676021,-3.03845361725342));
#3082=CARTESIAN_POINT('',(-1.59463426803819,5.79302450676021,-3.03845361725342));
#3083=VECTOR('',#3693,1000.0);
#3084=AXIS2_PLACEMENT_3D('',#3694,#3695,#3696);
#3085=COLOUR_RGB('',0.501960813999176,0.501960813999176,0.501960813999176);
#3086=CARTESIAN_POINT('',(-1.5946342680382,4.98022450676021,3.04484652326698));
#3087=CARTESIAN_POINT('',(-1.5946342680382,5.79302450676021,3.04484652326698));
#3088=VECTOR('',#3697,1000.0);
#3089=CARTESIAN_POINT('',(-1.5946342680382,4.98022450676021,7.36284699839357));
#3090=CARTESIAN_POINT('',(-1.59463426803819,4.98022450676021,-3.03845361725342));
#3091=VECTOR('',#3698,1000.0);
#3092=CARTESIAN_POINT('',(-1.5946342680382,5.79302450676021,7.36284699839356));
#3093=VECTOR('',#3699,1000.0);
#3094=CARTESIAN_POINT('',(-1.5946342680382,5.79302450676021,7.60414638274658));
#3095=CARTESIAN_POINT('',(-1.5946342680382,5.79302450676021,7.60414638274658));
#3096=VECTOR('',#3700,1000.0);
#3097=CARTESIAN_POINT('',(-1.59463426803819,5.79302450676021,-3.03845361725342));
#3098=VECTOR('',#3701,1000.0);
#3099=CARTESIAN_POINT('',(-1.5946342680382,4.98022450676021,-2.79715122910919));
#3100=CARTESIAN_POINT('',(-1.59463426803819,5.79302450676021,-2.79715122910919));
#3101=VECTOR('',#3702,1000.0);
#3102=CARTESIAN_POINT('',(-1.5946342680382,4.98022450676021,1.52084702597256));
#3103=CARTESIAN_POINT('',(-1.59463426803819,4.98022450676021,-3.03845361725342));
#3104=VECTOR('',#3703,1000.0);
#3105=CARTESIAN_POINT('',(-1.5946342680382,5.79302450676021,1.52084702597256));
#3106=VECTOR('',#3704,1000.0);
#3107=COLOUR_RGB('',0.501960813999176,0.501960813999176,0.501960813999176);
#3108=CARTESIAN_POINT('',(-0.588794268038197,5.79302450676021,8.60998638274658));
#3109=CARTESIAN_POINT('',(-0.588794268038197,5.79302450676021,8.60998638274658));
#3110=VECTOR('',#3705,1000.0);
#3111=AXIS2_PLACEMENT_3D('',#3706,#3707,#3708);
#3112=COLOUR_RGB('',0.501960813999176,0.501960813999176,0.501960813999176);
#3113=CARTESIAN_POINT('',(9.6474057319618,5.79302450676021,8.60998638274658));
#3114=CARTESIAN_POINT('',(9.6474057319618,5.79302450676021,8.60998638274658));
#3115=VECTOR('',#3709,1000.0);
#3116=CARTESIAN_POINT('',(-0.588794268038197,5.79302450676021,8.60998638274658));
#3117=VECTOR('',#3710,1000.0);
#3118=COLOUR_RGB('',0.501960813999176,0.501960813999176,0.501960813999176);
#3119=CARTESIAN_POINT('',(10.6532457319618,5.79302450676021,7.60414638274658));
#3120=CARTESIAN_POINT('',(10.6532457319618,5.79302450676021,7.60414638274658));
#3121=VECTOR('',#3711,1000.0);
#3122=AXIS2_PLACEMENT_3D('',#3712,#3713,#3714);
#3123=COLOUR_RGB('',0.501960813999176,0.501960813999176,0.501960813999176);
#3124=CARTESIAN_POINT('',(10.6532457319618,4.98022450676021,7.36284688014768));
#3125=CARTESIAN_POINT('',(10.6532457319618,5.79302450676021,7.36284688014768));
#3126=VECTOR('',#3715,1000.0);
#3127=CARTESIAN_POINT('',(10.6532457319618,4.98022450676021,3.04484613139413));
#3128=CARTESIAN_POINT('',(10.6532457319618,4.98022450676021,-3.03845361725342));
#3129=VECTOR('',#3716,1000.0);
#3130=CARTESIAN_POINT('',(10.6532457319618,5.79302450676021,3.04484613139413));
#3131=VECTOR('',#3717,1000.0);
#3132=CARTESIAN_POINT('',(10.6532457319618,4.98022450676021,1.52084663409905));
#3133=CARTESIAN_POINT('',(10.6532457319618,5.79302450676021,1.52084663409905));
#3134=VECTOR('',#3718,1000.0);
#3135=CARTESIAN_POINT('',(10.6532457319618,4.98022450676021,-2.79715411465452));
#3136=CARTESIAN_POINT('',(10.6532457319618,4.98022450676021,-3.03845361725342));
#3137=VECTOR('',#3719,1000.0);
#3138=CARTESIAN_POINT('',(10.6532457319618,5.79302450676021,-2.79715411465452));
#3139=VECTOR('',#3720,1000.0);
#3140=CARTESIAN_POINT('',(10.6532457319618,5.79302450676021,-3.03845361725342));
#3141=CARTESIAN_POINT('',(10.6532457319618,5.79302450676021,-3.03845361725342));
#3142=VECTOR('',#3721,1000.0);
#3143=CARTESIAN_POINT('',(10.6532457319618,5.79302450676021,-3.03845361725342));
#3144=VECTOR('',#3722,1000.0);
#3145=COLOUR_RGB('',0.501960813999176,0.501960813999176,0.501960813999176);
#3146=CARTESIAN_POINT('',(9.6474057319618,5.79302450676021,-4.04429361725342));
#3147=CARTESIAN_POINT('',(9.6474057319618,5.79302450676021,-4.04429361725342));
#3148=VECTOR('',#3723,1000.0);
#3149=AXIS2_PLACEMENT_3D('',#3724,#3725,#3726);
#3150=COLOUR_RGB('',0.501960813999176,0.501960813999176,0.501960813999176);
#3151=CARTESIAN_POINT('',(-0.588794268038194,5.79302450676021,-4.04429361725342));
#3152=VECTOR('',#3727,1000.0);
#3153=COLOUR_RGB('',0.501960813999176,0.501960813999176,0.501960813999176);
#3154=COLOUR_RGB('',0.501960813999176,0.501960813999176,0.501960813999176);
#3155=CARTESIAN_POINT('',(-1.83593426803819,2.60532450676021,3.78144690133933));
#3156=CARTESIAN_POINT('',(-1.84863426803819,2.60532450676021,3.78144690133933));
#3157=VECTOR('',#3728,1000.0);
#3158=CARTESIAN_POINT('',(0.157965742815879,2.60532450676022,3.78144700158015));
#3159=CARTESIAN_POINT('',(-10.7065438639932,2.60532450676015,3.78144645538058));
#3160=VECTOR('',#3729,1000.0);
#3161=CARTESIAN_POINT('',(0.157965893496259,2.60532450676021,0.784248635606246));
#3162=CARTESIAN_POINT('',(0.157965818156552,2.60532450676022,2.28283817701295));
#3163=VECTOR('',#3730,1000.0);
#3164=CARTESIAN_POINT('',(-1.83593426803811,2.60532450676021,0.784249183124157));
#3165=CARTESIAN_POINT('',(-10.7065442001589,2.60532450676015,0.784251618962175));
#3166=VECTOR('',#3731,1000.0);
#3167=CARTESIAN_POINT('',(-1.84863426803819,2.60532450676021,0.784249232425758));
#3168=VECTOR('',#3732,1000.0);
#3169=CARTESIAN_POINT('',(0.259565731961809,2.60532450676021,0.56834638274658));
#3170=CARTESIAN_POINT('',(-3.95683426803819,2.60532450676021,0.56834638274658));
#3171=VECTOR('',#3733,1000.0);
#3172=CARTESIAN_POINT('',(0.259565731961809,2.60532450676021,3.99734638274658));
#3173=CARTESIAN_POINT('',(0.259565731961809,2.60532450676021,0.56834638274658));
#3174=VECTOR('',#3734,1000.0);
#3175=CARTESIAN_POINT('',(-3.95683426803819,2.60532450676021,3.99734638274658));
#3176=VECTOR('',#3735,1000.0);
#3177=COLOUR_RGB('',0.501960813999176,0.501960813999176,0.501960813999176);
#3178=CARTESIAN_POINT('',(9.9420457319618,3.74832450676022,2.85434638274659));
#3179=VECTOR('',#3736,1000.0);
#3180=COLOUR_RGB('',0.501960813999176,0.501960813999176,0.501960813999176);
#3181=CARTESIAN_POINT('',(10.2045123986285,4.01079117342688,1.97381304941324));
#3182=VECTOR('',#3737,1000.0);
#3183=COLOUR_RGB('',0.501960813999176,0.501960813999176,0.501960813999176);
#3184=COLOUR_RGB('',0.501960813999176,0.501960813999176,0.501960813999176);
#3185=CARTESIAN_POINT('',(-0.883434268038191,3.74832450676021,2.85434638274658));
#3186=VECTOR('',#3738,1000.0);
#3187=COLOUR_RGB('',0.501960813999176,0.501960813999176,0.501960813999176);
#3188=CARTESIAN_POINT('',(3.59204573196181,-0.727155493239788,-2.76413361725342));
#3189=VECTOR('',#3739,1000.0);
#3190=COLOUR_RGB('',0.501960813999176,0.501960813999176,0.501960813999176);
#3191=COLOUR_RGB('',0.752941191196442,0.752941191196442,0.752941191196442);
#3192=CARTESIAN_POINT('',(8.90064589349634,2.40212450676022,0.784247051808372));
#3193=CARTESIAN_POINT('',(8.90064574281586,2.40212450676021,3.7814474411074));
#3194=CARTESIAN_POINT('',(8.90064581815661,2.40212450676022,2.28283708461236));
#3195=VECTOR('',#3740,1000.0);
#3196=CARTESIAN_POINT('',(8.90064574281586,2.40212450676021,3.7814474411074));
#3197=VECTOR('',#3741,1000.0);
#3198=CARTESIAN_POINT('',(8.90064589349634,2.40212450676022,0.784247051808372));
#3199=VECTOR('',#3742,1000.0);
#3200=COLOUR_RGB('',0.752941191196442,0.752941191196442,0.752941191196442);
#3201=CARTESIAN_POINT('',(11.1104457319618,2.61802450676021,0.784247051808372));
#3202=CARTESIAN_POINT('',(11.1104457319618,2.61802450676021,3.78144664500736));
#3203=CARTESIAN_POINT('',(11.1104457319618,2.61802450676021,2.28283763081338));
#3204=VECTOR('',#3743,1000.0);
#3205=CARTESIAN_POINT('',(10.8945457319618,2.40212450676021,3.78144664500736));
#3206=AXIS2_PLACEMENT_3D('',#3744,#3745,#3746);
#3207=CARTESIAN_POINT('',(10.8945457319618,2.40212450676021,0.784247051808372));
#3208=CARTESIAN_POINT('',(10.8945457319618,2.40212450676021,2.28283763081338));
#3209=VECTOR('',#3747,1000.0);
#3210=AXIS2_PLACEMENT_3D('',#3748,#3749,#3750);
#3211=COLOUR_RGB('',0.752941191196442,0.752941191196442,0.752941191196442);
#3212=CARTESIAN_POINT('',(10.8945457319618,4.98022450676021,1.62589303148272));
#3213=CARTESIAN_POINT('',(10.8945457319618,4.77702450676021,1.62589303148272));
#3214=CARTESIAN_POINT('',(10.8945457319618,4.84475784009354,1.62589303148272));
#3215=CARTESIAN_POINT('',(10.8945457319618,4.91249117342688,1.62589303148272));
#3216=CARTESIAN_POINT('',(10.8945457319618,4.98022450676021,1.62589303148272));
#3217=CARTESIAN_POINT('',(10.6888060316907,4.98022450676021,1.52084663409905));
#3218=AXIS2_PLACEMENT_3D('',#3751,#3752,#3753);
#3219=CARTESIAN_POINT('',(10.6888060316907,4.98022450676021,1.52084663409905));
#3220=VECTOR('',#3754,1000.0);
#3221=COLOUR_RGB('',0.752941191196442,0.752941191196442,0.752941191196442);
#3222=CARTESIAN_POINT('',(10.8945457319618,4.98022450676021,-2.79715411465452));
#3223=CARTESIAN_POINT('',(4.52929121227082,4.98022450676021,-2.79715411465452));
#3224=VECTOR('',#3755,1000.0);
#3225=CARTESIAN_POINT('',(10.8945457319618,4.98022450676021,-2.79715411465452));
#3226=VECTOR('',#3756,1000.0);
#3227=COLOUR_RGB('',0.752941191196442,0.752941191196442,0.752941191196442);
#3228=CARTESIAN_POINT('',(4.52929121227082,4.98022450676021,1.52084663409905));
#3229=VECTOR('',#3757,1000.0);
#3230=CARTESIAN_POINT('',(10.8945457319618,4.98022450676021,2.28283763081338));
#3231=VECTOR('',#3758,1000.0);
#3232=COLOUR_RGB('',0.752941191196442,0.752941191196442,0.752941191196442);
#3233=COLOUR_RGB('',0.752941191196442,0.752941191196442,0.752941191196442);
#3234=CARTESIAN_POINT('',(10.983019592263,4.96126405597113,2.79084613139347));
#3235=CARTESIAN_POINT('',(10.8945457319618,4.98022450676021,2.93979973401047));
#3236=CARTESIAN_POINT('',(10.983019592263,4.96126405597113,2.79084613139347));
#3237=CARTESIAN_POINT('',(10.955302002081,4.97371600994113,2.84049733226581));
#3238=CARTESIAN_POINT('',(10.924931846606,4.98022450676021,2.89014853313814));
#3239=CARTESIAN_POINT('',(10.8945457319618,4.98022450676021,2.93979973401047));
#3240=CARTESIAN_POINT('',(10.8945457319618,4.98022450676021,7.36284688014768));
#3241=CARTESIAN_POINT('',(10.8945457319618,4.98022450676021,2.28283763081338));
#3242=VECTOR('',#3759,1000.0);
#3243=CARTESIAN_POINT('',(11.1104457319618,4.76432450676021,7.36284688014768));
#3244=AXIS2_PLACEMENT_3D('',#3760,#3761,#3762);
#3245=CARTESIAN_POINT('',(11.1104457319618,4.76432450676021,-2.79715411465452));
#3246=CARTESIAN_POINT('',(11.1104457319618,4.76432450676021,2.28283763081338));
#3247=VECTOR('',#3763,1000.0);
#3248=AXIS2_PLACEMENT_3D('',#3764,#3765,#3766);
#3249=CARTESIAN_POINT('',(10.983019592263,4.96126405597113,1.77484663409904));
#3250=CARTESIAN_POINT('',(10.8945457319618,4.98022450676021,1.62589303148272));
#3251=CARTESIAN_POINT('',(10.924931846606,4.98022450676021,1.67554423235483));
#3252=CARTESIAN_POINT('',(10.955302002081,4.97371600994113,1.72519543322694));
#3253=CARTESIAN_POINT('',(10.983019592263,4.96126405597113,1.77484663409904));
#3254=CARTESIAN_POINT('',(10.983019592263,4.96126405597113,1.77484663409904));
#3255=VECTOR('',#3767,1000.0);
#3256=COLOUR_RGB('',0.752941191196442,0.752941191196442,0.752941191196442);
#3257=CARTESIAN_POINT('',(10.9002511275024,4.77702450676021,2.79084613139347));
#3258=CARTESIAN_POINT('',(10.9278406157559,4.83843768983052,2.79084613139347));
#3259=CARTESIAN_POINT('',(10.9554301040095,4.89985087290082,2.79084613139347));
#3260=CARTESIAN_POINT('',(10.983019592263,4.96126405597113,2.79084613139347));
#3261=CARTESIAN_POINT('',(10.8945457319618,4.98022450676021,2.93979973401047));
#3262=CARTESIAN_POINT('',(10.8945457319618,4.91249117342688,2.93979973401047));
#3263=CARTESIAN_POINT('',(10.8945457319618,4.84475784009354,2.93979973401047));
#3264=CARTESIAN_POINT('',(10.8945457319618,4.77702450676021,2.93979973401047));
#3265=COLOUR_RGB('',0.752941191196442,0.752941191196442,0.752941191196442);
#3266=CARTESIAN_POINT('',(10.9002511275024,4.77702450676021,1.77484663409904));
#3267=CARTESIAN_POINT('',(10.983019592263,4.96126405597113,1.77484663409904));
#3268=COLOUR_RGB('',0.752941191196442,0.752941191196442,0.752941191196442);
#3269=COLOUR_RGB('',0.752941191196442,0.752941191196442,0.752941191196442);
#3270=CARTESIAN_POINT('',(11.1104457319618,4.76432450676021,-2.79715411465452));
#3271=VECTOR('',#3768,1000.0);
#3272=CARTESIAN_POINT('',(11.1104457319618,4.38760608431153,-2.79715411465452));
#3273=CARTESIAN_POINT('',(11.1104457319618,11.3091210466039,-2.79715411465452));
#3274=VECTOR('',#3769,1000.0);
#3275=CARTESIAN_POINT('',(11.1104457319618,4.38760608431153,-2.79715411465452));
#3276=VECTOR('',#3770,1000.0);
#3277=COLOUR_RGB('',0.752941191196442,0.752941191196442,0.752941191196442);
#3278=CARTESIAN_POINT('',(11.1104457319618,4.76432450676021,7.36284688014768));
#3279=VECTOR('',#3771,1000.0);
#3280=CARTESIAN_POINT('',(11.1104457319618,4.38760608431156,7.36284688014768));
#3281=CARTESIAN_POINT('',(11.1104457319618,4.38760608431156,7.36284688014768));
#3282=VECTOR('',#3772,1000.0);
#3283=CARTESIAN_POINT('',(11.1104457319618,11.3091210466039,7.36284688014768));
#3284=VECTOR('',#3773,1000.0);
#3285=COLOUR_RGB('',0.752941191196442,0.752941191196442,0.752941191196442);
#3286=CARTESIAN_POINT('',(11.1104457319618,2.86360633566435,0.784247051808372));
#3287=CARTESIAN_POINT('',(11.1104457319618,11.3091210466039,0.784247051808371));
#3288=VECTOR('',#3774,1000.0);
#3289=CARTESIAN_POINT('',(11.1104457319618,3.62560633566432,0.0222470518083805));
#3290=AXIS2_PLACEMENT_3D('',#3775,#3776,#3777);
#3291=CARTESIAN_POINT('',(11.1104457319618,3.62560633566432,-2.03515343468473));
#3292=CARTESIAN_POINT('',(11.1104457319618,3.62560633566432,2.28283763081339));
#3293=VECTOR('',#3778,1000.0);
#3294=CARTESIAN_POINT('',(11.1104457319618,5.30836346296098,-3.71791261866148));
#3295=VECTOR('',#3779,1000.0);
#3296=CARTESIAN_POINT('',(11.1104457319618,3.62560633566435,6.60084620017789));
#3297=CARTESIAN_POINT('',(11.1104457319618,5.30835471102781,8.28359663221073));
#3298=VECTOR('',#3780,1000.0);
#3299=CARTESIAN_POINT('',(11.1104457319618,3.62560633566434,4.54344664500736));
#3300=CARTESIAN_POINT('',(11.1104457319618,3.62560633566432,2.28283763081344));
#3301=VECTOR('',#3781,1000.0);
#3302=CARTESIAN_POINT('',(11.1104457319618,2.86360633566434,3.78144664500736));
#3303=AXIS2_PLACEMENT_3D('',#3782,#3783,#3784);
#3304=CARTESIAN_POINT('',(11.1104457319618,11.3091210466039,3.78144664500736));
#3305=VECTOR('',#3785,1000.0);
#3306=COLOUR_RGB('',0.752941191196442,0.752941191196442,0.752941191196442);
#3307=CARTESIAN_POINT('',(11.1104457319618,3.62560633566435,6.60084620017789));
#3308=VECTOR('',#3786,1000.0);
#3309=COLOUR_RGB('',0.752941191196442,0.752941191196442,0.752941191196442);
#3310=CARTESIAN_POINT('',(11.1104457319618,3.62560633566434,4.54344664500736));
#3311=VECTOR('',#3787,1000.0);
#3312=COLOUR_RGB('',0.752941191196442,0.752941191196442,0.752941191196442);
#3313=CARTESIAN_POINT('',(11.1104457319618,2.86360633566434,3.78144664500736));
#3314=VECTOR('',#3788,1000.0);
#3315=COLOUR_RGB('',0.752941191196442,0.752941191196442,0.752941191196442);
#3316=CARTESIAN_POINT('',(11.1104457319618,2.61802450676021,3.78144664500736));
#3317=VECTOR('',#3789,1000.0);
#3318=COLOUR_RGB('',0.752941191196442,0.752941191196442,0.752941191196442);
#3319=CARTESIAN_POINT('',(11.1104457319618,2.61802450676021,0.784247051808372));
#3320=VECTOR('',#3790,1000.0);
#3321=CARTESIAN_POINT('',(11.1104457319618,2.86360633566435,0.784247051808372));
#3322=VECTOR('',#3791,1000.0);
#3323=COLOUR_RGB('',0.752941191196442,0.752941191196442,0.752941191196442);
#3324=CARTESIAN_POINT('',(11.1104457319618,3.62560633566432,0.0222470518083805));
#3325=VECTOR('',#3792,1000.0);
#3326=COLOUR_RGB('',0.752941191196442,0.752941191196442,0.752941191196442);
#3327=CARTESIAN_POINT('',(11.1104457319618,3.62560633566432,-2.03515343468473));
#3328=VECTOR('',#3793,1000.0);
#3329=COLOUR_RGB('',0.752941191196442,0.752941191196442,0.752941191196442);
#3330=COLOUR_RGB('',0.752941191196442,0.752941191196442,0.752941191196442);
#3331=CARTESIAN_POINT('',(10.6888060316908,4.98022450676021,3.04484613139413));
#3332=CARTESIAN_POINT('',(4.52929121227068,4.98022450676021,3.04484613139295));
#3333=VECTOR('',#3794,1000.0);
#3334=CARTESIAN_POINT('',(10.6888060316908,4.98022450676021,3.04484613139413));
#3335=VECTOR('',#3795,1000.0);
#3336=COLOUR_RGB('',0.752941191196442,0.752941191196442,0.752941191196442);
#3337=AXIS2_PLACEMENT_3D('',#3796,#3797,#3798);
#3338=COLOUR_RGB('',0.752941191196442,0.752941191196442,0.752941191196442);
#3339=CARTESIAN_POINT('',(4.52929121227082,4.98022450676021,7.36284688014768));
#3340=VECTOR('',#3799,1000.0);
#3341=CARTESIAN_POINT('',(10.8945457319618,4.98022450676021,7.36284688014768));
#3342=VECTOR('',#3800,1000.0);
#3343=COLOUR_RGB('',0.752941191196442,0.752941191196442,0.752941191196442);
#3344=COLOUR_RGB('',0.752941191196442,0.752941191196442,0.752941191196442);
#3345=CARTESIAN_POINT('',(19.7651842919581,2.40212450676015,0.784247051808371));
#3346=VECTOR('',#3801,1000.0);
#3347=CARTESIAN_POINT('',(10.8945457319618,2.40212450676018,0.784247051808372));
#3348=VECTOR('',#3802,1000.0);
#3349=COLOUR_RGB('',0.752941191196442,0.752941191196442,0.752941191196442);
#3350=CARTESIAN_POINT('',(19.7651842919581,2.40212450676015,3.78144664500736));
#3351=VECTOR('',#3803,1000.0);
#3352=CARTESIAN_POINT('',(10.8945457319618,2.40212450676018,3.78144664500736));
#3353=VECTOR('',#3804,1000.0);
#3354=COLOUR_RGB('',0.752941191196442,0.752941191196442,0.752941191196442);
#3355=COLOUR_RGB('',0.752941191196442,0.752941191196442,0.752941191196442);
#3356=COLOUR_RGB('',0.752941191196442,0.752941191196442,0.752941191196442);
#3357=COLOUR_RGB('',0.752941191196442,0.752941191196442,0.752941191196442);
#3358=COLOUR_RGB('',0.752941191196442,0.752941191196442,0.752941191196442);
#3359=COLOUR_RGB('',0.752941191196442,0.752941191196442,0.752941191196442);
#3360=CARTESIAN_POINT('',(-1.83593426803819,4.98022450676021,7.36284701052462));
#3361=CARTESIAN_POINT('',(-1.83593426803819,4.98022450676021,7.36284701052462));
#3362=VECTOR('',#3805,1000.0);
#3363=CARTESIAN_POINT('',(-2.05183426803819,4.76432450676021,7.36284701955087));
#3364=CARTESIAN_POINT('',(-2.05183426803819,4.76432450676021,7.36284701955087));
#3365=CARTESIAN_POINT('',(-2.05183426803819,4.82084699458605,7.36284701804649));
#3366=CARTESIAN_POINT('',(-2.02856605652755,4.8770214263872,7.36284701654212));
#3367=CARTESIAN_POINT('',(-1.94863118766519,4.95695629524957,7.36284701353337));
#3368=CARTESIAN_POINT('',(-1.89245675586403,4.98022450676021,7.362847012029));
#3369=CARTESIAN_POINT('',(-1.83593426803819,4.98022450676021,7.36284701052462));
#3370=CARTESIAN_POINT('',(-2.05183426803819,4.76432450676021,7.36284701955087));
#3371=VECTOR('',#3806,1000.0);
#3372=COLOUR_RGB('',0.752941191196442,0.752941191196442,0.752941191196442);
#3373=CARTESIAN_POINT('',(-2.05183426803819,4.76432450676022,-2.79715134467091));
#3374=CARTESIAN_POINT('',(-2.05183426803819,4.76432450676021,-2.79715134467092));
#3375=VECTOR('',#3807,1000.0);
#3376=CARTESIAN_POINT('',(-1.8359342680382,4.98022450676021,-2.79715129536931));
#3377=CARTESIAN_POINT('',(-1.8359342680382,4.98022450676021,-2.79715129536931));
#3378=CARTESIAN_POINT('',(-1.89245675586403,4.98022450676021,-2.79715130358625));
#3379=CARTESIAN_POINT('',(-1.94863118766519,4.95695629524957,-2.79715131180318));
#3380=CARTESIAN_POINT('',(-2.02856605652755,4.87702142638721,-2.79715132823705));
#3381=CARTESIAN_POINT('',(-2.05183426803819,4.82084699458605,-2.79715133645398));
#3382=CARTESIAN_POINT('',(-2.05183426803819,4.76432450676022,-2.79715134467091));
#3383=CARTESIAN_POINT('',(-1.83593426803819,4.98022450676021,-2.79715129536931));
#3384=VECTOR('',#3808,1000.0);
#3385=COLOUR_RGB('',0.752941191196442,0.752941191196442,0.752941191196442);
#3386=CARTESIAN_POINT('',(4.52929146766189,4.98022450676021,7.36284669052089));
#3387=VECTOR('',#3809,1000.0);
#3388=CARTESIAN_POINT('',(-1.6301943604556,4.98022450676021,3.04484652326698));
#3389=CARTESIAN_POINT('',(4.52929121227082,4.98022450676021,3.04484652326698));
#3390=VECTOR('',#3810,1000.0);
#3391=CARTESIAN_POINT('',(-1.83593426803819,4.98022450676021,2.939799857175));
#3392=AXIS2_PLACEMENT_3D('',#3811,#3812,#3813);
#3393=CARTESIAN_POINT('',(-1.83593426803819,4.98022450676021,2.28283763081338));
#3394=VECTOR('',#3814,1000.0);
#3395=COLOUR_RGB('',0.752941191196442,0.752941191196442,0.752941191196442);
#3396=CARTESIAN_POINT('',(-2.05183426803819,2.61802450676021,3.78144689231308));
#3397=CARTESIAN_POINT('',(-2.05183426803828,2.61802450676021,3.78144689231308));
#3398=VECTOR('',#3815,1000.0);
#3399=CARTESIAN_POINT('',(-1.83593426803819,2.40212450676021,3.78144690133933));
#3400=CARTESIAN_POINT('',(-1.83593426803819,2.40212450676021,3.78144690133933));
#3401=CARTESIAN_POINT('',(-1.89245675586402,2.40212450676021,3.78144689983496));
#3402=CARTESIAN_POINT('',(-1.94863118766518,2.42539271827085,3.78144689833058));
#3403=CARTESIAN_POINT('',(-2.02856605652754,2.50532758713322,3.78144689532183));
#3404=CARTESIAN_POINT('',(-2.05183426803819,2.56150201893437,3.78144689381746));
#3405=CARTESIAN_POINT('',(-2.05183426803819,2.61802450676021,3.78144689231308));
#3406=CARTESIAN_POINT('',(-1.83593426803819,2.40212450676012,3.78144690133933));
#3407=VECTOR('',#3816,1000.0);
#3408=COLOUR_RGB('',0.752941191196442,0.752941191196442,0.752941191196442);
#3409=CARTESIAN_POINT('',(-1.83593426803818,2.40212450676021,0.784249183124157));
#3410=CARTESIAN_POINT('',(-1.83593426803819,2.40212450676012,0.784249183124157));
#3411=VECTOR('',#3817,1000.0);
#3412=CARTESIAN_POINT('',(-2.05183426803819,2.61802450676014,0.784249232425759));
#3413=CARTESIAN_POINT('',(-2.05183426803819,2.61802450676014,0.784249232425759));
#3414=CARTESIAN_POINT('',(-2.05183426803815,2.56150201893426,0.784249224208825));
#3415=CARTESIAN_POINT('',(-2.02856605652749,2.50532758713314,0.784249215991891));
#3416=CARTESIAN_POINT('',(-1.94863118766513,2.42539271827083,0.784249199558024));
#3417=CARTESIAN_POINT('',(-1.89245675586399,2.40212450676021,0.78424919134109));
#3418=CARTESIAN_POINT('',(-1.83593426803818,2.40212450676021,0.784249183124157));
#3419=CARTESIAN_POINT('',(-2.05183426803828,2.61802450676021,0.784249232425759));
#3420=VECTOR('',#3818,1000.0);
#3421=COLOUR_RGB('',0.752941191196442,0.752941191196442,0.752941191196442);
#3422=CARTESIAN_POINT('',(0.157965893496259,2.40212450676021,0.784248635606247));
#3423=CARTESIAN_POINT('',(-10.7065442001589,2.40212450676015,0.784251618962175));
#3424=VECTOR('',#3819,1000.0);
#3425=CARTESIAN_POINT('',(0.157965742815879,2.40212450676022,3.78144700158015));
#3426=CARTESIAN_POINT('',(0.157965818156554,2.40212450676022,2.28283817701295));
#3427=VECTOR('',#3820,1000.0);
#3428=CARTESIAN_POINT('',(-10.7065438639932,2.40212450676015,3.78144645538058));
#3429=VECTOR('',#3821,1000.0);
#3430=CARTESIAN_POINT('',(-1.83593426803819,2.40212450676021,2.28283763081338));
#3431=VECTOR('',#3822,1000.0);
#3432=COLOUR_RGB('',0.752941191196442,0.752941191196442,0.752941191196442);
#3433=CARTESIAN_POINT('',(0.157965893496259,2.40212450676021,0.784248635606247));
#3434=VECTOR('',#3823,1000.0);
#3435=COLOUR_RGB('',0.752941191196442,0.752941191196442,0.752941191196442);
#3436=CARTESIAN_POINT('',(0.157965742815879,2.40212450676022,3.78144700158015));
#3437=VECTOR('',#3824,1000.0);
#3438=COLOUR_RGB('',0.752941191196442,0.752941191196442,0.752941191196442);
#3439=CARTESIAN_POINT('',(-1.6301943604556,4.98022450676021,3.04484652326698));
#3440=VECTOR('',#3825,1000.0);
#3441=COLOUR_RGB('',0.752941191196442,0.752941191196442,0.752941191196442);
#3442=CARTESIAN_POINT('',(-1.83593426803819,4.98022450676021,2.939799857175));
#3443=CARTESIAN_POINT('',(-1.83593426803819,4.77702450676021,2.939799857175));
#3444=COLOUR_RGB('',0.752941191196442,0.752941191196442,0.752941191196442);
#3445=COLOUR_RGB('',0.752941191196442,0.752941191196442,0.752941191196442);
#3446=CARTESIAN_POINT('',(-2.05183426803819,3.62560757418402,6.60084639682864));
#3447=CARTESIAN_POINT('',(-2.05183426803819,3.62560757418402,6.60084639682864));
#3448=VECTOR('',#3826,1000.0);
#3449=CARTESIAN_POINT('',(-2.05183426803819,4.38760829246243,7.3628470384898));
#3450=CARTESIAN_POINT('',(-2.05183426803819,4.38760829246243,7.3628470384898));
#3451=VECTOR('',#3827,1000.0);
#3452=CARTESIAN_POINT('',(-2.0518342680382,5.30834579397286,8.28358444742239));
#3453=VECTOR('',#3828,1000.0);
#3454=COLOUR_RGB('',0.752941191196442,0.752941191196442,0.752941191196442);
#3455=CARTESIAN_POINT('',(-2.05183426803819,3.62560747075084,4.54344684165811));
#3456=CARTESIAN_POINT('',(-2.05183426803819,3.62560747075084,4.54344684165811));
#3457=VECTOR('',#3829,1000.0);
#3458=CARTESIAN_POINT('',(-2.05183426803819,3.62560735710157,2.28283801709092));
#3459=VECTOR('',#3830,1000.0);
#3460=COLOUR_RGB('',0.752941191196442,0.752941191196442,0.752941191196442);
#3461=CARTESIAN_POINT('',(-2.05183426803819,2.86360743244226,3.78144687996671));
#3462=CARTESIAN_POINT('',(-2.05183426803819,2.86360743244226,3.78144687996671));
#3463=VECTOR('',#3831,1000.0);
#3464=AXIS2_PLACEMENT_3D('',#3832,#3833,#3834);
#3465=COLOUR_RGB('',0.752941191196442,0.752941191196442,0.752941191196442);
#3466=CARTESIAN_POINT('',(-2.05183426803822,11.3090920825626,3.78144645538058));
#3467=VECTOR('',#3835,1000.0);
#3468=COLOUR_RGB('',0.752941191196442,0.752941191196442,0.752941191196442);
#3469=CARTESIAN_POINT('',(-2.05183426803819,2.8636074324421,0.784249299861959));
#3470=CARTESIAN_POINT('',(-2.05183426803822,11.3090924187283,0.784251618962175));
#3471=VECTOR('',#3836,1000.0);
#3472=CARTESIAN_POINT('',(-2.05183426803819,2.8636074324421,0.784249299861959));
#3473=VECTOR('',#3837,1000.0);
#3474=COLOUR_RGB('',0.752941191196442,0.752941191196442,0.752941191196442);
#3475=CARTESIAN_POINT('',(-2.05183426803819,3.62560764168457,0.0222495091044862));
#3476=CARTESIAN_POINT('',(-2.05183426803819,3.62560764168457,0.0222495091044862));
#3477=VECTOR('',#3838,1000.0);
#3478=AXIS2_PLACEMENT_3D('',#3839,#3840,#3841);
#3479=COLOUR_RGB('',0.752941191196442,0.752941191196442,0.752941191196442);
#3480=CARTESIAN_POINT('',(-2.05183426803819,3.62560820663945,-2.03515097738856));
#3481=CARTESIAN_POINT('',(-2.05183426803819,3.62560820663945,-2.03515097738856));
#3482=VECTOR('',#3842,1000.0);
#3483=CARTESIAN_POINT('',(-2.05183426803819,3.62560702093567,2.28283552095566));
#3484=VECTOR('',#3843,1000.0);
#3485=COLOUR_RGB('',0.752941191196442,0.752941191196442,0.752941191196442);
#3486=CARTESIAN_POINT('',(-2.05183426803819,4.38760909585189,-2.79715144811563));
#3487=CARTESIAN_POINT('',(-2.05183426803819,4.38760909585189,-2.79715144811563));
#3488=VECTOR('',#3844,1000.0);
#3489=CARTESIAN_POINT('',(-2.0518342680382,5.30835791268742,-3.71789975928258));
#3490=VECTOR('',#3845,1000.0);
#3491=COLOUR_RGB('',0.752941191196442,0.752941191196442,0.752941191196442);
#3492=CARTESIAN_POINT('',(-2.05183426803819,2.61802450676021,2.28283763081338));
#3493=VECTOR('',#3846,1000.0);
#3494=CARTESIAN_POINT('',(-2.05183426803822,11.309092262613,7.36284669052089));
#3495=VECTOR('',#3847,1000.0);
#3496=CARTESIAN_POINT('',(-2.05183426803819,4.76432450676021,2.28283763081338));
#3497=VECTOR('',#3848,1000.0);
#3498=CARTESIAN_POINT('',(-2.05183426803822,11.3090934021683,-2.7971495475006));
#3499=VECTOR('',#3849,1000.0);
#3500=COLOUR_RGB('',0.752941191196442,0.752941191196442,0.752941191196442);
#3501=COLOUR_RGB('',0.752941191196442,0.752941191196442,0.752941191196442);
#3502=COLOUR_RGB('',0.752941191196442,0.752941191196442,0.752941191196442);
#3503=CARTESIAN_POINT('',(-1.9244077931423,4.96126420655599,2.79084653603651));
#3504=CARTESIAN_POINT('',(-1.84163963760049,4.77702450676021,2.79084653603651));
#3505=CARTESIAN_POINT('',(-1.9244077931423,4.96126420655599,2.79084653603651));
#3506=CARTESIAN_POINT('',(-1.83593426803819,4.98022450676021,2.939799857175));
#3507=CARTESIAN_POINT('',(-1.86632026019294,4.98022450676021,2.89014875012884));
#3508=CARTESIAN_POINT('',(-1.89669029349917,4.97371606315496,2.84049764308268));
#3509=CARTESIAN_POINT('',(-1.9244077931423,4.96126420655599,2.79084653603651));
#3510=COLOUR_RGB('',0.752941191196442,0.752941191196442,0.752941191196442);
#3511=CARTESIAN_POINT('',(-1.9244077931423,4.96126420655599,1.77484703874208));
#3512=CARTESIAN_POINT('',(-1.84163963760049,4.77702450676021,1.77484703874208));
#3513=CARTESIAN_POINT('',(-1.86922902278109,4.83843774002547,1.77484703874208));
#3514=CARTESIAN_POINT('',(-1.8968184079617,4.89985097329073,1.77484703874208));
#3515=CARTESIAN_POINT('',(-1.9244077931423,4.96126420655599,1.77484703874208));
#3516=CARTESIAN_POINT('',(-1.9244077931423,4.96126420655599,1.77484703874208));
#3517=VECTOR('',#3850,1000.0);
#3518=COLOUR_RGB('',0.752941191196442,0.752941191196442,0.752941191196442);
#3519=CARTESIAN_POINT('',(-1.83593426803819,4.98022450676021,1.62589369206453));
#3520=CARTESIAN_POINT('',(-1.83593426803819,4.77702450676021,1.62589369206453));
#3521=CARTESIAN_POINT('',(-1.83593426803819,4.98022450676021,1.62589369206453));
#3522=CARTESIAN_POINT('',(-1.9244077931423,4.96126420655599,1.77484703874208));
#3523=CARTESIAN_POINT('',(-1.89669029349917,4.97371606315496,1.7251959231829));
#3524=CARTESIAN_POINT('',(-1.86632026019293,4.98022450676021,1.67554480762372));
#3525=CARTESIAN_POINT('',(-1.83593426803819,4.98022450676021,1.62589369206453));
#3526=COLOUR_RGB('',0.752941191196442,0.752941191196442,0.752941191196442);
#3527=CARTESIAN_POINT('',(-1.83593426803819,4.98022450676021,2.28283763081338));
#3528=VECTOR('',#3851,1000.0);
#3529=COLOUR_RGB('',0.752941191196442,0.752941191196442,0.752941191196442);
#3530=CARTESIAN_POINT('',(-1.63019438599468,4.98022450676021,1.52084702597256));
#3531=CARTESIAN_POINT('',(4.52929121227082,4.98022450676021,1.52084702597256));
#3532=VECTOR('',#3852,1000.0);
#3533=CARTESIAN_POINT('',(-1.63019438599468,4.98022450676021,1.52084702597256));
#3534=VECTOR('',#3853,1000.0);
#3535=COLOUR_RGB('',0.752941191196442,0.752941191196442,0.752941191196442);
#3536=CARTESIAN_POINT('',(4.52929260721728,4.98022450676021,-2.7971495475006));
#3537=VECTOR('',#3854,1000.0);
#3538=AXIS2_PLACEMENT_3D('',#3855,#3856,#3857);
#3539=COLOUR_RGB('',0.752941191196442,0.752941191196442,0.752941191196442);
#3540=COLOUR_RGB('',0.752941191196442,0.752941191196442,0.752941191196442);
#3541=COLOUR_RGB('',0.752941191196442,0.752941191196442,0.752941191196442);
#3542=COLOUR_RGB('',0.752941191196442,0.752941191196442,0.752941191196442);
#3543=COLOUR_RGB('',0.792156875133514,0.819607853889465,0.933333337306976);
#3544=DIRECTION('',(-2.52074513160082E-33,1.0,1.56125112837913E-17));
#3545=DIRECTION('',(3.51229802055486E-15,1.0,-1.55139065251664E-16));
#3546=CARTESIAN_POINT('',(10.9072457319618,2.86360633566434,4.54344664500736));
#3547=DIRECTION('',(1.0,-4.55307998944044E-15,-4.47296669389285E-18));
#3548=DIRECTION('',(-4.55307998944044E-15,-1.0,0.0));
#3549=DIRECTION('',(9.6707586153866E-18,-1.55127971602409E-16,-1.0));
#3550=DIRECTION('',(-2.47672996698781E-15,-0.707106349070718,-0.707107213302113));
#3551=DIRECTION('',(-3.51229802055486E-15,-1.0,1.55139065251664E-16));
#3552=DIRECTION('',(-6.51160838693646E-31,1.0,4.0330360313783E-15));
#3553=DIRECTION('',(1.614567372142E-16,0.0,-1.0));
#3554=DIRECTION('',(-0.0,-1.0,-0.0));
#3555=DIRECTION('',(1.614567372142E-16,0.0,-1.0));
#3556=DIRECTION('',(1.14167153752415E-16,0.707106781186551,-0.707106781186544));
#3557=DIRECTION('',(-1.614567372142E-16,0.0,1.0));
#3558=DIRECTION('',(0.0,1.0,1.56125112837925E-17));
#3559=DIRECTION('',(-3.47066465978682E-15,0.999999999999962,2.74596452357034E-07));
#3560=CARTESIAN_POINT('',(-1.84863426803819,2.8636076416846,0.0222492998619901));
#3561=DIRECTION('',(-1.0,-3.41480999208034E-15,4.47301744217363E-18));
#3562=DIRECTION('',(-3.41480999208034E-15,1.0,1.86747421441893E-16));
#3563=DIRECTION('',(9.66975483490341E-18,2.74596452485231E-07,-0.999999999999962));
#3564=DIRECTION('',(-2.44729296694359E-15,0.707106975355535,-0.707106587017507));
#3565=DIRECTION('',(-3.47066465978682E-15,0.999999999999962,2.74596451930109E-07));
#3566=DIRECTION('',(0.0,1.0,1.56125112837913E-17));
#3567=DIRECTION('',(-0.0,-0.0,1.0));
#3568=DIRECTION('',(-0.0,-1.0,-0.0));
#3569=DIRECTION('',(-0.0,-0.0,1.0));
#3570=DIRECTION('',(-0.0,0.707106781186547,0.707106781186547));
#3571=DIRECTION('',(-0.0,0.0,1.0));
#3572=DIRECTION('',(1.0,-5.75931519591686E-34,1.66267516192308E-16));
#3573=DIRECTION('',(-0.0,0.0,-1.0));
#3574=CARTESIAN_POINT('',(9.6474057319618,4.77702450676021,7.60414638274658));
#3575=DIRECTION('',(0.0,1.0,0.0));
#3576=DIRECTION('',(0.0,0.0,1.0));
#3577=DIRECTION('',(1.0,-0.0,4.23673696287882E-17));
#3578=CARTESIAN_POINT('',(-0.588794268038197,4.77702450676021,7.60414638274658));
#3579=DIRECTION('',(0.0,1.0,0.0));
#3580=DIRECTION('',(0.0,0.0,1.0));
#3581=DIRECTION('',(-2.44497135471145E-16,0.0,1.0));
#3582=DIRECTION('',(0.999999999999999,7.84899391794931E-25,-5.02737436346889E-08));
#3583=DIRECTION('',(1.0,-0.0,9.67070786710637E-18));
#3584=DIRECTION('',(-0.0,-0.0,1.0));
#3585=CARTESIAN_POINT('',(-0.842794268038193,4.77702450676021,7.65494638274658));
#3586=DIRECTION('',(0.0,1.0,0.0));
#3587=DIRECTION('',(0.0,0.0,-1.0));
#3588=DIRECTION('',(1.0,0.0,0.0));
#3589=CARTESIAN_POINT('',(9.90140573196181,4.77702450676021,7.65494638274658));
#3590=DIRECTION('',(0.0,1.0,0.0));
#3591=DIRECTION('',(0.0,0.0,1.0));
#3592=DIRECTION('',(1.0,0.0,3.38256241501192E-16));
#3593=CARTESIAN_POINT('',(10.6888060316908,4.77702450676021,2.79084613139414));
#3594=DIRECTION('',(-0.0,1.0,1.56014176345364E-17));
#3595=DIRECTION('',(1.0,0.0,0.0));
#3596=DIRECTION('',(6.94444243490252E-16,-0.0,1.0));
#3597=CARTESIAN_POINT('',(10.6888060316908,4.77702450676021,1.77484663409904));
#3598=DIRECTION('',(-0.0,1.0,1.56014176345364E-17));
#3599=DIRECTION('',(1.0,0.0,0.0));
#3600=DIRECTION('',(-1.0,5.75931519591686E-34,-1.66267516192308E-16));
#3601=DIRECTION('',(-0.0,0.0,-1.0));
#3602=DIRECTION('',(1.0,-5.75931519591686E-34,1.66267516192308E-16));
#3603=DIRECTION('',(1.0,-5.75931519591686E-34,1.66267516192308E-16));
#3604=DIRECTION('',(-1.0,0.0,-1.80411241501588E-16));
#3605=DIRECTION('',(1.614567372142E-16,0.0,-1.0));
#3606=CARTESIAN_POINT('',(9.90140573196181,4.77702450676021,-3.08925361725342));
#3607=DIRECTION('',(0.0,1.0,0.0));
#3608=DIRECTION('',(0.0,0.0,-1.0));
#3609=DIRECTION('',(-1.0,-0.0,1.614567372142E-16));
#3610=CARTESIAN_POINT('',(-0.842794268038193,4.77702450676021,-3.08925361725342));
#3611=DIRECTION('',(0.0,1.0,0.0));
#3612=DIRECTION('',(0.0,0.0,-1.0));
#3613=DIRECTION('',(-1.0,0.0,-9.67070786710637E-18));
#3614=DIRECTION('',(0.999999999999962,-4.28714020191455E-24,2.74596451910035E-07));
#3615=DIRECTION('',(-2.44497135471145E-16,0.0,1.0));
#3616=CARTESIAN_POINT('',(-0.588794268038194,4.77702450676021,-3.03845361725342));
#3617=DIRECTION('',(0.0,1.0,0.0));
#3618=DIRECTION('',(0.0,0.0,1.0));
#3619=DIRECTION('',(-1.0,0.0,0.0));
#3620=CARTESIAN_POINT('',(9.6474057319618,4.77702450676021,-3.03845361725342));
#3621=DIRECTION('',(0.0,1.0,0.0));
#3622=DIRECTION('',(0.0,0.0,1.0));
#3623=DIRECTION('',(-0.0,0.0,-1.0));
#3624=DIRECTION('',(1.0,0.0,1.80411241501588E-16));
#3625=DIRECTION('',(-1.0,6.98296267768627E-15,1.75213449580094E-16));
#3626=DIRECTION('',(-5.0273743431884E-08,-1.56121602241172E-17,0.999999999999999));
#3627=DIRECTION('',(1.0,-6.98296267768627E-15,-1.75213449580094E-16));
#3628=DIRECTION('',(-1.0,0.0,-1.80411241501588E-16));
#3629=DIRECTION('',(-1.0,0.0,0.0));
#3630=DIRECTION('',(-0.0,-0.0,-1.0));
#3631=DIRECTION('',(1.0,-0.0,-0.0));
#3632=DIRECTION('',(-1.614567372142E-16,0.0,1.0));
#3633=CARTESIAN_POINT('',(9.90140573196181,2.42752450676021,7.65494638274658));
#3634=DIRECTION('',(0.0,1.0,0.0));
#3635=DIRECTION('',(0.0,0.0,1.0));
#3636=DIRECTION('',(-0.0,-1.0,-0.0));
#3637=CARTESIAN_POINT('',(10.9072457319618,2.86360633566432,0.02224705180838));
#3638=DIRECTION('',(1.0,-4.55307998944049E-15,-4.47296669389269E-18));
#3639=DIRECTION('',(-4.55307998944049E-15,-1.0,1.55622851201579E-16));
#3640=DIRECTION('',(-3.51229802055486E-15,-1.0,1.55139065251664E-16));
#3641=DIRECTION('',(2.52074513160082E-33,-1.0,-1.56125112837913E-17));
#3642=DIRECTION('',(1.14167153752415E-16,-0.707106781186551,-0.707106781186544));
#3643=DIRECTION('',(1.614567372142E-16,0.0,-1.0));
#3644=DIRECTION('',(-0.0,-1.0,-0.0));
#3645=DIRECTION('',(2.52074513160082E-33,-1.0,-1.56125112837913E-17));
#3646=DIRECTION('',(-3.51229802055486E-15,-1.0,1.55139065251664E-16));
#3647=DIRECTION('',(2.49040649333789E-15,0.707106349070718,-0.707107213302113));
#3648=DIRECTION('',(9.6707586153866E-18,-1.55127971602409E-16,-1.0));
#3649=CARTESIAN_POINT('',(9.90140573196181,2.42752450676021,-3.08925361725342));
#3650=DIRECTION('',(0.0,1.0,0.0));
#3651=DIRECTION('',(0.0,0.0,-1.0));
#3652=DIRECTION('',(-0.0,-1.0,-0.0));
#3653=DIRECTION('',(-1.0,-0.0,1.614567372142E-16));
#3654=DIRECTION('',(-0.0,-1.0,-0.0));
#3655=CARTESIAN_POINT('',(-0.842794268038193,2.42752450676021,-3.08925361725342));
#3656=DIRECTION('',(0.0,1.0,0.0));
#3657=DIRECTION('',(0.0,0.0,-1.0));
#3658=CARTESIAN_POINT('',(-1.84863426803819,2.86360747075085,4.5434468799667));
#3659=DIRECTION('',(-1.0,-3.41480999208037E-15,4.47301744217361E-18));
#3660=DIRECTION('',(-3.41480999208037E-15,1.0,2.3153468428494E-48));
#3661=DIRECTION('',(3.47066465664522E-15,-0.999999999999999,5.02737435773524E-08));
#3662=DIRECTION('',(-0.0,-1.0,-1.56125112837925E-17));
#3663=DIRECTION('',(-0.0,0.0,1.0));
#3664=DIRECTION('',(-0.0,-0.707106781186547,0.707106781186547));
#3665=DIRECTION('',(-0.0,-0.0,1.0));
#3666=DIRECTION('',(-0.0,-1.0,-0.0));
#3667=DIRECTION('',(-0.0,-1.0,-1.56125112837913E-17));
#3668=DIRECTION('',(-3.47066465664522E-15,0.999999999999999,-5.02737436146144E-08));
#3669=DIRECTION('',(-2.46096886042835E-15,0.707106816735452,0.707106745637641));
#3670=DIRECTION('',(9.670882350411E-18,-5.02737434631764E-08,-0.999999999999999));
#3671=CARTESIAN_POINT('',(-0.842794268038193,2.42752450676021,7.65494638274658));
#3672=DIRECTION('',(0.0,1.0,0.0));
#3673=DIRECTION('',(0.0,0.0,-1.0));
#3674=DIRECTION('',(-0.0,-1.0,-0.0));
#3675=DIRECTION('',(1.0,0.0,0.0));
#3676=DIRECTION('',(1.0,-5.75931519591686E-34,1.66267516192308E-16));
#3677=CARTESIAN_POINT('',(-1.63019437322514,4.77702450676021,1.77484702597255));
#3678=DIRECTION('',(-0.0,1.0,1.56014176345364E-17));
#3679=DIRECTION('',(1.0,0.0,0.0));
#3680=DIRECTION('',(3.17095929565068E-16,0.0,-1.0));
#3681=CARTESIAN_POINT('',(-1.63019437322514,4.77702450676021,2.79084652326698));
#3682=DIRECTION('',(-0.0,1.0,1.56014176345364E-17));
#3683=DIRECTION('',(1.0,0.0,0.0));
#3684=DIRECTION('',(-1.0,5.75931519591686E-34,-1.66267516192308E-16));
#3685=DIRECTION('',(-2.44497135471145E-16,0.0,1.0));
#3686=DIRECTION('',(-1.0,0.0,0.0));
#3687=DIRECTION('',(0.0,0.0,1.0));
#3688=DIRECTION('',(1.0,0.0,-0.0));
#3689=DIRECTION('',(1.0,0.0,0.0));
#3690=DIRECTION('',(0.0,0.0,-1.0));
#3691=DIRECTION('',(-1.0,0.0,0.0));
#3692=DIRECTION('',(0.0,-1.0,0.0));
#3693=DIRECTION('',(0.0,-1.0,0.0));
#3694=CARTESIAN_POINT('',(-0.588794268038194,5.79302450676021,-3.03845361725342));
#3695=DIRECTION('',(0.0,-1.0,0.0));
#3696=DIRECTION('',(0.0,0.0,1.0));
#3697=DIRECTION('',(3.8172142863979E-33,-1.0,-1.56125112837913E-17));
#3698=DIRECTION('',(2.44497135471145E-16,1.56014176345364E-17,-1.0));
#3699=DIRECTION('',(-3.8172142863979E-33,1.0,1.56125112837913E-17));
#3700=DIRECTION('',(0.0,-1.0,0.0));
#3701=DIRECTION('',(2.44497135471145E-16,-0.0,-1.0));
#3702=DIRECTION('',(3.8172142863979E-33,-1.0,-1.56125112837913E-17));
#3703=DIRECTION('',(2.44497135471145E-16,1.56014176345364E-17,-1.0));
#3704=DIRECTION('',(-3.8172142863979E-33,1.0,1.56125112837913E-17));
#3705=DIRECTION('',(0.0,-1.0,0.0));
#3706=CARTESIAN_POINT('',(-0.588794268038197,5.79302450676021,7.60414638274658));
#3707=DIRECTION('',(0.0,-1.0,0.0));
#3708=DIRECTION('',(0.0,0.0,1.0));
#3709=DIRECTION('',(0.0,-1.0,0.0));
#3710=DIRECTION('',(-1.0,-0.0,-4.23673696287882E-17));
#3711=DIRECTION('',(0.0,-1.0,0.0));
#3712=CARTESIAN_POINT('',(9.6474057319618,5.79302450676021,7.60414638274658));
#3713=DIRECTION('',(0.0,-1.0,0.0));
#3714=DIRECTION('',(0.0,0.0,1.0));
#3715=DIRECTION('',(0.0,-1.0,-1.56125112837913E-17));
#3716=DIRECTION('',(0.0,-1.56014176345364E-17,1.0));
#3717=DIRECTION('',(-0.0,1.0,1.56125112837913E-17));
#3718=DIRECTION('',(-0.0,-1.0,-1.56125112837913E-17));
#3719=DIRECTION('',(0.0,-1.56014176345364E-17,1.0));
#3720=DIRECTION('',(-0.0,1.0,1.56125112837913E-17));
#3721=DIRECTION('',(0.0,-1.0,0.0));
#3722=DIRECTION('',(0.0,0.0,1.0));
#3723=DIRECTION('',(0.0,-1.0,0.0));
#3724=CARTESIAN_POINT('',(9.6474057319618,5.79302450676021,-3.03845361725342));
#3725=DIRECTION('',(0.0,-1.0,0.0));
#3726=DIRECTION('',(0.0,0.0,-1.0));
#3727=DIRECTION('',(1.0,0.0,0.0));
#3728=DIRECTION('',(1.0,-0.0,9.67070786710635E-18));
#3729=DIRECTION('',(0.999999999999999,6.98296267690136E-15,5.02737435884809E-08));
#3730=DIRECTION('',(5.0273743431884E-08,1.56128623434664E-17,-0.999999999999999));
#3731=DIRECTION('',(-0.999999999999962,-6.98296268197315E-15,2.74596452345905E-07));
#3732=DIRECTION('',(-1.0,0.0,-9.67070786710635E-18));
#3733=DIRECTION('',(1.0,0.0,0.0));
#3734=DIRECTION('',(0.0,0.0,1.0));
#3735=DIRECTION('',(-1.0,-0.0,-0.0));
#3736=DIRECTION('',(-0.577350269189624,-0.577350269189629,0.577350269189624));
#3737=DIRECTION('',(-0.577350269189624,-0.577350269189629,-0.577350269189624));
#3738=DIRECTION('',(-0.577350269189626,0.577350269189626,-0.577350269189626));
#3739=DIRECTION('',(-0.577350269189626,0.577350269189626,0.577350269189626));
#3740=DIRECTION('',(-5.0273743431884E-08,-1.56121602241172E-17,0.999999999999999));
#3741=DIRECTION('',(7.00377935939799E-15,1.0,1.56014176345363E-17));
#3742=DIRECTION('',(7.00377935939799E-15,1.0,1.56014176345363E-17));
#3743=DIRECTION('',(-9.67075861538722E-18,-1.56125112837913E-17,1.0));
#3744=CARTESIAN_POINT('',(10.8945457319618,2.61802450676021,3.78144664500736));
#3745=DIRECTION('',(0.0,1.56125112837913E-17,-1.0));
#3746=DIRECTION('',(1.0,0.0,0.0));
#3747=DIRECTION('',(-9.6707586153872E-18,-1.56125112837913E-17,1.0));
#3748=CARTESIAN_POINT('',(10.8945457319618,2.61802450676021,0.784247051808372));
#3749=DIRECTION('',(0.0,-1.56125112837913E-17,1.0));
#3750=DIRECTION('',(-1.0,0.0,0.0));
#3751=CARTESIAN_POINT('',(10.6888060316908,4.98022450676021,1.77484663409904));
#3752=DIRECTION('',(-0.0,1.0,1.56014176345364E-17));
#3753=DIRECTION('',(1.0,0.0,0.0));
#3754=DIRECTION('',(2.08166817117217E-17,1.0,1.56014176345364E-17));
#3755=DIRECTION('',(1.0,-5.75931519591686E-34,1.66267516192308E-16));
#3756=DIRECTION('',(-8.20490216690893E-17,-1.0,-1.56014176345364E-17));
#3757=DIRECTION('',(-1.0,5.75931519591686E-34,-1.66267516192308E-16));
#3758=DIRECTION('',(9.67075861538722E-18,1.56125112837913E-17,-1.0));
#3759=DIRECTION('',(9.67075861538722E-18,1.56125112837913E-17,-1.0));
#3760=CARTESIAN_POINT('',(10.8945457319618,4.76432450676021,7.36284688014768));
#3761=DIRECTION('',(3.38256241501192E-16,4.01742352009451E-15,-1.0));
#3762=DIRECTION('',(-1.54491156129741E-46,1.0,4.01742352009451E-15));
#3763=DIRECTION('',(9.6707586153872E-18,1.56125112837913E-17,-1.0));
#3764=CARTESIAN_POINT('',(10.8945457319618,4.76432450676021,-2.79715411465452));
#3765=DIRECTION('',(0.0,-1.56125112837913E-17,1.0));
#3766=DIRECTION('',(-1.0,0.0,0.0));
#3767=DIRECTION('',(6.73291678921262E-16,-1.56125112837913E-17,1.0));
#3768=DIRECTION('',(-1.0,3.5527136788005E-15,4.47296669389285E-18));
#3769=DIRECTION('',(-3.51229802055486E-15,-1.0,1.55139065251664E-16));
#3770=DIRECTION('',(1.0,-3.49148133884313E-15,-4.47296669389285E-18));
#3771=DIRECTION('',(1.0,-3.5527136788005E-15,-4.47296669389285E-18));
#3772=DIRECTION('',(1.0,-3.49148133884313E-15,-4.47296669389285E-18));
#3773=DIRECTION('',(-3.51229802055486E-15,-1.0,1.55139065251664E-16));
#3774=DIRECTION('',(-3.51229802055486E-15,-1.0,1.55139065251664E-16));
#3775=CARTESIAN_POINT('',(11.1104457319618,2.86360633566432,0.0222470518083805));
#3776=DIRECTION('',(1.0,-4.55307998944049E-15,-4.47296669389269E-18));
#3777=DIRECTION('',(-4.55307998944049E-15,-1.0,1.55622851201579E-16));
#3778=DIRECTION('',(9.6707586153866E-18,-1.55127971602409E-16,-1.0));
#3779=DIRECTION('',(2.49040649333789E-15,0.707106349070718,-0.707107213302113));
#3780=DIRECTION('',(-2.47672996698781E-15,-0.707106349070718,-0.707107213302113));
#3781=DIRECTION('',(9.67075861536292E-18,-6.9004331180615E-15,-1.0));
#3782=CARTESIAN_POINT('',(11.1104457319618,2.86360633566434,4.54344664500736));
#3783=DIRECTION('',(1.0,-4.55307998944044E-15,-4.47296669389285E-18));
#3784=DIRECTION('',(-4.55307998944044E-15,-1.0,0.0));
#3785=DIRECTION('',(3.51229802055486E-15,1.0,-1.55139065251664E-16));
#3786=DIRECTION('',(1.0,-3.49148133884313E-15,-4.47296669389285E-18));
#3787=DIRECTION('',(1.0,-3.49148133884313E-15,-4.47296669389285E-18));
#3788=DIRECTION('',(1.0,-3.49148133884313E-15,-4.47296669389285E-18));
#3789=DIRECTION('',(-1.0,-2.0897561960691E-33,4.47296669389342E-18));
#3790=DIRECTION('',(1.0,2.0897561960691E-33,-4.47296669389342E-18));
#3791=DIRECTION('',(1.0,-3.49148133884313E-15,-4.47296669389285E-18));
#3792=DIRECTION('',(1.0,-3.49148133884313E-15,-4.47296669389285E-18));
#3793=DIRECTION('',(1.0,-3.49148133884313E-15,-4.47296669389285E-18));
#3794=DIRECTION('',(1.0,-3.00967200946829E-30,1.92902466277036E-13));
#3795=DIRECTION('',(2.08166817117217E-17,1.0,1.56014176345364E-17));
#3796=CARTESIAN_POINT('',(10.6888060316908,4.98022450676021,2.79084613139414));
#3797=DIRECTION('',(-0.0,1.0,1.56014176345364E-17));
#3798=DIRECTION('',(1.0,0.0,0.0));
#3799=DIRECTION('',(1.0,-5.75931519591686E-34,1.66267516192308E-16));
#3800=DIRECTION('',(8.20490216690893E-17,1.0,1.56014176345364E-17));
#3801=DIRECTION('',(-1.0,6.98296267768627E-15,1.75213449580094E-16));
#3802=DIRECTION('',(-3.51229802055486E-15,-1.0,-1.56014176345369E-17));
#3803=DIRECTION('',(1.0,-6.98296267768627E-15,-1.75213449580094E-16));
#3804=DIRECTION('',(3.51229802055486E-15,1.0,1.56014176345369E-17));
#3805=DIRECTION('',(8.20490216690894E-17,1.0,1.56014145561574E-17));
#3806=DIRECTION('',(-1.0,-3.43024899888577E-15,4.47301436379465E-18));
#3807=DIRECTION('',(1.0,3.43024899888577E-15,-4.4730342563569E-18));
#3808=DIRECTION('',(-8.20490216690893E-17,-1.0,-1.56014344487197E-17));
#3809=DIRECTION('',(0.999999999999999,7.84899391794931E-25,-5.02737436346889E-08));
#3810=DIRECTION('',(-1.0,-3.34726219975978E-33,8.50177285731826E-17));
#3811=CARTESIAN_POINT('',(-1.63019437322514,4.98022450676021,2.79084652326698));
#3812=DIRECTION('',(-0.0,1.0,1.56014176345364E-17));
#3813=DIRECTION('',(1.0,0.0,0.0));
#3814=DIRECTION('',(9.67070786710637E-18,1.56125112837913E-17,-1.0));
#3815=DIRECTION('',(-1.0,6.98296267768627E-15,4.47249085266104E-18));
#3816=DIRECTION('',(-3.51229802055486E-15,-1.0,-1.56019442240503E-17));
#3817=DIRECTION('',(3.51229802055486E-15,1.0,1.55985413893704E-17));
#3818=DIRECTION('',(1.0,-6.98296267768627E-15,-4.47589368734095E-18));
#3819=DIRECTION('',(-0.999999999999962,-6.98296268197315E-15,2.74596452345905E-07));
#3820=DIRECTION('',(5.0273743431884E-08,1.56128623434664E-17,-0.999999999999999));
#3821=DIRECTION('',(0.999999999999999,6.98296267690136E-15,5.02737435884809E-08));
#3822=DIRECTION('',(9.67070786710634E-18,1.56125112837924E-17,-1.0));
#3823=DIRECTION('',(-6.96214599597454E-15,1.0,1.56014176345376E-17));
#3824=DIRECTION('',(-6.96214599597454E-15,1.0,1.56014176345376E-17));
#3825=DIRECTION('',(2.08166817117217E-17,1.0,1.56014176345364E-17));
#3826=DIRECTION('',(-1.0,-3.49148133884313E-15,4.47301744217361E-18));
#3827=DIRECTION('',(-1.0,-3.49148133884313E-15,4.47301744217361E-18));
#3828=DIRECTION('',(-2.46096886042835E-15,0.707106816735452,0.707106745637641));
#3829=DIRECTION('',(-1.0,-3.49148133884313E-15,4.47301744217361E-18));
#3830=DIRECTION('',(9.670882350411E-18,-5.02737434631764E-08,-0.999999999999999));
#3831=DIRECTION('',(-1.0,-3.49148133884313E-15,4.47301744217361E-18));
#3832=CARTESIAN_POINT('',(-2.05183426803819,2.86360747075085,4.5434468799667));
#3833=DIRECTION('',(-1.0,-3.41480999208037E-15,4.47301744217361E-18));
#3834=DIRECTION('',(-3.41480999208037E-15,1.0,2.3153468428494E-48));
#3835=DIRECTION('',(3.47066465664522E-15,-0.999999999999999,5.02737435773524E-08));
#3836=DIRECTION('',(-3.47066465978682E-15,0.999999999999962,2.74596452357034E-07));
#3837=DIRECTION('',(-1.0,-3.49148133884313E-15,4.47301744217361E-18));
#3838=DIRECTION('',(-1.0,-3.49148133884313E-15,4.47301744217361E-18));
#3839=CARTESIAN_POINT('',(-2.05183426803819,2.8636076416846,0.0222492998619896));
#3840=DIRECTION('',(-1.0,-3.41480999208034E-15,4.47301744217363E-18));
#3841=DIRECTION('',(-3.41480999208034E-15,1.0,1.86747421441893E-16));
#3842=DIRECTION('',(-1.0,-3.49148133884313E-15,4.47301744217361E-18));
#3843=DIRECTION('',(9.66975483490341E-18,2.74596452485231E-07,-0.999999999999962));
#3844=DIRECTION('',(-1.0,-3.49148133884313E-15,4.47301744217361E-18));
#3845=DIRECTION('',(-2.44729296694359E-15,0.707106975355535,-0.707106587017507));
#3846=DIRECTION('',(9.67070786710637E-18,1.56125112837925E-17,-1.0));
#3847=DIRECTION('',(-3.47066465664522E-15,0.999999999999999,-5.02737436146144E-08));
#3848=DIRECTION('',(9.67070786710634E-18,1.56125183629597E-17,-1.0));
#3849=DIRECTION('',(-3.47066465978682E-15,0.999999999999962,2.74596451930109E-07));
#3850=DIRECTION('',(1.80411241501588E-16,3.3575110644236E-16,-1.0));
#3851=DIRECTION('',(9.67070786710637E-18,1.56125112837913E-17,-1.0));
#3852=DIRECTION('',(1.0,-5.75931519591686E-34,1.66267516192308E-16));
#3853=DIRECTION('',(2.08166817117217E-17,1.0,1.56014176345364E-17));
#3854=DIRECTION('',(0.999999999999962,-4.28714020191455E-24,2.74596451910035E-07));
#3855=CARTESIAN_POINT('',(-1.63019437322514,4.98022450676021,1.77484702597255));
#3856=DIRECTION('',(-0.0,1.0,1.56014176345364E-17));
#3857=DIRECTION('',(1.0,0.0,0.0));
#3858=PRESENTATION_LAYER_ASSIGNMENT('-1','NONE',(#121,#123,#125,#127,#129,#131,#133,#135,#137,#139,#141,#143,#145,#147,#149,#151,#153,#155,#157,#159,#161,#163,#165,#167,#169,#171,#173,#175,#177,#179,#181,#183,#185,#187,#189,#191,#193,#195,#197,#199,#201,#203,#205,#207,#209,#211,#213,#215,#217,#219,#221,#223,#225,#227,#229,#231,#233,#235,#237,#239,#241,#243,#245,#247,#249,#251,#253,#255,#257,#259,#261,#263,#265,#267,#269,#271,#273,#275,#277,#279,#281,#283,#285,#287,#289,#291,#293,#295,#297,#299,#301,#303,#305,#307,#309,#311,#313));
ENDSEC;
END-ISO-10303-21;
