ISO-10303-21;
HEADER;
FILE_DESCRIPTION(('Open CASCADE Model'),'2;1');
FILE_NAME('Open CASCADE Shape Model','2026-07-04T06:08:07',('Author'),(
    'Open CASCADE'),'Open CASCADE STEP processor 7.5','Open CASCADE 7.5'
  ,'Unknown');
FILE_SCHEMA(('AUTOMOTIVE_DESIGN { 1 0 10303 214 1 1 1 1 }'));
ENDSEC;
DATA;
#1 = APPLICATION_PROTOCOL_DEFINITION('international standard',
  'automotive_design',2000,#2);
#2 = APPLICATION_CONTEXT(
  'core data for automotive mechanical design processes');
#3 = SHAPE_DEFINITION_REPRESENTATION(#4,#10);
#4 = PRODUCT_DEFINITION_SHAPE('','',#5);
#5 = PRODUCT_DEFINITION('design','',#6,#9);
#6 = PRODUCT_DEFINITION_FORMATION('','',#7);
#7 = PRODUCT('PCB','PCB','',(#8));
#8 = PRODUCT_CONTEXT('',#2,'mechanical');
#9 = PRODUCT_DEFINITION_CONTEXT('part definition',#2,'design');
#10 = SHAPE_REPRESENTATION('',(#11,#15,#19,#23,#27,#31,#35),#39);
#11 = AXIS2_PLACEMENT_3D('',#12,#13,#14);
#12 = CARTESIAN_POINT('',(0.,0.,0.));
#13 = DIRECTION('',(0.,0.,1.));
#14 = DIRECTION('',(1.,0.,-0.));
#15 = AXIS2_PLACEMENT_3D('',#16,#17,#18);
#16 = CARTESIAN_POINT('',(0.,0.,0.));
#17 = DIRECTION('',(0.,0.,1.));
#18 = DIRECTION('',(1.,0.,-0.));
#19 = AXIS2_PLACEMENT_3D('',#20,#21,#22);
#20 = CARTESIAN_POINT('',(0.,0.,0.));
#21 = DIRECTION('',(0.,0.,1.));
#22 = DIRECTION('',(1.,0.,-0.));
#23 = AXIS2_PLACEMENT_3D('',#24,#25,#26);
#24 = CARTESIAN_POINT('',(0.,0.,0.));
#25 = DIRECTION('',(0.,0.,1.));
#26 = DIRECTION('',(1.,0.,-0.));
#27 = AXIS2_PLACEMENT_3D('',#28,#29,#30);
#28 = CARTESIAN_POINT('',(0.,0.,0.));
#29 = DIRECTION('',(0.,0.,1.));
#30 = DIRECTION('',(1.,0.,-0.));
#31 = AXIS2_PLACEMENT_3D('',#32,#33,#34);
#32 = CARTESIAN_POINT('',(0.,0.,0.));
#33 = DIRECTION('',(0.,0.,1.));
#34 = DIRECTION('',(1.,0.,-0.));
#35 = AXIS2_PLACEMENT_3D('',#36,#37,#38);
#36 = CARTESIAN_POINT('',(0.,0.,0.));
#37 = DIRECTION('',(0.,0.,1.));
#38 = DIRECTION('',(1.,0.,-0.));
#39 = ( GEOMETRIC_REPRESENTATION_CONTEXT(3) 
GLOBAL_UNCERTAINTY_ASSIGNED_CONTEXT((#43)) GLOBAL_UNIT_ASSIGNED_CONTEXT(
(#40,#41,#42)) REPRESENTATION_CONTEXT('Context #1',
  '3D Context with UNIT and UNCERTAINTY') );
#40 = ( LENGTH_UNIT() NAMED_UNIT(*) SI_UNIT(.MILLI.,.METRE.) );
#41 = ( NAMED_UNIT(*) PLANE_ANGLE_UNIT() SI_UNIT($,.RADIAN.) );
#42 = ( NAMED_UNIT(*) SI_UNIT($,.STERADIAN.) SOLID_ANGLE_UNIT() );
#43 = UNCERTAINTY_MEASURE_WITH_UNIT(LENGTH_MEASURE(2.E-04),#40,
  'distance_accuracy_value','confusion accuracy');
#44 = PRODUCT_RELATED_PRODUCT_CATEGORY('part',$,(#7));
#45 = SHAPE_DEFINITION_REPRESENTATION(#46,#52);
#46 = PRODUCT_DEFINITION_SHAPE('','',#47);
#47 = PRODUCT_DEFINITION('design','',#48,#51);
#48 = PRODUCT_DEFINITION_FORMATION('','',#49);
#49 = PRODUCT('Board','Board','',(#50));
#50 = PRODUCT_CONTEXT('',#2,'mechanical');
#51 = PRODUCT_DEFINITION_CONTEXT('part definition',#2,'design');
#52 = SHAPE_REPRESENTATION('',(#11,#53),#57);
#53 = AXIS2_PLACEMENT_3D('',#54,#55,#56);
#54 = CARTESIAN_POINT('',(0.,0.,-1.02032308));
#55 = DIRECTION('',(0.,0.,1.));
#56 = DIRECTION('',(1.,0.,-0.));
#57 = ( GEOMETRIC_REPRESENTATION_CONTEXT(3) 
GLOBAL_UNCERTAINTY_ASSIGNED_CONTEXT((#61)) GLOBAL_UNIT_ASSIGNED_CONTEXT(
(#58,#59,#60)) REPRESENTATION_CONTEXT('Context #1',
  '3D Context with UNIT and UNCERTAINTY') );
#58 = ( LENGTH_UNIT() NAMED_UNIT(*) SI_UNIT(.MILLI.,.METRE.) );
#59 = ( NAMED_UNIT(*) PLANE_ANGLE_UNIT() SI_UNIT($,.RADIAN.) );
#60 = ( NAMED_UNIT(*) SI_UNIT($,.STERADIAN.) SOLID_ANGLE_UNIT() );
#61 = UNCERTAINTY_MEASURE_WITH_UNIT(LENGTH_MEASURE(1.E-07),#58,
  'distance_accuracy_value','confusion accuracy');
#62 = ADVANCED_BREP_SHAPE_REPRESENTATION('',(#11,#63),#568);
#63 = MANIFOLD_SOLID_BREP('',#64);
#64 = CLOSED_SHELL('',(#65,#107,#138,#171,#193,#226,#259,#292,#325,#358,
    #391,#424,#457,#490,#529));
#65 = ADVANCED_FACE('',(#66),#102,.T.);
#66 = FACE_BOUND('',#67,.T.);
#67 = EDGE_LOOP('',(#68,#78,#87,#95));
#68 = ORIENTED_EDGE('',*,*,#69,.T.);
#69 = EDGE_CURVE('',#70,#72,#74,.T.);
#70 = VERTEX_POINT('',#71);
#71 = CARTESIAN_POINT('',(5.625,2.375,0.));
#72 = VERTEX_POINT('',#73);
#73 = CARTESIAN_POINT('',(5.625,2.375,1.02032308));
#74 = LINE('',#75,#76);
#75 = CARTESIAN_POINT('',(5.625,2.375,0.));
#76 = VECTOR('',#77,1.);
#77 = DIRECTION('',(0.,0.,1.));
#78 = ORIENTED_EDGE('',*,*,#79,.T.);
#79 = EDGE_CURVE('',#72,#80,#82,.T.);
#80 = VERTEX_POINT('',#81);
#81 = CARTESIAN_POINT('',(5.625,13.375,1.02032308));
#82 = CIRCLE('',#83,5.5);
#83 = AXIS2_PLACEMENT_3D('',#84,#85,#86);
#84 = CARTESIAN_POINT('',(5.625,7.875,1.02032308));
#85 = DIRECTION('',(0.,0.,-1.));
#86 = DIRECTION('',(0.,-1.,0.));
#87 = ORIENTED_EDGE('',*,*,#88,.F.);
#88 = EDGE_CURVE('',#89,#80,#91,.T.);
#89 = VERTEX_POINT('',#90);
#90 = CARTESIAN_POINT('',(5.625,13.375,0.));
#91 = LINE('',#92,#93);
#92 = CARTESIAN_POINT('',(5.625,13.375,0.));
#93 = VECTOR('',#94,1.);
#94 = DIRECTION('',(0.,0.,1.));
#95 = ORIENTED_EDGE('',*,*,#96,.F.);
#96 = EDGE_CURVE('',#70,#89,#97,.T.);
#97 = CIRCLE('',#98,5.5);
#98 = AXIS2_PLACEMENT_3D('',#99,#100,#101);
#99 = CARTESIAN_POINT('',(5.625,7.875,0.));
#100 = DIRECTION('',(0.,0.,-1.));
#101 = DIRECTION('',(0.,-1.,0.));
#102 = CYLINDRICAL_SURFACE('',#103,5.5);
#103 = AXIS2_PLACEMENT_3D('',#104,#105,#106);
#104 = CARTESIAN_POINT('',(5.625,7.875,0.));
#105 = DIRECTION('',(0.,0.,-1.));
#106 = DIRECTION('',(0.,-1.,0.));
#107 = ADVANCED_FACE('',(#108),#133,.T.);
#108 = FACE_BOUND('',#109,.T.);
#109 = EDGE_LOOP('',(#110,#111,#119,#127));
#110 = ORIENTED_EDGE('',*,*,#88,.T.);
#111 = ORIENTED_EDGE('',*,*,#112,.T.);
#112 = EDGE_CURVE('',#80,#113,#115,.T.);
#113 = VERTEX_POINT('',#114);
#114 = CARTESIAN_POINT('',(28.125,13.375,1.02032308));
#115 = LINE('',#116,#117);
#116 = CARTESIAN_POINT('',(5.625,13.375,1.02032308));
#117 = VECTOR('',#118,1.);
#118 = DIRECTION('',(1.,0.,0.));
#119 = ORIENTED_EDGE('',*,*,#120,.F.);
#120 = EDGE_CURVE('',#121,#113,#123,.T.);
#121 = VERTEX_POINT('',#122);
#122 = CARTESIAN_POINT('',(28.125,13.375,0.));
#123 = LINE('',#124,#125);
#124 = CARTESIAN_POINT('',(28.125,13.375,0.));
#125 = VECTOR('',#126,1.);
#126 = DIRECTION('',(0.,0.,1.));
#127 = ORIENTED_EDGE('',*,*,#128,.F.);
#128 = EDGE_CURVE('',#89,#121,#129,.T.);
#129 = LINE('',#130,#131);
#130 = CARTESIAN_POINT('',(5.625,13.375,0.));
#131 = VECTOR('',#132,1.);
#132 = DIRECTION('',(1.,0.,0.));
#133 = PLANE('',#134);
#134 = AXIS2_PLACEMENT_3D('',#135,#136,#137);
#135 = CARTESIAN_POINT('',(5.625,13.375,0.));
#136 = DIRECTION('',(0.,1.,0.));
#137 = DIRECTION('',(1.,0.,0.));
#138 = ADVANCED_FACE('',(#139),#166,.T.);
#139 = FACE_BOUND('',#140,.T.);
#140 = EDGE_LOOP('',(#141,#142,#151,#159));
#141 = ORIENTED_EDGE('',*,*,#120,.T.);
#142 = ORIENTED_EDGE('',*,*,#143,.T.);
#143 = EDGE_CURVE('',#113,#144,#146,.T.);
#144 = VERTEX_POINT('',#145);
#145 = CARTESIAN_POINT('',(28.125,2.375,1.02032308));
#146 = CIRCLE('',#147,5.5);
#147 = AXIS2_PLACEMENT_3D('',#148,#149,#150);
#148 = CARTESIAN_POINT('',(28.125,7.875,1.02032308));
#149 = DIRECTION('',(0.,0.,-1.));
#150 = DIRECTION('',(0.,1.,0.));
#151 = ORIENTED_EDGE('',*,*,#152,.F.);
#152 = EDGE_CURVE('',#153,#144,#155,.T.);
#153 = VERTEX_POINT('',#154);
#154 = CARTESIAN_POINT('',(28.125,2.375,0.));
#155 = LINE('',#156,#157);
#156 = CARTESIAN_POINT('',(28.125,2.375,0.));
#157 = VECTOR('',#158,1.);
#158 = DIRECTION('',(0.,0.,1.));
#159 = ORIENTED_EDGE('',*,*,#160,.F.);
#160 = EDGE_CURVE('',#121,#153,#161,.T.);
#161 = CIRCLE('',#162,5.5);
#162 = AXIS2_PLACEMENT_3D('',#163,#164,#165);
#163 = CARTESIAN_POINT('',(28.125,7.875,0.));
#164 = DIRECTION('',(0.,0.,-1.));
#165 = DIRECTION('',(0.,1.,0.));
#166 = CYLINDRICAL_SURFACE('',#167,5.5);
#167 = AXIS2_PLACEMENT_3D('',#168,#169,#170);
#168 = CARTESIAN_POINT('',(28.125,7.875,0.));
#169 = DIRECTION('',(0.,0.,-1.));
#170 = DIRECTION('',(0.,1.,0.));
#171 = ADVANCED_FACE('',(#172),#188,.T.);
#172 = FACE_BOUND('',#173,.T.);
#173 = EDGE_LOOP('',(#174,#175,#181,#182));
#174 = ORIENTED_EDGE('',*,*,#152,.T.);
#175 = ORIENTED_EDGE('',*,*,#176,.T.);
#176 = EDGE_CURVE('',#144,#72,#177,.T.);
#177 = LINE('',#178,#179);
#178 = CARTESIAN_POINT('',(28.125,2.375,1.02032308));
#179 = VECTOR('',#180,1.);
#180 = DIRECTION('',(-1.,0.,0.));
#181 = ORIENTED_EDGE('',*,*,#69,.F.);
#182 = ORIENTED_EDGE('',*,*,#183,.F.);
#183 = EDGE_CURVE('',#153,#70,#184,.T.);
#184 = LINE('',#185,#186);
#185 = CARTESIAN_POINT('',(28.125,2.375,0.));
#186 = VECTOR('',#187,1.);
#187 = DIRECTION('',(-1.,0.,0.));
#188 = PLANE('',#189);
#189 = AXIS2_PLACEMENT_3D('',#190,#191,#192);
#190 = CARTESIAN_POINT('',(28.125,2.375,0.));
#191 = DIRECTION('',(0.,-1.,0.));
#192 = DIRECTION('',(-1.,0.,0.));
#193 = ADVANCED_FACE('',(#194),#221,.F.);
#194 = FACE_BOUND('',#195,.T.);
#195 = EDGE_LOOP('',(#196,#206,#213,#214));
#196 = ORIENTED_EDGE('',*,*,#197,.T.);
#197 = EDGE_CURVE('',#198,#200,#202,.T.);
#198 = VERTEX_POINT('',#199);
#199 = CARTESIAN_POINT('',(13.,6.605,0.));
#200 = VERTEX_POINT('',#201);
#201 = CARTESIAN_POINT('',(13.,6.605,1.02032308));
#202 = LINE('',#203,#204);
#203 = CARTESIAN_POINT('',(13.,6.605,0.));
#204 = VECTOR('',#205,1.);
#205 = DIRECTION('',(0.,0.,1.));
#206 = ORIENTED_EDGE('',*,*,#207,.T.);
#207 = EDGE_CURVE('',#200,#200,#208,.T.);
#208 = CIRCLE('',#209,0.375);
#209 = AXIS2_PLACEMENT_3D('',#210,#211,#212);
#210 = CARTESIAN_POINT('',(12.625,6.605,1.02032308));
#211 = DIRECTION('',(0.,0.,1.));
#212 = DIRECTION('',(1.,0.,-0.));
#213 = ORIENTED_EDGE('',*,*,#197,.F.);
#214 = ORIENTED_EDGE('',*,*,#215,.F.);
#215 = EDGE_CURVE('',#198,#198,#216,.T.);
#216 = CIRCLE('',#217,0.375);
#217 = AXIS2_PLACEMENT_3D('',#218,#219,#220);
#218 = CARTESIAN_POINT('',(12.625,6.605,0.));
#219 = DIRECTION('',(0.,0.,1.));
#220 = DIRECTION('',(1.,0.,-0.));
#221 = CYLINDRICAL_SURFACE('',#222,0.375);
#222 = AXIS2_PLACEMENT_3D('',#223,#224,#225);
#223 = CARTESIAN_POINT('',(12.625,6.605,0.));
#224 = DIRECTION('',(-0.,-0.,-1.));
#225 = DIRECTION('',(1.,0.,-0.));
#226 = ADVANCED_FACE('',(#227),#254,.F.);
#227 = FACE_BOUND('',#228,.T.);
#228 = EDGE_LOOP('',(#229,#239,#246,#247));
#229 = ORIENTED_EDGE('',*,*,#230,.T.);
#230 = EDGE_CURVE('',#231,#233,#235,.T.);
#231 = VERTEX_POINT('',#232);
#232 = CARTESIAN_POINT('',(15.4,4.1,0.));
#233 = VERTEX_POINT('',#234);
#234 = CARTESIAN_POINT('',(15.4,4.1,1.02032308));
#235 = LINE('',#236,#237);
#236 = CARTESIAN_POINT('',(15.4,4.1,0.));
#237 = VECTOR('',#238,1.);
#238 = DIRECTION('',(0.,0.,1.));
#239 = ORIENTED_EDGE('',*,*,#240,.T.);
#240 = EDGE_CURVE('',#233,#233,#241,.T.);
#241 = CIRCLE('',#242,0.5);
#242 = AXIS2_PLACEMENT_3D('',#243,#244,#245);
#243 = CARTESIAN_POINT('',(14.9,4.1,1.02032308));
#244 = DIRECTION('',(0.,0.,1.));
#245 = DIRECTION('',(1.,0.,-0.));
#246 = ORIENTED_EDGE('',*,*,#230,.F.);
#247 = ORIENTED_EDGE('',*,*,#248,.F.);
#248 = EDGE_CURVE('',#231,#231,#249,.T.);
#249 = CIRCLE('',#250,0.5);
#250 = AXIS2_PLACEMENT_3D('',#251,#252,#253);
#251 = CARTESIAN_POINT('',(14.9,4.1,0.));
#252 = DIRECTION('',(0.,0.,1.));
#253 = DIRECTION('',(1.,0.,-0.));
#254 = CYLINDRICAL_SURFACE('',#255,0.5);
#255 = AXIS2_PLACEMENT_3D('',#256,#257,#258);
#256 = CARTESIAN_POINT('',(14.9,4.1,0.));
#257 = DIRECTION('',(-0.,-0.,-1.));
#258 = DIRECTION('',(1.,0.,-0.));
#259 = ADVANCED_FACE('',(#260),#287,.F.);
#260 = FACE_BOUND('',#261,.T.);
#261 = EDGE_LOOP('',(#262,#272,#279,#280));
#262 = ORIENTED_EDGE('',*,*,#263,.T.);
#263 = EDGE_CURVE('',#264,#266,#268,.T.);
#264 = VERTEX_POINT('',#265);
#265 = CARTESIAN_POINT('',(7.175,7.875,0.));
#266 = VERTEX_POINT('',#267);
#267 = CARTESIAN_POINT('',(7.175,7.875,1.02032308));
#268 = LINE('',#269,#270);
#269 = CARTESIAN_POINT('',(7.175,7.875,0.));
#270 = VECTOR('',#271,1.);
#271 = DIRECTION('',(0.,0.,1.));
#272 = ORIENTED_EDGE('',*,*,#273,.T.);
#273 = EDGE_CURVE('',#266,#266,#274,.T.);
#274 = CIRCLE('',#275,1.55);
#275 = AXIS2_PLACEMENT_3D('',#276,#277,#278);
#276 = CARTESIAN_POINT('',(5.625,7.875,1.02032308));
#277 = DIRECTION('',(0.,0.,1.));
#278 = DIRECTION('',(1.,0.,-0.));
#279 = ORIENTED_EDGE('',*,*,#263,.F.);
#280 = ORIENTED_EDGE('',*,*,#281,.F.);
#281 = EDGE_CURVE('',#264,#264,#282,.T.);
#282 = CIRCLE('',#283,1.55);
#283 = AXIS2_PLACEMENT_3D('',#284,#285,#286);
#284 = CARTESIAN_POINT('',(5.625,7.875,0.));
#285 = DIRECTION('',(0.,0.,1.));
#286 = DIRECTION('',(1.,0.,-0.));
#287 = CYLINDRICAL_SURFACE('',#288,1.55);
#288 = AXIS2_PLACEMENT_3D('',#289,#290,#291);
#289 = CARTESIAN_POINT('',(5.625,7.875,0.));
#290 = DIRECTION('',(-0.,-0.,-1.));
#291 = DIRECTION('',(1.,0.,-0.));
#292 = ADVANCED_FACE('',(#293),#320,.F.);
#293 = FACE_BOUND('',#294,.T.);
#294 = EDGE_LOOP('',(#295,#305,#312,#313));
#295 = ORIENTED_EDGE('',*,*,#296,.T.);
#296 = EDGE_CURVE('',#297,#299,#301,.T.);
#297 = VERTEX_POINT('',#298);
#298 = CARTESIAN_POINT('',(13.,9.145,0.));
#299 = VERTEX_POINT('',#300);
#300 = CARTESIAN_POINT('',(13.,9.145,1.02032308));
#301 = LINE('',#302,#303);
#302 = CARTESIAN_POINT('',(13.,9.145,0.));
#303 = VECTOR('',#304,1.);
#304 = DIRECTION('',(0.,0.,1.));
#305 = ORIENTED_EDGE('',*,*,#306,.T.);
#306 = EDGE_CURVE('',#299,#299,#307,.T.);
#307 = CIRCLE('',#308,0.375);
#308 = AXIS2_PLACEMENT_3D('',#309,#310,#311);
#309 = CARTESIAN_POINT('',(12.625,9.145,1.02032308));
#310 = DIRECTION('',(0.,0.,1.));
#311 = DIRECTION('',(1.,0.,-0.));
#312 = ORIENTED_EDGE('',*,*,#296,.F.);
#313 = ORIENTED_EDGE('',*,*,#314,.F.);
#314 = EDGE_CURVE('',#297,#297,#315,.T.);
#315 = CIRCLE('',#316,0.375);
#316 = AXIS2_PLACEMENT_3D('',#317,#318,#319);
#317 = CARTESIAN_POINT('',(12.625,9.145,0.));
#318 = DIRECTION('',(0.,0.,1.));
#319 = DIRECTION('',(1.,0.,-0.));
#320 = CYLINDRICAL_SURFACE('',#321,0.375);
#321 = AXIS2_PLACEMENT_3D('',#322,#323,#324);
#322 = CARTESIAN_POINT('',(12.625,9.145,0.));
#323 = DIRECTION('',(-0.,-0.,-1.));
#324 = DIRECTION('',(1.,0.,-0.));
#325 = ADVANCED_FACE('',(#326),#353,.F.);
#326 = FACE_BOUND('',#327,.T.);
#327 = EDGE_LOOP('',(#328,#338,#345,#346));
#328 = ORIENTED_EDGE('',*,*,#329,.T.);
#329 = EDGE_CURVE('',#330,#332,#334,.T.);
#330 = VERTEX_POINT('',#331);
#331 = CARTESIAN_POINT('',(17.4,4.125,0.));
#332 = VERTEX_POINT('',#333);
#333 = CARTESIAN_POINT('',(17.4,4.125,1.02032308));
#334 = LINE('',#335,#336);
#335 = CARTESIAN_POINT('',(17.4,4.125,0.));
#336 = VECTOR('',#337,1.);
#337 = DIRECTION('',(0.,0.,1.));
#338 = ORIENTED_EDGE('',*,*,#339,.T.);
#339 = EDGE_CURVE('',#332,#332,#340,.T.);
#340 = CIRCLE('',#341,0.5);
#341 = AXIS2_PLACEMENT_3D('',#342,#343,#344);
#342 = CARTESIAN_POINT('',(16.9,4.125,1.02032308));
#343 = DIRECTION('',(0.,0.,1.));
#344 = DIRECTION('',(1.,0.,-0.));
#345 = ORIENTED_EDGE('',*,*,#329,.F.);
#346 = ORIENTED_EDGE('',*,*,#347,.F.);
#347 = EDGE_CURVE('',#330,#330,#348,.T.);
#348 = CIRCLE('',#349,0.5);
#349 = AXIS2_PLACEMENT_3D('',#350,#351,#352);
#350 = CARTESIAN_POINT('',(16.9,4.125,0.));
#351 = DIRECTION('',(0.,0.,1.));
#352 = DIRECTION('',(1.,0.,-0.));
#353 = CYLINDRICAL_SURFACE('',#354,0.5);
#354 = AXIS2_PLACEMENT_3D('',#355,#356,#357);
#355 = CARTESIAN_POINT('',(16.9,4.125,0.));
#356 = DIRECTION('',(-0.,-0.,-1.));
#357 = DIRECTION('',(1.,0.,-0.));
#358 = ADVANCED_FACE('',(#359),#386,.F.);
#359 = FACE_BOUND('',#360,.T.);
#360 = EDGE_LOOP('',(#361,#371,#378,#379));
#361 = ORIENTED_EDGE('',*,*,#362,.T.);
#362 = EDGE_CURVE('',#363,#365,#367,.T.);
#363 = VERTEX_POINT('',#364);
#364 = CARTESIAN_POINT('',(19.4,4.1,0.));
#365 = VERTEX_POINT('',#366);
#366 = CARTESIAN_POINT('',(19.4,4.1,1.02032308));
#367 = LINE('',#368,#369);
#368 = CARTESIAN_POINT('',(19.4,4.1,0.));
#369 = VECTOR('',#370,1.);
#370 = DIRECTION('',(0.,0.,1.));
#371 = ORIENTED_EDGE('',*,*,#372,.T.);
#372 = EDGE_CURVE('',#365,#365,#373,.T.);
#373 = CIRCLE('',#374,0.5);
#374 = AXIS2_PLACEMENT_3D('',#375,#376,#377);
#375 = CARTESIAN_POINT('',(18.9,4.1,1.02032308));
#376 = DIRECTION('',(0.,0.,1.));
#377 = DIRECTION('',(1.,0.,-0.));
#378 = ORIENTED_EDGE('',*,*,#362,.F.);
#379 = ORIENTED_EDGE('',*,*,#380,.F.);
#380 = EDGE_CURVE('',#363,#363,#381,.T.);
#381 = CIRCLE('',#382,0.5);
#382 = AXIS2_PLACEMENT_3D('',#383,#384,#385);
#383 = CARTESIAN_POINT('',(18.9,4.1,0.));
#384 = DIRECTION('',(0.,0.,1.));
#385 = DIRECTION('',(1.,0.,-0.));
#386 = CYLINDRICAL_SURFACE('',#387,0.5);
#387 = AXIS2_PLACEMENT_3D('',#388,#389,#390);
#388 = CARTESIAN_POINT('',(18.9,4.1,0.));
#389 = DIRECTION('',(-0.,-0.,-1.));
#390 = DIRECTION('',(1.,0.,-0.));
#391 = ADVANCED_FACE('',(#392),#419,.F.);
#392 = FACE_BOUND('',#393,.T.);
#393 = EDGE_LOOP('',(#394,#404,#411,#412));
#394 = ORIENTED_EDGE('',*,*,#395,.T.);
#395 = EDGE_CURVE('',#396,#398,#400,.T.);
#396 = VERTEX_POINT('',#397);
#397 = CARTESIAN_POINT('',(21.5,6.605,0.));
#398 = VERTEX_POINT('',#399);
#399 = CARTESIAN_POINT('',(21.5,6.605,1.02032308));
#400 = LINE('',#401,#402);
#401 = CARTESIAN_POINT('',(21.5,6.605,0.));
#402 = VECTOR('',#403,1.);
#403 = DIRECTION('',(0.,0.,1.));
#404 = ORIENTED_EDGE('',*,*,#405,.T.);
#405 = EDGE_CURVE('',#398,#398,#406,.T.);
#406 = CIRCLE('',#407,0.375);
#407 = AXIS2_PLACEMENT_3D('',#408,#409,#410);
#408 = CARTESIAN_POINT('',(21.125,6.605,1.02032308));
#409 = DIRECTION('',(0.,0.,1.));
#410 = DIRECTION('',(1.,0.,-0.));
#411 = ORIENTED_EDGE('',*,*,#395,.F.);
#412 = ORIENTED_EDGE('',*,*,#413,.F.);
#413 = EDGE_CURVE('',#396,#396,#414,.T.);
#414 = CIRCLE('',#415,0.375);
#415 = AXIS2_PLACEMENT_3D('',#416,#417,#418);
#416 = CARTESIAN_POINT('',(21.125,6.605,0.));
#417 = DIRECTION('',(0.,0.,1.));
#418 = DIRECTION('',(1.,0.,-0.));
#419 = CYLINDRICAL_SURFACE('',#420,0.375);
#420 = AXIS2_PLACEMENT_3D('',#421,#422,#423);
#421 = CARTESIAN_POINT('',(21.125,6.605,0.));
#422 = DIRECTION('',(-0.,-0.,-1.));
#423 = DIRECTION('',(1.,0.,-0.));
#424 = ADVANCED_FACE('',(#425),#452,.F.);
#425 = FACE_BOUND('',#426,.T.);
#426 = EDGE_LOOP('',(#427,#437,#444,#445));
#427 = ORIENTED_EDGE('',*,*,#428,.T.);
#428 = EDGE_CURVE('',#429,#431,#433,.T.);
#429 = VERTEX_POINT('',#430);
#430 = CARTESIAN_POINT('',(29.675,7.875,0.));
#431 = VERTEX_POINT('',#432);
#432 = CARTESIAN_POINT('',(29.675,7.875,1.02032308));
#433 = LINE('',#434,#435);
#434 = CARTESIAN_POINT('',(29.675,7.875,0.));
#435 = VECTOR('',#436,1.);
#436 = DIRECTION('',(0.,0.,1.));
#437 = ORIENTED_EDGE('',*,*,#438,.T.);
#438 = EDGE_CURVE('',#431,#431,#439,.T.);
#439 = CIRCLE('',#440,1.55);
#440 = AXIS2_PLACEMENT_3D('',#441,#442,#443);
#441 = CARTESIAN_POINT('',(28.125,7.875,1.02032308));
#442 = DIRECTION('',(0.,0.,1.));
#443 = DIRECTION('',(1.,0.,-0.));
#444 = ORIENTED_EDGE('',*,*,#428,.F.);
#445 = ORIENTED_EDGE('',*,*,#446,.F.);
#446 = EDGE_CURVE('',#429,#429,#447,.T.);
#447 = CIRCLE('',#448,1.55);
#448 = AXIS2_PLACEMENT_3D('',#449,#450,#451);
#449 = CARTESIAN_POINT('',(28.125,7.875,0.));
#450 = DIRECTION('',(0.,0.,1.));
#451 = DIRECTION('',(1.,0.,-0.));
#452 = CYLINDRICAL_SURFACE('',#453,1.55);
#453 = AXIS2_PLACEMENT_3D('',#454,#455,#456);
#454 = CARTESIAN_POINT('',(28.125,7.875,0.));
#455 = DIRECTION('',(-0.,-0.,-1.));
#456 = DIRECTION('',(1.,0.,-0.));
#457 = ADVANCED_FACE('',(#458),#485,.F.);
#458 = FACE_BOUND('',#459,.T.);
#459 = EDGE_LOOP('',(#460,#470,#477,#478));
#460 = ORIENTED_EDGE('',*,*,#461,.T.);
#461 = EDGE_CURVE('',#462,#464,#466,.T.);
#462 = VERTEX_POINT('',#463);
#463 = CARTESIAN_POINT('',(21.5,9.145,0.));
#464 = VERTEX_POINT('',#465);
#465 = CARTESIAN_POINT('',(21.5,9.145,1.02032308));
#466 = LINE('',#467,#468);
#467 = CARTESIAN_POINT('',(21.5,9.145,0.));
#468 = VECTOR('',#469,1.);
#469 = DIRECTION('',(0.,0.,1.));
#470 = ORIENTED_EDGE('',*,*,#471,.T.);
#471 = EDGE_CURVE('',#464,#464,#472,.T.);
#472 = CIRCLE('',#473,0.375);
#473 = AXIS2_PLACEMENT_3D('',#474,#475,#476);
#474 = CARTESIAN_POINT('',(21.125,9.145,1.02032308));
#475 = DIRECTION('',(0.,0.,1.));
#476 = DIRECTION('',(1.,0.,-0.));
#477 = ORIENTED_EDGE('',*,*,#461,.F.);
#478 = ORIENTED_EDGE('',*,*,#479,.F.);
#479 = EDGE_CURVE('',#462,#462,#480,.T.);
#480 = CIRCLE('',#481,0.375);
#481 = AXIS2_PLACEMENT_3D('',#482,#483,#484);
#482 = CARTESIAN_POINT('',(21.125,9.145,0.));
#483 = DIRECTION('',(0.,0.,1.));
#484 = DIRECTION('',(1.,0.,-0.));
#485 = CYLINDRICAL_SURFACE('',#486,0.375);
#486 = AXIS2_PLACEMENT_3D('',#487,#488,#489);
#487 = CARTESIAN_POINT('',(21.125,9.145,0.));
#488 = DIRECTION('',(-0.,-0.,-1.));
#489 = DIRECTION('',(1.,0.,-0.));
#490 = ADVANCED_FACE('',(#491,#497,#500,#503,#506,#509,#512,#515,#518,
    #521),#524,.T.);
#491 = FACE_BOUND('',#492,.T.);
#492 = EDGE_LOOP('',(#493,#494,#495,#496));
#493 = ORIENTED_EDGE('',*,*,#96,.T.);
#494 = ORIENTED_EDGE('',*,*,#128,.T.);
#495 = ORIENTED_EDGE('',*,*,#160,.T.);
#496 = ORIENTED_EDGE('',*,*,#183,.T.);
#497 = FACE_BOUND('',#498,.T.);
#498 = EDGE_LOOP('',(#499));
#499 = ORIENTED_EDGE('',*,*,#215,.T.);
#500 = FACE_BOUND('',#501,.T.);
#501 = EDGE_LOOP('',(#502));
#502 = ORIENTED_EDGE('',*,*,#248,.T.);
#503 = FACE_BOUND('',#504,.T.);
#504 = EDGE_LOOP('',(#505));
#505 = ORIENTED_EDGE('',*,*,#281,.T.);
#506 = FACE_BOUND('',#507,.T.);
#507 = EDGE_LOOP('',(#508));
#508 = ORIENTED_EDGE('',*,*,#314,.T.);
#509 = FACE_BOUND('',#510,.T.);
#510 = EDGE_LOOP('',(#511));
#511 = ORIENTED_EDGE('',*,*,#347,.T.);
#512 = FACE_BOUND('',#513,.T.);
#513 = EDGE_LOOP('',(#514));
#514 = ORIENTED_EDGE('',*,*,#380,.T.);
#515 = FACE_BOUND('',#516,.T.);
#516 = EDGE_LOOP('',(#517));
#517 = ORIENTED_EDGE('',*,*,#413,.T.);
#518 = FACE_BOUND('',#519,.T.);
#519 = EDGE_LOOP('',(#520));
#520 = ORIENTED_EDGE('',*,*,#446,.T.);
#521 = FACE_BOUND('',#522,.T.);
#522 = EDGE_LOOP('',(#523));
#523 = ORIENTED_EDGE('',*,*,#479,.T.);
#524 = PLANE('',#525);
#525 = AXIS2_PLACEMENT_3D('',#526,#527,#528);
#526 = CARTESIAN_POINT('',(16.875,7.875,0.));
#527 = DIRECTION('',(-0.,-0.,-1.));
#528 = DIRECTION('',(-1.,0.,0.));
#529 = ADVANCED_FACE('',(#530,#536,#539,#542,#545,#548,#551,#554,#557,
    #560),#563,.F.);
#530 = FACE_BOUND('',#531,.F.);
#531 = EDGE_LOOP('',(#532,#533,#534,#535));
#532 = ORIENTED_EDGE('',*,*,#79,.T.);
#533 = ORIENTED_EDGE('',*,*,#112,.T.);
#534 = ORIENTED_EDGE('',*,*,#143,.T.);
#535 = ORIENTED_EDGE('',*,*,#176,.T.);
#536 = FACE_BOUND('',#537,.F.);
#537 = EDGE_LOOP('',(#538));
#538 = ORIENTED_EDGE('',*,*,#207,.T.);
#539 = FACE_BOUND('',#540,.F.);
#540 = EDGE_LOOP('',(#541));
#541 = ORIENTED_EDGE('',*,*,#240,.T.);
#542 = FACE_BOUND('',#543,.F.);
#543 = EDGE_LOOP('',(#544));
#544 = ORIENTED_EDGE('',*,*,#273,.T.);
#545 = FACE_BOUND('',#546,.F.);
#546 = EDGE_LOOP('',(#547));
#547 = ORIENTED_EDGE('',*,*,#306,.T.);
#548 = FACE_BOUND('',#549,.F.);
#549 = EDGE_LOOP('',(#550));
#550 = ORIENTED_EDGE('',*,*,#339,.T.);
#551 = FACE_BOUND('',#552,.F.);
#552 = EDGE_LOOP('',(#553));
#553 = ORIENTED_EDGE('',*,*,#372,.T.);
#554 = FACE_BOUND('',#555,.F.);
#555 = EDGE_LOOP('',(#556));
#556 = ORIENTED_EDGE('',*,*,#405,.T.);
#557 = FACE_BOUND('',#558,.F.);
#558 = EDGE_LOOP('',(#559));
#559 = ORIENTED_EDGE('',*,*,#438,.T.);
#560 = FACE_BOUND('',#561,.F.);
#561 = EDGE_LOOP('',(#562));
#562 = ORIENTED_EDGE('',*,*,#471,.T.);
#563 = PLANE('',#564);
#564 = AXIS2_PLACEMENT_3D('',#565,#566,#567);
#565 = CARTESIAN_POINT('',(16.875,7.875,1.02032308));
#566 = DIRECTION('',(-0.,-0.,-1.));
#567 = DIRECTION('',(-1.,0.,0.));
#568 = ( GEOMETRIC_REPRESENTATION_CONTEXT(3) 
GLOBAL_UNCERTAINTY_ASSIGNED_CONTEXT((#572)) GLOBAL_UNIT_ASSIGNED_CONTEXT
((#569,#570,#571)) REPRESENTATION_CONTEXT('Context #1',
  '3D Context with UNIT and UNCERTAINTY') );
#569 = ( LENGTH_UNIT() NAMED_UNIT(*) SI_UNIT(.MILLI.,.METRE.) );
#570 = ( NAMED_UNIT(*) PLANE_ANGLE_UNIT() SI_UNIT($,.RADIAN.) );
#571 = ( NAMED_UNIT(*) SI_UNIT($,.STERADIAN.) SOLID_ANGLE_UNIT() );
#572 = UNCERTAINTY_MEASURE_WITH_UNIT(LENGTH_MEASURE(1.E-07),#569,
  'distance_accuracy_value','confusion accuracy');
#573 = SHAPE_DEFINITION_REPRESENTATION(#574,#62);
#574 = PRODUCT_DEFINITION_SHAPE('','',#575);
#575 = PRODUCT_DEFINITION('design','',#576,#579);
#576 = PRODUCT_DEFINITION_FORMATION('','',#577);
#577 = PRODUCT('Open CASCADE STEP translator 7.5 1.1.1',
  'Open CASCADE STEP translator 7.5 1.1.1','',(#578));
#578 = PRODUCT_CONTEXT('',#2,'mechanical');
#579 = PRODUCT_DEFINITION_CONTEXT('part definition',#2,'design');
#580 = CONTEXT_DEPENDENT_SHAPE_REPRESENTATION(#581,#583);
#581 = ( REPRESENTATION_RELATIONSHIP('','',#62,#52) 
REPRESENTATION_RELATIONSHIP_WITH_TRANSFORMATION(#582) 
SHAPE_REPRESENTATION_RELATIONSHIP() );
#582 = ITEM_DEFINED_TRANSFORMATION('','',#11,#53);
#583 = PRODUCT_DEFINITION_SHAPE('Placement','Placement of an item',#584
  );
#584 = NEXT_ASSEMBLY_USAGE_OCCURRENCE('1','','',#47,#575,$);
#585 = PRODUCT_RELATED_PRODUCT_CATEGORY('part',$,(#577));
#586 = CONTEXT_DEPENDENT_SHAPE_REPRESENTATION(#587,#589);
#587 = ( REPRESENTATION_RELATIONSHIP('','',#52,#10) 
REPRESENTATION_RELATIONSHIP_WITH_TRANSFORMATION(#588) 
SHAPE_REPRESENTATION_RELATIONSHIP() );
#588 = ITEM_DEFINED_TRANSFORMATION('','',#11,#15);
#589 = PRODUCT_DEFINITION_SHAPE('Placement','Placement of an item',#590
  );
#590 = NEXT_ASSEMBLY_USAGE_OCCURRENCE('2','','',#5,#47,$);
#591 = PRODUCT_RELATED_PRODUCT_CATEGORY('part',$,(#49));
#592 = SHAPE_DEFINITION_REPRESENTATION(#593,#599);
#593 = PRODUCT_DEFINITION_SHAPE('','',#594);
#594 = PRODUCT_DEFINITION('design','',#595,#598);
#595 = PRODUCT_DEFINITION_FORMATION('','',#596);
#596 = PRODUCT('R1','R1','',(#597));
#597 = PRODUCT_CONTEXT('',#2,'mechanical');
#598 = PRODUCT_DEFINITION_CONTEXT('part definition',#2,'design');
#599 = SHAPE_REPRESENTATION('',(#11,#600),#604);
#600 = AXIS2_PLACEMENT_3D('',#601,#602,#603);
#601 = CARTESIAN_POINT('',(23.800001144409,8.349998474121,0.));
#602 = DIRECTION('',(0.,0.,1.));
#603 = DIRECTION('',(1.,0.,0.));
#604 = ( GEOMETRIC_REPRESENTATION_CONTEXT(3) 
GLOBAL_UNCERTAINTY_ASSIGNED_CONTEXT((#608)) GLOBAL_UNIT_ASSIGNED_CONTEXT
((#605,#606,#607)) REPRESENTATION_CONTEXT('Context #1',
  '3D Context with UNIT and UNCERTAINTY') );
#605 = ( LENGTH_UNIT() NAMED_UNIT(*) SI_UNIT(.MILLI.,.METRE.) );
#606 = ( NAMED_UNIT(*) PLANE_ANGLE_UNIT() SI_UNIT($,.RADIAN.) );
#607 = ( NAMED_UNIT(*) SI_UNIT($,.STERADIAN.) SOLID_ANGLE_UNIT() );
#608 = UNCERTAINTY_MEASURE_WITH_UNIT(LENGTH_MEASURE(1.E-07),#605,
  'distance_accuracy_value','confusion accuracy');
#609 = SHAPE_DEFINITION_REPRESENTATION(#610,#616);
#610 = PRODUCT_DEFINITION_SHAPE('','',#611);
#611 = PRODUCT_DEFINITION('design','',#612,#615);
#612 = PRODUCT_DEFINITION_FORMATION('','',#613);
#613 = PRODUCT('8901988112','8901988112','',(#614));
#614 = PRODUCT_CONTEXT('',#2,'mechanical');
#615 = PRODUCT_DEFINITION_CONTEXT('part definition',#2,'design');
#616 = SHAPE_REPRESENTATION('',(#11,#617),#621);
#617 = AXIS2_PLACEMENT_3D('',#618,#619,#620);
#618 = CARTESIAN_POINT('',(0.,0.,0.));
#619 = DIRECTION('',(0.,0.,1.));
#620 = DIRECTION('',(1.,0.,0.));
#621 = ( GEOMETRIC_REPRESENTATION_CONTEXT(3) 
GLOBAL_UNCERTAINTY_ASSIGNED_CONTEXT((#625)) GLOBAL_UNIT_ASSIGNED_CONTEXT
((#622,#623,#624)) REPRESENTATION_CONTEXT('Context #1',
  '3D Context with UNIT and UNCERTAINTY') );
#622 = ( LENGTH_UNIT() NAMED_UNIT(*) SI_UNIT(.MILLI.,.METRE.) );
#623 = ( NAMED_UNIT(*) PLANE_ANGLE_UNIT() SI_UNIT($,.RADIAN.) );
#624 = ( NAMED_UNIT(*) SI_UNIT($,.STERADIAN.) SOLID_ANGLE_UNIT() );
#625 = UNCERTAINTY_MEASURE_WITH_UNIT(LENGTH_MEASURE(1.E-07),#622,
  'distance_accuracy_value','confusion accuracy');
#626 = ADVANCED_BREP_SHAPE_REPRESENTATION('',(#11,#627),#777);
#627 = MANIFOLD_SOLID_BREP('',#628);
#628 = CLOSED_SHELL('',(#629,#669,#700,#731,#753,#765));
#629 = ADVANCED_FACE('',(#630),#664,.T.);
#630 = FACE_BOUND('',#631,.T.);
#631 = EDGE_LOOP('',(#632,#642,#650,#658));
#632 = ORIENTED_EDGE('',*,*,#633,.T.);
#633 = EDGE_CURVE('',#634,#636,#638,.T.);
#634 = VERTEX_POINT('',#635);
#635 = CARTESIAN_POINT('',(-0.42500042,-0.7999984,0.));
#636 = VERTEX_POINT('',#637);
#637 = CARTESIAN_POINT('',(-0.42500042,-0.7999984,0.4499991));
#638 = LINE('',#639,#640);
#639 = CARTESIAN_POINT('',(-0.42500042,-0.7999984,0.));
#640 = VECTOR('',#641,1.);
#641 = DIRECTION('',(0.,0.,1.));
#642 = ORIENTED_EDGE('',*,*,#643,.T.);
#643 = EDGE_CURVE('',#636,#644,#646,.T.);
#644 = VERTEX_POINT('',#645);
#645 = CARTESIAN_POINT('',(-0.42500042,0.80000094,0.4499991));
#646 = LINE('',#647,#648);
#647 = CARTESIAN_POINT('',(-0.42500042,-0.7999984,0.4499991));
#648 = VECTOR('',#649,1.);
#649 = DIRECTION('',(0.,1.,0.));
#650 = ORIENTED_EDGE('',*,*,#651,.F.);
#651 = EDGE_CURVE('',#652,#644,#654,.T.);
#652 = VERTEX_POINT('',#653);
#653 = CARTESIAN_POINT('',(-0.42500042,0.80000094,0.));
#654 = LINE('',#655,#656);
#655 = CARTESIAN_POINT('',(-0.42500042,0.80000094,0.));
#656 = VECTOR('',#657,1.);
#657 = DIRECTION('',(0.,0.,1.));
#658 = ORIENTED_EDGE('',*,*,#659,.F.);
#659 = EDGE_CURVE('',#634,#652,#660,.T.);
#660 = LINE('',#661,#662);
#661 = CARTESIAN_POINT('',(-0.42500042,-0.7999984,0.));
#662 = VECTOR('',#663,1.);
#663 = DIRECTION('',(0.,1.,0.));
#664 = PLANE('',#665);
#665 = AXIS2_PLACEMENT_3D('',#666,#667,#668);
#666 = CARTESIAN_POINT('',(-0.42500042,-0.7999984,0.));
#667 = DIRECTION('',(-1.,0.,0.));
#668 = DIRECTION('',(0.,1.,0.));
#669 = ADVANCED_FACE('',(#670),#695,.T.);
#670 = FACE_BOUND('',#671,.T.);
#671 = EDGE_LOOP('',(#672,#673,#681,#689));
#672 = ORIENTED_EDGE('',*,*,#651,.T.);
#673 = ORIENTED_EDGE('',*,*,#674,.T.);
#674 = EDGE_CURVE('',#644,#675,#677,.T.);
#675 = VERTEX_POINT('',#676);
#676 = CARTESIAN_POINT('',(0.42500042,0.80000094,0.4499991));
#677 = LINE('',#678,#679);
#678 = CARTESIAN_POINT('',(-0.42500042,0.80000094,0.4499991));
#679 = VECTOR('',#680,1.);
#680 = DIRECTION('',(1.,0.,0.));
#681 = ORIENTED_EDGE('',*,*,#682,.F.);
#682 = EDGE_CURVE('',#683,#675,#685,.T.);
#683 = VERTEX_POINT('',#684);
#684 = CARTESIAN_POINT('',(0.42500042,0.80000094,0.));
#685 = LINE('',#686,#687);
#686 = CARTESIAN_POINT('',(0.42500042,0.80000094,0.));
#687 = VECTOR('',#688,1.);
#688 = DIRECTION('',(0.,0.,1.));
#689 = ORIENTED_EDGE('',*,*,#690,.F.);
#690 = EDGE_CURVE('',#652,#683,#691,.T.);
#691 = LINE('',#692,#693);
#692 = CARTESIAN_POINT('',(-0.42500042,0.80000094,0.));
#693 = VECTOR('',#694,1.);
#694 = DIRECTION('',(1.,0.,0.));
#695 = PLANE('',#696);
#696 = AXIS2_PLACEMENT_3D('',#697,#698,#699);
#697 = CARTESIAN_POINT('',(-0.42500042,0.80000094,0.));
#698 = DIRECTION('',(0.,1.,0.));
#699 = DIRECTION('',(1.,0.,0.));
#700 = ADVANCED_FACE('',(#701),#726,.T.);
#701 = FACE_BOUND('',#702,.T.);
#702 = EDGE_LOOP('',(#703,#704,#712,#720));
#703 = ORIENTED_EDGE('',*,*,#682,.T.);
#704 = ORIENTED_EDGE('',*,*,#705,.T.);
#705 = EDGE_CURVE('',#675,#706,#708,.T.);
#706 = VERTEX_POINT('',#707);
#707 = CARTESIAN_POINT('',(0.42500042,-0.7999984,0.4499991));
#708 = LINE('',#709,#710);
#709 = CARTESIAN_POINT('',(0.42500042,0.80000094,0.4499991));
#710 = VECTOR('',#711,1.);
#711 = DIRECTION('',(0.,-1.,0.));
#712 = ORIENTED_EDGE('',*,*,#713,.F.);
#713 = EDGE_CURVE('',#714,#706,#716,.T.);
#714 = VERTEX_POINT('',#715);
#715 = CARTESIAN_POINT('',(0.42500042,-0.7999984,0.));
#716 = LINE('',#717,#718);
#717 = CARTESIAN_POINT('',(0.42500042,-0.7999984,0.));
#718 = VECTOR('',#719,1.);
#719 = DIRECTION('',(0.,0.,1.));
#720 = ORIENTED_EDGE('',*,*,#721,.F.);
#721 = EDGE_CURVE('',#683,#714,#722,.T.);
#722 = LINE('',#723,#724);
#723 = CARTESIAN_POINT('',(0.42500042,0.80000094,0.));
#724 = VECTOR('',#725,1.);
#725 = DIRECTION('',(0.,-1.,0.));
#726 = PLANE('',#727);
#727 = AXIS2_PLACEMENT_3D('',#728,#729,#730);
#728 = CARTESIAN_POINT('',(0.42500042,0.80000094,0.));
#729 = DIRECTION('',(1.,0.,-0.));
#730 = DIRECTION('',(0.,-1.,0.));
#731 = ADVANCED_FACE('',(#732),#748,.T.);
#732 = FACE_BOUND('',#733,.T.);
#733 = EDGE_LOOP('',(#734,#735,#741,#742));
#734 = ORIENTED_EDGE('',*,*,#713,.T.);
#735 = ORIENTED_EDGE('',*,*,#736,.T.);
#736 = EDGE_CURVE('',#706,#636,#737,.T.);
#737 = LINE('',#738,#739);
#738 = CARTESIAN_POINT('',(0.42500042,-0.7999984,0.4499991));
#739 = VECTOR('',#740,1.);
#740 = DIRECTION('',(-1.,0.,0.));
#741 = ORIENTED_EDGE('',*,*,#633,.F.);
#742 = ORIENTED_EDGE('',*,*,#743,.F.);
#743 = EDGE_CURVE('',#714,#634,#744,.T.);
#744 = LINE('',#745,#746);
#745 = CARTESIAN_POINT('',(0.42500042,-0.7999984,0.));
#746 = VECTOR('',#747,1.);
#747 = DIRECTION('',(-1.,0.,0.));
#748 = PLANE('',#749);
#749 = AXIS2_PLACEMENT_3D('',#750,#751,#752);
#750 = CARTESIAN_POINT('',(0.42500042,-0.7999984,0.));
#751 = DIRECTION('',(0.,-1.,0.));
#752 = DIRECTION('',(-1.,0.,0.));
#753 = ADVANCED_FACE('',(#754),#760,.T.);
#754 = FACE_BOUND('',#755,.T.);
#755 = EDGE_LOOP('',(#756,#757,#758,#759));
#756 = ORIENTED_EDGE('',*,*,#659,.T.);
#757 = ORIENTED_EDGE('',*,*,#690,.T.);
#758 = ORIENTED_EDGE('',*,*,#721,.T.);
#759 = ORIENTED_EDGE('',*,*,#743,.T.);
#760 = PLANE('',#761);
#761 = AXIS2_PLACEMENT_3D('',#762,#763,#764);
#762 = CARTESIAN_POINT('',(0.,1.270000000309E-06,0.));
#763 = DIRECTION('',(-0.,-0.,-1.));
#764 = DIRECTION('',(-1.,0.,0.));
#765 = ADVANCED_FACE('',(#766),#772,.F.);
#766 = FACE_BOUND('',#767,.F.);
#767 = EDGE_LOOP('',(#768,#769,#770,#771));
#768 = ORIENTED_EDGE('',*,*,#643,.T.);
#769 = ORIENTED_EDGE('',*,*,#674,.T.);
#770 = ORIENTED_EDGE('',*,*,#705,.T.);
#771 = ORIENTED_EDGE('',*,*,#736,.T.);
#772 = PLANE('',#773);
#773 = AXIS2_PLACEMENT_3D('',#774,#775,#776);
#774 = CARTESIAN_POINT('',(0.,1.270000000309E-06,0.4499991));
#775 = DIRECTION('',(-0.,-0.,-1.));
#776 = DIRECTION('',(-1.,0.,0.));
#777 = ( GEOMETRIC_REPRESENTATION_CONTEXT(3) 
GLOBAL_UNCERTAINTY_ASSIGNED_CONTEXT((#781)) GLOBAL_UNIT_ASSIGNED_CONTEXT
((#778,#779,#780)) REPRESENTATION_CONTEXT('Context #1',
  '3D Context with UNIT and UNCERTAINTY') );
#778 = ( LENGTH_UNIT() NAMED_UNIT(*) SI_UNIT(.MILLI.,.METRE.) );
#779 = ( NAMED_UNIT(*) PLANE_ANGLE_UNIT() SI_UNIT($,.RADIAN.) );
#780 = ( NAMED_UNIT(*) SI_UNIT($,.STERADIAN.) SOLID_ANGLE_UNIT() );
#781 = UNCERTAINTY_MEASURE_WITH_UNIT(LENGTH_MEASURE(1.E-07),#778,
  'distance_accuracy_value','confusion accuracy');
#782 = SHAPE_DEFINITION_REPRESENTATION(#783,#626);
#783 = PRODUCT_DEFINITION_SHAPE('','',#784);
#784 = PRODUCT_DEFINITION('design','',#785,#788);
#785 = PRODUCT_DEFINITION_FORMATION('','',#786);
#786 = PRODUCT('Extruded','Extruded','',(#787));
#787 = PRODUCT_CONTEXT('',#2,'mechanical');
#788 = PRODUCT_DEFINITION_CONTEXT('part definition',#2,'design');
#789 = CONTEXT_DEPENDENT_SHAPE_REPRESENTATION(#790,#792);
#790 = ( REPRESENTATION_RELATIONSHIP('','',#626,#616) 
REPRESENTATION_RELATIONSHIP_WITH_TRANSFORMATION(#791) 
SHAPE_REPRESENTATION_RELATIONSHIP() );
#791 = ITEM_DEFINED_TRANSFORMATION('','',#11,#617);
#792 = PRODUCT_DEFINITION_SHAPE('Placement','Placement of an item',#793
  );
#793 = NEXT_ASSEMBLY_USAGE_OCCURRENCE('3','1','',#611,#784,$);
#794 = PRODUCT_RELATED_PRODUCT_CATEGORY('part',$,(#786));
#795 = CONTEXT_DEPENDENT_SHAPE_REPRESENTATION(#796,#798);
#796 = ( REPRESENTATION_RELATIONSHIP('','',#616,#599) 
REPRESENTATION_RELATIONSHIP_WITH_TRANSFORMATION(#797) 
SHAPE_REPRESENTATION_RELATIONSHIP() );
#797 = ITEM_DEFINED_TRANSFORMATION('','',#11,#600);
#798 = PRODUCT_DEFINITION_SHAPE('Placement','Placement of an item',#799
  );
#799 = NEXT_ASSEMBLY_USAGE_OCCURRENCE('4','','',#594,#611,$);
#800 = PRODUCT_RELATED_PRODUCT_CATEGORY('part',$,(#613));
#801 = CONTEXT_DEPENDENT_SHAPE_REPRESENTATION(#802,#804);
#802 = ( REPRESENTATION_RELATIONSHIP('','',#599,#10) 
REPRESENTATION_RELATIONSHIP_WITH_TRANSFORMATION(#803) 
SHAPE_REPRESENTATION_RELATIONSHIP() );
#803 = ITEM_DEFINED_TRANSFORMATION('','',#11,#19);
#804 = PRODUCT_DEFINITION_SHAPE('Placement','Placement of an item',#805
  );
#805 = NEXT_ASSEMBLY_USAGE_OCCURRENCE('5','','',#5,#594,$);
#806 = PRODUCT_RELATED_PRODUCT_CATEGORY('part',$,(#596));
#807 = SHAPE_DEFINITION_REPRESENTATION(#808,#814);
#808 = PRODUCT_DEFINITION_SHAPE('','',#809);
#809 = PRODUCT_DEFINITION('design','',#810,#813);
#810 = PRODUCT_DEFINITION_FORMATION('','',#811);
#811 = PRODUCT('VT1','VT1','',(#812));
#812 = PRODUCT_CONTEXT('',#2,'mechanical');
#813 = PRODUCT_DEFINITION_CONTEXT('part definition',#2,'design');
#814 = SHAPE_REPRESENTATION('',(#11,#815),#819);
#815 = AXIS2_PLACEMENT_3D('',#816,#817,#818);
#816 = CARTESIAN_POINT('',(21.124996185303,7.874957561493,
    -1.020322561264));
#817 = DIRECTION('',(-3.777050848347E-23,8.742273394091E-08,-1.));
#818 = DIRECTION('',(1.19248806385E-08,1.,8.742273394091E-08));
#819 = ( GEOMETRIC_REPRESENTATION_CONTEXT(3) 
GLOBAL_UNCERTAINTY_ASSIGNED_CONTEXT((#823)) GLOBAL_UNIT_ASSIGNED_CONTEXT
((#820,#821,#822)) REPRESENTATION_CONTEXT('Context #1',
  '3D Context with UNIT and UNCERTAINTY') );
#820 = ( LENGTH_UNIT() NAMED_UNIT(*) SI_UNIT(.MILLI.,.METRE.) );
#821 = ( NAMED_UNIT(*) PLANE_ANGLE_UNIT() SI_UNIT($,.RADIAN.) );
#822 = ( NAMED_UNIT(*) SI_UNIT($,.STERADIAN.) SOLID_ANGLE_UNIT() );
#823 = UNCERTAINTY_MEASURE_WITH_UNIT(LENGTH_MEASURE(2.E-04),#820,
  'distance_accuracy_value','confusion accuracy');
#824 = SHAPE_DEFINITION_REPRESENTATION(#825,#831);
#825 = PRODUCT_DEFINITION_SHAPE('','',#826);
#826 = PRODUCT_DEFINITION('design','',#827,#830);
#827 = PRODUCT_DEFINITION_FORMATION('','',#828);
#828 = PRODUCT('5mm LED Transparent','5mm LED Transparent','',(#829));
#829 = PRODUCT_CONTEXT('',#2,'mechanical');
#830 = PRODUCT_DEFINITION_CONTEXT('part definition',#2,'design');
#831 = SHAPE_REPRESENTATION('',(#11,#832,#836,#840,#844,#848),#852);
#832 = AXIS2_PLACEMENT_3D('',#833,#834,#835);
#833 = CARTESIAN_POINT('',(0.,0.,0.));
#834 = DIRECTION('',(0.,0.,1.));
#835 = DIRECTION('',(1.,0.,0.));
#836 = AXIS2_PLACEMENT_3D('',#837,#838,#839);
#837 = CARTESIAN_POINT('',(0.97,3.,-27.));
#838 = DIRECTION('',(-3.05384071916E-17,2.675564157911E-17,1.));
#839 = DIRECTION('',(1.,-1.110223024625E-16,3.05384071916E-17));
#840 = AXIS2_PLACEMENT_3D('',#841,#842,#843);
#841 = CARTESIAN_POINT('',(-7.000000000038E-02,-0.3,5.6));
#842 = DIRECTION('',(-1.155196125089E-14,3.675878798018E-32,1.));
#843 = DIRECTION('',(1.,-1.110223024625E-16,1.155196125089E-14));
#844 = AXIS2_PLACEMENT_3D('',#845,#846,#847);
#845 = CARTESIAN_POINT('',(0.52,-1.89735380185E-16,7.4));
#846 = DIRECTION('',(-0.872178105182,-0.48918846352,-2.126019591833E-17)
  );
#847 = DIRECTION('',(-0.48918846352,0.872178105182,1.387778780781E-17));
#848 = AXIS2_PLACEMENT_3D('',#849,#850,#851);
#849 = CARTESIAN_POINT('',(0.52,-2.371692252312E-17,5.62));
#850 = DIRECTION('',(8.82337511772E-17,-5.869415399893E-17,1.));
#851 = DIRECTION('',(-0.999927119681,-1.207291707747E-02,
    8.751871101909E-17));
#852 = ( GEOMETRIC_REPRESENTATION_CONTEXT(3) 
GLOBAL_UNCERTAINTY_ASSIGNED_CONTEXT((#856)) GLOBAL_UNIT_ASSIGNED_CONTEXT
((#853,#854,#855)) REPRESENTATION_CONTEXT('Context #1',
  '3D Context with UNIT and UNCERTAINTY') );
#853 = ( LENGTH_UNIT() NAMED_UNIT(*) SI_UNIT(.MILLI.,.METRE.) );
#854 = ( NAMED_UNIT(*) PLANE_ANGLE_UNIT() SI_UNIT($,.RADIAN.) );
#855 = ( NAMED_UNIT(*) SI_UNIT($,.STERADIAN.) SOLID_ANGLE_UNIT() );
#856 = UNCERTAINTY_MEASURE_WITH_UNIT(LENGTH_MEASURE(2.E-04),#853,
  'distance_accuracy_value','confusion accuracy');
#857 = ADVANCED_BREP_SHAPE_REPRESENTATION('',(#11,#858),#1423);
#858 = MANIFOLD_SOLID_BREP('',#859);
#859 = CLOSED_SHELL('',(#860,#971,#1003,#1062,#1087,#1109,#1132,#1144,
    #1156,#1187,#1211,#1235,#1252,#1309,#1339,#1355,#1377,#1394,#1411));
#860 = ADVANCED_FACE('',(#861,#895,#932),#966,.T.);
#861 = FACE_BOUND('',#862,.T.);
#862 = EDGE_LOOP('',(#863,#873,#881,#889));
#863 = ORIENTED_EDGE('',*,*,#864,.F.);
#864 = EDGE_CURVE('',#865,#867,#869,.T.);
#865 = VERTEX_POINT('',#866);
#866 = CARTESIAN_POINT('',(-0.97,0.3,-1.931310722493E-16));
#867 = VERTEX_POINT('',#868);
#868 = CARTESIAN_POINT('',(-0.97,-0.3,-1.931310722493E-16));
#869 = LINE('',#870,#871);
#870 = CARTESIAN_POINT('',(-0.97,0.3,-1.931310722493E-16));
#871 = VECTOR('',#872,1.);
#872 = DIRECTION('',(0.,-1.,0.));
#873 = ORIENTED_EDGE('',*,*,#874,.F.);
#874 = EDGE_CURVE('',#875,#865,#877,.T.);
#875 = VERTEX_POINT('',#876);
#876 = CARTESIAN_POINT('',(-1.57,0.3,-1.824510129544E-16));
#877 = LINE('',#878,#879);
#878 = CARTESIAN_POINT('',(1.57,0.3,0.));
#879 = VECTOR('',#880,1.);
#880 = DIRECTION('',(1.,0.,-1.780009882482E-17));
#881 = ORIENTED_EDGE('',*,*,#882,.F.);
#882 = EDGE_CURVE('',#883,#875,#885,.T.);
#883 = VERTEX_POINT('',#884);
#884 = CARTESIAN_POINT('',(-1.57,-0.3,-1.824510129544E-16));
#885 = LINE('',#886,#887);
#886 = CARTESIAN_POINT('',(-1.57,-0.3,-1.824510129544E-16));
#887 = VECTOR('',#888,1.);
#888 = DIRECTION('',(0.,1.,0.));
#889 = ORIENTED_EDGE('',*,*,#890,.F.);
#890 = EDGE_CURVE('',#867,#883,#891,.T.);
#891 = LINE('',#892,#893);
#892 = CARTESIAN_POINT('',(0.97,-0.3,0.));
#893 = VECTOR('',#894,1.);
#894 = DIRECTION('',(-1.,0.,1.780009882482E-17));
#895 = FACE_BOUND('',#896,.T.);
#896 = EDGE_LOOP('',(#897,#908,#917,#925));
#897 = ORIENTED_EDGE('',*,*,#898,.T.);
#898 = EDGE_CURVE('',#899,#901,#903,.T.);
#899 = VERTEX_POINT('',#900);
#900 = CARTESIAN_POINT('',(2.4,-1.8,-4.272023717956E-17));
#901 = VERTEX_POINT('',#902);
#902 = CARTESIAN_POINT('',(2.4,1.8,-4.272023717956E-17));
#903 = CIRCLE('',#904,3.);
#904 = AXIS2_PLACEMENT_3D('',#905,#906,#907);
#905 = CARTESIAN_POINT('',(0.,0.,0.));
#906 = DIRECTION('',(-1.780009882482E-17,0.,-1.));
#907 = DIRECTION('',(-1.,0.,1.780009882482E-17));
#908 = ORIENTED_EDGE('',*,*,#909,.T.);
#909 = EDGE_CURVE('',#901,#910,#912,.T.);
#910 = VERTEX_POINT('',#911);
#911 = CARTESIAN_POINT('',(2.5,1.5,-2.548974151714E-16));
#912 = CIRCLE('',#913,0.5);
#913 = AXIS2_PLACEMENT_3D('',#914,#915,#916);
#914 = CARTESIAN_POINT('',(2.,1.5,0.));
#915 = DIRECTION('',(-1.780009882482E-17,0.,-1.));
#916 = DIRECTION('',(-1.,0.,1.780009882482E-17));
#917 = ORIENTED_EDGE('',*,*,#918,.T.);
#918 = EDGE_CURVE('',#910,#919,#921,.T.);
#919 = VERTEX_POINT('',#920);
#920 = CARTESIAN_POINT('',(2.5,-1.5,-2.548974151714E-16));
#921 = LINE('',#922,#923);
#922 = CARTESIAN_POINT('',(2.5,0.,-2.548974151714E-16));
#923 = VECTOR('',#924,1.);
#924 = DIRECTION('',(0.,-1.,0.));
#925 = ORIENTED_EDGE('',*,*,#926,.T.);
#926 = EDGE_CURVE('',#919,#899,#927,.T.);
#927 = CIRCLE('',#928,0.5);
#928 = AXIS2_PLACEMENT_3D('',#929,#930,#931);
#929 = CARTESIAN_POINT('',(2.,-1.5,0.));
#930 = DIRECTION('',(-1.780009882482E-17,0.,-1.));
#931 = DIRECTION('',(-1.,0.,1.780009882482E-17));
#932 = FACE_BOUND('',#933,.T.);
#933 = EDGE_LOOP('',(#934,#944,#952,#960));
#934 = ORIENTED_EDGE('',*,*,#935,.T.);
#935 = EDGE_CURVE('',#936,#938,#940,.T.);
#936 = VERTEX_POINT('',#937);
#937 = CARTESIAN_POINT('',(1.57,0.3,-2.383433232643E-16));
#938 = VERTEX_POINT('',#939);
#939 = CARTESIAN_POINT('',(0.97,0.3,-2.276632639694E-16));
#940 = LINE('',#941,#942);
#941 = CARTESIAN_POINT('',(1.57,0.3,-2.383433232643E-16));
#942 = VECTOR('',#943,1.);
#943 = DIRECTION('',(-1.,0.,1.780009882482E-17));
#944 = ORIENTED_EDGE('',*,*,#945,.T.);
#945 = EDGE_CURVE('',#938,#946,#948,.T.);
#946 = VERTEX_POINT('',#947);
#947 = CARTESIAN_POINT('',(0.97,-0.3,-2.276632639694E-16));
#948 = LINE('',#949,#950);
#949 = CARTESIAN_POINT('',(0.97,0.3,-2.276632639694E-16));
#950 = VECTOR('',#951,1.);
#951 = DIRECTION('',(0.,-1.,0.));
#952 = ORIENTED_EDGE('',*,*,#953,.T.);
#953 = EDGE_CURVE('',#946,#954,#956,.T.);
#954 = VERTEX_POINT('',#955);
#955 = CARTESIAN_POINT('',(1.57,-0.3,-2.383433232643E-16));
#956 = LINE('',#957,#958);
#957 = CARTESIAN_POINT('',(0.97,-0.3,-2.276632639694E-16));
#958 = VECTOR('',#959,1.);
#959 = DIRECTION('',(1.,0.,-1.780009882482E-17));
#960 = ORIENTED_EDGE('',*,*,#961,.T.);
#961 = EDGE_CURVE('',#954,#936,#962,.T.);
#962 = LINE('',#963,#964);
#963 = CARTESIAN_POINT('',(1.57,-0.3,-2.383433232643E-16));
#964 = VECTOR('',#965,1.);
#965 = DIRECTION('',(0.,1.,0.));
#966 = PLANE('',#967);
#967 = AXIS2_PLACEMENT_3D('',#968,#969,#970);
#968 = CARTESIAN_POINT('',(-3.745090384807E-33,0.,-2.103971681093E-16));
#969 = DIRECTION('',(-1.780009882482E-17,0.,-1.));
#970 = DIRECTION('',(-1.,0.,1.780009882482E-17));
#971 = ADVANCED_FACE('',(#972),#998,.T.);
#972 = FACE_BOUND('',#973,.T.);
#973 = EDGE_LOOP('',(#974,#985,#991,#992));
#974 = ORIENTED_EDGE('',*,*,#975,.T.);
#975 = EDGE_CURVE('',#976,#978,#980,.T.);
#976 = VERTEX_POINT('',#977);
#977 = CARTESIAN_POINT('',(2.4,-1.8,1.));
#978 = VERTEX_POINT('',#979);
#979 = CARTESIAN_POINT('',(2.4,1.8,1.));
#980 = CIRCLE('',#981,3.);
#981 = AXIS2_PLACEMENT_3D('',#982,#983,#984);
#982 = CARTESIAN_POINT('',(1.780009882482E-17,0.,1.));
#983 = DIRECTION('',(-1.780009882482E-17,0.,-1.));
#984 = DIRECTION('',(-1.,0.,1.780009882482E-17));
#985 = ORIENTED_EDGE('',*,*,#986,.T.);
#986 = EDGE_CURVE('',#978,#901,#987,.T.);
#987 = LINE('',#988,#989);
#988 = CARTESIAN_POINT('',(2.4,1.8,9.46));
#989 = VECTOR('',#990,1.);
#990 = DIRECTION('',(-1.780009882482E-17,0.,-1.));
#991 = ORIENTED_EDGE('',*,*,#898,.F.);
#992 = ORIENTED_EDGE('',*,*,#993,.F.);
#993 = EDGE_CURVE('',#976,#899,#994,.T.);
#994 = LINE('',#995,#996);
#995 = CARTESIAN_POINT('',(2.4,-1.8,9.46));
#996 = VECTOR('',#997,1.);
#997 = DIRECTION('',(-1.780009882482E-17,0.,-1.));
#998 = CYLINDRICAL_SURFACE('',#999,3.);
#999 = AXIS2_PLACEMENT_3D('',#1000,#1001,#1002);
#1000 = CARTESIAN_POINT('',(1.683889348828E-16,0.,9.46));
#1001 = DIRECTION('',(-1.780009882482E-17,0.,-1.));
#1002 = DIRECTION('',(-1.,0.,1.780009882482E-17));
#1003 = ADVANCED_FACE('',(#1004,#1039),#1057,.T.);
#1004 = FACE_BOUND('',#1005,.T.);
#1005 = EDGE_LOOP('',(#1006,#1016,#1023,#1024,#1033));
#1006 = ORIENTED_EDGE('',*,*,#1007,.T.);
#1007 = EDGE_CURVE('',#1008,#1010,#1012,.T.);
#1008 = VERTEX_POINT('',#1009);
#1009 = CARTESIAN_POINT('',(2.5,0.,1.));
#1010 = VERTEX_POINT('',#1011);
#1011 = CARTESIAN_POINT('',(2.5,1.5,1.));
#1012 = LINE('',#1013,#1014);
#1013 = CARTESIAN_POINT('',(2.5,0.,1.));
#1014 = VECTOR('',#1015,1.);
#1015 = DIRECTION('',(0.,1.,0.));
#1016 = ORIENTED_EDGE('',*,*,#1017,.T.);
#1017 = EDGE_CURVE('',#1010,#978,#1018,.T.);
#1018 = CIRCLE('',#1019,0.5);
#1019 = AXIS2_PLACEMENT_3D('',#1020,#1021,#1022);
#1020 = CARTESIAN_POINT('',(2.,1.5,1.));
#1021 = DIRECTION('',(1.780009882482E-17,0.,1.));
#1022 = DIRECTION('',(1.,0.,-1.780009882482E-17));
#1023 = ORIENTED_EDGE('',*,*,#975,.F.);
#1024 = ORIENTED_EDGE('',*,*,#1025,.T.);
#1025 = EDGE_CURVE('',#976,#1026,#1028,.T.);
#1026 = VERTEX_POINT('',#1027);
#1027 = CARTESIAN_POINT('',(2.5,-1.5,1.));
#1028 = CIRCLE('',#1029,0.5);
#1029 = AXIS2_PLACEMENT_3D('',#1030,#1031,#1032);
#1030 = CARTESIAN_POINT('',(2.,-1.5,1.));
#1031 = DIRECTION('',(1.780009882482E-17,0.,1.));
#1032 = DIRECTION('',(1.,0.,-1.780009882482E-17));
#1033 = ORIENTED_EDGE('',*,*,#1034,.T.);
#1034 = EDGE_CURVE('',#1026,#1008,#1035,.T.);
#1035 = LINE('',#1036,#1037);
#1036 = CARTESIAN_POINT('',(2.5,0.,1.));
#1037 = VECTOR('',#1038,1.);
#1038 = DIRECTION('',(0.,1.,0.));
#1039 = FACE_BOUND('',#1040,.T.);
#1040 = EDGE_LOOP('',(#1041,#1050));
#1041 = ORIENTED_EDGE('',*,*,#1042,.T.);
#1042 = EDGE_CURVE('',#1008,#1043,#1045,.T.);
#1043 = VERTEX_POINT('',#1044);
#1044 = CARTESIAN_POINT('',(-2.5,0.,1.));
#1045 = CIRCLE('',#1046,2.5);
#1046 = AXIS2_PLACEMENT_3D('',#1047,#1048,#1049);
#1047 = CARTESIAN_POINT('',(1.780009882482E-17,0.,1.));
#1048 = DIRECTION('',(-1.780009882482E-17,0.,-1.));
#1049 = DIRECTION('',(-1.,0.,1.780009882482E-17));
#1050 = ORIENTED_EDGE('',*,*,#1051,.T.);
#1051 = EDGE_CURVE('',#1043,#1008,#1052,.T.);
#1052 = CIRCLE('',#1053,2.5);
#1053 = AXIS2_PLACEMENT_3D('',#1054,#1055,#1056);
#1054 = CARTESIAN_POINT('',(1.780009882482E-17,0.,1.));
#1055 = DIRECTION('',(-1.780009882482E-17,0.,-1.));
#1056 = DIRECTION('',(-1.,0.,1.780009882482E-17));
#1057 = PLANE('',#1058);
#1058 = AXIS2_PLACEMENT_3D('',#1059,#1060,#1061);
#1059 = CARTESIAN_POINT('',(-3.,0.,1.));
#1060 = DIRECTION('',(1.780009882482E-17,0.,1.));
#1061 = DIRECTION('',(1.,0.,-1.780009882482E-17));
#1062 = ADVANCED_FACE('',(#1063),#1082,.T.);
#1063 = FACE_BOUND('',#1064,.T.);
#1064 = EDGE_LOOP('',(#1065,#1074,#1079,#1080,#1081));
#1065 = ORIENTED_EDGE('',*,*,#1066,.T.);
#1066 = EDGE_CURVE('',#1067,#1067,#1069,.T.);
#1067 = VERTEX_POINT('',#1068);
#1068 = CARTESIAN_POINT('',(-2.5,0.,6.1));
#1069 = CIRCLE('',#1070,2.5);
#1070 = AXIS2_PLACEMENT_3D('',#1071,#1072,#1073);
#1071 = CARTESIAN_POINT('',(1.085806028314E-16,0.,6.1));
#1072 = DIRECTION('',(-1.780009882482E-17,0.,-1.));
#1073 = DIRECTION('',(-1.,0.,1.780009882482E-17));
#1074 = ORIENTED_EDGE('',*,*,#1075,.T.);
#1075 = EDGE_CURVE('',#1067,#1043,#1076,.T.);
#1076 = B_SPLINE_CURVE_WITH_KNOTS('',1,(#1077,#1078),.UNSPECIFIED.,.F.,
  .F.,(2,2),(3.36,8.46),.PIECEWISE_BEZIER_KNOTS.);
#1077 = CARTESIAN_POINT('',(-2.5,0.,6.1));
#1078 = CARTESIAN_POINT('',(-2.5,0.,1.));
#1079 = ORIENTED_EDGE('',*,*,#1042,.F.);
#1080 = ORIENTED_EDGE('',*,*,#1051,.F.);
#1081 = ORIENTED_EDGE('',*,*,#1075,.F.);
#1082 = CYLINDRICAL_SURFACE('',#1083,2.5);
#1083 = AXIS2_PLACEMENT_3D('',#1084,#1085,#1086);
#1084 = CARTESIAN_POINT('',(1.683889348828E-16,0.,9.46));
#1085 = DIRECTION('',(-1.780009882482E-17,0.,-1.));
#1086 = DIRECTION('',(-1.,0.,1.780009882482E-17));
#1087 = ADVANCED_FACE('',(#1088),#1104,.T.);
#1088 = FACE_BOUND('',#1089,.T.);
#1089 = EDGE_LOOP('',(#1090,#1091,#1103));
#1090 = ORIENTED_EDGE('',*,*,#1066,.F.);
#1091 = ORIENTED_EDGE('',*,*,#1092,.F.);
#1092 = EDGE_CURVE('',#1093,#1067,#1095,.T.);
#1093 = VERTEX_POINT('',#1094);
#1094 = CARTESIAN_POINT('',(-1.085806028314E-16,0.,8.6));
#1095 = B_SPLINE_CURVE_WITH_KNOTS('',6,(#1096,#1097,#1098,#1099,#1100,
    #1101,#1102),.UNSPECIFIED.,.F.,.F.,(7,7),(-1.570796326795,0.),
  .PIECEWISE_BEZIER_KNOTS.);
#1096 = CARTESIAN_POINT('',(0.,0.,8.6));
#1097 = CARTESIAN_POINT('',(-0.654498469498,-1.603058911435E-16,8.6));
#1098 = CARTESIAN_POINT('',(-1.308941251763,-3.205981428487E-16,
    8.394430784949));
#1099 = CARTESIAN_POINT('',(-1.8829753741,-4.611959529531E-16,
    7.9829753741));
#1100 = CARTESIAN_POINT('',(-2.294430784949,-5.619734633307E-16,
    7.408941251763));
#1101 = CARTESIAN_POINT('',(-2.5,-6.123233995737E-16,6.754498469498));
#1102 = CARTESIAN_POINT('',(-2.5,-6.123233995737E-16,6.1));
#1103 = ORIENTED_EDGE('',*,*,#1092,.T.);
#1104 = SPHERICAL_SURFACE('',#1105,2.5);
#1105 = AXIS2_PLACEMENT_3D('',#1106,#1107,#1108);
#1106 = CARTESIAN_POINT('',(0.,0.,6.1));
#1107 = DIRECTION('',(-1.780009882482E-17,0.,-1.));
#1108 = DIRECTION('',(-1.,0.,1.780009882482E-17));
#1109 = ADVANCED_FACE('',(#1110),#1127,.T.);
#1110 = FACE_BOUND('',#1111,.T.);
#1111 = EDGE_LOOP('',(#1112,#1113,#1119,#1120,#1121));
#1112 = ORIENTED_EDGE('',*,*,#918,.F.);
#1113 = ORIENTED_EDGE('',*,*,#1114,.F.);
#1114 = EDGE_CURVE('',#1010,#910,#1115,.T.);
#1115 = LINE('',#1116,#1117);
#1116 = CARTESIAN_POINT('',(2.5,1.5,-1.594282726329));
#1117 = VECTOR('',#1118,1.);
#1118 = DIRECTION('',(-1.780009882482E-17,0.,-1.));
#1119 = ORIENTED_EDGE('',*,*,#1007,.F.);
#1120 = ORIENTED_EDGE('',*,*,#1034,.F.);
#1121 = ORIENTED_EDGE('',*,*,#1122,.T.);
#1122 = EDGE_CURVE('',#1026,#919,#1123,.T.);
#1123 = LINE('',#1124,#1125);
#1124 = CARTESIAN_POINT('',(2.5,-1.5,-1.594282726329));
#1125 = VECTOR('',#1126,1.);
#1126 = DIRECTION('',(-1.780009882482E-17,0.,-1.));
#1127 = PLANE('',#1128);
#1128 = AXIS2_PLACEMENT_3D('',#1129,#1130,#1131);
#1129 = CARTESIAN_POINT('',(2.5,0.,-1.594282726329));
#1130 = DIRECTION('',(1.,0.,-1.780009882482E-17));
#1131 = DIRECTION('',(-1.780009882482E-17,0.,-1.));
#1132 = ADVANCED_FACE('',(#1133),#1139,.T.);
#1133 = FACE_BOUND('',#1134,.T.);
#1134 = EDGE_LOOP('',(#1135,#1136,#1137,#1138));
#1135 = ORIENTED_EDGE('',*,*,#926,.F.);
#1136 = ORIENTED_EDGE('',*,*,#1122,.F.);
#1137 = ORIENTED_EDGE('',*,*,#1025,.F.);
#1138 = ORIENTED_EDGE('',*,*,#993,.T.);
#1139 = CYLINDRICAL_SURFACE('',#1140,0.5);
#1140 = AXIS2_PLACEMENT_3D('',#1141,#1142,#1143);
#1141 = CARTESIAN_POINT('',(2.,-1.5,9.46));
#1142 = DIRECTION('',(-1.780009882482E-17,0.,-1.));
#1143 = DIRECTION('',(-1.,0.,1.780009882482E-17));
#1144 = ADVANCED_FACE('',(#1145),#1151,.T.);
#1145 = FACE_BOUND('',#1146,.T.);
#1146 = EDGE_LOOP('',(#1147,#1148,#1149,#1150));
#1147 = ORIENTED_EDGE('',*,*,#1017,.F.);
#1148 = ORIENTED_EDGE('',*,*,#1114,.T.);
#1149 = ORIENTED_EDGE('',*,*,#909,.F.);
#1150 = ORIENTED_EDGE('',*,*,#986,.F.);
#1151 = CYLINDRICAL_SURFACE('',#1152,0.5);
#1152 = AXIS2_PLACEMENT_3D('',#1153,#1154,#1155);
#1153 = CARTESIAN_POINT('',(2.,1.5,9.46));
#1154 = DIRECTION('',(-1.780009882482E-17,0.,-1.));
#1155 = DIRECTION('',(-1.,0.,1.780009882482E-17));
#1156 = ADVANCED_FACE('',(#1157),#1182,.T.);
#1157 = FACE_BOUND('',#1158,.T.);
#1158 = EDGE_LOOP('',(#1159,#1169,#1175,#1176));
#1159 = ORIENTED_EDGE('',*,*,#1160,.T.);
#1160 = EDGE_CURVE('',#1161,#1163,#1165,.T.);
#1161 = VERTEX_POINT('',#1162);
#1162 = CARTESIAN_POINT('',(0.97,0.3,0.5));
#1163 = VERTEX_POINT('',#1164);
#1164 = CARTESIAN_POINT('',(0.97,-0.3,0.5));
#1165 = LINE('',#1166,#1167);
#1166 = CARTESIAN_POINT('',(0.97,0.,0.5));
#1167 = VECTOR('',#1168,1.);
#1168 = DIRECTION('',(0.,-1.,0.));
#1169 = ORIENTED_EDGE('',*,*,#1170,.T.);
#1170 = EDGE_CURVE('',#1163,#946,#1171,.T.);
#1171 = LINE('',#1172,#1173);
#1172 = CARTESIAN_POINT('',(0.97,-0.3,3.62541285438));
#1173 = VECTOR('',#1174,1.);
#1174 = DIRECTION('',(-1.780009882482E-17,0.,-1.));
#1175 = ORIENTED_EDGE('',*,*,#945,.F.);
#1176 = ORIENTED_EDGE('',*,*,#1177,.F.);
#1177 = EDGE_CURVE('',#1161,#938,#1178,.T.);
#1178 = LINE('',#1179,#1180);
#1179 = CARTESIAN_POINT('',(0.97,0.3,3.62541285438));
#1180 = VECTOR('',#1181,1.);
#1181 = DIRECTION('',(-1.780009882482E-17,0.,-1.));
#1182 = PLANE('',#1183);
#1183 = AXIS2_PLACEMENT_3D('',#1184,#1185,#1186);
#1184 = CARTESIAN_POINT('',(0.97,0.3,3.62541285438));
#1185 = DIRECTION('',(1.,0.,-1.780009882482E-17));
#1186 = DIRECTION('',(-1.780009882482E-17,0.,-1.));
#1187 = ADVANCED_FACE('',(#1188),#1206,.T.);
#1188 = FACE_BOUND('',#1189,.T.);
#1189 = EDGE_LOOP('',(#1190,#1198,#1204,#1205));
#1190 = ORIENTED_EDGE('',*,*,#1191,.T.);
#1191 = EDGE_CURVE('',#1163,#1192,#1194,.T.);
#1192 = VERTEX_POINT('',#1193);
#1193 = CARTESIAN_POINT('',(1.57,-0.3,0.5));
#1194 = LINE('',#1195,#1196);
#1195 = CARTESIAN_POINT('',(8.900049412408E-18,-0.3,0.5));
#1196 = VECTOR('',#1197,1.);
#1197 = DIRECTION('',(1.,0.,-1.780009882482E-17));
#1198 = ORIENTED_EDGE('',*,*,#1199,.T.);
#1199 = EDGE_CURVE('',#1192,#954,#1200,.T.);
#1200 = LINE('',#1201,#1202);
#1201 = CARTESIAN_POINT('',(1.57,-0.3,3.62541285438));
#1202 = VECTOR('',#1203,1.);
#1203 = DIRECTION('',(-1.780009882482E-17,0.,-1.));
#1204 = ORIENTED_EDGE('',*,*,#953,.F.);
#1205 = ORIENTED_EDGE('',*,*,#1170,.F.);
#1206 = PLANE('',#1207);
#1207 = AXIS2_PLACEMENT_3D('',#1208,#1209,#1210);
#1208 = CARTESIAN_POINT('',(0.97,-0.3,3.62541285438));
#1209 = DIRECTION('',(0.,1.,0.));
#1210 = DIRECTION('',(0.,-0.,1.));
#1211 = ADVANCED_FACE('',(#1212),#1230,.T.);
#1212 = FACE_BOUND('',#1213,.T.);
#1213 = EDGE_LOOP('',(#1214,#1222,#1228,#1229));
#1214 = ORIENTED_EDGE('',*,*,#1215,.T.);
#1215 = EDGE_CURVE('',#1192,#1216,#1218,.T.);
#1216 = VERTEX_POINT('',#1217);
#1217 = CARTESIAN_POINT('',(1.57,0.3,0.5));
#1218 = LINE('',#1219,#1220);
#1219 = CARTESIAN_POINT('',(1.57,0.,0.5));
#1220 = VECTOR('',#1221,1.);
#1221 = DIRECTION('',(0.,1.,0.));
#1222 = ORIENTED_EDGE('',*,*,#1223,.T.);
#1223 = EDGE_CURVE('',#1216,#936,#1224,.T.);
#1224 = LINE('',#1225,#1226);
#1225 = CARTESIAN_POINT('',(1.57,0.3,3.62541285438));
#1226 = VECTOR('',#1227,1.);
#1227 = DIRECTION('',(-1.780009882482E-17,0.,-1.));
#1228 = ORIENTED_EDGE('',*,*,#961,.F.);
#1229 = ORIENTED_EDGE('',*,*,#1199,.F.);
#1230 = PLANE('',#1231);
#1231 = AXIS2_PLACEMENT_3D('',#1232,#1233,#1234);
#1232 = CARTESIAN_POINT('',(1.57,-0.3,3.62541285438));
#1233 = DIRECTION('',(-1.,0.,1.780009882482E-17));
#1234 = DIRECTION('',(1.780009882482E-17,0.,1.));
#1235 = ADVANCED_FACE('',(#1236),#1247,.T.);
#1236 = FACE_BOUND('',#1237,.T.);
#1237 = EDGE_LOOP('',(#1238,#1244,#1245,#1246));
#1238 = ORIENTED_EDGE('',*,*,#1239,.T.);
#1239 = EDGE_CURVE('',#1216,#1161,#1240,.T.);
#1240 = LINE('',#1241,#1242);
#1241 = CARTESIAN_POINT('',(8.900049412408E-18,0.3,0.5));
#1242 = VECTOR('',#1243,1.);
#1243 = DIRECTION('',(-1.,0.,1.780009882482E-17));
#1244 = ORIENTED_EDGE('',*,*,#1177,.T.);
#1245 = ORIENTED_EDGE('',*,*,#935,.F.);
#1246 = ORIENTED_EDGE('',*,*,#1223,.F.);
#1247 = PLANE('',#1248);
#1248 = AXIS2_PLACEMENT_3D('',#1249,#1250,#1251);
#1249 = CARTESIAN_POINT('',(1.57,0.3,3.62541285438));
#1250 = DIRECTION('',(0.,-1.,0.));
#1251 = DIRECTION('',(0.,0.,-1.));
#1252 = ADVANCED_FACE('',(#1253,#1287,#1298),#1304,.F.);
#1253 = FACE_BOUND('',#1254,.T.);
#1254 = EDGE_LOOP('',(#1255,#1265,#1273,#1281));
#1255 = ORIENTED_EDGE('',*,*,#1256,.T.);
#1256 = EDGE_CURVE('',#1257,#1259,#1261,.T.);
#1257 = VERTEX_POINT('',#1258);
#1258 = CARTESIAN_POINT('',(-1.57,0.3,0.5));
#1259 = VERTEX_POINT('',#1260);
#1260 = CARTESIAN_POINT('',(-0.97,0.3,0.5));
#1261 = LINE('',#1262,#1263);
#1262 = CARTESIAN_POINT('',(8.900049412408E-18,0.3,0.5));
#1263 = VECTOR('',#1264,1.);
#1264 = DIRECTION('',(1.,0.,-1.780009882482E-17));
#1265 = ORIENTED_EDGE('',*,*,#1266,.T.);
#1266 = EDGE_CURVE('',#1259,#1267,#1269,.T.);
#1267 = VERTEX_POINT('',#1268);
#1268 = CARTESIAN_POINT('',(-0.97,-0.3,0.5));
#1269 = LINE('',#1270,#1271);
#1270 = CARTESIAN_POINT('',(-0.97,0.,0.5));
#1271 = VECTOR('',#1272,1.);
#1272 = DIRECTION('',(0.,-1.,0.));
#1273 = ORIENTED_EDGE('',*,*,#1274,.T.);
#1274 = EDGE_CURVE('',#1267,#1275,#1277,.T.);
#1275 = VERTEX_POINT('',#1276);
#1276 = CARTESIAN_POINT('',(-1.57,-0.3,0.5));
#1277 = LINE('',#1278,#1279);
#1278 = CARTESIAN_POINT('',(8.900049412408E-18,-0.3,0.5));
#1279 = VECTOR('',#1280,1.);
#1280 = DIRECTION('',(-1.,0.,1.780009882482E-17));
#1281 = ORIENTED_EDGE('',*,*,#1282,.T.);
#1282 = EDGE_CURVE('',#1275,#1257,#1283,.T.);
#1283 = LINE('',#1284,#1285);
#1284 = CARTESIAN_POINT('',(-1.57,0.,0.5));
#1285 = VECTOR('',#1286,1.);
#1286 = DIRECTION('',(0.,1.,0.));
#1287 = FACE_BOUND('',#1288,.T.);
#1288 = EDGE_LOOP('',(#1289));
#1289 = ORIENTED_EDGE('',*,*,#1290,.F.);
#1290 = EDGE_CURVE('',#1291,#1291,#1293,.T.);
#1291 = VERTEX_POINT('',#1292);
#1292 = CARTESIAN_POINT('',(-2.,0.,0.5));
#1293 = CIRCLE('',#1294,2.);
#1294 = AXIS2_PLACEMENT_3D('',#1295,#1296,#1297);
#1295 = CARTESIAN_POINT('',(8.900049412408E-18,0.,0.5));
#1296 = DIRECTION('',(-1.780009882482E-17,0.,-1.));
#1297 = DIRECTION('',(-1.,0.,1.780009882482E-17));
#1298 = FACE_BOUND('',#1299,.T.);
#1299 = EDGE_LOOP('',(#1300,#1301,#1302,#1303));
#1300 = ORIENTED_EDGE('',*,*,#1160,.F.);
#1301 = ORIENTED_EDGE('',*,*,#1239,.F.);
#1302 = ORIENTED_EDGE('',*,*,#1215,.F.);
#1303 = ORIENTED_EDGE('',*,*,#1191,.F.);
#1304 = PLANE('',#1305);
#1305 = AXIS2_PLACEMENT_3D('',#1306,#1307,#1308);
#1306 = CARTESIAN_POINT('',(8.900049412408E-18,0.,0.5));
#1307 = DIRECTION('',(-1.780009882482E-17,0.,-1.));
#1308 = DIRECTION('',(-1.,0.,1.780009882482E-17));
#1309 = ADVANCED_FACE('',(#1310),#1334,.F.);
#1310 = FACE_BOUND('',#1311,.F.);
#1311 = EDGE_LOOP('',(#1312,#1321,#1333));
#1312 = ORIENTED_EDGE('',*,*,#1313,.F.);
#1313 = EDGE_CURVE('',#1314,#1314,#1316,.T.);
#1314 = VERTEX_POINT('',#1315);
#1315 = CARTESIAN_POINT('',(-2.,0.,6.1));
#1316 = CIRCLE('',#1317,2.);
#1317 = AXIS2_PLACEMENT_3D('',#1318,#1319,#1320);
#1318 = CARTESIAN_POINT('',(1.085806028314E-16,0.,6.1));
#1319 = DIRECTION('',(-1.780009882482E-17,0.,-1.));
#1320 = DIRECTION('',(-1.,0.,1.780009882482E-17));
#1321 = ORIENTED_EDGE('',*,*,#1322,.F.);
#1322 = EDGE_CURVE('',#1323,#1314,#1325,.T.);
#1323 = VERTEX_POINT('',#1324);
#1324 = CARTESIAN_POINT('',(-8.68644822651E-17,0.,8.1));
#1325 = B_SPLINE_CURVE_WITH_KNOTS('',6,(#1326,#1327,#1328,#1329,#1330,
    #1331,#1332),.UNSPECIFIED.,.F.,.F.,(7,7),(-1.570796326795,0.),
  .PIECEWISE_BEZIER_KNOTS.);
#1326 = CARTESIAN_POINT('',(2.22044604925E-16,4.930380657631E-32,8.1));
#1327 = CARTESIAN_POINT('',(-0.523598775598,-1.282447129148E-16,8.1));
#1328 = CARTESIAN_POINT('',(-1.04715300141,-2.564785142789E-16,
    7.935544627959));
#1329 = CARTESIAN_POINT('',(-1.50638029928,-3.689567623625E-16,
    7.60638029928));
#1330 = CARTESIAN_POINT('',(-1.835544627959,-4.495787706645E-16,
    7.14715300141));
#1331 = CARTESIAN_POINT('',(-2.,-4.898587196589E-16,6.623598775598));
#1332 = CARTESIAN_POINT('',(-2.,-4.898587196589E-16,6.1));
#1333 = ORIENTED_EDGE('',*,*,#1322,.T.);
#1334 = SPHERICAL_SURFACE('',#1335,2.);
#1335 = AXIS2_PLACEMENT_3D('',#1336,#1337,#1338);
#1336 = CARTESIAN_POINT('',(0.,0.,6.1));
#1337 = DIRECTION('',(-1.780009882482E-17,0.,-1.));
#1338 = DIRECTION('',(-1.,0.,1.780009882482E-17));
#1339 = ADVANCED_FACE('',(#1340),#1350,.F.);
#1340 = FACE_BOUND('',#1341,.F.);
#1341 = EDGE_LOOP('',(#1342,#1343,#1348,#1349));
#1342 = ORIENTED_EDGE('',*,*,#1313,.T.);
#1343 = ORIENTED_EDGE('',*,*,#1344,.T.);
#1344 = EDGE_CURVE('',#1314,#1291,#1345,.T.);
#1345 = B_SPLINE_CURVE_WITH_KNOTS('',1,(#1346,#1347),.UNSPECIFIED.,.F.,
  .F.,(2,2),(3.36,8.96),.PIECEWISE_BEZIER_KNOTS.);
#1346 = CARTESIAN_POINT('',(-2.,0.,6.1));
#1347 = CARTESIAN_POINT('',(-2.,0.,0.5));
#1348 = ORIENTED_EDGE('',*,*,#1290,.F.);
#1349 = ORIENTED_EDGE('',*,*,#1344,.F.);
#1350 = CYLINDRICAL_SURFACE('',#1351,2.);
#1351 = AXIS2_PLACEMENT_3D('',#1352,#1353,#1354);
#1352 = CARTESIAN_POINT('',(1.683889348828E-16,0.,9.46));
#1353 = DIRECTION('',(-1.780009882482E-17,0.,-1.));
#1354 = DIRECTION('',(-1.,0.,1.780009882482E-17));
#1355 = ADVANCED_FACE('',(#1356),#1372,.F.);
#1356 = FACE_BOUND('',#1357,.T.);
#1357 = EDGE_LOOP('',(#1358,#1364,#1365,#1371));
#1358 = ORIENTED_EDGE('',*,*,#1359,.T.);
#1359 = EDGE_CURVE('',#1259,#865,#1360,.T.);
#1360 = LINE('',#1361,#1362);
#1361 = CARTESIAN_POINT('',(-0.97,0.3,3.62541285438));
#1362 = VECTOR('',#1363,1.);
#1363 = DIRECTION('',(-1.780009882482E-17,0.,-1.));
#1364 = ORIENTED_EDGE('',*,*,#864,.T.);
#1365 = ORIENTED_EDGE('',*,*,#1366,.F.);
#1366 = EDGE_CURVE('',#1267,#867,#1367,.T.);
#1367 = LINE('',#1368,#1369);
#1368 = CARTESIAN_POINT('',(-0.97,-0.3,3.62541285438));
#1369 = VECTOR('',#1370,1.);
#1370 = DIRECTION('',(-1.780009882482E-17,0.,-1.));
#1371 = ORIENTED_EDGE('',*,*,#1266,.F.);
#1372 = PLANE('',#1373);
#1373 = AXIS2_PLACEMENT_3D('',#1374,#1375,#1376);
#1374 = CARTESIAN_POINT('',(-0.97,0.3,3.62541285438));
#1375 = DIRECTION('',(1.,0.,-1.780009882482E-17));
#1376 = DIRECTION('',(-1.780009882482E-17,0.,-1.));
#1377 = ADVANCED_FACE('',(#1378),#1389,.T.);
#1378 = FACE_BOUND('',#1379,.T.);
#1379 = EDGE_LOOP('',(#1380,#1381,#1382,#1388));
#1380 = ORIENTED_EDGE('',*,*,#1366,.T.);
#1381 = ORIENTED_EDGE('',*,*,#890,.T.);
#1382 = ORIENTED_EDGE('',*,*,#1383,.F.);
#1383 = EDGE_CURVE('',#1275,#883,#1384,.T.);
#1384 = LINE('',#1385,#1386);
#1385 = CARTESIAN_POINT('',(-1.57,-0.3,3.62541285438));
#1386 = VECTOR('',#1387,1.);
#1387 = DIRECTION('',(-1.780009882482E-17,0.,-1.));
#1388 = ORIENTED_EDGE('',*,*,#1274,.F.);
#1389 = PLANE('',#1390);
#1390 = AXIS2_PLACEMENT_3D('',#1391,#1392,#1393);
#1391 = CARTESIAN_POINT('',(0.97,-0.3,3.62541285438));
#1392 = DIRECTION('',(0.,1.,0.));
#1393 = DIRECTION('',(0.,-0.,1.));
#1394 = ADVANCED_FACE('',(#1395),#1406,.F.);
#1395 = FACE_BOUND('',#1396,.T.);
#1396 = EDGE_LOOP('',(#1397,#1398,#1399,#1405));
#1397 = ORIENTED_EDGE('',*,*,#1383,.T.);
#1398 = ORIENTED_EDGE('',*,*,#882,.T.);
#1399 = ORIENTED_EDGE('',*,*,#1400,.F.);
#1400 = EDGE_CURVE('',#1257,#875,#1401,.T.);
#1401 = LINE('',#1402,#1403);
#1402 = CARTESIAN_POINT('',(-1.57,0.3,3.62541285438));
#1403 = VECTOR('',#1404,1.);
#1404 = DIRECTION('',(-1.780009882482E-17,0.,-1.));
#1405 = ORIENTED_EDGE('',*,*,#1282,.F.);
#1406 = PLANE('',#1407);
#1407 = AXIS2_PLACEMENT_3D('',#1408,#1409,#1410);
#1408 = CARTESIAN_POINT('',(-1.57,-0.3,3.62541285438));
#1409 = DIRECTION('',(-1.,0.,1.780009882482E-17));
#1410 = DIRECTION('',(1.780009882482E-17,0.,1.));
#1411 = ADVANCED_FACE('',(#1412),#1418,.T.);
#1412 = FACE_BOUND('',#1413,.T.);
#1413 = EDGE_LOOP('',(#1414,#1415,#1416,#1417));
#1414 = ORIENTED_EDGE('',*,*,#1400,.T.);
#1415 = ORIENTED_EDGE('',*,*,#874,.T.);
#1416 = ORIENTED_EDGE('',*,*,#1359,.F.);
#1417 = ORIENTED_EDGE('',*,*,#1256,.F.);
#1418 = PLANE('',#1419);
#1419 = AXIS2_PLACEMENT_3D('',#1420,#1421,#1422);
#1420 = CARTESIAN_POINT('',(1.57,0.3,3.62541285438));
#1421 = DIRECTION('',(0.,-1.,0.));
#1422 = DIRECTION('',(0.,0.,-1.));
#1423 = ( GEOMETRIC_REPRESENTATION_CONTEXT(3) 
GLOBAL_UNCERTAINTY_ASSIGNED_CONTEXT((#1427)) 
GLOBAL_UNIT_ASSIGNED_CONTEXT((#1424,#1425,#1426)) REPRESENTATION_CONTEXT
('Context #1','3D Context with UNIT and UNCERTAINTY') );
#1424 = ( LENGTH_UNIT() NAMED_UNIT(*) SI_UNIT(.MILLI.,.METRE.) );
#1425 = ( NAMED_UNIT(*) PLANE_ANGLE_UNIT() SI_UNIT($,.RADIAN.) );
#1426 = ( NAMED_UNIT(*) SI_UNIT($,.STERADIAN.) SOLID_ANGLE_UNIT() );
#1427 = UNCERTAINTY_MEASURE_WITH_UNIT(LENGTH_MEASURE(2.E-06),#1424,
  'distance_accuracy_value','confusion accuracy');
#1428 = SHAPE_DEFINITION_REPRESENTATION(#1429,#857);
#1429 = PRODUCT_DEFINITION_SHAPE('','',#1430);
#1430 = PRODUCT_DEFINITION('design','',#1431,#1434);
#1431 = PRODUCT_DEFINITION_FORMATION('','',#1432);
#1432 = PRODUCT('Transparent Bulb','Transparent Bulb','',(#1433));
#1433 = PRODUCT_CONTEXT('',#2,'mechanical');
#1434 = PRODUCT_DEFINITION_CONTEXT('part definition',#2,'design');
#1435 = CONTEXT_DEPENDENT_SHAPE_REPRESENTATION(#1436,#1438);
#1436 = ( REPRESENTATION_RELATIONSHIP('','',#857,#831) 
REPRESENTATION_RELATIONSHIP_WITH_TRANSFORMATION(#1437) 
SHAPE_REPRESENTATION_RELATIONSHIP() );
#1437 = ITEM_DEFINED_TRANSFORMATION('','',#11,#832);
#1438 = PRODUCT_DEFINITION_SHAPE('Placement','Placement of an item',
  #1439);
#1439 = NEXT_ASSEMBLY_USAGE_OCCURRENCE('6','Transparent Bulb','',#826,
  #1430,$);
#1440 = PRODUCT_RELATED_PRODUCT_CATEGORY('part',$,(#1432));
#1441 = ADVANCED_BREP_SHAPE_REPRESENTATION('',(#11,#1442),#1904);
#1442 = MANIFOLD_SOLID_BREP('',#1443);
#1443 = CLOSED_SHELL('',(#1444,#1548,#1652,#1674,#1691,#1740,#1757,#1774
    ,#1791,#1803,#1819,#1831,#1849,#1859,#1883,#1892));
#1444 = ADVANCED_FACE('',(#1445),#1543,.T.);
#1445 = FACE_BOUND('',#1446,.T.);
#1446 = EDGE_LOOP('',(#1447,#1457,#1465,#1473,#1481,#1489,#1497,#1505,
    #1513,#1521,#1529,#1537));
#1447 = ORIENTED_EDGE('',*,*,#1448,.T.);
#1448 = EDGE_CURVE('',#1449,#1451,#1453,.T.);
#1449 = VERTEX_POINT('',#1450);
#1450 = CARTESIAN_POINT('',(0.6,-3.3,-7.347880794884E-17));
#1451 = VERTEX_POINT('',#1452);
#1452 = CARTESIAN_POINT('',(0.6,-3.3,32.4));
#1453 = LINE('',#1454,#1455);
#1454 = CARTESIAN_POINT('',(0.6,-3.3,-7.347880794884E-17));
#1455 = VECTOR('',#1456,1.);
#1456 = DIRECTION('',(1.230536208036E-16,0.,1.));
#1457 = ORIENTED_EDGE('',*,*,#1458,.F.);
#1458 = EDGE_CURVE('',#1459,#1451,#1461,.T.);
#1459 = VERTEX_POINT('',#1460);
#1460 = CARTESIAN_POINT('',(0.4,-3.3,32.6));
#1461 = LINE('',#1462,#1463);
#1462 = CARTESIAN_POINT('',(16.5,-3.3,16.5));
#1463 = VECTOR('',#1464,1.);
#1464 = DIRECTION('',(0.707106781187,0.,-0.707106781187));
#1465 = ORIENTED_EDGE('',*,*,#1466,.T.);
#1466 = EDGE_CURVE('',#1459,#1467,#1469,.T.);
#1467 = VERTEX_POINT('',#1468);
#1468 = CARTESIAN_POINT('',(-0.114589803375,-3.3,32.6));
#1469 = LINE('',#1470,#1471);
#1470 = CARTESIAN_POINT('',(0.6,-3.3,32.6));
#1471 = VECTOR('',#1472,1.);
#1472 = DIRECTION('',(-1.,0.,0.));
#1473 = ORIENTED_EDGE('',*,*,#1474,.F.);
#1474 = EDGE_CURVE('',#1475,#1467,#1477,.T.);
#1475 = VERTEX_POINT('',#1476);
#1476 = CARTESIAN_POINT('',(-0.114589803375,-3.3,32.45));
#1477 = LINE('',#1478,#1479);
#1478 = CARTESIAN_POINT('',(-0.114589803375,-3.3,32.45));
#1479 = VECTOR('',#1480,1.);
#1480 = DIRECTION('',(0.,0.,1.));
#1481 = ORIENTED_EDGE('',*,*,#1482,.F.);
#1482 = EDGE_CURVE('',#1483,#1475,#1485,.T.);
#1483 = VERTEX_POINT('',#1484);
#1484 = CARTESIAN_POINT('',(-0.785410196625,-3.3,32.45));
#1485 = LINE('',#1486,#1487);
#1486 = CARTESIAN_POINT('',(0.,-3.3,32.45));
#1487 = VECTOR('',#1488,1.);
#1488 = DIRECTION('',(1.,0.,0.));
#1489 = ORIENTED_EDGE('',*,*,#1490,.T.);
#1490 = EDGE_CURVE('',#1483,#1491,#1493,.T.);
#1491 = VERTEX_POINT('',#1492);
#1492 = CARTESIAN_POINT('',(-0.785410196625,-3.3,32.6));
#1493 = LINE('',#1494,#1495);
#1494 = CARTESIAN_POINT('',(-0.785410196625,-3.3,32.45));
#1495 = VECTOR('',#1496,1.);
#1496 = DIRECTION('',(0.,0.,1.));
#1497 = ORIENTED_EDGE('',*,*,#1498,.T.);
#1498 = EDGE_CURVE('',#1491,#1499,#1501,.T.);
#1499 = VERTEX_POINT('',#1500);
#1500 = CARTESIAN_POINT('',(-0.9,-3.3,32.6));
#1501 = LINE('',#1502,#1503);
#1502 = CARTESIAN_POINT('',(0.6,-3.3,32.6));
#1503 = VECTOR('',#1504,1.);
#1504 = DIRECTION('',(-1.,0.,0.));
#1505 = ORIENTED_EDGE('',*,*,#1506,.T.);
#1506 = EDGE_CURVE('',#1499,#1507,#1509,.T.);
#1507 = VERTEX_POINT('',#1508);
#1508 = CARTESIAN_POINT('',(-0.9,-3.3,32.387100389335));
#1509 = LINE('',#1510,#1511);
#1510 = CARTESIAN_POINT('',(-0.9,-3.3,32.6));
#1511 = VECTOR('',#1512,1.);
#1512 = DIRECTION('',(0.,0.,-1.));
#1513 = ORIENTED_EDGE('',*,*,#1514,.T.);
#1514 = EDGE_CURVE('',#1507,#1515,#1517,.T.);
#1515 = VERTEX_POINT('',#1516);
#1516 = CARTESIAN_POINT('',(-0.45,-3.3,31.748401557339));
#1517 = LINE('',#1518,#1519);
#1518 = CARTESIAN_POINT('',(-0.45,-3.3,31.748401557339));
#1519 = VECTOR('',#1520,1.);
#1520 = DIRECTION('',(0.575960068117,0.,-0.817477828405));
#1521 = ORIENTED_EDGE('',*,*,#1522,.T.);
#1522 = EDGE_CURVE('',#1515,#1523,#1525,.T.);
#1523 = VERTEX_POINT('',#1524);
#1524 = CARTESIAN_POINT('',(3.903127820948E-15,-3.3,31.748401557339));
#1525 = LINE('',#1526,#1527);
#1526 = CARTESIAN_POINT('',(-0.45,-3.3,31.748401557339));
#1527 = VECTOR('',#1528,1.);
#1528 = DIRECTION('',(1.,0.,0.));
#1529 = ORIENTED_EDGE('',*,*,#1530,.T.);
#1530 = EDGE_CURVE('',#1523,#1531,#1533,.T.);
#1531 = VERTEX_POINT('',#1532);
#1532 = CARTESIAN_POINT('',(0.,-3.3,0.));
#1533 = LINE('',#1534,#1535);
#1534 = CARTESIAN_POINT('',(0.,-3.3,0.));
#1535 = VECTOR('',#1536,1.);
#1536 = DIRECTION('',(-1.224646799147E-16,0.,-1.));
#1537 = ORIENTED_EDGE('',*,*,#1538,.T.);
#1538 = EDGE_CURVE('',#1531,#1449,#1539,.T.);
#1539 = LINE('',#1540,#1541);
#1540 = CARTESIAN_POINT('',(0.6,-3.3,-7.347880794884E-17));
#1541 = VECTOR('',#1542,1.);
#1542 = DIRECTION('',(1.,0.,-1.224646799147E-16));
#1543 = PLANE('',#1544);
#1544 = AXIS2_PLACEMENT_3D('',#1545,#1546,#1547);
#1545 = CARTESIAN_POINT('',(0.,-3.3,0.));
#1546 = DIRECTION('',(0.,-1.,0.));
#1547 = DIRECTION('',(0.,0.,-1.));
#1548 = ADVANCED_FACE('',(#1549),#1647,.F.);
#1549 = FACE_BOUND('',#1550,.T.);
#1550 = EDGE_LOOP('',(#1551,#1561,#1569,#1577,#1585,#1593,#1601,#1609,
    #1617,#1625,#1633,#1641));
#1551 = ORIENTED_EDGE('',*,*,#1552,.F.);
#1552 = EDGE_CURVE('',#1553,#1555,#1557,.T.);
#1553 = VERTEX_POINT('',#1554);
#1554 = CARTESIAN_POINT('',(0.4,-2.7,32.6));
#1555 = VERTEX_POINT('',#1556);
#1556 = CARTESIAN_POINT('',(-0.114589803375,-2.7,32.6));
#1557 = LINE('',#1558,#1559);
#1558 = CARTESIAN_POINT('',(0.6,-2.7,32.6));
#1559 = VECTOR('',#1560,1.);
#1560 = DIRECTION('',(-1.,0.,0.));
#1561 = ORIENTED_EDGE('',*,*,#1562,.F.);
#1562 = EDGE_CURVE('',#1563,#1553,#1565,.T.);
#1563 = VERTEX_POINT('',#1564);
#1564 = CARTESIAN_POINT('',(0.6,-2.7,32.4));
#1565 = LINE('',#1566,#1567);
#1566 = CARTESIAN_POINT('',(0.4,-2.7,32.6));
#1567 = VECTOR('',#1568,1.);
#1568 = DIRECTION('',(-0.707106781187,0.,0.707106781187));
#1569 = ORIENTED_EDGE('',*,*,#1570,.F.);
#1570 = EDGE_CURVE('',#1571,#1563,#1573,.T.);
#1571 = VERTEX_POINT('',#1572);
#1572 = CARTESIAN_POINT('',(0.6,-2.7,-7.347880794884E-17));
#1573 = LINE('',#1574,#1575);
#1574 = CARTESIAN_POINT('',(0.6,-2.7,-7.347880794884E-17));
#1575 = VECTOR('',#1576,1.);
#1576 = DIRECTION('',(1.230536208036E-16,0.,1.));
#1577 = ORIENTED_EDGE('',*,*,#1578,.F.);
#1578 = EDGE_CURVE('',#1579,#1571,#1581,.T.);
#1579 = VERTEX_POINT('',#1580);
#1580 = CARTESIAN_POINT('',(0.,-2.7,0.));
#1581 = LINE('',#1582,#1583);
#1582 = CARTESIAN_POINT('',(0.6,-2.7,-7.347880794884E-17));
#1583 = VECTOR('',#1584,1.);
#1584 = DIRECTION('',(1.,0.,-1.224646799147E-16));
#1585 = ORIENTED_EDGE('',*,*,#1586,.F.);
#1586 = EDGE_CURVE('',#1587,#1579,#1589,.T.);
#1587 = VERTEX_POINT('',#1588);
#1588 = CARTESIAN_POINT('',(3.903127820948E-15,-2.7,31.748401557339));
#1589 = LINE('',#1590,#1591);
#1590 = CARTESIAN_POINT('',(0.,-2.7,0.));
#1591 = VECTOR('',#1592,1.);
#1592 = DIRECTION('',(-1.224646799147E-16,0.,-1.));
#1593 = ORIENTED_EDGE('',*,*,#1594,.F.);
#1594 = EDGE_CURVE('',#1595,#1587,#1597,.T.);
#1595 = VERTEX_POINT('',#1596);
#1596 = CARTESIAN_POINT('',(-0.45,-2.7,31.748401557339));
#1597 = LINE('',#1598,#1599);
#1598 = CARTESIAN_POINT('',(-0.45,-2.7,31.748401557339));
#1599 = VECTOR('',#1600,1.);
#1600 = DIRECTION('',(1.,0.,0.));
#1601 = ORIENTED_EDGE('',*,*,#1602,.F.);
#1602 = EDGE_CURVE('',#1603,#1595,#1605,.T.);
#1603 = VERTEX_POINT('',#1604);
#1604 = CARTESIAN_POINT('',(-0.9,-2.7,32.387100389335));
#1605 = LINE('',#1606,#1607);
#1606 = CARTESIAN_POINT('',(-0.45,-2.7,31.748401557339));
#1607 = VECTOR('',#1608,1.);
#1608 = DIRECTION('',(0.575960068117,0.,-0.817477828405));
#1609 = ORIENTED_EDGE('',*,*,#1610,.F.);
#1610 = EDGE_CURVE('',#1611,#1603,#1613,.T.);
#1611 = VERTEX_POINT('',#1612);
#1612 = CARTESIAN_POINT('',(-0.9,-2.7,32.6));
#1613 = LINE('',#1614,#1615);
#1614 = CARTESIAN_POINT('',(-0.9,-2.7,32.6));
#1615 = VECTOR('',#1616,1.);
#1616 = DIRECTION('',(0.,0.,-1.));
#1617 = ORIENTED_EDGE('',*,*,#1618,.F.);
#1618 = EDGE_CURVE('',#1619,#1611,#1621,.T.);
#1619 = VERTEX_POINT('',#1620);
#1620 = CARTESIAN_POINT('',(-0.785410196625,-2.7,32.6));
#1621 = LINE('',#1622,#1623);
#1622 = CARTESIAN_POINT('',(0.6,-2.7,32.6));
#1623 = VECTOR('',#1624,1.);
#1624 = DIRECTION('',(-1.,0.,0.));
#1625 = ORIENTED_EDGE('',*,*,#1626,.F.);
#1626 = EDGE_CURVE('',#1627,#1619,#1629,.T.);
#1627 = VERTEX_POINT('',#1628);
#1628 = CARTESIAN_POINT('',(-0.785410196625,-2.7,32.45));
#1629 = LINE('',#1630,#1631);
#1630 = CARTESIAN_POINT('',(-0.785410196625,-2.7,32.45));
#1631 = VECTOR('',#1632,1.);
#1632 = DIRECTION('',(0.,0.,1.));
#1633 = ORIENTED_EDGE('',*,*,#1634,.T.);
#1634 = EDGE_CURVE('',#1627,#1635,#1637,.T.);
#1635 = VERTEX_POINT('',#1636);
#1636 = CARTESIAN_POINT('',(-0.114589803375,-2.7,32.45));
#1637 = LINE('',#1638,#1639);
#1638 = CARTESIAN_POINT('',(0.,-2.7,32.45));
#1639 = VECTOR('',#1640,1.);
#1640 = DIRECTION('',(1.,0.,0.));
#1641 = ORIENTED_EDGE('',*,*,#1642,.T.);
#1642 = EDGE_CURVE('',#1635,#1555,#1643,.T.);
#1643 = LINE('',#1644,#1645);
#1644 = CARTESIAN_POINT('',(-0.114589803375,-2.7,32.45));
#1645 = VECTOR('',#1646,1.);
#1646 = DIRECTION('',(0.,0.,1.));
#1647 = PLANE('',#1648);
#1648 = AXIS2_PLACEMENT_3D('',#1649,#1650,#1651);
#1649 = CARTESIAN_POINT('',(0.,-2.7,0.));
#1650 = DIRECTION('',(0.,-1.,0.));
#1651 = DIRECTION('',(0.,0.,-1.));
#1652 = ADVANCED_FACE('',(#1653),#1669,.F.);
#1653 = FACE_BOUND('',#1654,.T.);
#1654 = EDGE_LOOP('',(#1655,#1656,#1662,#1663));
#1655 = ORIENTED_EDGE('',*,*,#1578,.T.);
#1656 = ORIENTED_EDGE('',*,*,#1657,.F.);
#1657 = EDGE_CURVE('',#1449,#1571,#1658,.T.);
#1658 = LINE('',#1659,#1660);
#1659 = CARTESIAN_POINT('',(0.6,-6.,-7.347880794884E-17));
#1660 = VECTOR('',#1661,1.);
#1661 = DIRECTION('',(0.,1.,0.));
#1662 = ORIENTED_EDGE('',*,*,#1538,.F.);
#1663 = ORIENTED_EDGE('',*,*,#1664,.T.);
#1664 = EDGE_CURVE('',#1531,#1579,#1665,.T.);
#1665 = LINE('',#1666,#1667);
#1666 = CARTESIAN_POINT('',(0.,-6.,0.));
#1667 = VECTOR('',#1668,1.);
#1668 = DIRECTION('',(0.,1.,0.));
#1669 = PLANE('',#1670);
#1670 = AXIS2_PLACEMENT_3D('',#1671,#1672,#1673);
#1671 = CARTESIAN_POINT('',(0.6,-6.,-7.347880794884E-17));
#1672 = DIRECTION('',(1.224646799147E-16,0.,1.));
#1673 = DIRECTION('',(1.,0.,-1.224646799147E-16));
#1674 = ADVANCED_FACE('',(#1675),#1686,.F.);
#1675 = FACE_BOUND('',#1676,.T.);
#1676 = EDGE_LOOP('',(#1677,#1678,#1684,#1685));
#1677 = ORIENTED_EDGE('',*,*,#1570,.T.);
#1678 = ORIENTED_EDGE('',*,*,#1679,.T.);
#1679 = EDGE_CURVE('',#1563,#1451,#1680,.T.);
#1680 = LINE('',#1681,#1682);
#1681 = CARTESIAN_POINT('',(0.6,-6.,32.4));
#1682 = VECTOR('',#1683,1.);
#1683 = DIRECTION('',(0.,-1.,0.));
#1684 = ORIENTED_EDGE('',*,*,#1448,.F.);
#1685 = ORIENTED_EDGE('',*,*,#1657,.T.);
#1686 = PLANE('',#1687);
#1687 = AXIS2_PLACEMENT_3D('',#1688,#1689,#1690);
#1688 = CARTESIAN_POINT('',(0.6,-6.,-7.347880794884E-17));
#1689 = DIRECTION('',(-1.,0.,1.230536208036E-16));
#1690 = DIRECTION('',(1.230536208036E-16,0.,1.));
#1691 = ADVANCED_FACE('',(#1692,#1703),#1735,.F.);
#1692 = FACE_BOUND('',#1693,.T.);
#1693 = EDGE_LOOP('',(#1694));
#1694 = ORIENTED_EDGE('',*,*,#1695,.T.);
#1695 = EDGE_CURVE('',#1696,#1696,#1698,.T.);
#1696 = VERTEX_POINT('',#1697);
#1697 = CARTESIAN_POINT('',(-0.45,-3.22,32.6));
#1698 = CIRCLE('',#1699,0.22);
#1699 = AXIS2_PLACEMENT_3D('',#1700,#1701,#1702);
#1700 = CARTESIAN_POINT('',(-0.45,-3.,32.6));
#1701 = DIRECTION('',(0.,0.,-1.));
#1702 = DIRECTION('',(0.,-1.,0.));
#1703 = FACE_BOUND('',#1704,.T.);
#1704 = EDGE_LOOP('',(#1705,#1706,#1712,#1713,#1720,#1721,#1727,#1728));
#1705 = ORIENTED_EDGE('',*,*,#1466,.F.);
#1706 = ORIENTED_EDGE('',*,*,#1707,.T.);
#1707 = EDGE_CURVE('',#1459,#1553,#1708,.T.);
#1708 = LINE('',#1709,#1710);
#1709 = CARTESIAN_POINT('',(0.4,-6.,32.6));
#1710 = VECTOR('',#1711,1.);
#1711 = DIRECTION('',(0.,1.,0.));
#1712 = ORIENTED_EDGE('',*,*,#1552,.T.);
#1713 = ORIENTED_EDGE('',*,*,#1714,.F.);
#1714 = EDGE_CURVE('',#1619,#1555,#1715,.T.);
#1715 = CIRCLE('',#1716,0.45);
#1716 = AXIS2_PLACEMENT_3D('',#1717,#1718,#1719);
#1717 = CARTESIAN_POINT('',(-0.45,-3.,32.6));
#1718 = DIRECTION('',(0.,0.,-1.));
#1719 = DIRECTION('',(1.,0.,0.));
#1720 = ORIENTED_EDGE('',*,*,#1618,.T.);
#1721 = ORIENTED_EDGE('',*,*,#1722,.F.);
#1722 = EDGE_CURVE('',#1499,#1611,#1723,.T.);
#1723 = LINE('',#1724,#1725);
#1724 = CARTESIAN_POINT('',(-0.9,-6.,32.6));
#1725 = VECTOR('',#1726,1.);
#1726 = DIRECTION('',(0.,1.,0.));
#1727 = ORIENTED_EDGE('',*,*,#1498,.F.);
#1728 = ORIENTED_EDGE('',*,*,#1729,.F.);
#1729 = EDGE_CURVE('',#1467,#1491,#1730,.T.);
#1730 = CIRCLE('',#1731,0.45);
#1731 = AXIS2_PLACEMENT_3D('',#1732,#1733,#1734);
#1732 = CARTESIAN_POINT('',(-0.45,-3.,32.6));
#1733 = DIRECTION('',(0.,0.,-1.));
#1734 = DIRECTION('',(1.,0.,0.));
#1735 = PLANE('',#1736);
#1736 = AXIS2_PLACEMENT_3D('',#1737,#1738,#1739);
#1737 = CARTESIAN_POINT('',(0.6,-6.,32.6));
#1738 = DIRECTION('',(0.,0.,-1.));
#1739 = DIRECTION('',(-1.,0.,0.));
#1740 = ADVANCED_FACE('',(#1741),#1752,.F.);
#1741 = FACE_BOUND('',#1742,.T.);
#1742 = EDGE_LOOP('',(#1743,#1744,#1750,#1751));
#1743 = ORIENTED_EDGE('',*,*,#1610,.T.);
#1744 = ORIENTED_EDGE('',*,*,#1745,.F.);
#1745 = EDGE_CURVE('',#1507,#1603,#1746,.T.);
#1746 = LINE('',#1747,#1748);
#1747 = CARTESIAN_POINT('',(-0.9,-6.,32.387100389335));
#1748 = VECTOR('',#1749,1.);
#1749 = DIRECTION('',(0.,1.,0.));
#1750 = ORIENTED_EDGE('',*,*,#1506,.F.);
#1751 = ORIENTED_EDGE('',*,*,#1722,.T.);
#1752 = PLANE('',#1753);
#1753 = AXIS2_PLACEMENT_3D('',#1754,#1755,#1756);
#1754 = CARTESIAN_POINT('',(-0.9,-6.,32.6));
#1755 = DIRECTION('',(1.,0.,0.));
#1756 = DIRECTION('',(0.,0.,-1.));
#1757 = ADVANCED_FACE('',(#1758),#1769,.F.);
#1758 = FACE_BOUND('',#1759,.T.);
#1759 = EDGE_LOOP('',(#1760,#1761,#1767,#1768));
#1760 = ORIENTED_EDGE('',*,*,#1602,.T.);
#1761 = ORIENTED_EDGE('',*,*,#1762,.F.);
#1762 = EDGE_CURVE('',#1515,#1595,#1763,.T.);
#1763 = LINE('',#1764,#1765);
#1764 = CARTESIAN_POINT('',(-0.45,-6.,31.748401557339));
#1765 = VECTOR('',#1766,1.);
#1766 = DIRECTION('',(0.,1.,0.));
#1767 = ORIENTED_EDGE('',*,*,#1514,.F.);
#1768 = ORIENTED_EDGE('',*,*,#1745,.T.);
#1769 = PLANE('',#1770);
#1770 = AXIS2_PLACEMENT_3D('',#1771,#1772,#1773);
#1771 = CARTESIAN_POINT('',(-0.45,-6.,31.748401557339));
#1772 = DIRECTION('',(0.817477828405,0.,0.575960068117));
#1773 = DIRECTION('',(0.575960068117,0.,-0.817477828405));
#1774 = ADVANCED_FACE('',(#1775),#1786,.F.);
#1775 = FACE_BOUND('',#1776,.T.);
#1776 = EDGE_LOOP('',(#1777,#1778,#1784,#1785));
#1777 = ORIENTED_EDGE('',*,*,#1594,.T.);
#1778 = ORIENTED_EDGE('',*,*,#1779,.F.);
#1779 = EDGE_CURVE('',#1523,#1587,#1780,.T.);
#1780 = LINE('',#1781,#1782);
#1781 = CARTESIAN_POINT('',(3.903127820948E-15,-6.,31.748401557339));
#1782 = VECTOR('',#1783,1.);
#1783 = DIRECTION('',(0.,1.,0.));
#1784 = ORIENTED_EDGE('',*,*,#1522,.F.);
#1785 = ORIENTED_EDGE('',*,*,#1762,.T.);
#1786 = PLANE('',#1787);
#1787 = AXIS2_PLACEMENT_3D('',#1788,#1789,#1790);
#1788 = CARTESIAN_POINT('',(-0.45,-6.,31.748401557339));
#1789 = DIRECTION('',(0.,0.,1.));
#1790 = DIRECTION('',(1.,0.,-0.));
#1791 = ADVANCED_FACE('',(#1792),#1798,.F.);
#1792 = FACE_BOUND('',#1793,.T.);
#1793 = EDGE_LOOP('',(#1794,#1795,#1796,#1797));
#1794 = ORIENTED_EDGE('',*,*,#1586,.T.);
#1795 = ORIENTED_EDGE('',*,*,#1664,.F.);
#1796 = ORIENTED_EDGE('',*,*,#1530,.F.);
#1797 = ORIENTED_EDGE('',*,*,#1779,.T.);
#1798 = PLANE('',#1799);
#1799 = AXIS2_PLACEMENT_3D('',#1800,#1801,#1802);
#1800 = CARTESIAN_POINT('',(0.,-6.,0.));
#1801 = DIRECTION('',(1.,0.,-1.224646799147E-16));
#1802 = DIRECTION('',(-1.224646799147E-16,0.,-1.));
#1803 = ADVANCED_FACE('',(#1804),#1814,.T.);
#1804 = FACE_BOUND('',#1805,.T.);
#1805 = EDGE_LOOP('',(#1806,#1807));
#1806 = ORIENTED_EDGE('',*,*,#1634,.F.);
#1807 = ORIENTED_EDGE('',*,*,#1808,.T.);
#1808 = EDGE_CURVE('',#1627,#1635,#1809,.T.);
#1809 = CIRCLE('',#1810,0.45);
#1810 = AXIS2_PLACEMENT_3D('',#1811,#1812,#1813);
#1811 = CARTESIAN_POINT('',(-0.45,-3.,32.45));
#1812 = DIRECTION('',(0.,0.,-1.));
#1813 = DIRECTION('',(1.,0.,0.));
#1814 = PLANE('',#1815);
#1815 = AXIS2_PLACEMENT_3D('',#1816,#1817,#1818);
#1816 = CARTESIAN_POINT('',(-0.45,-3.,32.45));
#1817 = DIRECTION('',(0.,0.,-1.));
#1818 = DIRECTION('',(-1.,0.,0.));
#1819 = ADVANCED_FACE('',(#1820),#1826,.T.);
#1820 = FACE_BOUND('',#1821,.T.);
#1821 = EDGE_LOOP('',(#1822,#1823,#1824,#1825));
#1822 = ORIENTED_EDGE('',*,*,#1714,.T.);
#1823 = ORIENTED_EDGE('',*,*,#1642,.F.);
#1824 = ORIENTED_EDGE('',*,*,#1808,.F.);
#1825 = ORIENTED_EDGE('',*,*,#1626,.T.);
#1826 = CYLINDRICAL_SURFACE('',#1827,0.45);
#1827 = AXIS2_PLACEMENT_3D('',#1828,#1829,#1830);
#1828 = CARTESIAN_POINT('',(-0.45,-3.,32.45));
#1829 = DIRECTION('',(0.,0.,1.));
#1830 = DIRECTION('',(1.,0.,-0.));
#1831 = ADVANCED_FACE('',(#1832),#1844,.T.);
#1832 = FACE_BOUND('',#1833,.T.);
#1833 = EDGE_LOOP('',(#1834,#1835,#1836,#1837));
#1834 = ORIENTED_EDGE('',*,*,#1474,.T.);
#1835 = ORIENTED_EDGE('',*,*,#1729,.T.);
#1836 = ORIENTED_EDGE('',*,*,#1490,.F.);
#1837 = ORIENTED_EDGE('',*,*,#1838,.F.);
#1838 = EDGE_CURVE('',#1475,#1483,#1839,.T.);
#1839 = CIRCLE('',#1840,0.45);
#1840 = AXIS2_PLACEMENT_3D('',#1841,#1842,#1843);
#1841 = CARTESIAN_POINT('',(-0.45,-3.,32.45));
#1842 = DIRECTION('',(0.,0.,-1.));
#1843 = DIRECTION('',(1.,0.,0.));
#1844 = CYLINDRICAL_SURFACE('',#1845,0.45);
#1845 = AXIS2_PLACEMENT_3D('',#1846,#1847,#1848);
#1846 = CARTESIAN_POINT('',(-0.45,-3.,32.45));
#1847 = DIRECTION('',(0.,0.,1.));
#1848 = DIRECTION('',(1.,0.,-0.));
#1849 = ADVANCED_FACE('',(#1850),#1854,.T.);
#1850 = FACE_BOUND('',#1851,.T.);
#1851 = EDGE_LOOP('',(#1852,#1853));
#1852 = ORIENTED_EDGE('',*,*,#1838,.T.);
#1853 = ORIENTED_EDGE('',*,*,#1482,.T.);
#1854 = PLANE('',#1855);
#1855 = AXIS2_PLACEMENT_3D('',#1856,#1857,#1858);
#1856 = CARTESIAN_POINT('',(-0.45,-3.,32.45));
#1857 = DIRECTION('',(0.,0.,-1.));
#1858 = DIRECTION('',(-1.,0.,0.));
#1859 = ADVANCED_FACE('',(#1860),#1878,.F.);
#1860 = FACE_BOUND('',#1861,.F.);
#1861 = EDGE_LOOP('',(#1862,#1871,#1876,#1877));
#1862 = ORIENTED_EDGE('',*,*,#1863,.F.);
#1863 = EDGE_CURVE('',#1864,#1864,#1866,.T.);
#1864 = VERTEX_POINT('',#1865);
#1865 = CARTESIAN_POINT('',(-0.45,-3.22,32.4));
#1866 = CIRCLE('',#1867,0.22);
#1867 = AXIS2_PLACEMENT_3D('',#1868,#1869,#1870);
#1868 = CARTESIAN_POINT('',(-0.45,-3.,32.4));
#1869 = DIRECTION('',(0.,0.,-1.));
#1870 = DIRECTION('',(0.,-1.,0.));
#1871 = ORIENTED_EDGE('',*,*,#1872,.T.);
#1872 = EDGE_CURVE('',#1864,#1696,#1873,.T.);
#1873 = B_SPLINE_CURVE_WITH_KNOTS('',1,(#1874,#1875),.UNSPECIFIED.,.F.,
  .F.,(2,2),(0.,0.2),.PIECEWISE_BEZIER_KNOTS.);
#1874 = CARTESIAN_POINT('',(-0.45,-3.22,32.4));
#1875 = CARTESIAN_POINT('',(-0.45,-3.22,32.6));
#1876 = ORIENTED_EDGE('',*,*,#1695,.T.);
#1877 = ORIENTED_EDGE('',*,*,#1872,.F.);
#1878 = CYLINDRICAL_SURFACE('',#1879,0.22);
#1879 = AXIS2_PLACEMENT_3D('',#1880,#1881,#1882);
#1880 = CARTESIAN_POINT('',(-0.45,-3.,32.4));
#1881 = DIRECTION('',(0.,0.,1.));
#1882 = DIRECTION('',(1.,0.,-0.));
#1883 = ADVANCED_FACE('',(#1884),#1887,.F.);
#1884 = FACE_BOUND('',#1885,.T.);
#1885 = EDGE_LOOP('',(#1886));
#1886 = ORIENTED_EDGE('',*,*,#1863,.F.);
#1887 = PLANE('',#1888);
#1888 = AXIS2_PLACEMENT_3D('',#1889,#1890,#1891);
#1889 = CARTESIAN_POINT('',(-0.45,-3.,32.4));
#1890 = DIRECTION('',(0.,0.,-1.));
#1891 = DIRECTION('',(-1.,0.,0.));
#1892 = ADVANCED_FACE('',(#1893),#1899,.F.);
#1893 = FACE_BOUND('',#1894,.T.);
#1894 = EDGE_LOOP('',(#1895,#1896,#1897,#1898));
#1895 = ORIENTED_EDGE('',*,*,#1458,.T.);
#1896 = ORIENTED_EDGE('',*,*,#1679,.F.);
#1897 = ORIENTED_EDGE('',*,*,#1562,.T.);
#1898 = ORIENTED_EDGE('',*,*,#1707,.F.);
#1899 = PLANE('',#1900);
#1900 = AXIS2_PLACEMENT_3D('',#1901,#1902,#1903);
#1901 = CARTESIAN_POINT('',(0.4,-6.,32.6));
#1902 = DIRECTION('',(-0.707106781187,0.,-0.707106781187));
#1903 = DIRECTION('',(0.,1.,0.));
#1904 = ( GEOMETRIC_REPRESENTATION_CONTEXT(3) 
GLOBAL_UNCERTAINTY_ASSIGNED_CONTEXT((#1908)) 
GLOBAL_UNIT_ASSIGNED_CONTEXT((#1905,#1906,#1907)) REPRESENTATION_CONTEXT
('Context #1','3D Context with UNIT and UNCERTAINTY') );
#1905 = ( LENGTH_UNIT() NAMED_UNIT(*) SI_UNIT(.MILLI.,.METRE.) );
#1906 = ( NAMED_UNIT(*) PLANE_ANGLE_UNIT() SI_UNIT($,.RADIAN.) );
#1907 = ( NAMED_UNIT(*) SI_UNIT($,.STERADIAN.) SOLID_ANGLE_UNIT() );
#1908 = UNCERTAINTY_MEASURE_WITH_UNIT(LENGTH_MEASURE(5.E-07),#1905,
  'distance_accuracy_value','confusion accuracy');
#1909 = SHAPE_DEFINITION_REPRESENTATION(#1910,#1441);
#1910 = PRODUCT_DEFINITION_SHAPE('','',#1911);
#1911 = PRODUCT_DEFINITION('design','',#1912,#1915);
#1912 = PRODUCT_DEFINITION_FORMATION('','',#1913);
#1913 = PRODUCT('Cathode','Cathode','',(#1914));
#1914 = PRODUCT_CONTEXT('',#2,'mechanical');
#1915 = PRODUCT_DEFINITION_CONTEXT('part definition',#2,'design');
#1916 = CONTEXT_DEPENDENT_SHAPE_REPRESENTATION(#1917,#1919);
#1917 = ( REPRESENTATION_RELATIONSHIP('','',#1441,#831) 
REPRESENTATION_RELATIONSHIP_WITH_TRANSFORMATION(#1918) 
SHAPE_REPRESENTATION_RELATIONSHIP() );
#1918 = ITEM_DEFINED_TRANSFORMATION('','',#11,#836);
#1919 = PRODUCT_DEFINITION_SHAPE('Placement','Placement of an item',
  #1920);
#1920 = NEXT_ASSEMBLY_USAGE_OCCURRENCE('7','Cathode','',#826,#1911,$);
#1921 = PRODUCT_RELATED_PRODUCT_CATEGORY('part',$,(#1913));
#1922 = ADVANCED_BREP_SHAPE_REPRESENTATION('',(#11,#1923),#2172);
#1923 = MANIFOLD_SOLID_BREP('',#1924);
#1924 = CLOSED_SHELL('',(#1925,#1965,#2005,#2051,#2075,#2099,#2123,#2140
    ,#2160));
#1925 = ADVANCED_FACE('',(#1926),#1960,.F.);
#1926 = FACE_BOUND('',#1927,.T.);
#1927 = EDGE_LOOP('',(#1928,#1938,#1946,#1954));
#1928 = ORIENTED_EDGE('',*,*,#1929,.F.);
#1929 = EDGE_CURVE('',#1930,#1932,#1934,.T.);
#1930 = VERTEX_POINT('',#1931);
#1931 = CARTESIAN_POINT('',(-0.9,0.6,-34.1));
#1932 = VERTEX_POINT('',#1933);
#1933 = CARTESIAN_POINT('',(-0.9,0.,-34.1));
#1934 = LINE('',#1935,#1936);
#1935 = CARTESIAN_POINT('',(-0.9,0.6,-34.1));
#1936 = VECTOR('',#1937,1.);
#1937 = DIRECTION('',(0.,-1.,0.));
#1938 = ORIENTED_EDGE('',*,*,#1939,.F.);
#1939 = EDGE_CURVE('',#1940,#1930,#1942,.T.);
#1940 = VERTEX_POINT('',#1941);
#1941 = CARTESIAN_POINT('',(-0.9,0.6,-0.85));
#1942 = LINE('',#1943,#1944);
#1943 = CARTESIAN_POINT('',(-0.9,0.6,-0.85));
#1944 = VECTOR('',#1945,1.);
#1945 = DIRECTION('',(1.25493118215E-16,0.,-1.));
#1946 = ORIENTED_EDGE('',*,*,#1947,.T.);
#1947 = EDGE_CURVE('',#1940,#1948,#1950,.T.);
#1948 = VERTEX_POINT('',#1949);
#1949 = CARTESIAN_POINT('',(-0.9,0.,-0.85));
#1950 = LINE('',#1951,#1952);
#1951 = CARTESIAN_POINT('',(-0.9,0.6,-0.85));
#1952 = VECTOR('',#1953,1.);
#1953 = DIRECTION('',(0.,-1.,0.));
#1954 = ORIENTED_EDGE('',*,*,#1955,.T.);
#1955 = EDGE_CURVE('',#1948,#1932,#1956,.T.);
#1956 = LINE('',#1957,#1958);
#1957 = CARTESIAN_POINT('',(-0.9,0.,-0.85));
#1958 = VECTOR('',#1959,1.);
#1959 = DIRECTION('',(1.25493118215E-16,0.,-1.));
#1960 = PLANE('',#1961);
#1961 = AXIS2_PLACEMENT_3D('',#1962,#1963,#1964);
#1962 = CARTESIAN_POINT('',(-0.9,0.6,-0.85));
#1963 = DIRECTION('',(-1.,0.,-1.25493118215E-16));
#1964 = DIRECTION('',(-1.25493118215E-16,0.,1.));
#1965 = ADVANCED_FACE('',(#1966),#2000,.F.);
#1966 = FACE_BOUND('',#1967,.T.);
#1967 = EDGE_LOOP('',(#1968,#1978,#1986,#1994));
#1968 = ORIENTED_EDGE('',*,*,#1969,.F.);
#1969 = EDGE_CURVE('',#1970,#1972,#1974,.T.);
#1970 = VERTEX_POINT('',#1971);
#1971 = CARTESIAN_POINT('',(-1.5,0.,-34.1));
#1972 = VERTEX_POINT('',#1973);
#1973 = CARTESIAN_POINT('',(-1.5,0.6,-34.1));
#1974 = LINE('',#1975,#1976);
#1975 = CARTESIAN_POINT('',(-1.5,0.6,-34.1));
#1976 = VECTOR('',#1977,1.);
#1977 = DIRECTION('',(0.,1.,0.));
#1978 = ORIENTED_EDGE('',*,*,#1979,.T.);
#1979 = EDGE_CURVE('',#1970,#1980,#1982,.T.);
#1980 = VERTEX_POINT('',#1981);
#1981 = CARTESIAN_POINT('',(-1.5,0.,-1.807003620809E-16));
#1982 = LINE('',#1983,#1984);
#1983 = CARTESIAN_POINT('',(-1.5,0.,-1.807003620809E-16));
#1984 = VECTOR('',#1985,1.);
#1985 = DIRECTION('',(-1.198328716958E-16,0.,1.));
#1986 = ORIENTED_EDGE('',*,*,#1987,.F.);
#1987 = EDGE_CURVE('',#1988,#1980,#1990,.T.);
#1988 = VERTEX_POINT('',#1989);
#1989 = CARTESIAN_POINT('',(-1.5,0.6,-1.807003620809E-16));
#1990 = LINE('',#1991,#1992);
#1991 = CARTESIAN_POINT('',(-1.5,0.6,-1.807003620809E-16));
#1992 = VECTOR('',#1993,1.);
#1993 = DIRECTION('',(0.,-1.,0.));
#1994 = ORIENTED_EDGE('',*,*,#1995,.F.);
#1995 = EDGE_CURVE('',#1972,#1988,#1996,.T.);
#1996 = LINE('',#1997,#1998);
#1997 = CARTESIAN_POINT('',(-1.5,0.6,-1.807003620809E-16));
#1998 = VECTOR('',#1999,1.);
#1999 = DIRECTION('',(-1.198328716958E-16,0.,1.));
#2000 = PLANE('',#2001);
#2001 = AXIS2_PLACEMENT_3D('',#2002,#2003,#2004);
#2002 = CARTESIAN_POINT('',(-1.5,0.6,-1.807003620809E-16));
#2003 = DIRECTION('',(1.,0.,1.198328716958E-16));
#2004 = DIRECTION('',(1.198328716958E-16,0.,-1.));
#2005 = ADVANCED_FACE('',(#2006),#2046,.F.);
#2006 = FACE_BOUND('',#2007,.T.);
#2007 = EDGE_LOOP('',(#2008,#2014,#2015,#2023,#2031,#2039,#2045));
#2008 = ORIENTED_EDGE('',*,*,#2009,.F.);
#2009 = EDGE_CURVE('',#1972,#1930,#2010,.T.);
#2010 = LINE('',#2011,#2012);
#2011 = CARTESIAN_POINT('',(-0.9,0.6,-34.1));
#2012 = VECTOR('',#2013,1.);
#2013 = DIRECTION('',(1.,0.,-1.156482317318E-14));
#2014 = ORIENTED_EDGE('',*,*,#1995,.T.);
#2015 = ORIENTED_EDGE('',*,*,#2016,.T.);
#2016 = EDGE_CURVE('',#1988,#2017,#2019,.T.);
#2017 = VERTEX_POINT('',#2018);
#2018 = CARTESIAN_POINT('',(-0.45,0.6,-5.510910596163E-17));
#2019 = LINE('',#2020,#2021);
#2020 = CARTESIAN_POINT('',(-0.45,0.6,-5.510910596163E-17));
#2021 = VECTOR('',#2022,1.);
#2022 = DIRECTION('',(1.,0.,1.196107201136E-16));
#2023 = ORIENTED_EDGE('',*,*,#2024,.T.);
#2024 = EDGE_CURVE('',#2017,#2025,#2027,.T.);
#2025 = VERTEX_POINT('',#2026);
#2026 = CARTESIAN_POINT('',(-0.45,0.6,-0.21));
#2027 = LINE('',#2028,#2029);
#2028 = CARTESIAN_POINT('',(-0.45,0.6,-5.510910596163E-17));
#2029 = VECTOR('',#2030,1.);
#2030 = DIRECTION('',(0.,0.,-1.));
#2031 = ORIENTED_EDGE('',*,*,#2032,.T.);
#2032 = EDGE_CURVE('',#2025,#2033,#2035,.T.);
#2033 = VERTEX_POINT('',#2034);
#2034 = CARTESIAN_POINT('',(1.626303258728E-16,0.6,-0.85));
#2035 = LINE('',#2036,#2037);
#2036 = CARTESIAN_POINT('',(-0.45,0.6,-0.21));
#2037 = VECTOR('',#2038,1.);
#2038 = DIRECTION('',(0.57517675199,0.,-0.818029158386));
#2039 = ORIENTED_EDGE('',*,*,#2040,.T.);
#2040 = EDGE_CURVE('',#2033,#1940,#2041,.T.);
#2041 = LINE('',#2042,#2043);
#2042 = CARTESIAN_POINT('',(1.040949779275E-16,0.6,-0.85));
#2043 = VECTOR('',#2044,1.);
#2044 = DIRECTION('',(-1.,0.,-1.204669080539E-16));
#2045 = ORIENTED_EDGE('',*,*,#1939,.T.);
#2046 = PLANE('',#2047);
#2047 = AXIS2_PLACEMENT_3D('',#2048,#2049,#2050);
#2048 = CARTESIAN_POINT('',(0.,0.6,0.));
#2049 = DIRECTION('',(0.,-1.,0.));
#2050 = DIRECTION('',(0.,0.,-1.));
#2051 = ADVANCED_FACE('',(#2052),#2070,.F.);
#2052 = FACE_BOUND('',#2053,.T.);
#2053 = EDGE_LOOP('',(#2054,#2062,#2063,#2064));
#2054 = ORIENTED_EDGE('',*,*,#2055,.T.);
#2055 = EDGE_CURVE('',#2056,#1948,#2058,.T.);
#2056 = VERTEX_POINT('',#2057);
#2057 = CARTESIAN_POINT('',(1.626303258728E-16,0.,-0.85));
#2058 = LINE('',#2059,#2060);
#2059 = CARTESIAN_POINT('',(1.040949779275E-16,0.,-0.85));
#2060 = VECTOR('',#2061,1.);
#2061 = DIRECTION('',(-1.,0.,-1.204669080539E-16));
#2062 = ORIENTED_EDGE('',*,*,#1947,.F.);
#2063 = ORIENTED_EDGE('',*,*,#2040,.F.);
#2064 = ORIENTED_EDGE('',*,*,#2065,.T.);
#2065 = EDGE_CURVE('',#2033,#2056,#2066,.T.);
#2066 = LINE('',#2067,#2068);
#2067 = CARTESIAN_POINT('',(1.626303258728E-16,0.6,-0.85));
#2068 = VECTOR('',#2069,1.);
#2069 = DIRECTION('',(0.,-1.,0.));
#2070 = PLANE('',#2071);
#2071 = AXIS2_PLACEMENT_3D('',#2072,#2073,#2074);
#2072 = CARTESIAN_POINT('',(1.040949779275E-16,0.6,-0.85));
#2073 = DIRECTION('',(-1.204669080539E-16,0.,1.));
#2074 = DIRECTION('',(1.,0.,1.204669080539E-16));
#2075 = ADVANCED_FACE('',(#2076),#2094,.F.);
#2076 = FACE_BOUND('',#2077,.T.);
#2077 = EDGE_LOOP('',(#2078,#2086,#2092,#2093));
#2078 = ORIENTED_EDGE('',*,*,#2079,.T.);
#2079 = EDGE_CURVE('',#1980,#2080,#2082,.T.);
#2080 = VERTEX_POINT('',#2081);
#2081 = CARTESIAN_POINT('',(-0.45,0.,-5.510910596163E-17));
#2082 = LINE('',#2083,#2084);
#2083 = CARTESIAN_POINT('',(-0.45,0.,-5.510910596163E-17));
#2084 = VECTOR('',#2085,1.);
#2085 = DIRECTION('',(1.,0.,1.196107201136E-16));
#2086 = ORIENTED_EDGE('',*,*,#2087,.F.);
#2087 = EDGE_CURVE('',#2017,#2080,#2088,.T.);
#2088 = LINE('',#2089,#2090);
#2089 = CARTESIAN_POINT('',(-0.45,0.6,-5.510910596163E-17));
#2090 = VECTOR('',#2091,1.);
#2091 = DIRECTION('',(0.,-1.,0.));
#2092 = ORIENTED_EDGE('',*,*,#2016,.F.);
#2093 = ORIENTED_EDGE('',*,*,#1987,.T.);
#2094 = PLANE('',#2095);
#2095 = AXIS2_PLACEMENT_3D('',#2096,#2097,#2098);
#2096 = CARTESIAN_POINT('',(-0.45,0.6,-5.510910596163E-17));
#2097 = DIRECTION('',(1.196107201136E-16,0.,-1.));
#2098 = DIRECTION('',(-1.,0.,-1.196107201136E-16));
#2099 = ADVANCED_FACE('',(#2100),#2118,.F.);
#2100 = FACE_BOUND('',#2101,.T.);
#2101 = EDGE_LOOP('',(#2102,#2110,#2116,#2117));
#2102 = ORIENTED_EDGE('',*,*,#2103,.T.);
#2103 = EDGE_CURVE('',#2080,#2104,#2106,.T.);
#2104 = VERTEX_POINT('',#2105);
#2105 = CARTESIAN_POINT('',(-0.45,0.,-0.21));
#2106 = LINE('',#2107,#2108);
#2107 = CARTESIAN_POINT('',(-0.45,0.,-5.510910596163E-17));
#2108 = VECTOR('',#2109,1.);
#2109 = DIRECTION('',(0.,0.,-1.));
#2110 = ORIENTED_EDGE('',*,*,#2111,.F.);
#2111 = EDGE_CURVE('',#2025,#2104,#2112,.T.);
#2112 = LINE('',#2113,#2114);
#2113 = CARTESIAN_POINT('',(-0.45,0.6,-0.21));
#2114 = VECTOR('',#2115,1.);
#2115 = DIRECTION('',(0.,-1.,0.));
#2116 = ORIENTED_EDGE('',*,*,#2024,.F.);
#2117 = ORIENTED_EDGE('',*,*,#2087,.T.);
#2118 = PLANE('',#2119);
#2119 = AXIS2_PLACEMENT_3D('',#2120,#2121,#2122);
#2120 = CARTESIAN_POINT('',(-0.45,0.6,-5.510910596163E-17));
#2121 = DIRECTION('',(-1.,0.,0.));
#2122 = DIRECTION('',(0.,0.,1.));
#2123 = ADVANCED_FACE('',(#2124),#2135,.F.);
#2124 = FACE_BOUND('',#2125,.T.);
#2125 = EDGE_LOOP('',(#2126,#2132,#2133,#2134));
#2126 = ORIENTED_EDGE('',*,*,#2127,.T.);
#2127 = EDGE_CURVE('',#2104,#2056,#2128,.T.);
#2128 = LINE('',#2129,#2130);
#2129 = CARTESIAN_POINT('',(-0.45,0.,-0.21));
#2130 = VECTOR('',#2131,1.);
#2131 = DIRECTION('',(0.57517675199,0.,-0.818029158386));
#2132 = ORIENTED_EDGE('',*,*,#2065,.F.);
#2133 = ORIENTED_EDGE('',*,*,#2032,.F.);
#2134 = ORIENTED_EDGE('',*,*,#2111,.T.);
#2135 = PLANE('',#2136);
#2136 = AXIS2_PLACEMENT_3D('',#2137,#2138,#2139);
#2137 = CARTESIAN_POINT('',(-0.45,0.6,-0.21));
#2138 = DIRECTION('',(-0.818029158386,0.,-0.57517675199));
#2139 = DIRECTION('',(-0.57517675199,0.,0.818029158386));
#2140 = ADVANCED_FACE('',(#2141),#2155,.T.);
#2141 = FACE_BOUND('',#2142,.T.);
#2142 = EDGE_LOOP('',(#2143,#2149,#2150,#2151,#2152,#2153,#2154));
#2143 = ORIENTED_EDGE('',*,*,#2144,.F.);
#2144 = EDGE_CURVE('',#1932,#1970,#2145,.T.);
#2145 = LINE('',#2146,#2147);
#2146 = CARTESIAN_POINT('',(-0.9,0.,-34.1));
#2147 = VECTOR('',#2148,1.);
#2148 = DIRECTION('',(-1.,0.,1.156482317318E-14));
#2149 = ORIENTED_EDGE('',*,*,#1955,.F.);
#2150 = ORIENTED_EDGE('',*,*,#2055,.F.);
#2151 = ORIENTED_EDGE('',*,*,#2127,.F.);
#2152 = ORIENTED_EDGE('',*,*,#2103,.F.);
#2153 = ORIENTED_EDGE('',*,*,#2079,.F.);
#2154 = ORIENTED_EDGE('',*,*,#1979,.F.);
#2155 = PLANE('',#2156);
#2156 = AXIS2_PLACEMENT_3D('',#2157,#2158,#2159);
#2157 = CARTESIAN_POINT('',(0.,0.,0.));
#2158 = DIRECTION('',(0.,-1.,0.));
#2159 = DIRECTION('',(0.,0.,-1.));
#2160 = ADVANCED_FACE('',(#2161),#2167,.T.);
#2161 = FACE_BOUND('',#2162,.T.);
#2162 = EDGE_LOOP('',(#2163,#2164,#2165,#2166));
#2163 = ORIENTED_EDGE('',*,*,#1929,.T.);
#2164 = ORIENTED_EDGE('',*,*,#2144,.T.);
#2165 = ORIENTED_EDGE('',*,*,#1969,.T.);
#2166 = ORIENTED_EDGE('',*,*,#2009,.T.);
#2167 = PLANE('',#2168);
#2168 = AXIS2_PLACEMENT_3D('',#2169,#2170,#2171);
#2169 = CARTESIAN_POINT('',(-3.943604702054E-13,0.,-34.1));
#2170 = DIRECTION('',(-1.156482317318E-14,0.,-1.));
#2171 = DIRECTION('',(-1.,0.,1.156482317318E-14));
#2172 = ( GEOMETRIC_REPRESENTATION_CONTEXT(3) 
GLOBAL_UNCERTAINTY_ASSIGNED_CONTEXT((#2176)) 
GLOBAL_UNIT_ASSIGNED_CONTEXT((#2173,#2174,#2175)) REPRESENTATION_CONTEXT
('Context #1','3D Context with UNIT and UNCERTAINTY') );
#2173 = ( LENGTH_UNIT() NAMED_UNIT(*) SI_UNIT(.MILLI.,.METRE.) );
#2174 = ( NAMED_UNIT(*) PLANE_ANGLE_UNIT() SI_UNIT($,.RADIAN.) );
#2175 = ( NAMED_UNIT(*) SI_UNIT($,.STERADIAN.) SOLID_ANGLE_UNIT() );
#2176 = UNCERTAINTY_MEASURE_WITH_UNIT(LENGTH_MEASURE(1.E-07),#2173,
  'distance_accuracy_value','confusion accuracy');
#2177 = SHAPE_DEFINITION_REPRESENTATION(#2178,#1922);
#2178 = PRODUCT_DEFINITION_SHAPE('','',#2179);
#2179 = PRODUCT_DEFINITION('design','',#2180,#2183);
#2180 = PRODUCT_DEFINITION_FORMATION('','',#2181);
#2181 = PRODUCT('Anode','Anode','',(#2182));
#2182 = PRODUCT_CONTEXT('',#2,'mechanical');
#2183 = PRODUCT_DEFINITION_CONTEXT('part definition',#2,'design');
#2184 = CONTEXT_DEPENDENT_SHAPE_REPRESENTATION(#2185,#2187);
#2185 = ( REPRESENTATION_RELATIONSHIP('','',#1922,#831) 
REPRESENTATION_RELATIONSHIP_WITH_TRANSFORMATION(#2186) 
SHAPE_REPRESENTATION_RELATIONSHIP() );
#2186 = ITEM_DEFINED_TRANSFORMATION('','',#11,#840);
#2187 = PRODUCT_DEFINITION_SHAPE('Placement','Placement of an item',
  #2188);
#2188 = NEXT_ASSEMBLY_USAGE_OCCURRENCE('8','Anode','',#826,#2179,$);
#2189 = PRODUCT_RELATED_PRODUCT_CATEGORY('part',$,(#2181));
#2190 = ADVANCED_BREP_SHAPE_REPRESENTATION('',(#11,#2191),#2243);
#2191 = MANIFOLD_SOLID_BREP('',#2192);
#2192 = CLOSED_SHELL('',(#2193,#2225,#2234));
#2193 = ADVANCED_FACE('',(#2194),#2220,.T.);
#2194 = FACE_BOUND('',#2195,.T.);
#2195 = EDGE_LOOP('',(#2196,#2205,#2212,#2219));
#2196 = ORIENTED_EDGE('',*,*,#2197,.F.);
#2197 = EDGE_CURVE('',#2198,#2198,#2200,.T.);
#2198 = VERTEX_POINT('',#2199);
#2199 = CARTESIAN_POINT('',(0.22,2.,0.));
#2200 = CIRCLE('',#2201,0.22);
#2201 = AXIS2_PLACEMENT_3D('',#2202,#2203,#2204);
#2202 = CARTESIAN_POINT('',(0.,2.,0.));
#2203 = DIRECTION('',(-0.,1.,0.));
#2204 = DIRECTION('',(1.,0.,0.));
#2205 = ORIENTED_EDGE('',*,*,#2206,.T.);
#2206 = EDGE_CURVE('',#2198,#2207,#2209,.T.);
#2207 = VERTEX_POINT('',#2208);
#2208 = CARTESIAN_POINT('',(0.22,1.78,0.));
#2209 = B_SPLINE_CURVE_WITH_KNOTS('',1,(#2210,#2211),.UNSPECIFIED.,.F.,
  .F.,(2,2),(0.,0.22),.PIECEWISE_BEZIER_KNOTS.);
#2210 = CARTESIAN_POINT('',(0.22,2.,-1.347111479062E-17));
#2211 = CARTESIAN_POINT('',(0.22,1.78,-1.347111479062E-17));
#2212 = ORIENTED_EDGE('',*,*,#2213,.T.);
#2213 = EDGE_CURVE('',#2207,#2207,#2214,.T.);
#2214 = CIRCLE('',#2215,0.22);
#2215 = AXIS2_PLACEMENT_3D('',#2216,#2217,#2218);
#2216 = CARTESIAN_POINT('',(0.,1.78,0.));
#2217 = DIRECTION('',(-0.,1.,0.));
#2218 = DIRECTION('',(1.,0.,0.));
#2219 = ORIENTED_EDGE('',*,*,#2206,.F.);
#2220 = CYLINDRICAL_SURFACE('',#2221,0.22);
#2221 = AXIS2_PLACEMENT_3D('',#2222,#2223,#2224);
#2222 = CARTESIAN_POINT('',(0.,2.,0.));
#2223 = DIRECTION('',(0.,-1.,0.));
#2224 = DIRECTION('',(0.,0.,-1.));
#2225 = ADVANCED_FACE('',(#2226),#2229,.T.);
#2226 = FACE_BOUND('',#2227,.T.);
#2227 = EDGE_LOOP('',(#2228));
#2228 = ORIENTED_EDGE('',*,*,#2197,.T.);
#2229 = PLANE('',#2230);
#2230 = AXIS2_PLACEMENT_3D('',#2231,#2232,#2233);
#2231 = CARTESIAN_POINT('',(0.,2.,0.));
#2232 = DIRECTION('',(0.,1.,0.));
#2233 = DIRECTION('',(0.,-0.,1.));
#2234 = ADVANCED_FACE('',(#2235),#2238,.F.);
#2235 = FACE_BOUND('',#2236,.T.);
#2236 = EDGE_LOOP('',(#2237));
#2237 = ORIENTED_EDGE('',*,*,#2213,.F.);
#2238 = PLANE('',#2239);
#2239 = AXIS2_PLACEMENT_3D('',#2240,#2241,#2242);
#2240 = CARTESIAN_POINT('',(0.,1.78,0.));
#2241 = DIRECTION('',(0.,1.,0.));
#2242 = DIRECTION('',(0.,-0.,1.));
#2243 = ( GEOMETRIC_REPRESENTATION_CONTEXT(3) 
GLOBAL_UNCERTAINTY_ASSIGNED_CONTEXT((#2247)) 
GLOBAL_UNIT_ASSIGNED_CONTEXT((#2244,#2245,#2246)) REPRESENTATION_CONTEXT
('Context #1','3D Context with UNIT and UNCERTAINTY') );
#2244 = ( LENGTH_UNIT() NAMED_UNIT(*) SI_UNIT(.MILLI.,.METRE.) );
#2245 = ( NAMED_UNIT(*) PLANE_ANGLE_UNIT() SI_UNIT($,.RADIAN.) );
#2246 = ( NAMED_UNIT(*) SI_UNIT($,.STERADIAN.) SOLID_ANGLE_UNIT() );
#2247 = UNCERTAINTY_MEASURE_WITH_UNIT(LENGTH_MEASURE(1.E-05),#2244,
  'distance_accuracy_value','confusion accuracy');
#2248 = SHAPE_DEFINITION_REPRESENTATION(#2249,#2190);
#2249 = PRODUCT_DEFINITION_SHAPE('','',#2250);
#2250 = PRODUCT_DEFINITION('design','',#2251,#2254);
#2251 = PRODUCT_DEFINITION_FORMATION('','',#2252);
#2252 = PRODUCT('Semiconductor Pill','Semiconductor Pill','',(#2253));
#2253 = PRODUCT_CONTEXT('',#2,'mechanical');
#2254 = PRODUCT_DEFINITION_CONTEXT('part definition',#2,'design');
#2255 = CONTEXT_DEPENDENT_SHAPE_REPRESENTATION(#2256,#2258);
#2256 = ( REPRESENTATION_RELATIONSHIP('','',#2190,#831) 
REPRESENTATION_RELATIONSHIP_WITH_TRANSFORMATION(#2257) 
SHAPE_REPRESENTATION_RELATIONSHIP() );
#2257 = ITEM_DEFINED_TRANSFORMATION('','',#11,#844);
#2258 = PRODUCT_DEFINITION_SHAPE('Placement','Placement of an item',
  #2259);
#2259 = NEXT_ASSEMBLY_USAGE_OCCURRENCE('9','Semiconductor Pill','',#826,
  #2250,$);
#2260 = PRODUCT_RELATED_PRODUCT_CATEGORY('part',$,(#2252));
#2261 = ADVANCED_BREP_SHAPE_REPRESENTATION('',(#11,#2262),#2509);
#2262 = MANIFOLD_SOLID_BREP('',#2263);
#2263 = CLOSED_SHELL('',(#2264,#2296,#2325,#2349,#2358,#2400,#2450,#2476
    ,#2500));
#2264 = ADVANCED_FACE('',(#2265),#2291,.T.);
#2265 = FACE_BOUND('',#2266,.T.);
#2266 = EDGE_LOOP('',(#2267,#2276,#2283,#2290));
#2267 = ORIENTED_EDGE('',*,*,#2268,.F.);
#2268 = EDGE_CURVE('',#2269,#2269,#2271,.T.);
#2269 = VERTEX_POINT('',#2270);
#2270 = CARTESIAN_POINT('',(0.299585871835,0.,0.732369910615));
#2271 = CIRCLE('',#2272,2.5E-02);
#2272 = AXIS2_PLACEMENT_3D('',#2273,#2274,#2275);
#2273 = CARTESIAN_POINT('',(0.303087651924,0.,0.757123446447));
#2274 = DIRECTION('',(-0.990141433298,0.,0.140071203562));
#2275 = DIRECTION('',(-0.140071203562,0.,-0.990141433298));
#2276 = ORIENTED_EDGE('',*,*,#2277,.T.);
#2277 = EDGE_CURVE('',#2269,#2278,#2280,.T.);
#2278 = VERTEX_POINT('',#2279);
#2279 = CARTESIAN_POINT('',(1.481710369857,0.,0.565139658824));
#2280 = B_SPLINE_CURVE_WITH_KNOTS('',1,(#2281,#2282),.UNSPECIFIED.,.F.,
  .F.,(2,2),(5.551115123126E-17,1.193894587449),
  .PIECEWISE_BEZIER_KNOTS.);
#2281 = CARTESIAN_POINT('',(0.299585871835,0.,0.732369910615));
#2282 = CARTESIAN_POINT('',(1.481710369857,0.,0.565139658824));
#2283 = ORIENTED_EDGE('',*,*,#2284,.F.);
#2284 = EDGE_CURVE('',#2278,#2278,#2285,.T.);
#2285 = CIRCLE('',#2286,2.5E-02);
#2286 = AXIS2_PLACEMENT_3D('',#2287,#2288,#2289);
#2287 = CARTESIAN_POINT('',(1.485212149946,0.,0.589893194656));
#2288 = DIRECTION('',(0.990141433298,0.,-0.140071203562));
#2289 = DIRECTION('',(-0.140071203562,0.,-0.990141433298));
#2290 = ORIENTED_EDGE('',*,*,#2277,.F.);
#2291 = CYLINDRICAL_SURFACE('',#2292,2.5E-02);
#2292 = AXIS2_PLACEMENT_3D('',#2293,#2294,#2295);
#2293 = CARTESIAN_POINT('',(0.303087651924,0.,0.757123446447));
#2294 = DIRECTION('',(0.990141433298,0.,-0.140071203562));
#2295 = DIRECTION('',(-0.140071203562,0.,-0.990141433298));
#2296 = ADVANCED_FACE('',(#2297),#2320,.T.);
#2297 = FACE_BOUND('',#2298,.T.);
#2298 = EDGE_LOOP('',(#2299,#2300,#2312,#2319));
#2299 = ORIENTED_EDGE('',*,*,#2268,.T.);
#2300 = ORIENTED_EDGE('',*,*,#2301,.F.);
#2301 = EDGE_CURVE('',#2302,#2269,#2304,.T.);
#2302 = VERTEX_POINT('',#2303);
#2303 = CARTESIAN_POINT('',(2.5E-02,0.,0.493894587449));
#2304 = B_SPLINE_CURVE_WITH_KNOTS('',6,(#2305,#2306,#2307,#2308,#2309,
    #2310,#2311),.UNSPECIFIED.,.F.,.F.,(7,7),(-1.570796326795,
    0.140533326861),.PIECEWISE_BEZIER_KNOTS.);
#2305 = CARTESIAN_POINT('',(2.5E-02,-3.061616997868E-18,0.493894587449)
  );
#2306 = CARTESIAN_POINT('',(2.5E-02,-3.061616997868E-18,0.562590142527)
  );
#2307 = CARTESIAN_POINT('',(4.850324399873E-02,-3.061616997868E-18,
    0.631276512324));
#2308 = CARTESIAN_POINT('',(9.556915693879E-02,-3.061616997868E-18,
    0.689959514762));
#2309 = CARTESIAN_POINT('',(0.160266208155,-3.061616997868E-18,
    0.728341626479));
#2310 = CARTESIAN_POINT('',(0.231567556468,-3.061616997868E-18,
    0.741992179694));
#2311 = CARTESIAN_POINT('',(0.299585871835,-3.061616997868E-18,
    0.732369910615));
#2312 = ORIENTED_EDGE('',*,*,#2313,.F.);
#2313 = EDGE_CURVE('',#2302,#2302,#2314,.T.);
#2314 = CIRCLE('',#2315,2.5E-02);
#2315 = AXIS2_PLACEMENT_3D('',#2316,#2317,#2318);
#2316 = CARTESIAN_POINT('',(6.048464256352E-17,0.,0.493894587449));
#2317 = DIRECTION('',(0.,0.,-1.));
#2318 = DIRECTION('',(1.,0.,0.));
#2319 = ORIENTED_EDGE('',*,*,#2301,.T.);
#2320 = TOROIDAL_SURFACE('',#2321,0.265849756556,2.5E-02);
#2321 = AXIS2_PLACEMENT_3D('',#2322,#2323,#2324);
#2322 = CARTESIAN_POINT('',(0.265849756556,0.,0.493894587449));
#2323 = DIRECTION('',(0.,1.,0.));
#2324 = DIRECTION('',(0.,-0.,1.));
#2325 = ADVANCED_FACE('',(#2326),#2344,.T.);
#2326 = FACE_BOUND('',#2327,.T.);
#2327 = EDGE_LOOP('',(#2328,#2329,#2336,#2343));
#2328 = ORIENTED_EDGE('',*,*,#2313,.T.);
#2329 = ORIENTED_EDGE('',*,*,#2330,.F.);
#2330 = EDGE_CURVE('',#2331,#2302,#2333,.T.);
#2331 = VERTEX_POINT('',#2332);
#2332 = CARTESIAN_POINT('',(2.5E-02,0.,0.));
#2333 = B_SPLINE_CURVE_WITH_KNOTS('',1,(#2334,#2335),.UNSPECIFIED.,.F.,
  .F.,(2,2),(3.061616997868E-18,0.493894587449),
  .PIECEWISE_BEZIER_KNOTS.);
#2334 = CARTESIAN_POINT('',(2.5E-02,-6.123233995737E-18,0.));
#2335 = CARTESIAN_POINT('',(2.5E-02,-6.123233995737E-18,0.493894587449)
  );
#2336 = ORIENTED_EDGE('',*,*,#2337,.F.);
#2337 = EDGE_CURVE('',#2331,#2331,#2338,.T.);
#2338 = CIRCLE('',#2339,2.5E-02);
#2339 = AXIS2_PLACEMENT_3D('',#2340,#2341,#2342);
#2340 = CARTESIAN_POINT('',(0.,0.,0.));
#2341 = DIRECTION('',(0.,0.,-1.));
#2342 = DIRECTION('',(1.,0.,0.));
#2343 = ORIENTED_EDGE('',*,*,#2330,.T.);
#2344 = CYLINDRICAL_SURFACE('',#2345,2.5E-02);
#2345 = AXIS2_PLACEMENT_3D('',#2346,#2347,#2348);
#2346 = CARTESIAN_POINT('',(0.,0.,0.));
#2347 = DIRECTION('',(1.224646799147E-16,0.,1.));
#2348 = DIRECTION('',(1.,0.,-1.224646799147E-16));
#2349 = ADVANCED_FACE('',(#2350),#2353,.T.);
#2350 = FACE_BOUND('',#2351,.T.);
#2351 = EDGE_LOOP('',(#2352));
#2352 = ORIENTED_EDGE('',*,*,#2337,.T.);
#2353 = PLANE('',#2354);
#2354 = AXIS2_PLACEMENT_3D('',#2355,#2356,#2357);
#2355 = CARTESIAN_POINT('',(0.,0.,0.));
#2356 = DIRECTION('',(0.,0.,-1.));
#2357 = DIRECTION('',(-1.,0.,0.));
#2358 = ADVANCED_FACE('',(#2359),#2385,.F.);
#2359 = FACE_BOUND('',#2360,.F.);
#2360 = EDGE_LOOP('',(#2361,#2370,#2377,#2384));
#2361 = ORIENTED_EDGE('',*,*,#2362,.F.);
#2362 = EDGE_CURVE('',#2363,#2363,#2365,.T.);
#2363 = VERTEX_POINT('',#2364);
#2364 = CARTESIAN_POINT('',(1.712428836833,0.,4.565940032692E-03));
#2365 = CIRCLE('',#2366,2.5E-02);
#2366 = AXIS2_PLACEMENT_3D('',#2367,#2368,#2369);
#2367 = CARTESIAN_POINT('',(1.737428328871,0.,4.406572991195E-03));
#2368 = DIRECTION('',(6.374681659894E-03,0.,0.99997968151));
#2369 = DIRECTION('',(-0.99997968151,0.,6.374681659894E-03));
#2370 = ORIENTED_EDGE('',*,*,#2371,.F.);
#2371 = EDGE_CURVE('',#2372,#2363,#2374,.T.);
#2372 = VERTEX_POINT('',#2373);
#2373 = CARTESIAN_POINT('',(1.712428836833,0.,0.441864480874));
#2374 = B_SPLINE_CURVE_WITH_KNOTS('',1,(#2375,#2376),.UNSPECIFIED.,.F.,
  .F.,(2,2),(-7.372226476161E-16,1.),.PIECEWISE_BEZIER_KNOTS.);
#2375 = CARTESIAN_POINT('',(1.712428836833,0.,0.441864480874));
#2376 = CARTESIAN_POINT('',(1.712428836833,0.,4.565940032692E-03));
#2377 = ORIENTED_EDGE('',*,*,#2378,.F.);
#2378 = EDGE_CURVE('',#2372,#2372,#2379,.T.);
#2379 = CIRCLE('',#2380,2.5E-02);
#2380 = AXIS2_PLACEMENT_3D('',#2381,#2382,#2383);
#2381 = CARTESIAN_POINT('',(1.737428328871,0.,0.441705113833));
#2382 = DIRECTION('',(-6.374681659894E-03,0.,-0.99997968151));
#2383 = DIRECTION('',(-0.99997968151,0.,6.374681659894E-03));
#2384 = ORIENTED_EDGE('',*,*,#2371,.T.);
#2385 = ( BOUNDED_SURFACE() B_SPLINE_SURFACE(3,1,(
    (#2386,#2387)
    ,(#2388,#2389)
    ,(#2390,#2391)
    ,(#2392,#2393)
    ,(#2394,#2395)
    ,(#2396,#2397)
    ,(#2398,#2399
)),.UNSPECIFIED.,.T.,.F.,.F.) B_SPLINE_SURFACE_WITH_KNOTS((1,3,3,3,1),(2
    ,2),(-0.5,0.,0.5,1.,1.5),(0.,1.),.UNSPECIFIED.) 
GEOMETRIC_REPRESENTATION_ITEM() RATIONAL_B_SPLINE_SURFACE((
    (1.,1.)
    ,(0.333333333333,0.333333333333)
    ,(0.333333333333,0.333333333333)
    ,(1.,1.)
    ,(0.333333333333,0.333333333333)
    ,(0.333333333333,0.333333333333)
,(1.,1.))) REPRESENTATION_ITEM('') SURFACE() );
#2386 = CARTESIAN_POINT('',(1.712428836833,0.,0.441864480874));
#2387 = CARTESIAN_POINT('',(1.712428836833,0.,4.565940032692E-03));
#2388 = CARTESIAN_POINT('',(1.712428836833,-5.E-02,0.441864480874));
#2389 = CARTESIAN_POINT('',(1.712428836833,-5.E-02,4.565940032692E-03));
#2390 = CARTESIAN_POINT('',(1.762427820909,-5.E-02,0.441545746791));
#2391 = CARTESIAN_POINT('',(1.762427820909,-5.E-02,4.247205949697E-03));
#2392 = CARTESIAN_POINT('',(1.762427820909,3.061616997868E-18,
    0.441545746791));
#2393 = CARTESIAN_POINT('',(1.762427820909,3.061616997868E-18,
    4.247205949697E-03));
#2394 = CARTESIAN_POINT('',(1.762427820909,5.E-02,0.441545746791));
#2395 = CARTESIAN_POINT('',(1.762427820909,5.E-02,4.247205949697E-03));
#2396 = CARTESIAN_POINT('',(1.712428836833,5.E-02,0.441864480874));
#2397 = CARTESIAN_POINT('',(1.712428836833,5.E-02,4.565940032692E-03));
#2398 = CARTESIAN_POINT('',(1.712428836833,0.,0.441864480874));
#2399 = CARTESIAN_POINT('',(1.712428836833,0.,4.565940032692E-03));
#2400 = ADVANCED_FACE('',(#2401),#2421,.F.);
#2401 = FACE_BOUND('',#2402,.F.);
#2402 = EDGE_LOOP('',(#2403,#2404,#2413,#2420));
#2403 = ORIENTED_EDGE('',*,*,#2378,.T.);
#2404 = ORIENTED_EDGE('',*,*,#2405,.F.);
#2405 = EDGE_CURVE('',#2406,#2372,#2408,.T.);
#2406 = VERTEX_POINT('',#2407);
#2407 = CARTESIAN_POINT('',(1.614745389181,0.,0.547184012044));
#2408 = ( BOUNDED_CURVE() B_SPLINE_CURVE(3,(#2409,#2410,#2411,#2412),
.UNSPECIFIED.,.F.,.F.) B_SPLINE_CURVE_WITH_KNOTS((4,4),(
-1.600160034953E-14,1.),.PIECEWISE_BEZIER_KNOTS.) CURVE() 
GEOMETRIC_REPRESENTATION_ITEM() RATIONAL_B_SPLINE_CURVE((1.,
0.835275455072,0.835275455072,1.)) REPRESENTATION_ITEM('') );
#2409 = CARTESIAN_POINT('',(1.614745389181,0.,0.547184012044));
#2410 = CARTESIAN_POINT('',(1.671756533966,0.,0.541194352301));
#2411 = CARTESIAN_POINT('',(1.710739062448,0.,0.499164492359));
#2412 = CARTESIAN_POINT('',(1.712428836833,0.,0.441864480874));
#2413 = ORIENTED_EDGE('',*,*,#2414,.F.);
#2414 = EDGE_CURVE('',#2406,#2406,#2415,.T.);
#2415 = CIRCLE('',#2416,2.5E-02);
#2416 = AXIS2_PLACEMENT_3D('',#2417,#2418,#2419);
#2417 = CARTESIAN_POINT('',(1.61824716927,0.,0.571937547876));
#2418 = DIRECTION('',(0.990141433298,0.,-0.140071203562));
#2419 = DIRECTION('',(-0.140071203562,0.,-0.990141433298));
#2420 = ORIENTED_EDGE('',*,*,#2405,.T.);
#2421 = ( BOUNDED_SURFACE() B_SPLINE_SURFACE(3,3,(
    (#2422,#2423,#2424,#2425)
    ,(#2426,#2427,#2428,#2429)
    ,(#2430,#2431,#2432,#2433)
    ,(#2434,#2435,#2436,#2437)
    ,(#2438,#2439,#2440,#2441)
    ,(#2442,#2443,#2444,#2445)
    ,(#2446,#2447,#2448,#2449
)),.UNSPECIFIED.,.T.,.F.,.F.) B_SPLINE_SURFACE_WITH_KNOTS((1,3,3,3,1),(4
    ,4),(-0.5,0.,0.5,1.,1.5),(0.,1.),.UNSPECIFIED.) 
GEOMETRIC_REPRESENTATION_ITEM() RATIONAL_B_SPLINE_SURFACE((
    (1.,0.835275455072,0.835275455072,1.)
    ,(0.333333333333,0.278425151691,0.278425151691,0.333333333333)
    ,(0.333333333333,0.278425151691,0.278425151691,0.333333333333)
    ,(1.,0.835275455072,0.835275455072,1.)
    ,(0.333333333333,0.278425151691,0.278425151691,0.333333333333)
    ,(0.333333333333,0.278425151691,0.278425151691,0.333333333333)
,(1.,0.835275455072,0.835275455072,1.
))) REPRESENTATION_ITEM('') SURFACE() );
#2422 = CARTESIAN_POINT('',(1.614745389181,0.,0.547184012044));
#2423 = CARTESIAN_POINT('',(1.671756533966,0.,0.541194352301));
#2424 = CARTESIAN_POINT('',(1.710739062448,0.,0.499164492359));
#2425 = CARTESIAN_POINT('',(1.712428836833,0.,0.441864480874));
#2426 = CARTESIAN_POINT('',(1.614745389181,-5.E-02,0.547184012044));
#2427 = CARTESIAN_POINT('',(1.671756533966,-5.E-02,0.541194352301));
#2428 = CARTESIAN_POINT('',(1.710739062448,-5.E-02,0.499164492359));
#2429 = CARTESIAN_POINT('',(1.712428836833,-5.E-02,0.441864480874));
#2430 = CARTESIAN_POINT('',(1.621748949359,-5.E-02,0.596691083709));
#2431 = CARTESIAN_POINT('',(1.704764758413,-5.E-02,0.587022651924));
#2432 = CARTESIAN_POINT('',(1.760905468521,-5.E-02,0.525108810218));
#2433 = CARTESIAN_POINT('',(1.762427820909,-5.E-02,0.441545746791));
#2434 = CARTESIAN_POINT('',(1.621748949359,3.061616997868E-18,
    0.596691083709));
#2435 = CARTESIAN_POINT('',(1.704764758413,3.061616997868E-18,
    0.587022651924));
#2436 = CARTESIAN_POINT('',(1.760905468521,3.061616997868E-18,
    0.525108810218));
#2437 = CARTESIAN_POINT('',(1.762427820909,3.061616997868E-18,
    0.441545746791));
#2438 = CARTESIAN_POINT('',(1.621748949359,5.E-02,0.596691083709));
#2439 = CARTESIAN_POINT('',(1.704764758413,5.E-02,0.587022651924));
#2440 = CARTESIAN_POINT('',(1.760905468521,5.E-02,0.525108810218));
#2441 = CARTESIAN_POINT('',(1.762427820909,5.E-02,0.441545746791));
#2442 = CARTESIAN_POINT('',(1.614745389181,5.E-02,0.547184012044));
#2443 = CARTESIAN_POINT('',(1.671756533966,5.E-02,0.541194352301));
#2444 = CARTESIAN_POINT('',(1.710739062448,5.E-02,0.499164492359));
#2445 = CARTESIAN_POINT('',(1.712428836833,5.E-02,0.441864480874));
#2446 = CARTESIAN_POINT('',(1.614745389181,0.,0.547184012044));
#2447 = CARTESIAN_POINT('',(1.671756533966,0.,0.541194352301));
#2448 = CARTESIAN_POINT('',(1.710739062448,0.,0.499164492359));
#2449 = CARTESIAN_POINT('',(1.712428836833,0.,0.441864480874));
#2450 = ADVANCED_FACE('',(#2451),#2461,.F.);
#2451 = FACE_BOUND('',#2452,.F.);
#2452 = EDGE_LOOP('',(#2453,#2454,#2459,#2460));
#2453 = ORIENTED_EDGE('',*,*,#2414,.T.);
#2454 = ORIENTED_EDGE('',*,*,#2455,.F.);
#2455 = EDGE_CURVE('',#2278,#2406,#2456,.T.);
#2456 = B_SPLINE_CURVE_WITH_KNOTS('',1,(#2457,#2458),.UNSPECIFIED.,.F.,
  .F.,(2,2),(-1.151739130498E-14,1.),.PIECEWISE_BEZIER_KNOTS.);
#2457 = CARTESIAN_POINT('',(1.481710369857,0.,0.565139658824));
#2458 = CARTESIAN_POINT('',(1.614745389181,0.,0.547184012044));
#2459 = ORIENTED_EDGE('',*,*,#2284,.F.);
#2460 = ORIENTED_EDGE('',*,*,#2455,.T.);
#2461 = ( BOUNDED_SURFACE() B_SPLINE_SURFACE(3,1,(
    (#2462,#2463)
    ,(#2464,#2465)
    ,(#2466,#2467)
    ,(#2468,#2469)
    ,(#2470,#2471)
    ,(#2472,#2473)
    ,(#2474,#2475
)),.UNSPECIFIED.,.T.,.F.,.F.) B_SPLINE_SURFACE_WITH_KNOTS((1,3,3,3,1),(2
    ,2),(-0.5,0.,0.5,1.,1.5),(0.,1.),.UNSPECIFIED.) 
GEOMETRIC_REPRESENTATION_ITEM() RATIONAL_B_SPLINE_SURFACE((
    (1.,1.)
    ,(0.333333333333,0.333333333333)
    ,(0.333333333333,0.333333333333)
    ,(1.,1.)
    ,(0.333333333333,0.333333333333)
    ,(0.333333333333,0.333333333333)
,(1.,1.))) REPRESENTATION_ITEM('') SURFACE() );
#2462 = CARTESIAN_POINT('',(1.481710369857,0.,0.565139658824));
#2463 = CARTESIAN_POINT('',(1.614745389181,0.,0.547184012044));
#2464 = CARTESIAN_POINT('',(1.481710369857,-5.E-02,0.565139658824));
#2465 = CARTESIAN_POINT('',(1.614745389181,-5.E-02,0.547184012044));
#2466 = CARTESIAN_POINT('',(1.488713930035,-5.E-02,0.614646730489));
#2467 = CARTESIAN_POINT('',(1.621748949359,-5.E-02,0.596691083709));
#2468 = CARTESIAN_POINT('',(1.488713930035,3.061616997868E-18,
    0.614646730489));
#2469 = CARTESIAN_POINT('',(1.621748949359,3.061616997868E-18,
    0.596691083709));
#2470 = CARTESIAN_POINT('',(1.488713930035,5.E-02,0.614646730489));
#2471 = CARTESIAN_POINT('',(1.621748949359,5.E-02,0.596691083709));
#2472 = CARTESIAN_POINT('',(1.481710369857,5.E-02,0.565139658824));
#2473 = CARTESIAN_POINT('',(1.614745389181,5.E-02,0.547184012044));
#2474 = CARTESIAN_POINT('',(1.481710369857,0.,0.565139658824));
#2475 = CARTESIAN_POINT('',(1.614745389181,0.,0.547184012044));
#2476 = ADVANCED_FACE('',(#2477),#2495,.T.);
#2477 = FACE_BOUND('',#2478,.T.);
#2478 = EDGE_LOOP('',(#2479,#2488,#2493,#2494));
#2479 = ORIENTED_EDGE('',*,*,#2480,.T.);
#2480 = EDGE_CURVE('',#2481,#2481,#2483,.T.);
#2481 = VERTEX_POINT('',#2482);
#2482 = CARTESIAN_POINT('',(1.7123013432,0.,-1.543365359752E-02));
#2483 = CIRCLE('',#2484,2.5E-02);
#2484 = AXIS2_PLACEMENT_3D('',#2485,#2486,#2487);
#2485 = CARTESIAN_POINT('',(1.737300835238,0.,-1.559302063901E-02));
#2486 = DIRECTION('',(6.374681659894E-03,0.,0.99997968151));
#2487 = DIRECTION('',(-0.99997968151,0.,6.374681659894E-03));
#2488 = ORIENTED_EDGE('',*,*,#2489,.T.);
#2489 = EDGE_CURVE('',#2481,#2363,#2490,.T.);
#2490 = B_SPLINE_CURVE_WITH_KNOTS('',1,(#2491,#2492),.UNSPECIFIED.,.F.,
  .F.,(2,2),(0.,2.E-02),.PIECEWISE_BEZIER_KNOTS.);
#2491 = CARTESIAN_POINT('',(1.7123013432,3.061616997868E-18,
    -1.543365359752E-02));
#2492 = CARTESIAN_POINT('',(1.712428836833,3.061616997868E-18,
    4.565940032692E-03));
#2493 = ORIENTED_EDGE('',*,*,#2362,.F.);
#2494 = ORIENTED_EDGE('',*,*,#2489,.F.);
#2495 = CYLINDRICAL_SURFACE('',#2496,2.5E-02);
#2496 = AXIS2_PLACEMENT_3D('',#2497,#2498,#2499);
#2497 = CARTESIAN_POINT('',(1.737300835238,0.,-1.559302063901E-02));
#2498 = DIRECTION('',(6.374681659894E-03,0.,0.99997968151));
#2499 = DIRECTION('',(0.99997968151,0.,-6.374681659894E-03));
#2500 = ADVANCED_FACE('',(#2501),#2504,.F.);
#2501 = FACE_BOUND('',#2502,.T.);
#2502 = EDGE_LOOP('',(#2503));
#2503 = ORIENTED_EDGE('',*,*,#2480,.F.);
#2504 = PLANE('',#2505);
#2505 = AXIS2_PLACEMENT_3D('',#2506,#2507,#2508);
#2506 = CARTESIAN_POINT('',(1.737300835238,0.,-1.559302063901E-02));
#2507 = DIRECTION('',(6.374681659894E-03,0.,0.99997968151));
#2508 = DIRECTION('',(0.99997968151,0.,-6.374681659894E-03));
#2509 = ( GEOMETRIC_REPRESENTATION_CONTEXT(3) 
GLOBAL_UNCERTAINTY_ASSIGNED_CONTEXT((#2513)) 
GLOBAL_UNIT_ASSIGNED_CONTEXT((#2510,#2511,#2512)) REPRESENTATION_CONTEXT
('Context #1','3D Context with UNIT and UNCERTAINTY') );
#2510 = ( LENGTH_UNIT() NAMED_UNIT(*) SI_UNIT(.MILLI.,.METRE.) );
#2511 = ( NAMED_UNIT(*) PLANE_ANGLE_UNIT() SI_UNIT($,.RADIAN.) );
#2512 = ( NAMED_UNIT(*) SI_UNIT($,.STERADIAN.) SOLID_ANGLE_UNIT() );
#2513 = UNCERTAINTY_MEASURE_WITH_UNIT(LENGTH_MEASURE(2.E-03),#2510,
  'distance_accuracy_value','confusion accuracy');
#2514 = SHAPE_DEFINITION_REPRESENTATION(#2515,#2261);
#2515 = PRODUCT_DEFINITION_SHAPE('','',#2516);
#2516 = PRODUCT_DEFINITION('design','',#2517,#2520);
#2517 = PRODUCT_DEFINITION_FORMATION('','',#2518);
#2518 = PRODUCT('Onner_Conductor','Onner_Conductor','',(#2519));
#2519 = PRODUCT_CONTEXT('',#2,'mechanical');
#2520 = PRODUCT_DEFINITION_CONTEXT('part definition',#2,'design');
#2521 = CONTEXT_DEPENDENT_SHAPE_REPRESENTATION(#2522,#2524);
#2522 = ( REPRESENTATION_RELATIONSHIP('','',#2261,#831) 
REPRESENTATION_RELATIONSHIP_WITH_TRANSFORMATION(#2523) 
SHAPE_REPRESENTATION_RELATIONSHIP() );
#2523 = ITEM_DEFINED_TRANSFORMATION('','',#11,#848);
#2524 = PRODUCT_DEFINITION_SHAPE('Placement','Placement of an item',
  #2525);
#2525 = NEXT_ASSEMBLY_USAGE_OCCURRENCE('10','Onner_Conductor','',#826,
  #2516,$);
#2526 = PRODUCT_RELATED_PRODUCT_CATEGORY('part',$,(#2518));
#2527 = CONTEXT_DEPENDENT_SHAPE_REPRESENTATION(#2528,#2530);
#2528 = ( REPRESENTATION_RELATIONSHIP('','',#831,#814) 
REPRESENTATION_RELATIONSHIP_WITH_TRANSFORMATION(#2529) 
SHAPE_REPRESENTATION_RELATIONSHIP() );
#2529 = ITEM_DEFINED_TRANSFORMATION('','',#11,#815);
#2530 = PRODUCT_DEFINITION_SHAPE('Placement','Placement of an item',
  #2531);
#2531 = NEXT_ASSEMBLY_USAGE_OCCURRENCE('11','','',#809,#826,$);
#2532 = PRODUCT_RELATED_PRODUCT_CATEGORY('part',$,(#828));
#2533 = CONTEXT_DEPENDENT_SHAPE_REPRESENTATION(#2534,#2536);
#2534 = ( REPRESENTATION_RELATIONSHIP('','',#814,#10) 
REPRESENTATION_RELATIONSHIP_WITH_TRANSFORMATION(#2535) 
SHAPE_REPRESENTATION_RELATIONSHIP() );
#2535 = ITEM_DEFINED_TRANSFORMATION('','',#11,#23);
#2536 = PRODUCT_DEFINITION_SHAPE('Placement','Placement of an item',
  #2537);
#2537 = NEXT_ASSEMBLY_USAGE_OCCURRENCE('12','','',#5,#809,$);
#2538 = PRODUCT_RELATED_PRODUCT_CATEGORY('part',$,(#811));
#2539 = SHAPE_DEFINITION_REPRESENTATION(#2540,#2546);
#2540 = PRODUCT_DEFINITION_SHAPE('','',#2541);
#2541 = PRODUCT_DEFINITION('design','',#2542,#2545);
#2542 = PRODUCT_DEFINITION_FORMATION('','',#2543);
#2543 = PRODUCT('VD1','VD1','',(#2544));
#2544 = PRODUCT_CONTEXT('',#2,'mechanical');
#2545 = PRODUCT_DEFINITION_CONTEXT('part definition',#2,'design');
#2546 = SHAPE_REPRESENTATION('',(#11,#2547),#2551);
#2547 = AXIS2_PLACEMENT_3D('',#2548,#2549,#2550);
#2548 = CARTESIAN_POINT('',(12.624996185303,7.874957561493,
    -1.020322561264));
#2549 = DIRECTION('',(-3.777050848347E-23,8.742273394091E-08,-1.));
#2550 = DIRECTION('',(1.19248806385E-08,1.,8.742273394091E-08));
#2551 = ( GEOMETRIC_REPRESENTATION_CONTEXT(3) 
GLOBAL_UNCERTAINTY_ASSIGNED_CONTEXT((#2555)) 
GLOBAL_UNIT_ASSIGNED_CONTEXT((#2552,#2553,#2554)) REPRESENTATION_CONTEXT
('Context #1','3D Context with UNIT and UNCERTAINTY') );
#2552 = ( LENGTH_UNIT() NAMED_UNIT(*) SI_UNIT(.MILLI.,.METRE.) );
#2553 = ( NAMED_UNIT(*) PLANE_ANGLE_UNIT() SI_UNIT($,.RADIAN.) );
#2554 = ( NAMED_UNIT(*) SI_UNIT($,.STERADIAN.) SOLID_ANGLE_UNIT() );
#2555 = UNCERTAINTY_MEASURE_WITH_UNIT(LENGTH_MEASURE(2.E-04),#2552,
  'distance_accuracy_value','confusion accuracy');
#2556 = CONTEXT_DEPENDENT_SHAPE_REPRESENTATION(#2557,#2559);
#2557 = ( REPRESENTATION_RELATIONSHIP('','',#831,#2546) 
REPRESENTATION_RELATIONSHIP_WITH_TRANSFORMATION(#2558) 
SHAPE_REPRESENTATION_RELATIONSHIP() );
#2558 = ITEM_DEFINED_TRANSFORMATION('','',#11,#2547);
#2559 = PRODUCT_DEFINITION_SHAPE('Placement','Placement of an item',
  #2560);
#2560 = NEXT_ASSEMBLY_USAGE_OCCURRENCE('13','','',#2541,#826,$);
#2561 = CONTEXT_DEPENDENT_SHAPE_REPRESENTATION(#2562,#2564);
#2562 = ( REPRESENTATION_RELATIONSHIP('','',#2546,#10) 
REPRESENTATION_RELATIONSHIP_WITH_TRANSFORMATION(#2563) 
SHAPE_REPRESENTATION_RELATIONSHIP() );
#2563 = ITEM_DEFINED_TRANSFORMATION('','',#11,#27);
#2564 = PRODUCT_DEFINITION_SHAPE('Placement','Placement of an item',
  #2565);
#2565 = NEXT_ASSEMBLY_USAGE_OCCURRENCE('14','','',#5,#2541,$);
#2566 = PRODUCT_RELATED_PRODUCT_CATEGORY('part',$,(#2543));
#2567 = SHAPE_DEFINITION_REPRESENTATION(#2568,#2574);
#2568 = PRODUCT_DEFINITION_SHAPE('','',#2569);
#2569 = PRODUCT_DEFINITION('design','',#2570,#2573);
#2570 = PRODUCT_DEFINITION_FORMATION('','',#2571);
#2571 = PRODUCT('R3','R3','',(#2572));
#2572 = PRODUCT_CONTEXT('',#2,'mechanical');
#2573 = PRODUCT_DEFINITION_CONTEXT('part definition',#2,'design');
#2574 = SHAPE_REPRESENTATION('',(#11,#2575),#2579);
#2575 = AXIS2_PLACEMENT_3D('',#2576,#2577,#2578);
#2576 = CARTESIAN_POINT('',(13.375002861023,12.124957084656,0.));
#2577 = DIRECTION('',(0.,0.,1.));
#2578 = DIRECTION('',(1.,0.,0.));
#2579 = ( GEOMETRIC_REPRESENTATION_CONTEXT(3) 
GLOBAL_UNCERTAINTY_ASSIGNED_CONTEXT((#2583)) 
GLOBAL_UNIT_ASSIGNED_CONTEXT((#2580,#2581,#2582)) REPRESENTATION_CONTEXT
('Context #1','3D Context with UNIT and UNCERTAINTY') );
#2580 = ( LENGTH_UNIT() NAMED_UNIT(*) SI_UNIT(.MILLI.,.METRE.) );
#2581 = ( NAMED_UNIT(*) PLANE_ANGLE_UNIT() SI_UNIT($,.RADIAN.) );
#2582 = ( NAMED_UNIT(*) SI_UNIT($,.STERADIAN.) SOLID_ANGLE_UNIT() );
#2583 = UNCERTAINTY_MEASURE_WITH_UNIT(LENGTH_MEASURE(1.E-07),#2580,
  'distance_accuracy_value','confusion accuracy');
#2584 = SHAPE_DEFINITION_REPRESENTATION(#2585,#2591);
#2585 = PRODUCT_DEFINITION_SHAPE('','',#2586);
#2586 = PRODUCT_DEFINITION('design','',#2587,#2590);
#2587 = PRODUCT_DEFINITION_FORMATION('','',#2588);
#2588 = PRODUCT('8509058288','8509058288','',(#2589));
#2589 = PRODUCT_CONTEXT('',#2,'mechanical');
#2590 = PRODUCT_DEFINITION_CONTEXT('part definition',#2,'design');
#2591 = SHAPE_REPRESENTATION('',(#11,#2592),#2596);
#2592 = AXIS2_PLACEMENT_3D('',#2593,#2594,#2595);
#2593 = CARTESIAN_POINT('',(0.,0.,0.));
#2594 = DIRECTION('',(0.,0.,1.));
#2595 = DIRECTION('',(1.,0.,0.));
#2596 = ( GEOMETRIC_REPRESENTATION_CONTEXT(3) 
GLOBAL_UNCERTAINTY_ASSIGNED_CONTEXT((#2600)) 
GLOBAL_UNIT_ASSIGNED_CONTEXT((#2597,#2598,#2599)) REPRESENTATION_CONTEXT
('Context #1','3D Context with UNIT and UNCERTAINTY') );
#2597 = ( LENGTH_UNIT() NAMED_UNIT(*) SI_UNIT(.MILLI.,.METRE.) );
#2598 = ( NAMED_UNIT(*) PLANE_ANGLE_UNIT() SI_UNIT($,.RADIAN.) );
#2599 = ( NAMED_UNIT(*) SI_UNIT($,.STERADIAN.) SOLID_ANGLE_UNIT() );
#2600 = UNCERTAINTY_MEASURE_WITH_UNIT(LENGTH_MEASURE(1.E-07),#2597,
  'distance_accuracy_value','confusion accuracy');
#2601 = ADVANCED_BREP_SHAPE_REPRESENTATION('',(#11,#2602),#2752);
#2602 = MANIFOLD_SOLID_BREP('',#2603);
#2603 = CLOSED_SHELL('',(#2604,#2644,#2675,#2706,#2728,#2740));
#2604 = ADVANCED_FACE('',(#2605),#2639,.T.);
#2605 = FACE_BOUND('',#2606,.T.);
#2606 = EDGE_LOOP('',(#2607,#2617,#2625,#2633));
#2607 = ORIENTED_EDGE('',*,*,#2608,.T.);
#2608 = EDGE_CURVE('',#2609,#2611,#2613,.T.);
#2609 = VERTEX_POINT('',#2610);
#2610 = CARTESIAN_POINT('',(-0.7999984,0.42500042,0.));
#2611 = VERTEX_POINT('',#2612);
#2612 = CARTESIAN_POINT('',(-0.7999984,0.42500042,0.4499991));
#2613 = LINE('',#2614,#2615);
#2614 = CARTESIAN_POINT('',(-0.7999984,0.42500042,0.));
#2615 = VECTOR('',#2616,1.);
#2616 = DIRECTION('',(0.,0.,1.));
#2617 = ORIENTED_EDGE('',*,*,#2618,.T.);
#2618 = EDGE_CURVE('',#2611,#2619,#2621,.T.);
#2619 = VERTEX_POINT('',#2620);
#2620 = CARTESIAN_POINT('',(0.80000094,0.42500042,0.4499991));
#2621 = LINE('',#2622,#2623);
#2622 = CARTESIAN_POINT('',(-0.7999984,0.42500042,0.4499991));
#2623 = VECTOR('',#2624,1.);
#2624 = DIRECTION('',(1.,0.,0.));
#2625 = ORIENTED_EDGE('',*,*,#2626,.F.);
#2626 = EDGE_CURVE('',#2627,#2619,#2629,.T.);
#2627 = VERTEX_POINT('',#2628);
#2628 = CARTESIAN_POINT('',(0.80000094,0.42500042,0.));
#2629 = LINE('',#2630,#2631);
#2630 = CARTESIAN_POINT('',(0.80000094,0.42500042,0.));
#2631 = VECTOR('',#2632,1.);
#2632 = DIRECTION('',(0.,0.,1.));
#2633 = ORIENTED_EDGE('',*,*,#2634,.F.);
#2634 = EDGE_CURVE('',#2609,#2627,#2635,.T.);
#2635 = LINE('',#2636,#2637);
#2636 = CARTESIAN_POINT('',(-0.7999984,0.42500042,0.));
#2637 = VECTOR('',#2638,1.);
#2638 = DIRECTION('',(1.,0.,0.));
#2639 = PLANE('',#2640);
#2640 = AXIS2_PLACEMENT_3D('',#2641,#2642,#2643);
#2641 = CARTESIAN_POINT('',(-0.7999984,0.42500042,0.));
#2642 = DIRECTION('',(0.,1.,0.));
#2643 = DIRECTION('',(1.,0.,0.));
#2644 = ADVANCED_FACE('',(#2645),#2670,.T.);
#2645 = FACE_BOUND('',#2646,.T.);
#2646 = EDGE_LOOP('',(#2647,#2648,#2656,#2664));
#2647 = ORIENTED_EDGE('',*,*,#2626,.T.);
#2648 = ORIENTED_EDGE('',*,*,#2649,.T.);
#2649 = EDGE_CURVE('',#2619,#2650,#2652,.T.);
#2650 = VERTEX_POINT('',#2651);
#2651 = CARTESIAN_POINT('',(0.80000094,-0.42500042,0.4499991));
#2652 = LINE('',#2653,#2654);
#2653 = CARTESIAN_POINT('',(0.80000094,0.42500042,0.4499991));
#2654 = VECTOR('',#2655,1.);
#2655 = DIRECTION('',(0.,-1.,0.));
#2656 = ORIENTED_EDGE('',*,*,#2657,.F.);
#2657 = EDGE_CURVE('',#2658,#2650,#2660,.T.);
#2658 = VERTEX_POINT('',#2659);
#2659 = CARTESIAN_POINT('',(0.80000094,-0.42500042,0.));
#2660 = LINE('',#2661,#2662);
#2661 = CARTESIAN_POINT('',(0.80000094,-0.42500042,0.));
#2662 = VECTOR('',#2663,1.);
#2663 = DIRECTION('',(0.,0.,1.));
#2664 = ORIENTED_EDGE('',*,*,#2665,.F.);
#2665 = EDGE_CURVE('',#2627,#2658,#2666,.T.);
#2666 = LINE('',#2667,#2668);
#2667 = CARTESIAN_POINT('',(0.80000094,0.42500042,0.));
#2668 = VECTOR('',#2669,1.);
#2669 = DIRECTION('',(0.,-1.,0.));
#2670 = PLANE('',#2671);
#2671 = AXIS2_PLACEMENT_3D('',#2672,#2673,#2674);
#2672 = CARTESIAN_POINT('',(0.80000094,0.42500042,0.));
#2673 = DIRECTION('',(1.,0.,-0.));
#2674 = DIRECTION('',(0.,-1.,0.));
#2675 = ADVANCED_FACE('',(#2676),#2701,.T.);
#2676 = FACE_BOUND('',#2677,.T.);
#2677 = EDGE_LOOP('',(#2678,#2679,#2687,#2695));
#2678 = ORIENTED_EDGE('',*,*,#2657,.T.);
#2679 = ORIENTED_EDGE('',*,*,#2680,.T.);
#2680 = EDGE_CURVE('',#2650,#2681,#2683,.T.);
#2681 = VERTEX_POINT('',#2682);
#2682 = CARTESIAN_POINT('',(-0.7999984,-0.42500042,0.4499991));
#2683 = LINE('',#2684,#2685);
#2684 = CARTESIAN_POINT('',(0.80000094,-0.42500042,0.4499991));
#2685 = VECTOR('',#2686,1.);
#2686 = DIRECTION('',(-1.,0.,0.));
#2687 = ORIENTED_EDGE('',*,*,#2688,.F.);
#2688 = EDGE_CURVE('',#2689,#2681,#2691,.T.);
#2689 = VERTEX_POINT('',#2690);
#2690 = CARTESIAN_POINT('',(-0.7999984,-0.42500042,0.));
#2691 = LINE('',#2692,#2693);
#2692 = CARTESIAN_POINT('',(-0.7999984,-0.42500042,0.));
#2693 = VECTOR('',#2694,1.);
#2694 = DIRECTION('',(0.,0.,1.));
#2695 = ORIENTED_EDGE('',*,*,#2696,.F.);
#2696 = EDGE_CURVE('',#2658,#2689,#2697,.T.);
#2697 = LINE('',#2698,#2699);
#2698 = CARTESIAN_POINT('',(0.80000094,-0.42500042,0.));
#2699 = VECTOR('',#2700,1.);
#2700 = DIRECTION('',(-1.,0.,0.));
#2701 = PLANE('',#2702);
#2702 = AXIS2_PLACEMENT_3D('',#2703,#2704,#2705);
#2703 = CARTESIAN_POINT('',(0.80000094,-0.42500042,0.));
#2704 = DIRECTION('',(0.,-1.,0.));
#2705 = DIRECTION('',(-1.,0.,0.));
#2706 = ADVANCED_FACE('',(#2707),#2723,.T.);
#2707 = FACE_BOUND('',#2708,.T.);
#2708 = EDGE_LOOP('',(#2709,#2710,#2716,#2717));
#2709 = ORIENTED_EDGE('',*,*,#2688,.T.);
#2710 = ORIENTED_EDGE('',*,*,#2711,.T.);
#2711 = EDGE_CURVE('',#2681,#2611,#2712,.T.);
#2712 = LINE('',#2713,#2714);
#2713 = CARTESIAN_POINT('',(-0.7999984,-0.42500042,0.4499991));
#2714 = VECTOR('',#2715,1.);
#2715 = DIRECTION('',(0.,1.,0.));
#2716 = ORIENTED_EDGE('',*,*,#2608,.F.);
#2717 = ORIENTED_EDGE('',*,*,#2718,.F.);
#2718 = EDGE_CURVE('',#2689,#2609,#2719,.T.);
#2719 = LINE('',#2720,#2721);
#2720 = CARTESIAN_POINT('',(-0.7999984,-0.42500042,0.));
#2721 = VECTOR('',#2722,1.);
#2722 = DIRECTION('',(0.,1.,0.));
#2723 = PLANE('',#2724);
#2724 = AXIS2_PLACEMENT_3D('',#2725,#2726,#2727);
#2725 = CARTESIAN_POINT('',(-0.7999984,-0.42500042,0.));
#2726 = DIRECTION('',(-1.,0.,0.));
#2727 = DIRECTION('',(0.,1.,0.));
#2728 = ADVANCED_FACE('',(#2729),#2735,.T.);
#2729 = FACE_BOUND('',#2730,.T.);
#2730 = EDGE_LOOP('',(#2731,#2732,#2733,#2734));
#2731 = ORIENTED_EDGE('',*,*,#2634,.T.);
#2732 = ORIENTED_EDGE('',*,*,#2665,.T.);
#2733 = ORIENTED_EDGE('',*,*,#2696,.T.);
#2734 = ORIENTED_EDGE('',*,*,#2718,.T.);
#2735 = PLANE('',#2736);
#2736 = AXIS2_PLACEMENT_3D('',#2737,#2738,#2739);
#2737 = CARTESIAN_POINT('',(1.269999999947E-06,0.,0.));
#2738 = DIRECTION('',(-0.,-0.,-1.));
#2739 = DIRECTION('',(-1.,0.,0.));
#2740 = ADVANCED_FACE('',(#2741),#2747,.F.);
#2741 = FACE_BOUND('',#2742,.F.);
#2742 = EDGE_LOOP('',(#2743,#2744,#2745,#2746));
#2743 = ORIENTED_EDGE('',*,*,#2618,.T.);
#2744 = ORIENTED_EDGE('',*,*,#2649,.T.);
#2745 = ORIENTED_EDGE('',*,*,#2680,.T.);
#2746 = ORIENTED_EDGE('',*,*,#2711,.T.);
#2747 = PLANE('',#2748);
#2748 = AXIS2_PLACEMENT_3D('',#2749,#2750,#2751);
#2749 = CARTESIAN_POINT('',(1.269999999947E-06,0.,0.4499991));
#2750 = DIRECTION('',(-0.,-0.,-1.));
#2751 = DIRECTION('',(-1.,0.,0.));
#2752 = ( GEOMETRIC_REPRESENTATION_CONTEXT(3) 
GLOBAL_UNCERTAINTY_ASSIGNED_CONTEXT((#2756)) 
GLOBAL_UNIT_ASSIGNED_CONTEXT((#2753,#2754,#2755)) REPRESENTATION_CONTEXT
('Context #1','3D Context with UNIT and UNCERTAINTY') );
#2753 = ( LENGTH_UNIT() NAMED_UNIT(*) SI_UNIT(.MILLI.,.METRE.) );
#2754 = ( NAMED_UNIT(*) PLANE_ANGLE_UNIT() SI_UNIT($,.RADIAN.) );
#2755 = ( NAMED_UNIT(*) SI_UNIT($,.STERADIAN.) SOLID_ANGLE_UNIT() );
#2756 = UNCERTAINTY_MEASURE_WITH_UNIT(LENGTH_MEASURE(1.E-07),#2753,
  'distance_accuracy_value','confusion accuracy');
#2757 = SHAPE_DEFINITION_REPRESENTATION(#2758,#2601);
#2758 = PRODUCT_DEFINITION_SHAPE('','',#2759);
#2759 = PRODUCT_DEFINITION('design','',#2760,#2763);
#2760 = PRODUCT_DEFINITION_FORMATION('','',#2761);
#2761 = PRODUCT('Extruded','Extruded','',(#2762));
#2762 = PRODUCT_CONTEXT('',#2,'mechanical');
#2763 = PRODUCT_DEFINITION_CONTEXT('part definition',#2,'design');
#2764 = CONTEXT_DEPENDENT_SHAPE_REPRESENTATION(#2765,#2767);
#2765 = ( REPRESENTATION_RELATIONSHIP('','',#2601,#2591) 
REPRESENTATION_RELATIONSHIP_WITH_TRANSFORMATION(#2766) 
SHAPE_REPRESENTATION_RELATIONSHIP() );
#2766 = ITEM_DEFINED_TRANSFORMATION('','',#11,#2592);
#2767 = PRODUCT_DEFINITION_SHAPE('Placement','Placement of an item',
  #2768);
#2768 = NEXT_ASSEMBLY_USAGE_OCCURRENCE('15','7','',#2586,#2759,$);
#2769 = PRODUCT_RELATED_PRODUCT_CATEGORY('part',$,(#2761));
#2770 = CONTEXT_DEPENDENT_SHAPE_REPRESENTATION(#2771,#2773);
#2771 = ( REPRESENTATION_RELATIONSHIP('','',#2591,#2574) 
REPRESENTATION_RELATIONSHIP_WITH_TRANSFORMATION(#2772) 
SHAPE_REPRESENTATION_RELATIONSHIP() );
#2772 = ITEM_DEFINED_TRANSFORMATION('','',#11,#2575);
#2773 = PRODUCT_DEFINITION_SHAPE('Placement','Placement of an item',
  #2774);
#2774 = NEXT_ASSEMBLY_USAGE_OCCURRENCE('16','','',#2569,#2586,$);
#2775 = PRODUCT_RELATED_PRODUCT_CATEGORY('part',$,(#2588));
#2776 = CONTEXT_DEPENDENT_SHAPE_REPRESENTATION(#2777,#2779);
#2777 = ( REPRESENTATION_RELATIONSHIP('','',#2574,#10) 
REPRESENTATION_RELATIONSHIP_WITH_TRANSFORMATION(#2778) 
SHAPE_REPRESENTATION_RELATIONSHIP() );
#2778 = ITEM_DEFINED_TRANSFORMATION('','',#11,#31);
#2779 = PRODUCT_DEFINITION_SHAPE('Placement','Placement of an item',
  #2780);
#2780 = NEXT_ASSEMBLY_USAGE_OCCURRENCE('17','','',#5,#2569,$);
#2781 = PRODUCT_RELATED_PRODUCT_CATEGORY('part',$,(#2571));
#2782 = SHAPE_DEFINITION_REPRESENTATION(#2783,#2789);
#2783 = PRODUCT_DEFINITION_SHAPE('','',#2784);
#2784 = PRODUCT_DEFINITION('design','',#2785,#2788);
#2785 = PRODUCT_DEFINITION_FORMATION('','',#2786);
#2786 = PRODUCT('R2','R2','',(#2787));
#2787 = PRODUCT_CONTEXT('',#2,'mechanical');
#2788 = PRODUCT_DEFINITION_CONTEXT('part definition',#2,'design');
#2789 = SHAPE_REPRESENTATION('',(#11,#2790),#2794);
#2790 = AXIS2_PLACEMENT_3D('',#2791,#2792,#2793);
#2791 = CARTESIAN_POINT('',(20.375001907349,12.124957084656,0.));
#2792 = DIRECTION('',(0.,0.,1.));
#2793 = DIRECTION('',(1.,0.,0.));
#2794 = ( GEOMETRIC_REPRESENTATION_CONTEXT(3) 
GLOBAL_UNCERTAINTY_ASSIGNED_CONTEXT((#2798)) 
GLOBAL_UNIT_ASSIGNED_CONTEXT((#2795,#2796,#2797)) REPRESENTATION_CONTEXT
('Context #1','3D Context with UNIT and UNCERTAINTY') );
#2795 = ( LENGTH_UNIT() NAMED_UNIT(*) SI_UNIT(.MILLI.,.METRE.) );
#2796 = ( NAMED_UNIT(*) PLANE_ANGLE_UNIT() SI_UNIT($,.RADIAN.) );
#2797 = ( NAMED_UNIT(*) SI_UNIT($,.STERADIAN.) SOLID_ANGLE_UNIT() );
#2798 = UNCERTAINTY_MEASURE_WITH_UNIT(LENGTH_MEASURE(1.E-07),#2795,
  'distance_accuracy_value','confusion accuracy');
#2799 = CONTEXT_DEPENDENT_SHAPE_REPRESENTATION(#2800,#2802);
#2800 = ( REPRESENTATION_RELATIONSHIP('','',#2591,#2789) 
REPRESENTATION_RELATIONSHIP_WITH_TRANSFORMATION(#2801) 
SHAPE_REPRESENTATION_RELATIONSHIP() );
#2801 = ITEM_DEFINED_TRANSFORMATION('','',#11,#2790);
#2802 = PRODUCT_DEFINITION_SHAPE('Placement','Placement of an item',
  #2803);
#2803 = NEXT_ASSEMBLY_USAGE_OCCURRENCE('18','','',#2784,#2586,$);
#2804 = CONTEXT_DEPENDENT_SHAPE_REPRESENTATION(#2805,#2807);
#2805 = ( REPRESENTATION_RELATIONSHIP('','',#2789,#10) 
REPRESENTATION_RELATIONSHIP_WITH_TRANSFORMATION(#2806) 
SHAPE_REPRESENTATION_RELATIONSHIP() );
#2806 = ITEM_DEFINED_TRANSFORMATION('','',#11,#35);
#2807 = PRODUCT_DEFINITION_SHAPE('Placement','Placement of an item',
  #2808);
#2808 = NEXT_ASSEMBLY_USAGE_OCCURRENCE('19','','',#5,#2784,$);
#2809 = PRODUCT_RELATED_PRODUCT_CATEGORY('part',$,(#2786));
#2810 = MECHANICAL_DESIGN_GEOMETRIC_PRESENTATION_REPRESENTATION('',(
    #2811),#1904);
#2811 = STYLED_ITEM('color',(#2812),#1442);
#2812 = PRESENTATION_STYLE_ASSIGNMENT((#2813));
#2813 = SURFACE_STYLE_USAGE(.BOTH.,#2814);
#2814 = SURFACE_SIDE_STYLE('',(#2815));
#2815 = SURFACE_STYLE_FILL_AREA(#2816);
#2816 = FILL_AREA_STYLE('',(#2817));
#2817 = FILL_AREA_STYLE_COLOUR('',#2818);
#2818 = COLOUR_RGB('',0.740392165238,0.778039217656,0.800000010877);
#2819 = MECHANICAL_DESIGN_GEOMETRIC_PRESENTATION_REPRESENTATION('',(
    #2820),#1423);
#2820 = STYLED_ITEM('color',(#2821),#858);
#2821 = PRESENTATION_STYLE_ASSIGNMENT((#2822));
#2822 = SURFACE_STYLE_USAGE(.BOTH.,#2823);
#2823 = SURFACE_SIDE_STYLE('',(#2824,#2828));
#2824 = SURFACE_STYLE_FILL_AREA(#2825);
#2825 = FILL_AREA_STYLE('',(#2826));
#2826 = FILL_AREA_STYLE_COLOUR('',#2827);
#2827 = DRAUGHTING_PRE_DEFINED_COLOUR('white');
#2828 = SURFACE_STYLE_RENDERING_WITH_PROPERTIES(.NORMAL_SHADING.,#2827,(
    #2829));
#2829 = SURFACE_STYLE_TRANSPARENT(0.699999988079);
#2830 = MECHANICAL_DESIGN_GEOMETRIC_PRESENTATION_REPRESENTATION('',(
    #2831),#568);
#2831 = STYLED_ITEM('color',(#2832),#63);
#2832 = PRESENTATION_STYLE_ASSIGNMENT((#2833,#2839));
#2833 = SURFACE_STYLE_USAGE(.BOTH.,#2834);
#2834 = SURFACE_SIDE_STYLE('',(#2835));
#2835 = SURFACE_STYLE_FILL_AREA(#2836);
#2836 = FILL_AREA_STYLE('',(#2837));
#2837 = FILL_AREA_STYLE_COLOUR('',#2838);
#2838 = COLOUR_RGB('',0.,0.501960785193,0.);
#2839 = CURVE_STYLE('',#2840,POSITIVE_LENGTH_MEASURE(0.1),#2838);
#2840 = DRAUGHTING_PRE_DEFINED_CURVE_FONT('continuous');
#2841 = MECHANICAL_DESIGN_GEOMETRIC_PRESENTATION_REPRESENTATION('',(
    #2842),#2172);
#2842 = STYLED_ITEM('color',(#2843),#1923);
#2843 = PRESENTATION_STYLE_ASSIGNMENT((#2844));
#2844 = SURFACE_STYLE_USAGE(.BOTH.,#2845);
#2845 = SURFACE_SIDE_STYLE('',(#2846));
#2846 = SURFACE_STYLE_FILL_AREA(#2847);
#2847 = FILL_AREA_STYLE('',(#2848));
#2848 = FILL_AREA_STYLE_COLOUR('',#2818);
#2849 = MECHANICAL_DESIGN_GEOMETRIC_PRESENTATION_REPRESENTATION('',(
    #2850),#2509);
#2850 = STYLED_ITEM('color',(#2851),#2262);
#2851 = PRESENTATION_STYLE_ASSIGNMENT((#2852));
#2852 = SURFACE_STYLE_USAGE(.BOTH.,#2853);
#2853 = SURFACE_SIDE_STYLE('',(#2854));
#2854 = SURFACE_STYLE_FILL_AREA(#2855);
#2855 = FILL_AREA_STYLE('',(#2856));
#2856 = FILL_AREA_STYLE_COLOUR('',#2857);
#2857 = COLOUR_RGB('',0.55000000909,0.311243503235,0.218416498259);
#2858 = MECHANICAL_DESIGN_GEOMETRIC_PRESENTATION_REPRESENTATION('',(
    #2859),#2243);
#2859 = STYLED_ITEM('color',(#2860),#2191);
#2860 = PRESENTATION_STYLE_ASSIGNMENT((#2861));
#2861 = SURFACE_STYLE_USAGE(.BOTH.,#2862);
#2862 = SURFACE_SIDE_STYLE('',(#2863));
#2863 = SURFACE_STYLE_FILL_AREA(#2864);
#2864 = FILL_AREA_STYLE('',(#2865));
#2865 = FILL_AREA_STYLE_COLOUR('',#2866);
#2866 = COLOUR_RGB('',0.800000010877,0.760330624566,0.);
#2867 = MECHANICAL_DESIGN_GEOMETRIC_PRESENTATION_REPRESENTATION('',(
    #2868),#777);
#2868 = STYLED_ITEM('color',(#2869),#627);
#2869 = PRESENTATION_STYLE_ASSIGNMENT((#2870,#2876));
#2870 = SURFACE_STYLE_USAGE(.BOTH.,#2871);
#2871 = SURFACE_SIDE_STYLE('',(#2872));
#2872 = SURFACE_STYLE_FILL_AREA(#2873);
#2873 = FILL_AREA_STYLE('',(#2874));
#2874 = FILL_AREA_STYLE_COLOUR('',#2875);
#2875 = COLOUR_RGB('',0.501960785193,0.501960785193,0.501960785193);
#2876 = CURVE_STYLE('',#2877,POSITIVE_LENGTH_MEASURE(0.1),#2875);
#2877 = DRAUGHTING_PRE_DEFINED_CURVE_FONT('continuous');
#2878 = MECHANICAL_DESIGN_GEOMETRIC_PRESENTATION_REPRESENTATION('',(
    #2879),#2752);
#2879 = STYLED_ITEM('color',(#2880),#2602);
#2880 = PRESENTATION_STYLE_ASSIGNMENT((#2881,#2886));
#2881 = SURFACE_STYLE_USAGE(.BOTH.,#2882);
#2882 = SURFACE_SIDE_STYLE('',(#2883));
#2883 = SURFACE_STYLE_FILL_AREA(#2884);
#2884 = FILL_AREA_STYLE('',(#2885));
#2885 = FILL_AREA_STYLE_COLOUR('',#2875);
#2886 = CURVE_STYLE('',#2887,POSITIVE_LENGTH_MEASURE(0.1),#2875);
#2887 = DRAUGHTING_PRE_DEFINED_CURVE_FONT('continuous');
ENDSEC;
END-ISO-10303-21;
