ISO-10303-21;
HEADER;
FILE_DESCRIPTION(('FreeCAD Model'),'2;1');
FILE_NAME('Open CASCADE Shape Model','2024-06-27T16:52:30',(''),(''),
  'Open CASCADE STEP processor 7.6','FreeCAD','Unknown');
FILE_SCHEMA(('AUTOMOTIVE_DESIGN { 1 0 10303 214 1 1 1 1 }'));
ENDSEC;
DATA;
#1 = APPLICATION_PROTOCOL_DEFINITION('international standard',
  'automotive_design',2000,#2);
#2 = APPLICATION_CONTEXT(
  'core data for automotive mechanical design processes');
#3 = SHAPE_DEFINITION_REPRESENTATION(#4,#10);
#4 = PRODUCT_DEFINITION_SHAPE('','',#5);
#5 = PRODUCT_DEFINITION('design','',#6,#9);
#6 = PRODUCT_DEFINITION_FORMATION('','',#7);
#7 = PRODUCT('pls-8','pls-8','',(#8));
#8 = PRODUCT_CONTEXT('',#2,'mechanical');
#9 = PRODUCT_DEFINITION_CONTEXT('part definition',#2,'design');
#10 = SHAPE_REPRESENTATION('',(#11,#15,#19,#23,#27,#31,#35,#39,#43,#47),
  #51);
#11 = AXIS2_PLACEMENT_3D('',#12,#13,#14);
#12 = CARTESIAN_POINT('',(0.,0.,0.));
#13 = DIRECTION('',(0.,0.,1.));
#14 = DIRECTION('',(1.,0.,-0.));
#15 = AXIS2_PLACEMENT_3D('',#16,#17,#18);
#16 = CARTESIAN_POINT('',(0.,0.,2.5));
#17 = DIRECTION('',(0.,0.,1.));
#18 = DIRECTION('',(1.,0.,0.));
#19 = AXIS2_PLACEMENT_3D('',#20,#21,#22);
#20 = CARTESIAN_POINT('',(-16.51,0.,0.));
#21 = DIRECTION('',(0.,0.,1.));
#22 = DIRECTION('',(1.,0.,0.));
#23 = AXIS2_PLACEMENT_3D('',#24,#25,#26);
#24 = CARTESIAN_POINT('',(-13.97,0.,0.));
#25 = DIRECTION('',(0.,0.,1.));
#26 = DIRECTION('',(1.,0.,0.));
#27 = AXIS2_PLACEMENT_3D('',#28,#29,#30);
#28 = CARTESIAN_POINT('',(-11.43,0.,0.));
#29 = DIRECTION('',(0.,0.,1.));
#30 = DIRECTION('',(1.,0.,0.));
#31 = AXIS2_PLACEMENT_3D('',#32,#33,#34);
#32 = CARTESIAN_POINT('',(-8.89,0.,0.));
#33 = DIRECTION('',(0.,0.,1.));
#34 = DIRECTION('',(1.,0.,0.));
#35 = AXIS2_PLACEMENT_3D('',#36,#37,#38);
#36 = CARTESIAN_POINT('',(-6.35,0.,0.));
#37 = DIRECTION('',(0.,0.,1.));
#38 = DIRECTION('',(1.,0.,0.));
#39 = AXIS2_PLACEMENT_3D('',#40,#41,#42);
#40 = CARTESIAN_POINT('',(-3.81,0.,0.));
#41 = DIRECTION('',(0.,0.,1.));
#42 = DIRECTION('',(1.,0.,0.));
#43 = AXIS2_PLACEMENT_3D('',#44,#45,#46);
#44 = CARTESIAN_POINT('',(-1.27,0.,0.));
#45 = DIRECTION('',(0.,0.,1.));
#46 = DIRECTION('',(1.,0.,0.));
#47 = AXIS2_PLACEMENT_3D('',#48,#49,#50);
#48 = CARTESIAN_POINT('',(1.27,0.,0.));
#49 = DIRECTION('',(0.,0.,1.));
#50 = DIRECTION('',(1.,0.,0.));
#51 = ( GEOMETRIC_REPRESENTATION_CONTEXT(3) 
GLOBAL_UNCERTAINTY_ASSIGNED_CONTEXT((#55)) GLOBAL_UNIT_ASSIGNED_CONTEXT(
(#52,#53,#54)) REPRESENTATION_CONTEXT('Context #1',
  '3D Context with UNIT and UNCERTAINTY') );
#52 = ( LENGTH_UNIT() NAMED_UNIT(*) SI_UNIT(.MILLI.,.METRE.) );
#53 = ( NAMED_UNIT(*) PLANE_ANGLE_UNIT() SI_UNIT($,.RADIAN.) );
#54 = ( NAMED_UNIT(*) SI_UNIT($,.STERADIAN.) SOLID_ANGLE_UNIT() );
#55 = UNCERTAINTY_MEASURE_WITH_UNIT(LENGTH_MEASURE(1.E-07),#52,
  'distance_accuracy_value','confusion accuracy');
#56 = PRODUCT_RELATED_PRODUCT_CATEGORY('part',$,(#7));
#57 = SHAPE_DEFINITION_REPRESENTATION(#58,#64);
#58 = PRODUCT_DEFINITION_SHAPE('','',#59);
#59 = PRODUCT_DEFINITION('design','',#60,#63);
#60 = PRODUCT_DEFINITION_FORMATION('','',#61);
#61 = PRODUCT('Frame','Frame','',(#62));
#62 = PRODUCT_CONTEXT('',#2,'mechanical');
#63 = PRODUCT_DEFINITION_CONTEXT('part definition',#2,'design');
#64 = ADVANCED_BREP_SHAPE_REPRESENTATION('',(#11,#65),#5575);
#65 = MANIFOLD_SOLID_BREP('',#66);
#66 = CLOSED_SHELL('',(#67,#123,#794,#818,#842,#866,#956,#973,#1006,
    #1041,#1097,#1121,#1177,#1225,#1249,#1305,#1361,#1385,#1441,#1497,
    #1521,#1577,#1633,#1657,#1713,#1769,#1793,#1849,#1905,#1929,#1969,
    #1993,#2033,#2057,#2113,#2169,#2193,#2249,#2305,#2329,#2385,#2441,
    #2465,#2521,#2577,#2601,#2657,#2713,#2737,#2785,#2841,#2865,#2921,
    #2968,#2985,#3007,#3024,#3041,#3053,#3084,#3108,#3132,#3149,#3180,
    #3204,#3228,#3245,#3276,#3300,#3324,#3341,#3372,#3396,#3420,#3437,
    #3468,#3492,#3516,#3533,#3564,#3588,#3612,#3629,#3660,#3684,#3708,
    #3725,#3742,#3759,#3771,#3790,#3807,#3824,#3861,#3873,#3927,#3939,
    #3956,#3973,#4042,#4059,#4115,#4127,#4144,#4161,#4230,#4247,#4303,
    #4315,#4332,#4349,#4418,#4435,#4491,#4503,#4520,#4537,#4606,#4623,
    #4679,#4691,#4708,#4725,#4794,#4811,#4867,#4879,#4896,#4913,#4977,
    #4994,#5011,#5023,#5040,#5057,#5069,#5086,#5103,#5115,#5132,#5149,
    #5161,#5178,#5195,#5207,#5224,#5241,#5253,#5270,#5287,#5299,#5316,
    #5333,#5345,#5362,#5379,#5391,#5408,#5425,#5437,#5454,#5471,#5483,
    #5500,#5517,#5529,#5546,#5563));
#67 = ADVANCED_FACE('',(#68),#118,.T.);
#68 = FACE_BOUND('',#69,.T.);
#69 = EDGE_LOOP('',(#70,#80,#88,#96,#104,#112));
#70 = ORIENTED_EDGE('',*,*,#71,.F.);
#71 = EDGE_CURVE('',#72,#74,#76,.T.);
#72 = VERTEX_POINT('',#73);
#73 = CARTESIAN_POINT('',(-17.75,0.951952,0.7));
#74 = VERTEX_POINT('',#75);
#75 = CARTESIAN_POINT('',(-17.706952,0.995,0.7));
#76 = LINE('',#77,#78);
#77 = CARTESIAN_POINT('',(-15.451600625,3.250351375,0.7));
#78 = VECTOR('',#79,1.);
#79 = DIRECTION('',(0.707106781187,0.707106781187,0.));
#80 = ORIENTED_EDGE('',*,*,#81,.T.);
#81 = EDGE_CURVE('',#72,#82,#84,.T.);
#82 = VERTEX_POINT('',#83);
#83 = CARTESIAN_POINT('',(-17.75,0.951952,2.5));
#84 = LINE('',#85,#86);
#85 = CARTESIAN_POINT('',(-17.75,0.951952,0.));
#86 = VECTOR('',#87,1.);
#87 = DIRECTION('',(0.,0.,1.));
#88 = ORIENTED_EDGE('',*,*,#89,.T.);
#89 = EDGE_CURVE('',#82,#90,#92,.T.);
#90 = VERTEX_POINT('',#91);
#91 = CARTESIAN_POINT('',(-17.5,1.201952,2.5));
#92 = LINE('',#93,#94);
#93 = CARTESIAN_POINT('',(-17.75,0.951952,2.5));
#94 = VECTOR('',#95,1.);
#95 = DIRECTION('',(0.707106781187,0.707106781187,0.));
#96 = ORIENTED_EDGE('',*,*,#97,.F.);
#97 = EDGE_CURVE('',#98,#90,#100,.T.);
#98 = VERTEX_POINT('',#99);
#99 = CARTESIAN_POINT('',(-17.5,1.201952,0.));
#100 = LINE('',#101,#102);
#101 = CARTESIAN_POINT('',(-17.5,1.201952,0.));
#102 = VECTOR('',#103,1.);
#103 = DIRECTION('',(0.,0.,1.));
#104 = ORIENTED_EDGE('',*,*,#105,.F.);
#105 = EDGE_CURVE('',#106,#98,#108,.T.);
#106 = VERTEX_POINT('',#107);
#107 = CARTESIAN_POINT('',(-17.706952,0.995,0.));
#108 = LINE('',#109,#110);
#109 = CARTESIAN_POINT('',(-17.75,0.951952,0.));
#110 = VECTOR('',#111,1.);
#111 = DIRECTION('',(0.707106781187,0.707106781187,0.));
#112 = ORIENTED_EDGE('',*,*,#113,.T.);
#113 = EDGE_CURVE('',#106,#74,#114,.T.);
#114 = LINE('',#115,#116);
#115 = CARTESIAN_POINT('',(-17.706952,0.995,0.));
#116 = VECTOR('',#117,1.);
#117 = DIRECTION('',(0.,0.,1.));
#118 = PLANE('',#119);
#119 = AXIS2_PLACEMENT_3D('',#120,#121,#122);
#120 = CARTESIAN_POINT('',(-17.75,0.951952,0.));
#121 = DIRECTION('',(-0.707106781187,0.707106781187,0.));
#122 = DIRECTION('',(0.707106781187,0.707106781187,0.));
#123 = ADVANCED_FACE('',(#124,#517,#551,#585,#619,#653,#687,#721,#755),
  #789,.F.);
#124 = FACE_BOUND('',#125,.F.);
#125 = EDGE_LOOP('',(#126,#136,#144,#152,#160,#168,#176,#184,#192,#200,
    #208,#216,#224,#232,#240,#248,#256,#264,#272,#280,#288,#296,#304,
    #312,#320,#328,#336,#344,#352,#360,#368,#376,#384,#392,#400,#408,
    #416,#424,#432,#440,#448,#456,#464,#472,#480,#488,#496,#504,#510,
    #511));
#126 = ORIENTED_EDGE('',*,*,#127,.T.);
#127 = EDGE_CURVE('',#128,#130,#132,.T.);
#128 = VERTEX_POINT('',#129);
#129 = CARTESIAN_POINT('',(-17.75,-0.951952,0.7));
#130 = VERTEX_POINT('',#131);
#131 = CARTESIAN_POINT('',(-17.706952,-0.995,0.7));
#132 = LINE('',#133,#134);
#133 = CARTESIAN_POINT('',(-15.451600625,-3.250351375,0.7));
#134 = VECTOR('',#135,1.);
#135 = DIRECTION('',(0.707106781187,-0.707106781187,0.));
#136 = ORIENTED_EDGE('',*,*,#137,.T.);
#137 = EDGE_CURVE('',#130,#138,#140,.T.);
#138 = VERTEX_POINT('',#139);
#139 = CARTESIAN_POINT('',(-15.28465136216,-0.995,0.7));
#140 = LINE('',#141,#142);
#141 = CARTESIAN_POINT('',(-17.898581,-0.995,0.7));
#142 = VECTOR('',#143,1.);
#143 = DIRECTION('',(1.,0.,0.));
#144 = ORIENTED_EDGE('',*,*,#145,.T.);
#145 = EDGE_CURVE('',#138,#146,#148,.T.);
#146 = VERTEX_POINT('',#147);
#147 = CARTESIAN_POINT('',(-15.24,-0.95,0.7));
#148 = LINE('',#149,#150);
#149 = CARTESIAN_POINT('',(-13.23346621512,1.072200800666,0.7));
#150 = VECTOR('',#151,1.);
#151 = DIRECTION('',(0.704351645668,0.709851223317,0.));
#152 = ORIENTED_EDGE('',*,*,#153,.T.);
#153 = EDGE_CURVE('',#146,#154,#156,.T.);
#154 = VERTEX_POINT('',#155);
#155 = CARTESIAN_POINT('',(-15.195,-0.995,0.7));
#156 = LINE('',#157,#158);
#157 = CARTESIAN_POINT('',(-13.568612625,-2.621387375,0.7));
#158 = VECTOR('',#159,1.);
#159 = DIRECTION('',(0.707106781187,-0.707106781187,0.));
#160 = ORIENTED_EDGE('',*,*,#161,.T.);
#161 = EDGE_CURVE('',#154,#162,#164,.T.);
#162 = VERTEX_POINT('',#163);
#163 = CARTESIAN_POINT('',(-12.745,-0.995,0.7));
#164 = LINE('',#165,#166);
#165 = CARTESIAN_POINT('',(-17.898581,-0.995,0.7));
#166 = VECTOR('',#167,1.);
#167 = DIRECTION('',(1.,0.,0.));
#168 = ORIENTED_EDGE('',*,*,#169,.T.);
#169 = EDGE_CURVE('',#162,#170,#172,.T.);
#170 = VERTEX_POINT('',#171);
#171 = CARTESIAN_POINT('',(-12.7,-0.95,0.7));
#172 = LINE('',#173,#174);
#173 = CARTESIAN_POINT('',(-11.313612625,0.436387375,0.7));
#174 = VECTOR('',#175,1.);
#175 = DIRECTION('',(0.707106781187,0.707106781187,0.));
#176 = ORIENTED_EDGE('',*,*,#177,.T.);
#177 = EDGE_CURVE('',#170,#178,#180,.T.);
#178 = VERTEX_POINT('',#179);
#179 = CARTESIAN_POINT('',(-12.655,-0.995,0.7));
#180 = LINE('',#181,#182);
#181 = CARTESIAN_POINT('',(-11.663612625,-1.986387375,0.7));
#182 = VECTOR('',#183,1.);
#183 = DIRECTION('',(0.707106781187,-0.707106781187,0.));
#184 = ORIENTED_EDGE('',*,*,#185,.T.);
#185 = EDGE_CURVE('',#178,#186,#188,.T.);
#186 = VERTEX_POINT('',#187);
#187 = CARTESIAN_POINT('',(-10.205,-0.995,0.7));
#188 = LINE('',#189,#190);
#189 = CARTESIAN_POINT('',(-17.898581,-0.995,0.7));
#190 = VECTOR('',#191,1.);
#191 = DIRECTION('',(1.,0.,0.));
#192 = ORIENTED_EDGE('',*,*,#193,.T.);
#193 = EDGE_CURVE('',#186,#194,#196,.T.);
#194 = VERTEX_POINT('',#195);
#195 = CARTESIAN_POINT('',(-10.16,-0.95,0.7));
#196 = LINE('',#197,#198);
#197 = CARTESIAN_POINT('',(-9.408612625,-0.198612625,0.7));
#198 = VECTOR('',#199,1.);
#199 = DIRECTION('',(0.707106781187,0.707106781187,0.));
#200 = ORIENTED_EDGE('',*,*,#201,.T.);
#201 = EDGE_CURVE('',#194,#202,#204,.T.);
#202 = VERTEX_POINT('',#203);
#203 = CARTESIAN_POINT('',(-10.115,-0.995,0.7));
#204 = LINE('',#205,#206);
#205 = CARTESIAN_POINT('',(-9.758612625,-1.351387375,0.7));
#206 = VECTOR('',#207,1.);
#207 = DIRECTION('',(0.707106781187,-0.707106781187,0.));
#208 = ORIENTED_EDGE('',*,*,#209,.T.);
#209 = EDGE_CURVE('',#202,#210,#212,.T.);
#210 = VERTEX_POINT('',#211);
#211 = CARTESIAN_POINT('',(-7.665,-0.995,0.7));
#212 = LINE('',#213,#214);
#213 = CARTESIAN_POINT('',(-17.898581,-0.995,0.7));
#214 = VECTOR('',#215,1.);
#215 = DIRECTION('',(1.,0.,0.));
#216 = ORIENTED_EDGE('',*,*,#217,.T.);
#217 = EDGE_CURVE('',#210,#218,#220,.T.);
#218 = VERTEX_POINT('',#219);
#219 = CARTESIAN_POINT('',(-7.62,-0.95,0.7));
#220 = LINE('',#221,#222);
#221 = CARTESIAN_POINT('',(-7.503612625,-0.833612625,0.7));
#222 = VECTOR('',#223,1.);
#223 = DIRECTION('',(0.707106781187,0.707106781187,0.));
#224 = ORIENTED_EDGE('',*,*,#225,.T.);
#225 = EDGE_CURVE('',#218,#226,#228,.T.);
#226 = VERTEX_POINT('',#227);
#227 = CARTESIAN_POINT('',(-7.575,-0.995,0.7));
#228 = LINE('',#229,#230);
#229 = CARTESIAN_POINT('',(-7.853612625,-0.716387375,0.7));
#230 = VECTOR('',#231,1.);
#231 = DIRECTION('',(0.707106781187,-0.707106781187,0.));
#232 = ORIENTED_EDGE('',*,*,#233,.T.);
#233 = EDGE_CURVE('',#226,#234,#236,.T.);
#234 = VERTEX_POINT('',#235);
#235 = CARTESIAN_POINT('',(-5.125,-0.995,0.7));
#236 = LINE('',#237,#238);
#237 = CARTESIAN_POINT('',(-17.898581,-0.995,0.7));
#238 = VECTOR('',#239,1.);
#239 = DIRECTION('',(1.,0.,0.));
#240 = ORIENTED_EDGE('',*,*,#241,.T.);
#241 = EDGE_CURVE('',#234,#242,#244,.T.);
#242 = VERTEX_POINT('',#243);
#243 = CARTESIAN_POINT('',(-5.08,-0.95,0.7));
#244 = LINE('',#245,#246);
#245 = CARTESIAN_POINT('',(-5.598612625,-1.468612625,0.7));
#246 = VECTOR('',#247,1.);
#247 = DIRECTION('',(0.707106781187,0.707106781187,0.));
#248 = ORIENTED_EDGE('',*,*,#249,.T.);
#249 = EDGE_CURVE('',#242,#250,#252,.T.);
#250 = VERTEX_POINT('',#251);
#251 = CARTESIAN_POINT('',(-5.035,-0.995,0.7));
#252 = LINE('',#253,#254);
#253 = CARTESIAN_POINT('',(-5.948612625,-8.1387375E-02,0.7));
#254 = VECTOR('',#255,1.);
#255 = DIRECTION('',(0.707106781187,-0.707106781187,0.));
#256 = ORIENTED_EDGE('',*,*,#257,.T.);
#257 = EDGE_CURVE('',#250,#258,#260,.T.);
#258 = VERTEX_POINT('',#259);
#259 = CARTESIAN_POINT('',(-2.585,-0.995,0.7));
#260 = LINE('',#261,#262);
#261 = CARTESIAN_POINT('',(-17.898581,-0.995,0.7));
#262 = VECTOR('',#263,1.);
#263 = DIRECTION('',(1.,0.,0.));
#264 = ORIENTED_EDGE('',*,*,#265,.T.);
#265 = EDGE_CURVE('',#258,#266,#268,.T.);
#266 = VERTEX_POINT('',#267);
#267 = CARTESIAN_POINT('',(-2.54,-0.95,0.7));
#268 = LINE('',#269,#270);
#269 = CARTESIAN_POINT('',(-3.693612625,-2.103612625,0.7));
#270 = VECTOR('',#271,1.);
#271 = DIRECTION('',(0.707106781187,0.707106781187,0.));
#272 = ORIENTED_EDGE('',*,*,#273,.T.);
#273 = EDGE_CURVE('',#266,#274,#276,.T.);
#274 = VERTEX_POINT('',#275);
#275 = CARTESIAN_POINT('',(-2.495,-0.995,0.7));
#276 = LINE('',#277,#278);
#277 = CARTESIAN_POINT('',(-4.043612625,0.553612625,0.7));
#278 = VECTOR('',#279,1.);
#279 = DIRECTION('',(0.707106781187,-0.707106781187,0.));
#280 = ORIENTED_EDGE('',*,*,#281,.T.);
#281 = EDGE_CURVE('',#274,#282,#284,.T.);
#282 = VERTEX_POINT('',#283);
#283 = CARTESIAN_POINT('',(-4.5E-02,-0.995,0.7));
#284 = LINE('',#285,#286);
#285 = CARTESIAN_POINT('',(-17.898581,-0.995,0.7));
#286 = VECTOR('',#287,1.);
#287 = DIRECTION('',(1.,0.,0.));
#288 = ORIENTED_EDGE('',*,*,#289,.T.);
#289 = EDGE_CURVE('',#282,#290,#292,.T.);
#290 = VERTEX_POINT('',#291);
#291 = CARTESIAN_POINT('',(0.,-0.95,0.7));
#292 = LINE('',#293,#294);
#293 = CARTESIAN_POINT('',(-1.788612625,-2.738612625,0.7));
#294 = VECTOR('',#295,1.);
#295 = DIRECTION('',(0.707106781187,0.707106781187,0.));
#296 = ORIENTED_EDGE('',*,*,#297,.T.);
#297 = EDGE_CURVE('',#290,#298,#300,.T.);
#298 = VERTEX_POINT('',#299);
#299 = CARTESIAN_POINT('',(4.5E-02,-0.995,0.7));
#300 = LINE('',#301,#302);
#301 = CARTESIAN_POINT('',(-2.138612625,1.188612625,0.7));
#302 = VECTOR('',#303,1.);
#303 = DIRECTION('',(0.707106781187,-0.707106781187,0.));
#304 = ORIENTED_EDGE('',*,*,#305,.T.);
#305 = EDGE_CURVE('',#298,#306,#308,.T.);
#306 = VERTEX_POINT('',#307);
#307 = CARTESIAN_POINT('',(2.495,-0.995,0.7));
#308 = LINE('',#309,#310);
#309 = CARTESIAN_POINT('',(-17.898581,-0.995,0.7));
#310 = VECTOR('',#311,1.);
#311 = DIRECTION('',(1.,0.,0.));
#312 = ORIENTED_EDGE('',*,*,#313,.T.);
#313 = EDGE_CURVE('',#306,#314,#316,.T.);
#314 = VERTEX_POINT('',#315);
#315 = CARTESIAN_POINT('',(2.54,-0.95,0.7));
#316 = LINE('',#317,#318);
#317 = CARTESIAN_POINT('',(0.116387375,-3.373612625,0.7));
#318 = VECTOR('',#319,1.);
#319 = DIRECTION('',(0.707106781187,0.707106781187,0.));
#320 = ORIENTED_EDGE('',*,*,#321,.F.);
#321 = EDGE_CURVE('',#322,#314,#324,.T.);
#322 = VERTEX_POINT('',#323);
#323 = CARTESIAN_POINT('',(2.54,0.95,0.7));
#324 = LINE('',#325,#326);
#325 = CARTESIAN_POINT('',(2.54,0.475,0.7));
#326 = VECTOR('',#327,1.);
#327 = DIRECTION('',(0.,-1.,0.));
#328 = ORIENTED_EDGE('',*,*,#329,.F.);
#329 = EDGE_CURVE('',#330,#322,#332,.T.);
#330 = VERTEX_POINT('',#331);
#331 = CARTESIAN_POINT('',(2.495,0.995,0.7));
#332 = LINE('',#333,#334);
#333 = CARTESIAN_POINT('',(0.116387375,3.373612625,0.7));
#334 = VECTOR('',#335,1.);
#335 = DIRECTION('',(0.707106781187,-0.707106781187,0.));
#336 = ORIENTED_EDGE('',*,*,#337,.T.);
#337 = EDGE_CURVE('',#330,#338,#340,.T.);
#338 = VERTEX_POINT('',#339);
#339 = CARTESIAN_POINT('',(4.5E-02,0.995,0.7));
#340 = LINE('',#341,#342);
#341 = CARTESIAN_POINT('',(2.68968,0.995,0.7));
#342 = VECTOR('',#343,1.);
#343 = DIRECTION('',(-1.,0.,0.));
#344 = ORIENTED_EDGE('',*,*,#345,.F.);
#345 = EDGE_CURVE('',#346,#338,#348,.T.);
#346 = VERTEX_POINT('',#347);
#347 = CARTESIAN_POINT('',(0.,0.95,0.7));
#348 = LINE('',#349,#350);
#349 = CARTESIAN_POINT('',(-2.138612625,-1.188612625,0.7));
#350 = VECTOR('',#351,1.);
#351 = DIRECTION('',(0.707106781187,0.707106781187,0.));
#352 = ORIENTED_EDGE('',*,*,#353,.F.);
#353 = EDGE_CURVE('',#354,#346,#356,.T.);
#354 = VERTEX_POINT('',#355);
#355 = CARTESIAN_POINT('',(-4.5E-02,0.995,0.7));
#356 = LINE('',#357,#358);
#357 = CARTESIAN_POINT('',(-1.788612625,2.738612625,0.7));
#358 = VECTOR('',#359,1.);
#359 = DIRECTION('',(0.707106781187,-0.707106781187,0.));
#360 = ORIENTED_EDGE('',*,*,#361,.T.);
#361 = EDGE_CURVE('',#354,#362,#364,.T.);
#362 = VERTEX_POINT('',#363);
#363 = CARTESIAN_POINT('',(-2.495,0.995,0.7));
#364 = LINE('',#365,#366);
#365 = CARTESIAN_POINT('',(2.68968,0.995,0.7));
#366 = VECTOR('',#367,1.);
#367 = DIRECTION('',(-1.,0.,0.));
#368 = ORIENTED_EDGE('',*,*,#369,.F.);
#369 = EDGE_CURVE('',#370,#362,#372,.T.);
#370 = VERTEX_POINT('',#371);
#371 = CARTESIAN_POINT('',(-2.54,0.95,0.7));
#372 = LINE('',#373,#374);
#373 = CARTESIAN_POINT('',(-4.043612625,-0.553612625,0.7));
#374 = VECTOR('',#375,1.);
#375 = DIRECTION('',(0.707106781187,0.707106781187,0.));
#376 = ORIENTED_EDGE('',*,*,#377,.F.);
#377 = EDGE_CURVE('',#378,#370,#380,.T.);
#378 = VERTEX_POINT('',#379);
#379 = CARTESIAN_POINT('',(-2.585,0.995,0.7));
#380 = LINE('',#381,#382);
#381 = CARTESIAN_POINT('',(-3.693612625,2.103612625,0.7));
#382 = VECTOR('',#383,1.);
#383 = DIRECTION('',(0.707106781187,-0.707106781187,0.));
#384 = ORIENTED_EDGE('',*,*,#385,.T.);
#385 = EDGE_CURVE('',#378,#386,#388,.T.);
#386 = VERTEX_POINT('',#387);
#387 = CARTESIAN_POINT('',(-5.035,0.995,0.7));
#388 = LINE('',#389,#390);
#389 = CARTESIAN_POINT('',(2.68968,0.995,0.7));
#390 = VECTOR('',#391,1.);
#391 = DIRECTION('',(-1.,0.,0.));
#392 = ORIENTED_EDGE('',*,*,#393,.F.);
#393 = EDGE_CURVE('',#394,#386,#396,.T.);
#394 = VERTEX_POINT('',#395);
#395 = CARTESIAN_POINT('',(-5.08,0.95,0.7));
#396 = LINE('',#397,#398);
#397 = CARTESIAN_POINT('',(-5.948612625,8.1387375E-02,0.7));
#398 = VECTOR('',#399,1.);
#399 = DIRECTION('',(0.707106781187,0.707106781187,0.));
#400 = ORIENTED_EDGE('',*,*,#401,.F.);
#401 = EDGE_CURVE('',#402,#394,#404,.T.);
#402 = VERTEX_POINT('',#403);
#403 = CARTESIAN_POINT('',(-5.125,0.995,0.7));
#404 = LINE('',#405,#406);
#405 = CARTESIAN_POINT('',(-5.598612625,1.468612625,0.7));
#406 = VECTOR('',#407,1.);
#407 = DIRECTION('',(0.707106781187,-0.707106781187,0.));
#408 = ORIENTED_EDGE('',*,*,#409,.T.);
#409 = EDGE_CURVE('',#402,#410,#412,.T.);
#410 = VERTEX_POINT('',#411);
#411 = CARTESIAN_POINT('',(-7.575,0.995,0.7));
#412 = LINE('',#413,#414);
#413 = CARTESIAN_POINT('',(2.68968,0.995,0.7));
#414 = VECTOR('',#415,1.);
#415 = DIRECTION('',(-1.,0.,0.));
#416 = ORIENTED_EDGE('',*,*,#417,.F.);
#417 = EDGE_CURVE('',#418,#410,#420,.T.);
#418 = VERTEX_POINT('',#419);
#419 = CARTESIAN_POINT('',(-7.62,0.95,0.7));
#420 = LINE('',#421,#422);
#421 = CARTESIAN_POINT('',(-7.853612625,0.716387375,0.7));
#422 = VECTOR('',#423,1.);
#423 = DIRECTION('',(0.707106781187,0.707106781187,0.));
#424 = ORIENTED_EDGE('',*,*,#425,.F.);
#425 = EDGE_CURVE('',#426,#418,#428,.T.);
#426 = VERTEX_POINT('',#427);
#427 = CARTESIAN_POINT('',(-7.665,0.995,0.7));
#428 = LINE('',#429,#430);
#429 = CARTESIAN_POINT('',(-7.503612625,0.833612625,0.7));
#430 = VECTOR('',#431,1.);
#431 = DIRECTION('',(0.707106781187,-0.707106781187,0.));
#432 = ORIENTED_EDGE('',*,*,#433,.T.);
#433 = EDGE_CURVE('',#426,#434,#436,.T.);
#434 = VERTEX_POINT('',#435);
#435 = CARTESIAN_POINT('',(-10.115,0.995,0.7));
#436 = LINE('',#437,#438);
#437 = CARTESIAN_POINT('',(2.68968,0.995,0.7));
#438 = VECTOR('',#439,1.);
#439 = DIRECTION('',(-1.,0.,0.));
#440 = ORIENTED_EDGE('',*,*,#441,.F.);
#441 = EDGE_CURVE('',#442,#434,#444,.T.);
#442 = VERTEX_POINT('',#443);
#443 = CARTESIAN_POINT('',(-10.16,0.95,0.7));
#444 = LINE('',#445,#446);
#445 = CARTESIAN_POINT('',(-9.758612625,1.351387375,0.7));
#446 = VECTOR('',#447,1.);
#447 = DIRECTION('',(0.707106781187,0.707106781187,0.));
#448 = ORIENTED_EDGE('',*,*,#449,.F.);
#449 = EDGE_CURVE('',#450,#442,#452,.T.);
#450 = VERTEX_POINT('',#451);
#451 = CARTESIAN_POINT('',(-10.205,0.995,0.7));
#452 = LINE('',#453,#454);
#453 = CARTESIAN_POINT('',(-9.408612625,0.198612625,0.7));
#454 = VECTOR('',#455,1.);
#455 = DIRECTION('',(0.707106781187,-0.707106781187,0.));
#456 = ORIENTED_EDGE('',*,*,#457,.T.);
#457 = EDGE_CURVE('',#450,#458,#460,.T.);
#458 = VERTEX_POINT('',#459);
#459 = CARTESIAN_POINT('',(-12.655,0.995,0.7));
#460 = LINE('',#461,#462);
#461 = CARTESIAN_POINT('',(2.68968,0.995,0.7));
#462 = VECTOR('',#463,1.);
#463 = DIRECTION('',(-1.,0.,0.));
#464 = ORIENTED_EDGE('',*,*,#465,.F.);
#465 = EDGE_CURVE('',#466,#458,#468,.T.);
#466 = VERTEX_POINT('',#467);
#467 = CARTESIAN_POINT('',(-12.7,0.95,0.7));
#468 = LINE('',#469,#470);
#469 = CARTESIAN_POINT('',(-11.663612625,1.986387375,0.7));
#470 = VECTOR('',#471,1.);
#471 = DIRECTION('',(0.707106781187,0.707106781187,0.));
#472 = ORIENTED_EDGE('',*,*,#473,.F.);
#473 = EDGE_CURVE('',#474,#466,#476,.T.);
#474 = VERTEX_POINT('',#475);
#475 = CARTESIAN_POINT('',(-12.745,0.995,0.7));
#476 = LINE('',#477,#478);
#477 = CARTESIAN_POINT('',(-11.313612625,-0.436387375,0.7));
#478 = VECTOR('',#479,1.);
#479 = DIRECTION('',(0.707106781187,-0.707106781187,0.));
#480 = ORIENTED_EDGE('',*,*,#481,.T.);
#481 = EDGE_CURVE('',#474,#482,#484,.T.);
#482 = VERTEX_POINT('',#483);
#483 = CARTESIAN_POINT('',(-15.195,0.995,0.7));
#484 = LINE('',#485,#486);
#485 = CARTESIAN_POINT('',(2.68968,0.995,0.7));
#486 = VECTOR('',#487,1.);
#487 = DIRECTION('',(-1.,0.,0.));
#488 = ORIENTED_EDGE('',*,*,#489,.F.);
#489 = EDGE_CURVE('',#490,#482,#492,.T.);
#490 = VERTEX_POINT('',#491);
#491 = CARTESIAN_POINT('',(-15.24,0.95,0.7));
#492 = LINE('',#493,#494);
#493 = CARTESIAN_POINT('',(-13.568612625,2.621387375,0.7));
#494 = VECTOR('',#495,1.);
#495 = DIRECTION('',(0.707106781187,0.707106781187,0.));
#496 = ORIENTED_EDGE('',*,*,#497,.F.);
#497 = EDGE_CURVE('',#498,#490,#500,.T.);
#498 = VERTEX_POINT('',#499);
#499 = CARTESIAN_POINT('',(-15.28465136216,0.995,0.7));
#500 = LINE('',#501,#502);
#501 = CARTESIAN_POINT('',(-13.23346621512,-1.072200800666,0.7));
#502 = VECTOR('',#503,1.);
#503 = DIRECTION('',(0.704351645668,-0.709851223317,0.));
#504 = ORIENTED_EDGE('',*,*,#505,.T.);
#505 = EDGE_CURVE('',#498,#74,#506,.T.);
#506 = LINE('',#507,#508);
#507 = CARTESIAN_POINT('',(2.68968,0.995,0.7));
#508 = VECTOR('',#509,1.);
#509 = DIRECTION('',(-1.,0.,0.));
#510 = ORIENTED_EDGE('',*,*,#71,.F.);
#511 = ORIENTED_EDGE('',*,*,#512,.T.);
#512 = EDGE_CURVE('',#72,#128,#513,.T.);
#513 = LINE('',#514,#515);
#514 = CARTESIAN_POINT('',(-17.75,0.475976,0.7));
#515 = VECTOR('',#516,1.);
#516 = DIRECTION('',(0.,-1.,0.));
#517 = FACE_BOUND('',#518,.F.);
#518 = EDGE_LOOP('',(#519,#529,#537,#545));
#519 = ORIENTED_EDGE('',*,*,#520,.F.);
#520 = EDGE_CURVE('',#521,#523,#525,.T.);
#521 = VERTEX_POINT('',#522);
#522 = CARTESIAN_POINT('',(-16.835,0.325,0.7));
#523 = VERTEX_POINT('',#524);
#524 = CARTESIAN_POINT('',(-16.835,-0.325,0.7));
#525 = LINE('',#526,#527);
#526 = CARTESIAN_POINT('',(-16.835,0.1625,0.7));
#527 = VECTOR('',#528,1.);
#528 = DIRECTION('',(0.,-1.,0.));
#529 = ORIENTED_EDGE('',*,*,#530,.F.);
#530 = EDGE_CURVE('',#531,#521,#533,.T.);
#531 = VERTEX_POINT('',#532);
#532 = CARTESIAN_POINT('',(-16.185,0.325,0.7));
#533 = LINE('',#534,#535);
#534 = CARTESIAN_POINT('',(-11.89472525,0.325,0.7));
#535 = VECTOR('',#536,1.);
#536 = DIRECTION('',(-1.,0.,0.));
#537 = ORIENTED_EDGE('',*,*,#538,.F.);
#538 = EDGE_CURVE('',#539,#531,#541,.T.);
#539 = VERTEX_POINT('',#540);
#540 = CARTESIAN_POINT('',(-16.185,-0.325,0.7));
#541 = LINE('',#542,#543);
#542 = CARTESIAN_POINT('',(-16.185,-0.1625,0.7));
#543 = VECTOR('',#544,1.);
#544 = DIRECTION('',(0.,1.,0.));
#545 = ORIENTED_EDGE('',*,*,#546,.F.);
#546 = EDGE_CURVE('',#523,#539,#547,.T.);
#547 = LINE('',#548,#549);
#548 = CARTESIAN_POINT('',(-12.21972525,-0.325,0.7));
#549 = VECTOR('',#550,1.);
#550 = DIRECTION('',(1.,0.,0.));
#551 = FACE_BOUND('',#552,.F.);
#552 = EDGE_LOOP('',(#553,#563,#571,#579));
#553 = ORIENTED_EDGE('',*,*,#554,.F.);
#554 = EDGE_CURVE('',#555,#557,#559,.T.);
#555 = VERTEX_POINT('',#556);
#556 = CARTESIAN_POINT('',(-14.295,0.325,0.7));
#557 = VERTEX_POINT('',#558);
#558 = CARTESIAN_POINT('',(-14.295,-0.325,0.7));
#559 = LINE('',#560,#561);
#560 = CARTESIAN_POINT('',(-14.295,0.1625,0.7));
#561 = VECTOR('',#562,1.);
#562 = DIRECTION('',(0.,-1.,0.));
#563 = ORIENTED_EDGE('',*,*,#564,.F.);
#564 = EDGE_CURVE('',#565,#555,#567,.T.);
#565 = VERTEX_POINT('',#566);
#566 = CARTESIAN_POINT('',(-13.645,0.325,0.7));
#567 = LINE('',#568,#569);
#568 = CARTESIAN_POINT('',(-10.62472525,0.325,0.7));
#569 = VECTOR('',#570,1.);
#570 = DIRECTION('',(-1.,0.,0.));
#571 = ORIENTED_EDGE('',*,*,#572,.F.);
#572 = EDGE_CURVE('',#573,#565,#575,.T.);
#573 = VERTEX_POINT('',#574);
#574 = CARTESIAN_POINT('',(-13.645,-0.325,0.7));
#575 = LINE('',#576,#577);
#576 = CARTESIAN_POINT('',(-13.645,-0.1625,0.7));
#577 = VECTOR('',#578,1.);
#578 = DIRECTION('',(0.,1.,0.));
#579 = ORIENTED_EDGE('',*,*,#580,.F.);
#580 = EDGE_CURVE('',#557,#573,#581,.T.);
#581 = LINE('',#582,#583);
#582 = CARTESIAN_POINT('',(-10.94972525,-0.325,0.7));
#583 = VECTOR('',#584,1.);
#584 = DIRECTION('',(1.,0.,0.));
#585 = FACE_BOUND('',#586,.F.);
#586 = EDGE_LOOP('',(#587,#597,#605,#613));
#587 = ORIENTED_EDGE('',*,*,#588,.F.);
#588 = EDGE_CURVE('',#589,#591,#593,.T.);
#589 = VERTEX_POINT('',#590);
#590 = CARTESIAN_POINT('',(-11.755,0.325,0.7));
#591 = VERTEX_POINT('',#592);
#592 = CARTESIAN_POINT('',(-11.755,-0.325,0.7));
#593 = LINE('',#594,#595);
#594 = CARTESIAN_POINT('',(-11.755,0.1625,0.7));
#595 = VECTOR('',#596,1.);
#596 = DIRECTION('',(0.,-1.,0.));
#597 = ORIENTED_EDGE('',*,*,#598,.F.);
#598 = EDGE_CURVE('',#599,#589,#601,.T.);
#599 = VERTEX_POINT('',#600);
#600 = CARTESIAN_POINT('',(-11.105,0.325,0.7));
#601 = LINE('',#602,#603);
#602 = CARTESIAN_POINT('',(-9.35472525,0.325,0.7));
#603 = VECTOR('',#604,1.);
#604 = DIRECTION('',(-1.,0.,0.));
#605 = ORIENTED_EDGE('',*,*,#606,.F.);
#606 = EDGE_CURVE('',#607,#599,#609,.T.);
#607 = VERTEX_POINT('',#608);
#608 = CARTESIAN_POINT('',(-11.105,-0.325,0.7));
#609 = LINE('',#610,#611);
#610 = CARTESIAN_POINT('',(-11.105,-0.1625,0.7));
#611 = VECTOR('',#612,1.);
#612 = DIRECTION('',(0.,1.,0.));
#613 = ORIENTED_EDGE('',*,*,#614,.F.);
#614 = EDGE_CURVE('',#591,#607,#615,.T.);
#615 = LINE('',#616,#617);
#616 = CARTESIAN_POINT('',(-9.67972525,-0.325,0.7));
#617 = VECTOR('',#618,1.);
#618 = DIRECTION('',(1.,0.,0.));
#619 = FACE_BOUND('',#620,.F.);
#620 = EDGE_LOOP('',(#621,#631,#639,#647));
#621 = ORIENTED_EDGE('',*,*,#622,.F.);
#622 = EDGE_CURVE('',#623,#625,#627,.T.);
#623 = VERTEX_POINT('',#624);
#624 = CARTESIAN_POINT('',(-9.215,0.325,0.7));
#625 = VERTEX_POINT('',#626);
#626 = CARTESIAN_POINT('',(-9.215,-0.325,0.7));
#627 = LINE('',#628,#629);
#628 = CARTESIAN_POINT('',(-9.215,0.1625,0.7));
#629 = VECTOR('',#630,1.);
#630 = DIRECTION('',(0.,-1.,0.));
#631 = ORIENTED_EDGE('',*,*,#632,.F.);
#632 = EDGE_CURVE('',#633,#623,#635,.T.);
#633 = VERTEX_POINT('',#634);
#634 = CARTESIAN_POINT('',(-8.565,0.325,0.7));
#635 = LINE('',#636,#637);
#636 = CARTESIAN_POINT('',(-8.08472525,0.325,0.7));
#637 = VECTOR('',#638,1.);
#638 = DIRECTION('',(-1.,0.,0.));
#639 = ORIENTED_EDGE('',*,*,#640,.F.);
#640 = EDGE_CURVE('',#641,#633,#643,.T.);
#641 = VERTEX_POINT('',#642);
#642 = CARTESIAN_POINT('',(-8.565,-0.325,0.7));
#643 = LINE('',#644,#645);
#644 = CARTESIAN_POINT('',(-8.565,-0.1625,0.7));
#645 = VECTOR('',#646,1.);
#646 = DIRECTION('',(0.,1.,0.));
#647 = ORIENTED_EDGE('',*,*,#648,.F.);
#648 = EDGE_CURVE('',#625,#641,#649,.T.);
#649 = LINE('',#650,#651);
#650 = CARTESIAN_POINT('',(-8.40972525,-0.325,0.7));
#651 = VECTOR('',#652,1.);
#652 = DIRECTION('',(1.,0.,0.));
#653 = FACE_BOUND('',#654,.F.);
#654 = EDGE_LOOP('',(#655,#665,#673,#681));
#655 = ORIENTED_EDGE('',*,*,#656,.F.);
#656 = EDGE_CURVE('',#657,#659,#661,.T.);
#657 = VERTEX_POINT('',#658);
#658 = CARTESIAN_POINT('',(-6.675,0.325,0.7));
#659 = VERTEX_POINT('',#660);
#660 = CARTESIAN_POINT('',(-6.675,-0.325,0.7));
#661 = LINE('',#662,#663);
#662 = CARTESIAN_POINT('',(-6.675,0.1625,0.7));
#663 = VECTOR('',#664,1.);
#664 = DIRECTION('',(0.,-1.,0.));
#665 = ORIENTED_EDGE('',*,*,#666,.F.);
#666 = EDGE_CURVE('',#667,#657,#669,.T.);
#667 = VERTEX_POINT('',#668);
#668 = CARTESIAN_POINT('',(-6.025,0.325,0.7));
#669 = LINE('',#670,#671);
#670 = CARTESIAN_POINT('',(-6.81472525,0.325,0.7));
#671 = VECTOR('',#672,1.);
#672 = DIRECTION('',(-1.,0.,0.));
#673 = ORIENTED_EDGE('',*,*,#674,.F.);
#674 = EDGE_CURVE('',#675,#667,#677,.T.);
#675 = VERTEX_POINT('',#676);
#676 = CARTESIAN_POINT('',(-6.025,-0.325,0.7));
#677 = LINE('',#678,#679);
#678 = CARTESIAN_POINT('',(-6.025,-0.1625,0.7));
#679 = VECTOR('',#680,1.);
#680 = DIRECTION('',(0.,1.,0.));
#681 = ORIENTED_EDGE('',*,*,#682,.F.);
#682 = EDGE_CURVE('',#659,#675,#683,.T.);
#683 = LINE('',#684,#685);
#684 = CARTESIAN_POINT('',(-7.13972525,-0.325,0.7));
#685 = VECTOR('',#686,1.);
#686 = DIRECTION('',(1.,0.,0.));
#687 = FACE_BOUND('',#688,.F.);
#688 = EDGE_LOOP('',(#689,#699,#707,#715));
#689 = ORIENTED_EDGE('',*,*,#690,.F.);
#690 = EDGE_CURVE('',#691,#693,#695,.T.);
#691 = VERTEX_POINT('',#692);
#692 = CARTESIAN_POINT('',(-4.135,0.325,0.7));
#693 = VERTEX_POINT('',#694);
#694 = CARTESIAN_POINT('',(-4.135,-0.325,0.7));
#695 = LINE('',#696,#697);
#696 = CARTESIAN_POINT('',(-4.135,0.1625,0.7));
#697 = VECTOR('',#698,1.);
#698 = DIRECTION('',(0.,-1.,0.));
#699 = ORIENTED_EDGE('',*,*,#700,.F.);
#700 = EDGE_CURVE('',#701,#691,#703,.T.);
#701 = VERTEX_POINT('',#702);
#702 = CARTESIAN_POINT('',(-3.485,0.325,0.7));
#703 = LINE('',#704,#705);
#704 = CARTESIAN_POINT('',(-5.54472525,0.325,0.7));
#705 = VECTOR('',#706,1.);
#706 = DIRECTION('',(-1.,0.,0.));
#707 = ORIENTED_EDGE('',*,*,#708,.F.);
#708 = EDGE_CURVE('',#709,#701,#711,.T.);
#709 = VERTEX_POINT('',#710);
#710 = CARTESIAN_POINT('',(-3.485,-0.325,0.7));
#711 = LINE('',#712,#713);
#712 = CARTESIAN_POINT('',(-3.485,-0.1625,0.7));
#713 = VECTOR('',#714,1.);
#714 = DIRECTION('',(0.,1.,0.));
#715 = ORIENTED_EDGE('',*,*,#716,.F.);
#716 = EDGE_CURVE('',#693,#709,#717,.T.);
#717 = LINE('',#718,#719);
#718 = CARTESIAN_POINT('',(-5.86972525,-0.325,0.7));
#719 = VECTOR('',#720,1.);
#720 = DIRECTION('',(1.,0.,0.));
#721 = FACE_BOUND('',#722,.F.);
#722 = EDGE_LOOP('',(#723,#733,#741,#749));
#723 = ORIENTED_EDGE('',*,*,#724,.F.);
#724 = EDGE_CURVE('',#725,#727,#729,.T.);
#725 = VERTEX_POINT('',#726);
#726 = CARTESIAN_POINT('',(-1.595,0.325,0.7));
#727 = VERTEX_POINT('',#728);
#728 = CARTESIAN_POINT('',(-1.595,-0.325,0.7));
#729 = LINE('',#730,#731);
#730 = CARTESIAN_POINT('',(-1.595,0.1625,0.7));
#731 = VECTOR('',#732,1.);
#732 = DIRECTION('',(0.,-1.,0.));
#733 = ORIENTED_EDGE('',*,*,#734,.F.);
#734 = EDGE_CURVE('',#735,#725,#737,.T.);
#735 = VERTEX_POINT('',#736);
#736 = CARTESIAN_POINT('',(-0.945,0.325,0.7));
#737 = LINE('',#738,#739);
#738 = CARTESIAN_POINT('',(-4.27472525,0.325,0.7));
#739 = VECTOR('',#740,1.);
#740 = DIRECTION('',(-1.,0.,0.));
#741 = ORIENTED_EDGE('',*,*,#742,.F.);
#742 = EDGE_CURVE('',#743,#735,#745,.T.);
#743 = VERTEX_POINT('',#744);
#744 = CARTESIAN_POINT('',(-0.945,-0.325,0.7));
#745 = LINE('',#746,#747);
#746 = CARTESIAN_POINT('',(-0.945,-0.1625,0.7));
#747 = VECTOR('',#748,1.);
#748 = DIRECTION('',(0.,1.,0.));
#749 = ORIENTED_EDGE('',*,*,#750,.F.);
#750 = EDGE_CURVE('',#727,#743,#751,.T.);
#751 = LINE('',#752,#753);
#752 = CARTESIAN_POINT('',(-4.59972525,-0.325,0.7));
#753 = VECTOR('',#754,1.);
#754 = DIRECTION('',(1.,0.,0.));
#755 = FACE_BOUND('',#756,.F.);
#756 = EDGE_LOOP('',(#757,#767,#775,#783));
#757 = ORIENTED_EDGE('',*,*,#758,.F.);
#758 = EDGE_CURVE('',#759,#761,#763,.T.);
#759 = VERTEX_POINT('',#760);
#760 = CARTESIAN_POINT('',(0.945,0.325,0.7));
#761 = VERTEX_POINT('',#762);
#762 = CARTESIAN_POINT('',(0.945,-0.325,0.7));
#763 = LINE('',#764,#765);
#764 = CARTESIAN_POINT('',(0.945,0.1625,0.7));
#765 = VECTOR('',#766,1.);
#766 = DIRECTION('',(0.,-1.,0.));
#767 = ORIENTED_EDGE('',*,*,#768,.F.);
#768 = EDGE_CURVE('',#769,#759,#771,.T.);
#769 = VERTEX_POINT('',#770);
#770 = CARTESIAN_POINT('',(1.595,0.325,0.7));
#771 = LINE('',#772,#773);
#772 = CARTESIAN_POINT('',(-3.00472525,0.325,0.7));
#773 = VECTOR('',#774,1.);
#774 = DIRECTION('',(-1.,0.,0.));
#775 = ORIENTED_EDGE('',*,*,#776,.F.);
#776 = EDGE_CURVE('',#777,#769,#779,.T.);
#777 = VERTEX_POINT('',#778);
#778 = CARTESIAN_POINT('',(1.595,-0.325,0.7));
#779 = LINE('',#780,#781);
#780 = CARTESIAN_POINT('',(1.595,-0.1625,0.7));
#781 = VECTOR('',#782,1.);
#782 = DIRECTION('',(0.,1.,0.));
#783 = ORIENTED_EDGE('',*,*,#784,.F.);
#784 = EDGE_CURVE('',#761,#777,#785,.T.);
#785 = LINE('',#786,#787);
#786 = CARTESIAN_POINT('',(-3.32972525,-0.325,0.7));
#787 = VECTOR('',#788,1.);
#788 = DIRECTION('',(1.,0.,0.));
#789 = PLANE('',#790);
#790 = AXIS2_PLACEMENT_3D('',#791,#792,#793);
#791 = CARTESIAN_POINT('',(-7.6044505,0.,0.7));
#792 = DIRECTION('',(0.,0.,1.));
#793 = DIRECTION('',(1.,0.,0.));
#794 = ADVANCED_FACE('',(#795),#813,.T.);
#795 = FACE_BOUND('',#796,.T.);
#796 = EDGE_LOOP('',(#797,#805,#811,#812));
#797 = ORIENTED_EDGE('',*,*,#798,.F.);
#798 = EDGE_CURVE('',#799,#106,#801,.T.);
#799 = VERTEX_POINT('',#800);
#800 = CARTESIAN_POINT('',(-15.28465136216,0.995,0.));
#801 = LINE('',#802,#803);
#802 = CARTESIAN_POINT('',(2.68968,0.995,0.));
#803 = VECTOR('',#804,1.);
#804 = DIRECTION('',(-1.,0.,0.));
#805 = ORIENTED_EDGE('',*,*,#806,.F.);
#806 = EDGE_CURVE('',#498,#799,#807,.T.);
#807 = LINE('',#808,#809);
#808 = CARTESIAN_POINT('',(-15.28465136216,0.995,0.));
#809 = VECTOR('',#810,1.);
#810 = DIRECTION('',(0.,0.,-1.));
#811 = ORIENTED_EDGE('',*,*,#505,.T.);
#812 = ORIENTED_EDGE('',*,*,#113,.F.);
#813 = PLANE('',#814);
#814 = AXIS2_PLACEMENT_3D('',#815,#816,#817);
#815 = CARTESIAN_POINT('',(2.68968,0.995,0.));
#816 = DIRECTION('',(0.,-1.,0.));
#817 = DIRECTION('',(-1.,0.,0.));
#818 = ADVANCED_FACE('',(#819),#837,.F.);
#819 = FACE_BOUND('',#820,.F.);
#820 = EDGE_LOOP('',(#821,#822,#823,#831));
#821 = ORIENTED_EDGE('',*,*,#105,.F.);
#822 = ORIENTED_EDGE('',*,*,#798,.F.);
#823 = ORIENTED_EDGE('',*,*,#824,.F.);
#824 = EDGE_CURVE('',#825,#799,#827,.T.);
#825 = VERTEX_POINT('',#826);
#826 = CARTESIAN_POINT('',(-15.49,1.201952,0.));
#827 = LINE('',#828,#829);
#828 = CARTESIAN_POINT('',(-15.49,1.201952,0.));
#829 = VECTOR('',#830,1.);
#830 = DIRECTION('',(0.704351645668,-0.709851223317,0.));
#831 = ORIENTED_EDGE('',*,*,#832,.F.);
#832 = EDGE_CURVE('',#98,#825,#833,.T.);
#833 = LINE('',#834,#835);
#834 = CARTESIAN_POINT('',(-17.5,1.201952,0.));
#835 = VECTOR('',#836,1.);
#836 = DIRECTION('',(1.,0.,0.));
#837 = PLANE('',#838);
#838 = AXIS2_PLACEMENT_3D('',#839,#840,#841);
#839 = CARTESIAN_POINT('',(-7.611081163266,-2.7E-16,0.));
#840 = DIRECTION('',(0.,0.,1.));
#841 = DIRECTION('',(1.,0.,0.));
#842 = ADVANCED_FACE('',(#843),#861,.T.);
#843 = FACE_BOUND('',#844,.T.);
#844 = EDGE_LOOP('',(#845,#846,#854,#860));
#845 = ORIENTED_EDGE('',*,*,#97,.T.);
#846 = ORIENTED_EDGE('',*,*,#847,.T.);
#847 = EDGE_CURVE('',#90,#848,#850,.T.);
#848 = VERTEX_POINT('',#849);
#849 = CARTESIAN_POINT('',(-15.49,1.201952,2.5));
#850 = LINE('',#851,#852);
#851 = CARTESIAN_POINT('',(-17.5,1.201952,2.5));
#852 = VECTOR('',#853,1.);
#853 = DIRECTION('',(1.,0.,0.));
#854 = ORIENTED_EDGE('',*,*,#855,.F.);
#855 = EDGE_CURVE('',#825,#848,#856,.T.);
#856 = LINE('',#857,#858);
#857 = CARTESIAN_POINT('',(-15.49,1.201952,0.));
#858 = VECTOR('',#859,1.);
#859 = DIRECTION('',(0.,0.,1.));
#860 = ORIENTED_EDGE('',*,*,#832,.F.);
#861 = PLANE('',#862);
#862 = AXIS2_PLACEMENT_3D('',#863,#864,#865);
#863 = CARTESIAN_POINT('',(-17.5,1.201952,0.));
#864 = DIRECTION('',(0.,1.,0.));
#865 = DIRECTION('',(1.,0.,0.));
#866 = ADVANCED_FACE('',(#867,#917),#951,.T.);
#867 = FACE_BOUND('',#868,.T.);
#868 = EDGE_LOOP('',(#869,#870,#878,#886,#894,#902,#910,#916));
#869 = ORIENTED_EDGE('',*,*,#89,.F.);
#870 = ORIENTED_EDGE('',*,*,#871,.T.);
#871 = EDGE_CURVE('',#82,#872,#874,.T.);
#872 = VERTEX_POINT('',#873);
#873 = CARTESIAN_POINT('',(-17.75,-0.951952,2.5));
#874 = LINE('',#875,#876);
#875 = CARTESIAN_POINT('',(-17.75,0.951952,2.5));
#876 = VECTOR('',#877,1.);
#877 = DIRECTION('',(0.,-1.,0.));
#878 = ORIENTED_EDGE('',*,*,#879,.T.);
#879 = EDGE_CURVE('',#872,#880,#882,.T.);
#880 = VERTEX_POINT('',#881);
#881 = CARTESIAN_POINT('',(-17.5,-1.201952,2.5));
#882 = LINE('',#883,#884);
#883 = CARTESIAN_POINT('',(-17.75,-0.951952,2.5));
#884 = VECTOR('',#885,1.);
#885 = DIRECTION('',(0.707106781187,-0.707106781187,0.));
#886 = ORIENTED_EDGE('',*,*,#887,.T.);
#887 = EDGE_CURVE('',#880,#888,#890,.T.);
#888 = VERTEX_POINT('',#889);
#889 = CARTESIAN_POINT('',(-15.49,-1.201952,2.5));
#890 = LINE('',#891,#892);
#891 = CARTESIAN_POINT('',(-17.5,-1.201952,2.5));
#892 = VECTOR('',#893,1.);
#893 = DIRECTION('',(1.,0.,0.));
#894 = ORIENTED_EDGE('',*,*,#895,.T.);
#895 = EDGE_CURVE('',#888,#896,#898,.T.);
#896 = VERTEX_POINT('',#897);
#897 = CARTESIAN_POINT('',(-15.26,-0.97015616,2.5));
#898 = LINE('',#899,#900);
#899 = CARTESIAN_POINT('',(-15.49,-1.201952,2.5));
#900 = VECTOR('',#901,1.);
#901 = DIRECTION('',(0.704351645668,0.709851223317,0.));
#902 = ORIENTED_EDGE('',*,*,#903,.T.);
#903 = EDGE_CURVE('',#896,#904,#906,.T.);
#904 = VERTEX_POINT('',#905);
#905 = CARTESIAN_POINT('',(-15.26,0.97015616,2.5));
#906 = LINE('',#907,#908);
#907 = CARTESIAN_POINT('',(-15.26,-0.97015616,2.5));
#908 = VECTOR('',#909,1.);
#909 = DIRECTION('',(0.,1.,0.));
#910 = ORIENTED_EDGE('',*,*,#911,.F.);
#911 = EDGE_CURVE('',#848,#904,#912,.T.);
#912 = LINE('',#913,#914);
#913 = CARTESIAN_POINT('',(-15.49,1.201952,2.5));
#914 = VECTOR('',#915,1.);
#915 = DIRECTION('',(0.704351645668,-0.709851223317,0.));
#916 = ORIENTED_EDGE('',*,*,#847,.F.);
#917 = FACE_BOUND('',#918,.T.);
#918 = EDGE_LOOP('',(#919,#929,#937,#945));
#919 = ORIENTED_EDGE('',*,*,#920,.F.);
#920 = EDGE_CURVE('',#921,#923,#925,.T.);
#921 = VERTEX_POINT('',#922);
#922 = CARTESIAN_POINT('',(-16.835,0.325,2.5));
#923 = VERTEX_POINT('',#924);
#924 = CARTESIAN_POINT('',(-16.835,-0.325,2.5));
#925 = LINE('',#926,#927);
#926 = CARTESIAN_POINT('',(-16.835,0.325,2.5));
#927 = VECTOR('',#928,1.);
#928 = DIRECTION('',(0.,-1.,0.));
#929 = ORIENTED_EDGE('',*,*,#930,.F.);
#930 = EDGE_CURVE('',#931,#921,#933,.T.);
#931 = VERTEX_POINT('',#932);
#932 = CARTESIAN_POINT('',(-16.185,0.325,2.5));
#933 = LINE('',#934,#935);
#934 = CARTESIAN_POINT('',(-16.185,0.325,2.5));
#935 = VECTOR('',#936,1.);
#936 = DIRECTION('',(-1.,0.,0.));
#937 = ORIENTED_EDGE('',*,*,#938,.F.);
#938 = EDGE_CURVE('',#939,#931,#941,.T.);
#939 = VERTEX_POINT('',#940);
#940 = CARTESIAN_POINT('',(-16.185,-0.325,2.5));
#941 = LINE('',#942,#943);
#942 = CARTESIAN_POINT('',(-16.185,-0.325,2.5));
#943 = VECTOR('',#944,1.);
#944 = DIRECTION('',(0.,1.,0.));
#945 = ORIENTED_EDGE('',*,*,#946,.F.);
#946 = EDGE_CURVE('',#923,#939,#947,.T.);
#947 = LINE('',#948,#949);
#948 = CARTESIAN_POINT('',(-16.835,-0.325,2.5));
#949 = VECTOR('',#950,1.);
#950 = DIRECTION('',(1.,0.,0.));
#951 = PLANE('',#952);
#952 = AXIS2_PLACEMENT_3D('',#953,#954,#955);
#953 = CARTESIAN_POINT('',(-7.611081163266,-2.7E-16,2.5));
#954 = DIRECTION('',(0.,0.,1.));
#955 = DIRECTION('',(1.,0.,0.));
#956 = ADVANCED_FACE('',(#957),#968,.F.);
#957 = FACE_BOUND('',#958,.F.);
#958 = EDGE_LOOP('',(#959,#960,#961,#962));
#959 = ORIENTED_EDGE('',*,*,#512,.F.);
#960 = ORIENTED_EDGE('',*,*,#81,.T.);
#961 = ORIENTED_EDGE('',*,*,#871,.T.);
#962 = ORIENTED_EDGE('',*,*,#963,.F.);
#963 = EDGE_CURVE('',#128,#872,#964,.T.);
#964 = LINE('',#965,#966);
#965 = CARTESIAN_POINT('',(-17.75,-0.951952,0.));
#966 = VECTOR('',#967,1.);
#967 = DIRECTION('',(0.,0.,1.));
#968 = PLANE('',#969);
#969 = AXIS2_PLACEMENT_3D('',#970,#971,#972);
#970 = CARTESIAN_POINT('',(-17.75,0.951952,0.));
#971 = DIRECTION('',(1.,0.,0.));
#972 = DIRECTION('',(0.,-1.,0.));
#973 = ADVANCED_FACE('',(#974),#1001,.F.);
#974 = FACE_BOUND('',#975,.F.);
#975 = EDGE_LOOP('',(#976,#977,#978,#979,#987,#995));
#976 = ORIENTED_EDGE('',*,*,#127,.F.);
#977 = ORIENTED_EDGE('',*,*,#963,.T.);
#978 = ORIENTED_EDGE('',*,*,#879,.T.);
#979 = ORIENTED_EDGE('',*,*,#980,.F.);
#980 = EDGE_CURVE('',#981,#880,#983,.T.);
#981 = VERTEX_POINT('',#982);
#982 = CARTESIAN_POINT('',(-17.5,-1.201952,0.));
#983 = LINE('',#984,#985);
#984 = CARTESIAN_POINT('',(-17.5,-1.201952,0.));
#985 = VECTOR('',#986,1.);
#986 = DIRECTION('',(0.,0.,1.));
#987 = ORIENTED_EDGE('',*,*,#988,.F.);
#988 = EDGE_CURVE('',#989,#981,#991,.T.);
#989 = VERTEX_POINT('',#990);
#990 = CARTESIAN_POINT('',(-17.706952,-0.995,0.));
#991 = LINE('',#992,#993);
#992 = CARTESIAN_POINT('',(-17.75,-0.951952,0.));
#993 = VECTOR('',#994,1.);
#994 = DIRECTION('',(0.707106781187,-0.707106781187,0.));
#995 = ORIENTED_EDGE('',*,*,#996,.T.);
#996 = EDGE_CURVE('',#989,#130,#997,.T.);
#997 = LINE('',#998,#999);
#998 = CARTESIAN_POINT('',(-17.706952,-0.995,0.));
#999 = VECTOR('',#1000,1.);
#1000 = DIRECTION('',(0.,0.,1.));
#1001 = PLANE('',#1002);
#1002 = AXIS2_PLACEMENT_3D('',#1003,#1004,#1005);
#1003 = CARTESIAN_POINT('',(-17.75,-0.951952,0.));
#1004 = DIRECTION('',(0.707106781187,0.707106781187,0.));
#1005 = DIRECTION('',(0.707106781187,-0.707106781187,0.));
#1006 = ADVANCED_FACE('',(#1007),#1036,.T.);
#1007 = FACE_BOUND('',#1008,.T.);
#1008 = EDGE_LOOP('',(#1009,#1010,#1011,#1012,#1020,#1028,#1034,#1035));
#1009 = ORIENTED_EDGE('',*,*,#824,.F.);
#1010 = ORIENTED_EDGE('',*,*,#855,.T.);
#1011 = ORIENTED_EDGE('',*,*,#911,.T.);
#1012 = ORIENTED_EDGE('',*,*,#1013,.T.);
#1013 = EDGE_CURVE('',#904,#1014,#1016,.T.);
#1014 = VERTEX_POINT('',#1015);
#1015 = CARTESIAN_POINT('',(-15.26,0.97015616,2.4));
#1016 = LINE('',#1017,#1018);
#1017 = CARTESIAN_POINT('',(-15.26,0.97015616,2.5));
#1018 = VECTOR('',#1019,1.);
#1019 = DIRECTION('',(-0.,-0.,-1.));
#1020 = ORIENTED_EDGE('',*,*,#1021,.F.);
#1021 = EDGE_CURVE('',#1022,#1014,#1024,.T.);
#1022 = VERTEX_POINT('',#1023);
#1023 = CARTESIAN_POINT('',(-15.24,0.95,2.4));
#1024 = LINE('',#1025,#1026);
#1025 = CARTESIAN_POINT('',(-15.24,0.95,2.4));
#1026 = VECTOR('',#1027,1.);
#1027 = DIRECTION('',(-0.704351645668,0.709851223317,0.));
#1028 = ORIENTED_EDGE('',*,*,#1029,.F.);
#1029 = EDGE_CURVE('',#490,#1022,#1030,.T.);
#1030 = LINE('',#1031,#1032);
#1031 = CARTESIAN_POINT('',(-15.24,0.95,0.));
#1032 = VECTOR('',#1033,1.);
#1033 = DIRECTION('',(0.,0.,1.));
#1034 = ORIENTED_EDGE('',*,*,#497,.F.);
#1035 = ORIENTED_EDGE('',*,*,#806,.T.);
#1036 = PLANE('',#1037);
#1037 = AXIS2_PLACEMENT_3D('',#1038,#1039,#1040);
#1038 = CARTESIAN_POINT('',(-15.49,1.201952,0.));
#1039 = DIRECTION('',(0.709851223317,0.704351645668,0.));
#1040 = DIRECTION('',(0.704351645668,-0.709851223317,0.));
#1041 = ADVANCED_FACE('',(#1042),#1092,.T.);
#1042 = FACE_BOUND('',#1043,.T.);
#1043 = EDGE_LOOP('',(#1044,#1054,#1060,#1061,#1062,#1070,#1078,#1086));
#1044 = ORIENTED_EDGE('',*,*,#1045,.F.);
#1045 = EDGE_CURVE('',#1046,#1048,#1050,.T.);
#1046 = VERTEX_POINT('',#1047);
#1047 = CARTESIAN_POINT('',(-15.195,0.995,0.));
#1048 = VERTEX_POINT('',#1049);
#1049 = CARTESIAN_POINT('',(-14.99,1.2,0.));
#1050 = LINE('',#1051,#1052);
#1051 = CARTESIAN_POINT('',(-15.24,0.95,0.));
#1052 = VECTOR('',#1053,1.);
#1053 = DIRECTION('',(0.707106781187,0.707106781187,0.));
#1054 = ORIENTED_EDGE('',*,*,#1055,.T.);
#1055 = EDGE_CURVE('',#1046,#482,#1056,.T.);
#1056 = LINE('',#1057,#1058);
#1057 = CARTESIAN_POINT('',(-15.195,0.995,0.));
#1058 = VECTOR('',#1059,1.);
#1059 = DIRECTION('',(0.,0.,1.));
#1060 = ORIENTED_EDGE('',*,*,#489,.F.);
#1061 = ORIENTED_EDGE('',*,*,#1029,.T.);
#1062 = ORIENTED_EDGE('',*,*,#1063,.T.);
#1063 = EDGE_CURVE('',#1022,#1064,#1066,.T.);
#1064 = VERTEX_POINT('',#1065);
#1065 = CARTESIAN_POINT('',(-15.21992176818,0.970078231819,2.4));
#1066 = LINE('',#1067,#1068);
#1067 = CARTESIAN_POINT('',(-15.24,0.95,2.4));
#1068 = VECTOR('',#1069,1.);
#1069 = DIRECTION('',(0.707106781186,0.707106781187,0.));
#1070 = ORIENTED_EDGE('',*,*,#1071,.F.);
#1071 = EDGE_CURVE('',#1072,#1064,#1074,.T.);
#1072 = VERTEX_POINT('',#1073);
#1073 = CARTESIAN_POINT('',(-15.21992176818,0.970078231819,2.5));
#1074 = LINE('',#1075,#1076);
#1075 = CARTESIAN_POINT('',(-15.21992176818,0.970078231819,2.5));
#1076 = VECTOR('',#1077,1.);
#1077 = DIRECTION('',(-0.,-0.,-1.));
#1078 = ORIENTED_EDGE('',*,*,#1079,.T.);
#1079 = EDGE_CURVE('',#1072,#1080,#1082,.T.);
#1080 = VERTEX_POINT('',#1081);
#1081 = CARTESIAN_POINT('',(-14.99,1.2,2.5));
#1082 = LINE('',#1083,#1084);
#1083 = CARTESIAN_POINT('',(-15.24,0.95,2.5));
#1084 = VECTOR('',#1085,1.);
#1085 = DIRECTION('',(0.707106781187,0.707106781187,0.));
#1086 = ORIENTED_EDGE('',*,*,#1087,.F.);
#1087 = EDGE_CURVE('',#1048,#1080,#1088,.T.);
#1088 = LINE('',#1089,#1090);
#1089 = CARTESIAN_POINT('',(-14.99,1.2,0.));
#1090 = VECTOR('',#1091,1.);
#1091 = DIRECTION('',(0.,0.,1.));
#1092 = PLANE('',#1093);
#1093 = AXIS2_PLACEMENT_3D('',#1094,#1095,#1096);
#1094 = CARTESIAN_POINT('',(-15.24,0.95,0.));
#1095 = DIRECTION('',(-0.707106781187,0.707106781187,0.));
#1096 = DIRECTION('',(0.707106781187,0.707106781187,0.));
#1097 = ADVANCED_FACE('',(#1098),#1116,.T.);
#1098 = FACE_BOUND('',#1099,.T.);
#1099 = EDGE_LOOP('',(#1100,#1108,#1114,#1115));
#1100 = ORIENTED_EDGE('',*,*,#1101,.F.);
#1101 = EDGE_CURVE('',#1102,#1046,#1104,.T.);
#1102 = VERTEX_POINT('',#1103);
#1103 = CARTESIAN_POINT('',(-12.745,0.995,0.));
#1104 = LINE('',#1105,#1106);
#1105 = CARTESIAN_POINT('',(2.68968,0.995,0.));
#1106 = VECTOR('',#1107,1.);
#1107 = DIRECTION('',(-1.,0.,0.));
#1108 = ORIENTED_EDGE('',*,*,#1109,.F.);
#1109 = EDGE_CURVE('',#474,#1102,#1110,.T.);
#1110 = LINE('',#1111,#1112);
#1111 = CARTESIAN_POINT('',(-12.745,0.995,0.));
#1112 = VECTOR('',#1113,1.);
#1113 = DIRECTION('',(0.,0.,-1.));
#1114 = ORIENTED_EDGE('',*,*,#481,.T.);
#1115 = ORIENTED_EDGE('',*,*,#1055,.F.);
#1116 = PLANE('',#1117);
#1117 = AXIS2_PLACEMENT_3D('',#1118,#1119,#1120);
#1118 = CARTESIAN_POINT('',(2.68968,0.995,0.));
#1119 = DIRECTION('',(0.,-1.,0.));
#1120 = DIRECTION('',(-1.,0.,0.));
#1121 = ADVANCED_FACE('',(#1122),#1172,.T.);
#1122 = FACE_BOUND('',#1123,.T.);
#1123 = EDGE_LOOP('',(#1124,#1132,#1140,#1148,#1156,#1164,#1170,#1171));
#1124 = ORIENTED_EDGE('',*,*,#1125,.F.);
#1125 = EDGE_CURVE('',#1126,#1102,#1128,.T.);
#1126 = VERTEX_POINT('',#1127);
#1127 = CARTESIAN_POINT('',(-12.95,1.2,0.));
#1128 = LINE('',#1129,#1130);
#1129 = CARTESIAN_POINT('',(-12.95,1.2,0.));
#1130 = VECTOR('',#1131,1.);
#1131 = DIRECTION('',(0.707106781187,-0.707106781187,0.));
#1132 = ORIENTED_EDGE('',*,*,#1133,.T.);
#1133 = EDGE_CURVE('',#1126,#1134,#1136,.T.);
#1134 = VERTEX_POINT('',#1135);
#1135 = CARTESIAN_POINT('',(-12.95,1.2,2.5));
#1136 = LINE('',#1137,#1138);
#1137 = CARTESIAN_POINT('',(-12.95,1.2,0.));
#1138 = VECTOR('',#1139,1.);
#1139 = DIRECTION('',(0.,0.,1.));
#1140 = ORIENTED_EDGE('',*,*,#1141,.T.);
#1141 = EDGE_CURVE('',#1134,#1142,#1144,.T.);
#1142 = VERTEX_POINT('',#1143);
#1143 = CARTESIAN_POINT('',(-12.719999,0.969999,2.5));
#1144 = LINE('',#1145,#1146);
#1145 = CARTESIAN_POINT('',(-12.95,1.2,2.5));
#1146 = VECTOR('',#1147,1.);
#1147 = DIRECTION('',(0.707106781187,-0.707106781187,0.));
#1148 = ORIENTED_EDGE('',*,*,#1149,.T.);
#1149 = EDGE_CURVE('',#1142,#1150,#1152,.T.);
#1150 = VERTEX_POINT('',#1151);
#1151 = CARTESIAN_POINT('',(-12.719999,0.969999,2.4));
#1152 = LINE('',#1153,#1154);
#1153 = CARTESIAN_POINT('',(-12.719999,0.969999,1.25));
#1154 = VECTOR('',#1155,1.);
#1155 = DIRECTION('',(0.,0.,-1.));
#1156 = ORIENTED_EDGE('',*,*,#1157,.T.);
#1157 = EDGE_CURVE('',#1150,#1158,#1160,.T.);
#1158 = VERTEX_POINT('',#1159);
#1159 = CARTESIAN_POINT('',(-12.69999974888,0.950000251118,2.4));
#1160 = LINE('',#1161,#1162);
#1161 = CARTESIAN_POINT('',(-11.31748980555,-0.432510194442,2.4));
#1162 = VECTOR('',#1163,1.);
#1163 = DIRECTION('',(0.707106781187,-0.707106781187,0.));
#1164 = ORIENTED_EDGE('',*,*,#1165,.F.);
#1165 = EDGE_CURVE('',#466,#1158,#1166,.T.);
#1166 = LINE('',#1167,#1168);
#1167 = CARTESIAN_POINT('',(-12.7,0.95,0.));
#1168 = VECTOR('',#1169,1.);
#1169 = DIRECTION('',(0.,0.,1.));
#1170 = ORIENTED_EDGE('',*,*,#473,.F.);
#1171 = ORIENTED_EDGE('',*,*,#1109,.T.);
#1172 = PLANE('',#1173);
#1173 = AXIS2_PLACEMENT_3D('',#1174,#1175,#1176);
#1174 = CARTESIAN_POINT('',(-12.95,1.2,0.));
#1175 = DIRECTION('',(0.707106781187,0.707106781187,0.));
#1176 = DIRECTION('',(0.707106781187,-0.707106781187,0.));
#1177 = ADVANCED_FACE('',(#1178),#1220,.T.);
#1178 = FACE_BOUND('',#1179,.T.);
#1179 = EDGE_LOOP('',(#1180,#1190,#1196,#1197,#1198,#1206,#1214));
#1180 = ORIENTED_EDGE('',*,*,#1181,.F.);
#1181 = EDGE_CURVE('',#1182,#1184,#1186,.T.);
#1182 = VERTEX_POINT('',#1183);
#1183 = CARTESIAN_POINT('',(-12.655,0.995,0.));
#1184 = VERTEX_POINT('',#1185);
#1185 = CARTESIAN_POINT('',(-12.45,1.2,0.));
#1186 = LINE('',#1187,#1188);
#1187 = CARTESIAN_POINT('',(-12.7,0.95,0.));
#1188 = VECTOR('',#1189,1.);
#1189 = DIRECTION('',(0.707106781187,0.707106781187,0.));
#1190 = ORIENTED_EDGE('',*,*,#1191,.T.);
#1191 = EDGE_CURVE('',#1182,#458,#1192,.T.);
#1192 = LINE('',#1193,#1194);
#1193 = CARTESIAN_POINT('',(-12.655,0.995,0.));
#1194 = VECTOR('',#1195,1.);
#1195 = DIRECTION('',(0.,0.,1.));
#1196 = ORIENTED_EDGE('',*,*,#465,.F.);
#1197 = ORIENTED_EDGE('',*,*,#1165,.T.);
#1198 = ORIENTED_EDGE('',*,*,#1199,.F.);
#1199 = EDGE_CURVE('',#1200,#1158,#1202,.T.);
#1200 = VERTEX_POINT('',#1201);
#1201 = CARTESIAN_POINT('',(-12.69999949805,0.950000501944,2.5));
#1202 = LINE('',#1203,#1204);
#1203 = CARTESIAN_POINT('',(-12.69999949805,0.950000501944,1.25));
#1204 = VECTOR('',#1205,1.);
#1205 = DIRECTION('',(0.,0.,-1.));
#1206 = ORIENTED_EDGE('',*,*,#1207,.T.);
#1207 = EDGE_CURVE('',#1200,#1208,#1210,.T.);
#1208 = VERTEX_POINT('',#1209);
#1209 = CARTESIAN_POINT('',(-12.45,1.2,2.5));
#1210 = LINE('',#1211,#1212);
#1211 = CARTESIAN_POINT('',(-12.7,0.95,2.5));
#1212 = VECTOR('',#1213,1.);
#1213 = DIRECTION('',(0.707106781187,0.707106781187,0.));
#1214 = ORIENTED_EDGE('',*,*,#1215,.F.);
#1215 = EDGE_CURVE('',#1184,#1208,#1216,.T.);
#1216 = LINE('',#1217,#1218);
#1217 = CARTESIAN_POINT('',(-12.45,1.2,0.));
#1218 = VECTOR('',#1219,1.);
#1219 = DIRECTION('',(0.,0.,1.));
#1220 = PLANE('',#1221);
#1221 = AXIS2_PLACEMENT_3D('',#1222,#1223,#1224);
#1222 = CARTESIAN_POINT('',(-12.7,0.95,0.));
#1223 = DIRECTION('',(-0.707106781187,0.707106781187,0.));
#1224 = DIRECTION('',(0.707106781187,0.707106781187,0.));
#1225 = ADVANCED_FACE('',(#1226),#1244,.T.);
#1226 = FACE_BOUND('',#1227,.T.);
#1227 = EDGE_LOOP('',(#1228,#1236,#1242,#1243));
#1228 = ORIENTED_EDGE('',*,*,#1229,.F.);
#1229 = EDGE_CURVE('',#1230,#1182,#1232,.T.);
#1230 = VERTEX_POINT('',#1231);
#1231 = CARTESIAN_POINT('',(-10.205,0.995,0.));
#1232 = LINE('',#1233,#1234);
#1233 = CARTESIAN_POINT('',(2.68968,0.995,0.));
#1234 = VECTOR('',#1235,1.);
#1235 = DIRECTION('',(-1.,0.,0.));
#1236 = ORIENTED_EDGE('',*,*,#1237,.F.);
#1237 = EDGE_CURVE('',#450,#1230,#1238,.T.);
#1238 = LINE('',#1239,#1240);
#1239 = CARTESIAN_POINT('',(-10.205,0.995,0.));
#1240 = VECTOR('',#1241,1.);
#1241 = DIRECTION('',(0.,0.,-1.));
#1242 = ORIENTED_EDGE('',*,*,#457,.T.);
#1243 = ORIENTED_EDGE('',*,*,#1191,.F.);
#1244 = PLANE('',#1245);
#1245 = AXIS2_PLACEMENT_3D('',#1246,#1247,#1248);
#1246 = CARTESIAN_POINT('',(2.68968,0.995,0.));
#1247 = DIRECTION('',(0.,-1.,0.));
#1248 = DIRECTION('',(-1.,0.,0.));
#1249 = ADVANCED_FACE('',(#1250),#1300,.T.);
#1250 = FACE_BOUND('',#1251,.T.);
#1251 = EDGE_LOOP('',(#1252,#1260,#1268,#1276,#1284,#1292,#1298,#1299));
#1252 = ORIENTED_EDGE('',*,*,#1253,.F.);
#1253 = EDGE_CURVE('',#1254,#1230,#1256,.T.);
#1254 = VERTEX_POINT('',#1255);
#1255 = CARTESIAN_POINT('',(-10.41,1.2,0.));
#1256 = LINE('',#1257,#1258);
#1257 = CARTESIAN_POINT('',(-10.41,1.2,0.));
#1258 = VECTOR('',#1259,1.);
#1259 = DIRECTION('',(0.707106781187,-0.707106781187,0.));
#1260 = ORIENTED_EDGE('',*,*,#1261,.T.);
#1261 = EDGE_CURVE('',#1254,#1262,#1264,.T.);
#1262 = VERTEX_POINT('',#1263);
#1263 = CARTESIAN_POINT('',(-10.41,1.2,2.5));
#1264 = LINE('',#1265,#1266);
#1265 = CARTESIAN_POINT('',(-10.41,1.2,0.));
#1266 = VECTOR('',#1267,1.);
#1267 = DIRECTION('',(0.,0.,1.));
#1268 = ORIENTED_EDGE('',*,*,#1269,.T.);
#1269 = EDGE_CURVE('',#1262,#1270,#1272,.T.);
#1270 = VERTEX_POINT('',#1271);
#1271 = CARTESIAN_POINT('',(-10.179998,0.969998,2.5));
#1272 = LINE('',#1273,#1274);
#1273 = CARTESIAN_POINT('',(-10.41,1.2,2.5));
#1274 = VECTOR('',#1275,1.);
#1275 = DIRECTION('',(0.707106781187,-0.707106781187,0.));
#1276 = ORIENTED_EDGE('',*,*,#1277,.T.);
#1277 = EDGE_CURVE('',#1270,#1278,#1280,.T.);
#1278 = VERTEX_POINT('',#1279);
#1279 = CARTESIAN_POINT('',(-10.179998,0.969998,2.4));
#1280 = LINE('',#1281,#1282);
#1281 = CARTESIAN_POINT('',(-10.179998,0.969998,1.25));
#1282 = VECTOR('',#1283,1.);
#1283 = DIRECTION('',(0.,0.,-1.));
#1284 = ORIENTED_EDGE('',*,*,#1285,.T.);
#1285 = EDGE_CURVE('',#1278,#1286,#1288,.T.);
#1286 = VERTEX_POINT('',#1287);
#1287 = CARTESIAN_POINT('',(-10.16,0.95,2.4));
#1288 = LINE('',#1289,#1290);
#1289 = CARTESIAN_POINT('',(-9.412489805558,0.202489805558,2.4));
#1290 = VECTOR('',#1291,1.);
#1291 = DIRECTION('',(0.707106781187,-0.707106781187,0.));
#1292 = ORIENTED_EDGE('',*,*,#1293,.F.);
#1293 = EDGE_CURVE('',#442,#1286,#1294,.T.);
#1294 = LINE('',#1295,#1296);
#1295 = CARTESIAN_POINT('',(-10.16,0.95,0.));
#1296 = VECTOR('',#1297,1.);
#1297 = DIRECTION('',(0.,0.,1.));
#1298 = ORIENTED_EDGE('',*,*,#449,.F.);
#1299 = ORIENTED_EDGE('',*,*,#1237,.T.);
#1300 = PLANE('',#1301);
#1301 = AXIS2_PLACEMENT_3D('',#1302,#1303,#1304);
#1302 = CARTESIAN_POINT('',(-10.41,1.2,0.));
#1303 = DIRECTION('',(0.707106781187,0.707106781187,0.));
#1304 = DIRECTION('',(0.707106781187,-0.707106781187,0.));
#1305 = ADVANCED_FACE('',(#1306),#1356,.T.);
#1306 = FACE_BOUND('',#1307,.T.);
#1307 = EDGE_LOOP('',(#1308,#1318,#1324,#1325,#1326,#1334,#1342,#1350));
#1308 = ORIENTED_EDGE('',*,*,#1309,.F.);
#1309 = EDGE_CURVE('',#1310,#1312,#1314,.T.);
#1310 = VERTEX_POINT('',#1311);
#1311 = CARTESIAN_POINT('',(-10.115,0.995,0.));
#1312 = VERTEX_POINT('',#1313);
#1313 = CARTESIAN_POINT('',(-9.91,1.2,0.));
#1314 = LINE('',#1315,#1316);
#1315 = CARTESIAN_POINT('',(-10.16,0.95,0.));
#1316 = VECTOR('',#1317,1.);
#1317 = DIRECTION('',(0.707106781187,0.707106781187,0.));
#1318 = ORIENTED_EDGE('',*,*,#1319,.T.);
#1319 = EDGE_CURVE('',#1310,#434,#1320,.T.);
#1320 = LINE('',#1321,#1322);
#1321 = CARTESIAN_POINT('',(-10.115,0.995,0.));
#1322 = VECTOR('',#1323,1.);
#1323 = DIRECTION('',(0.,0.,1.));
#1324 = ORIENTED_EDGE('',*,*,#441,.F.);
#1325 = ORIENTED_EDGE('',*,*,#1293,.T.);
#1326 = ORIENTED_EDGE('',*,*,#1327,.T.);
#1327 = EDGE_CURVE('',#1286,#1328,#1330,.T.);
#1328 = VERTEX_POINT('',#1329);
#1329 = CARTESIAN_POINT('',(-10.15999899611,0.950001003889,2.4));
#1330 = LINE('',#1331,#1332);
#1331 = CARTESIAN_POINT('',(-9.762489805558,1.347510194442,2.4));
#1332 = VECTOR('',#1333,1.);
#1333 = DIRECTION('',(0.707106781187,0.707106781187,0.));
#1334 = ORIENTED_EDGE('',*,*,#1335,.F.);
#1335 = EDGE_CURVE('',#1336,#1328,#1338,.T.);
#1336 = VERTEX_POINT('',#1337);
#1337 = CARTESIAN_POINT('',(-10.15999899611,0.950001003889,2.5));
#1338 = LINE('',#1339,#1340);
#1339 = CARTESIAN_POINT('',(-10.15999899611,0.950001003889,1.25));
#1340 = VECTOR('',#1341,1.);
#1341 = DIRECTION('',(0.,0.,-1.));
#1342 = ORIENTED_EDGE('',*,*,#1343,.T.);
#1343 = EDGE_CURVE('',#1336,#1344,#1346,.T.);
#1344 = VERTEX_POINT('',#1345);
#1345 = CARTESIAN_POINT('',(-9.91,1.2,2.5));
#1346 = LINE('',#1347,#1348);
#1347 = CARTESIAN_POINT('',(-10.16,0.95,2.5));
#1348 = VECTOR('',#1349,1.);
#1349 = DIRECTION('',(0.707106781187,0.707106781187,0.));
#1350 = ORIENTED_EDGE('',*,*,#1351,.F.);
#1351 = EDGE_CURVE('',#1312,#1344,#1352,.T.);
#1352 = LINE('',#1353,#1354);
#1353 = CARTESIAN_POINT('',(-9.91,1.2,0.));
#1354 = VECTOR('',#1355,1.);
#1355 = DIRECTION('',(0.,0.,1.));
#1356 = PLANE('',#1357);
#1357 = AXIS2_PLACEMENT_3D('',#1358,#1359,#1360);
#1358 = CARTESIAN_POINT('',(-10.16,0.95,0.));
#1359 = DIRECTION('',(-0.707106781187,0.707106781187,0.));
#1360 = DIRECTION('',(0.707106781187,0.707106781187,0.));
#1361 = ADVANCED_FACE('',(#1362),#1380,.T.);
#1362 = FACE_BOUND('',#1363,.T.);
#1363 = EDGE_LOOP('',(#1364,#1372,#1378,#1379));
#1364 = ORIENTED_EDGE('',*,*,#1365,.F.);
#1365 = EDGE_CURVE('',#1366,#1310,#1368,.T.);
#1366 = VERTEX_POINT('',#1367);
#1367 = CARTESIAN_POINT('',(-7.665,0.995,0.));
#1368 = LINE('',#1369,#1370);
#1369 = CARTESIAN_POINT('',(2.68968,0.995,0.));
#1370 = VECTOR('',#1371,1.);
#1371 = DIRECTION('',(-1.,0.,0.));
#1372 = ORIENTED_EDGE('',*,*,#1373,.F.);
#1373 = EDGE_CURVE('',#426,#1366,#1374,.T.);
#1374 = LINE('',#1375,#1376);
#1375 = CARTESIAN_POINT('',(-7.665,0.995,0.));
#1376 = VECTOR('',#1377,1.);
#1377 = DIRECTION('',(0.,0.,-1.));
#1378 = ORIENTED_EDGE('',*,*,#433,.T.);
#1379 = ORIENTED_EDGE('',*,*,#1319,.F.);
#1380 = PLANE('',#1381);
#1381 = AXIS2_PLACEMENT_3D('',#1382,#1383,#1384);
#1382 = CARTESIAN_POINT('',(2.68968,0.995,0.));
#1383 = DIRECTION('',(0.,-1.,0.));
#1384 = DIRECTION('',(-1.,0.,0.));
#1385 = ADVANCED_FACE('',(#1386),#1436,.T.);
#1386 = FACE_BOUND('',#1387,.T.);
#1387 = EDGE_LOOP('',(#1388,#1396,#1404,#1412,#1420,#1428,#1434,#1435));
#1388 = ORIENTED_EDGE('',*,*,#1389,.F.);
#1389 = EDGE_CURVE('',#1390,#1366,#1392,.T.);
#1390 = VERTEX_POINT('',#1391);
#1391 = CARTESIAN_POINT('',(-7.87,1.2,0.));
#1392 = LINE('',#1393,#1394);
#1393 = CARTESIAN_POINT('',(-7.87,1.2,0.));
#1394 = VECTOR('',#1395,1.);
#1395 = DIRECTION('',(0.707106781187,-0.707106781187,0.));
#1396 = ORIENTED_EDGE('',*,*,#1397,.T.);
#1397 = EDGE_CURVE('',#1390,#1398,#1400,.T.);
#1398 = VERTEX_POINT('',#1399);
#1399 = CARTESIAN_POINT('',(-7.87,1.2,2.5));
#1400 = LINE('',#1401,#1402);
#1401 = CARTESIAN_POINT('',(-7.87,1.2,0.));
#1402 = VECTOR('',#1403,1.);
#1403 = DIRECTION('',(0.,0.,1.));
#1404 = ORIENTED_EDGE('',*,*,#1405,.T.);
#1405 = EDGE_CURVE('',#1398,#1406,#1408,.T.);
#1406 = VERTEX_POINT('',#1407);
#1407 = CARTESIAN_POINT('',(-7.639997,0.969997,2.5));
#1408 = LINE('',#1409,#1410);
#1409 = CARTESIAN_POINT('',(-7.87,1.2,2.5));
#1410 = VECTOR('',#1411,1.);
#1411 = DIRECTION('',(0.707106781187,-0.707106781187,0.));
#1412 = ORIENTED_EDGE('',*,*,#1413,.T.);
#1413 = EDGE_CURVE('',#1406,#1414,#1416,.T.);
#1414 = VERTEX_POINT('',#1415);
#1415 = CARTESIAN_POINT('',(-7.639997,0.969997,2.4));
#1416 = LINE('',#1417,#1418);
#1417 = CARTESIAN_POINT('',(-7.639997,0.969997,1.25));
#1418 = VECTOR('',#1419,1.);
#1419 = DIRECTION('',(0.,0.,-1.));
#1420 = ORIENTED_EDGE('',*,*,#1421,.T.);
#1421 = EDGE_CURVE('',#1414,#1422,#1424,.T.);
#1422 = VERTEX_POINT('',#1423);
#1423 = CARTESIAN_POINT('',(-7.62,0.95,2.4));
#1424 = LINE('',#1425,#1426);
#1425 = CARTESIAN_POINT('',(-7.507489805558,0.837489805558,2.4));
#1426 = VECTOR('',#1427,1.);
#1427 = DIRECTION('',(0.707106781187,-0.707106781187,0.));
#1428 = ORIENTED_EDGE('',*,*,#1429,.F.);
#1429 = EDGE_CURVE('',#418,#1422,#1430,.T.);
#1430 = LINE('',#1431,#1432);
#1431 = CARTESIAN_POINT('',(-7.62,0.95,0.));
#1432 = VECTOR('',#1433,1.);
#1433 = DIRECTION('',(0.,0.,1.));
#1434 = ORIENTED_EDGE('',*,*,#425,.F.);
#1435 = ORIENTED_EDGE('',*,*,#1373,.T.);
#1436 = PLANE('',#1437);
#1437 = AXIS2_PLACEMENT_3D('',#1438,#1439,#1440);
#1438 = CARTESIAN_POINT('',(-7.87,1.2,0.));
#1439 = DIRECTION('',(0.707106781187,0.707106781187,0.));
#1440 = DIRECTION('',(0.707106781187,-0.707106781187,0.));
#1441 = ADVANCED_FACE('',(#1442),#1492,.T.);
#1442 = FACE_BOUND('',#1443,.T.);
#1443 = EDGE_LOOP('',(#1444,#1454,#1460,#1461,#1462,#1470,#1478,#1486));
#1444 = ORIENTED_EDGE('',*,*,#1445,.F.);
#1445 = EDGE_CURVE('',#1446,#1448,#1450,.T.);
#1446 = VERTEX_POINT('',#1447);
#1447 = CARTESIAN_POINT('',(-7.575,0.995,0.));
#1448 = VERTEX_POINT('',#1449);
#1449 = CARTESIAN_POINT('',(-7.37,1.2,0.));
#1450 = LINE('',#1451,#1452);
#1451 = CARTESIAN_POINT('',(-7.62,0.95,0.));
#1452 = VECTOR('',#1453,1.);
#1453 = DIRECTION('',(0.707106781187,0.707106781187,0.));
#1454 = ORIENTED_EDGE('',*,*,#1455,.T.);
#1455 = EDGE_CURVE('',#1446,#410,#1456,.T.);
#1456 = LINE('',#1457,#1458);
#1457 = CARTESIAN_POINT('',(-7.575,0.995,0.));
#1458 = VECTOR('',#1459,1.);
#1459 = DIRECTION('',(0.,0.,1.));
#1460 = ORIENTED_EDGE('',*,*,#417,.F.);
#1461 = ORIENTED_EDGE('',*,*,#1429,.T.);
#1462 = ORIENTED_EDGE('',*,*,#1463,.T.);
#1463 = EDGE_CURVE('',#1422,#1464,#1466,.T.);
#1464 = VERTEX_POINT('',#1465);
#1465 = CARTESIAN_POINT('',(-7.619998494167,0.950001505833,2.4));
#1466 = LINE('',#1467,#1468);
#1467 = CARTESIAN_POINT('',(-7.857489805558,0.712510194442,2.4));
#1468 = VECTOR('',#1469,1.);
#1469 = DIRECTION('',(0.707106781187,0.707106781187,0.));
#1470 = ORIENTED_EDGE('',*,*,#1471,.F.);
#1471 = EDGE_CURVE('',#1472,#1464,#1474,.T.);
#1472 = VERTEX_POINT('',#1473);
#1473 = CARTESIAN_POINT('',(-7.619998494167,0.950001505833,2.5));
#1474 = LINE('',#1475,#1476);
#1475 = CARTESIAN_POINT('',(-7.619998494167,0.950001505833,1.25));
#1476 = VECTOR('',#1477,1.);
#1477 = DIRECTION('',(0.,0.,-1.));
#1478 = ORIENTED_EDGE('',*,*,#1479,.T.);
#1479 = EDGE_CURVE('',#1472,#1480,#1482,.T.);
#1480 = VERTEX_POINT('',#1481);
#1481 = CARTESIAN_POINT('',(-7.37,1.2,2.5));
#1482 = LINE('',#1483,#1484);
#1483 = CARTESIAN_POINT('',(-7.62,0.95,2.5));
#1484 = VECTOR('',#1485,1.);
#1485 = DIRECTION('',(0.707106781187,0.707106781187,0.));
#1486 = ORIENTED_EDGE('',*,*,#1487,.F.);
#1487 = EDGE_CURVE('',#1448,#1480,#1488,.T.);
#1488 = LINE('',#1489,#1490);
#1489 = CARTESIAN_POINT('',(-7.37,1.2,0.));
#1490 = VECTOR('',#1491,1.);
#1491 = DIRECTION('',(0.,0.,1.));
#1492 = PLANE('',#1493);
#1493 = AXIS2_PLACEMENT_3D('',#1494,#1495,#1496);
#1494 = CARTESIAN_POINT('',(-7.62,0.95,0.));
#1495 = DIRECTION('',(-0.707106781187,0.707106781187,0.));
#1496 = DIRECTION('',(0.707106781187,0.707106781187,0.));
#1497 = ADVANCED_FACE('',(#1498),#1516,.T.);
#1498 = FACE_BOUND('',#1499,.T.);
#1499 = EDGE_LOOP('',(#1500,#1508,#1514,#1515));
#1500 = ORIENTED_EDGE('',*,*,#1501,.F.);
#1501 = EDGE_CURVE('',#1502,#1446,#1504,.T.);
#1502 = VERTEX_POINT('',#1503);
#1503 = CARTESIAN_POINT('',(-5.125,0.995,0.));
#1504 = LINE('',#1505,#1506);
#1505 = CARTESIAN_POINT('',(2.68968,0.995,0.));
#1506 = VECTOR('',#1507,1.);
#1507 = DIRECTION('',(-1.,0.,0.));
#1508 = ORIENTED_EDGE('',*,*,#1509,.F.);
#1509 = EDGE_CURVE('',#402,#1502,#1510,.T.);
#1510 = LINE('',#1511,#1512);
#1511 = CARTESIAN_POINT('',(-5.125,0.995,0.));
#1512 = VECTOR('',#1513,1.);
#1513 = DIRECTION('',(0.,0.,-1.));
#1514 = ORIENTED_EDGE('',*,*,#409,.T.);
#1515 = ORIENTED_EDGE('',*,*,#1455,.F.);
#1516 = PLANE('',#1517);
#1517 = AXIS2_PLACEMENT_3D('',#1518,#1519,#1520);
#1518 = CARTESIAN_POINT('',(2.68968,0.995,0.));
#1519 = DIRECTION('',(0.,-1.,0.));
#1520 = DIRECTION('',(-1.,0.,0.));
#1521 = ADVANCED_FACE('',(#1522),#1572,.T.);
#1522 = FACE_BOUND('',#1523,.T.);
#1523 = EDGE_LOOP('',(#1524,#1532,#1540,#1548,#1556,#1564,#1570,#1571));
#1524 = ORIENTED_EDGE('',*,*,#1525,.F.);
#1525 = EDGE_CURVE('',#1526,#1502,#1528,.T.);
#1526 = VERTEX_POINT('',#1527);
#1527 = CARTESIAN_POINT('',(-5.33,1.2,0.));
#1528 = LINE('',#1529,#1530);
#1529 = CARTESIAN_POINT('',(-5.33,1.2,0.));
#1530 = VECTOR('',#1531,1.);
#1531 = DIRECTION('',(0.707106781187,-0.707106781187,0.));
#1532 = ORIENTED_EDGE('',*,*,#1533,.T.);
#1533 = EDGE_CURVE('',#1526,#1534,#1536,.T.);
#1534 = VERTEX_POINT('',#1535);
#1535 = CARTESIAN_POINT('',(-5.33,1.2,2.5));
#1536 = LINE('',#1537,#1538);
#1537 = CARTESIAN_POINT('',(-5.33,1.2,0.));
#1538 = VECTOR('',#1539,1.);
#1539 = DIRECTION('',(0.,0.,1.));
#1540 = ORIENTED_EDGE('',*,*,#1541,.T.);
#1541 = EDGE_CURVE('',#1534,#1542,#1544,.T.);
#1542 = VERTEX_POINT('',#1543);
#1543 = CARTESIAN_POINT('',(-5.099996,0.969996,2.5));
#1544 = LINE('',#1545,#1546);
#1545 = CARTESIAN_POINT('',(-5.33,1.2,2.5));
#1546 = VECTOR('',#1547,1.);
#1547 = DIRECTION('',(0.707106781187,-0.707106781187,0.));
#1548 = ORIENTED_EDGE('',*,*,#1549,.T.);
#1549 = EDGE_CURVE('',#1542,#1550,#1552,.T.);
#1550 = VERTEX_POINT('',#1551);
#1551 = CARTESIAN_POINT('',(-5.099996,0.969996,2.4));
#1552 = LINE('',#1553,#1554);
#1553 = CARTESIAN_POINT('',(-5.099996,0.969996,1.25));
#1554 = VECTOR('',#1555,1.);
#1555 = DIRECTION('',(0.,0.,-1.));
#1556 = ORIENTED_EDGE('',*,*,#1557,.T.);
#1557 = EDGE_CURVE('',#1550,#1558,#1560,.T.);
#1558 = VERTEX_POINT('',#1559);
#1559 = CARTESIAN_POINT('',(-5.08,0.95,2.4));
#1560 = LINE('',#1561,#1562);
#1561 = CARTESIAN_POINT('',(-5.602489805558,1.472489805558,2.4));
#1562 = VECTOR('',#1563,1.);
#1563 = DIRECTION('',(0.707106781187,-0.707106781187,0.));
#1564 = ORIENTED_EDGE('',*,*,#1565,.F.);
#1565 = EDGE_CURVE('',#394,#1558,#1566,.T.);
#1566 = LINE('',#1567,#1568);
#1567 = CARTESIAN_POINT('',(-5.08,0.95,0.));
#1568 = VECTOR('',#1569,1.);
#1569 = DIRECTION('',(0.,0.,1.));
#1570 = ORIENTED_EDGE('',*,*,#401,.F.);
#1571 = ORIENTED_EDGE('',*,*,#1509,.T.);
#1572 = PLANE('',#1573);
#1573 = AXIS2_PLACEMENT_3D('',#1574,#1575,#1576);
#1574 = CARTESIAN_POINT('',(-5.33,1.2,0.));
#1575 = DIRECTION('',(0.707106781187,0.707106781187,0.));
#1576 = DIRECTION('',(0.707106781187,-0.707106781187,0.));
#1577 = ADVANCED_FACE('',(#1578),#1628,.T.);
#1578 = FACE_BOUND('',#1579,.T.);
#1579 = EDGE_LOOP('',(#1580,#1590,#1596,#1597,#1598,#1606,#1614,#1622));
#1580 = ORIENTED_EDGE('',*,*,#1581,.F.);
#1581 = EDGE_CURVE('',#1582,#1584,#1586,.T.);
#1582 = VERTEX_POINT('',#1583);
#1583 = CARTESIAN_POINT('',(-5.035,0.995,0.));
#1584 = VERTEX_POINT('',#1585);
#1585 = CARTESIAN_POINT('',(-4.83,1.2,0.));
#1586 = LINE('',#1587,#1588);
#1587 = CARTESIAN_POINT('',(-5.08,0.95,0.));
#1588 = VECTOR('',#1589,1.);
#1589 = DIRECTION('',(0.707106781187,0.707106781187,0.));
#1590 = ORIENTED_EDGE('',*,*,#1591,.T.);
#1591 = EDGE_CURVE('',#1582,#386,#1592,.T.);
#1592 = LINE('',#1593,#1594);
#1593 = CARTESIAN_POINT('',(-5.035,0.995,0.));
#1594 = VECTOR('',#1595,1.);
#1595 = DIRECTION('',(0.,0.,1.));
#1596 = ORIENTED_EDGE('',*,*,#393,.F.);
#1597 = ORIENTED_EDGE('',*,*,#1565,.T.);
#1598 = ORIENTED_EDGE('',*,*,#1599,.T.);
#1599 = EDGE_CURVE('',#1558,#1600,#1602,.T.);
#1600 = VERTEX_POINT('',#1601);
#1601 = CARTESIAN_POINT('',(-5.079997992222,0.950002007778,2.4));
#1602 = LINE('',#1603,#1604);
#1603 = CARTESIAN_POINT('',(-5.952489805558,7.751019444155E-02,2.4));
#1604 = VECTOR('',#1605,1.);
#1605 = DIRECTION('',(0.707106781187,0.707106781187,0.));
#1606 = ORIENTED_EDGE('',*,*,#1607,.F.);
#1607 = EDGE_CURVE('',#1608,#1600,#1610,.T.);
#1608 = VERTEX_POINT('',#1609);
#1609 = CARTESIAN_POINT('',(-5.079997992222,0.950002007778,2.5));
#1610 = LINE('',#1611,#1612);
#1611 = CARTESIAN_POINT('',(-5.079997992222,0.950002007778,1.25));
#1612 = VECTOR('',#1613,1.);
#1613 = DIRECTION('',(0.,0.,-1.));
#1614 = ORIENTED_EDGE('',*,*,#1615,.T.);
#1615 = EDGE_CURVE('',#1608,#1616,#1618,.T.);
#1616 = VERTEX_POINT('',#1617);
#1617 = CARTESIAN_POINT('',(-4.83,1.2,2.5));
#1618 = LINE('',#1619,#1620);
#1619 = CARTESIAN_POINT('',(-5.08,0.95,2.5));
#1620 = VECTOR('',#1621,1.);
#1621 = DIRECTION('',(0.707106781187,0.707106781187,0.));
#1622 = ORIENTED_EDGE('',*,*,#1623,.F.);
#1623 = EDGE_CURVE('',#1584,#1616,#1624,.T.);
#1624 = LINE('',#1625,#1626);
#1625 = CARTESIAN_POINT('',(-4.83,1.2,0.));
#1626 = VECTOR('',#1627,1.);
#1627 = DIRECTION('',(0.,0.,1.));
#1628 = PLANE('',#1629);
#1629 = AXIS2_PLACEMENT_3D('',#1630,#1631,#1632);
#1630 = CARTESIAN_POINT('',(-5.08,0.95,0.));
#1631 = DIRECTION('',(-0.707106781187,0.707106781187,0.));
#1632 = DIRECTION('',(0.707106781187,0.707106781187,0.));
#1633 = ADVANCED_FACE('',(#1634),#1652,.T.);
#1634 = FACE_BOUND('',#1635,.T.);
#1635 = EDGE_LOOP('',(#1636,#1644,#1650,#1651));
#1636 = ORIENTED_EDGE('',*,*,#1637,.F.);
#1637 = EDGE_CURVE('',#1638,#1582,#1640,.T.);
#1638 = VERTEX_POINT('',#1639);
#1639 = CARTESIAN_POINT('',(-2.585,0.995,0.));
#1640 = LINE('',#1641,#1642);
#1641 = CARTESIAN_POINT('',(2.68968,0.995,0.));
#1642 = VECTOR('',#1643,1.);
#1643 = DIRECTION('',(-1.,0.,0.));
#1644 = ORIENTED_EDGE('',*,*,#1645,.F.);
#1645 = EDGE_CURVE('',#378,#1638,#1646,.T.);
#1646 = LINE('',#1647,#1648);
#1647 = CARTESIAN_POINT('',(-2.585,0.995,0.));
#1648 = VECTOR('',#1649,1.);
#1649 = DIRECTION('',(0.,0.,-1.));
#1650 = ORIENTED_EDGE('',*,*,#385,.T.);
#1651 = ORIENTED_EDGE('',*,*,#1591,.F.);
#1652 = PLANE('',#1653);
#1653 = AXIS2_PLACEMENT_3D('',#1654,#1655,#1656);
#1654 = CARTESIAN_POINT('',(2.68968,0.995,0.));
#1655 = DIRECTION('',(0.,-1.,0.));
#1656 = DIRECTION('',(-1.,0.,0.));
#1657 = ADVANCED_FACE('',(#1658),#1708,.T.);
#1658 = FACE_BOUND('',#1659,.T.);
#1659 = EDGE_LOOP('',(#1660,#1668,#1676,#1684,#1692,#1700,#1706,#1707));
#1660 = ORIENTED_EDGE('',*,*,#1661,.F.);
#1661 = EDGE_CURVE('',#1662,#1638,#1664,.T.);
#1662 = VERTEX_POINT('',#1663);
#1663 = CARTESIAN_POINT('',(-2.79,1.2,0.));
#1664 = LINE('',#1665,#1666);
#1665 = CARTESIAN_POINT('',(-2.79,1.2,0.));
#1666 = VECTOR('',#1667,1.);
#1667 = DIRECTION('',(0.707106781187,-0.707106781187,0.));
#1668 = ORIENTED_EDGE('',*,*,#1669,.T.);
#1669 = EDGE_CURVE('',#1662,#1670,#1672,.T.);
#1670 = VERTEX_POINT('',#1671);
#1671 = CARTESIAN_POINT('',(-2.79,1.2,2.5));
#1672 = LINE('',#1673,#1674);
#1673 = CARTESIAN_POINT('',(-2.79,1.2,0.));
#1674 = VECTOR('',#1675,1.);
#1675 = DIRECTION('',(0.,0.,1.));
#1676 = ORIENTED_EDGE('',*,*,#1677,.T.);
#1677 = EDGE_CURVE('',#1670,#1678,#1680,.T.);
#1678 = VERTEX_POINT('',#1679);
#1679 = CARTESIAN_POINT('',(-2.559995,0.969995,2.5));
#1680 = LINE('',#1681,#1682);
#1681 = CARTESIAN_POINT('',(-2.79,1.2,2.5));
#1682 = VECTOR('',#1683,1.);
#1683 = DIRECTION('',(0.707106781187,-0.707106781187,0.));
#1684 = ORIENTED_EDGE('',*,*,#1685,.T.);
#1685 = EDGE_CURVE('',#1678,#1686,#1688,.T.);
#1686 = VERTEX_POINT('',#1687);
#1687 = CARTESIAN_POINT('',(-2.559995,0.969995,2.4));
#1688 = LINE('',#1689,#1690);
#1689 = CARTESIAN_POINT('',(-2.559995,0.969995,1.25));
#1690 = VECTOR('',#1691,1.);
#1691 = DIRECTION('',(0.,0.,-1.));
#1692 = ORIENTED_EDGE('',*,*,#1693,.T.);
#1693 = EDGE_CURVE('',#1686,#1694,#1696,.T.);
#1694 = VERTEX_POINT('',#1695);
#1695 = CARTESIAN_POINT('',(-2.54,0.95,2.4));
#1696 = LINE('',#1697,#1698);
#1697 = CARTESIAN_POINT('',(-3.697489805558,2.107489805558,2.4));
#1698 = VECTOR('',#1699,1.);
#1699 = DIRECTION('',(0.707106781187,-0.707106781187,0.));
#1700 = ORIENTED_EDGE('',*,*,#1701,.F.);
#1701 = EDGE_CURVE('',#370,#1694,#1702,.T.);
#1702 = LINE('',#1703,#1704);
#1703 = CARTESIAN_POINT('',(-2.54,0.95,0.));
#1704 = VECTOR('',#1705,1.);
#1705 = DIRECTION('',(0.,0.,1.));
#1706 = ORIENTED_EDGE('',*,*,#377,.F.);
#1707 = ORIENTED_EDGE('',*,*,#1645,.T.);
#1708 = PLANE('',#1709);
#1709 = AXIS2_PLACEMENT_3D('',#1710,#1711,#1712);
#1710 = CARTESIAN_POINT('',(-2.79,1.2,0.));
#1711 = DIRECTION('',(0.707106781187,0.707106781187,0.));
#1712 = DIRECTION('',(0.707106781187,-0.707106781187,0.));
#1713 = ADVANCED_FACE('',(#1714),#1764,.T.);
#1714 = FACE_BOUND('',#1715,.T.);
#1715 = EDGE_LOOP('',(#1716,#1726,#1732,#1733,#1734,#1742,#1750,#1758));
#1716 = ORIENTED_EDGE('',*,*,#1717,.F.);
#1717 = EDGE_CURVE('',#1718,#1720,#1722,.T.);
#1718 = VERTEX_POINT('',#1719);
#1719 = CARTESIAN_POINT('',(-2.495,0.995,0.));
#1720 = VERTEX_POINT('',#1721);
#1721 = CARTESIAN_POINT('',(-2.29,1.2,0.));
#1722 = LINE('',#1723,#1724);
#1723 = CARTESIAN_POINT('',(-2.54,0.95,0.));
#1724 = VECTOR('',#1725,1.);
#1725 = DIRECTION('',(0.707106781187,0.707106781187,0.));
#1726 = ORIENTED_EDGE('',*,*,#1727,.T.);
#1727 = EDGE_CURVE('',#1718,#362,#1728,.T.);
#1728 = LINE('',#1729,#1730);
#1729 = CARTESIAN_POINT('',(-2.495,0.995,0.));
#1730 = VECTOR('',#1731,1.);
#1731 = DIRECTION('',(0.,0.,1.));
#1732 = ORIENTED_EDGE('',*,*,#369,.F.);
#1733 = ORIENTED_EDGE('',*,*,#1701,.T.);
#1734 = ORIENTED_EDGE('',*,*,#1735,.T.);
#1735 = EDGE_CURVE('',#1694,#1736,#1738,.T.);
#1736 = VERTEX_POINT('',#1737);
#1737 = CARTESIAN_POINT('',(-2.539997490278,0.950002509722,2.4));
#1738 = LINE('',#1739,#1740);
#1739 = CARTESIAN_POINT('',(-4.047489805558,-0.557489805558,2.4));
#1740 = VECTOR('',#1741,1.);
#1741 = DIRECTION('',(0.707106781187,0.707106781187,0.));
#1742 = ORIENTED_EDGE('',*,*,#1743,.F.);
#1743 = EDGE_CURVE('',#1744,#1736,#1746,.T.);
#1744 = VERTEX_POINT('',#1745);
#1745 = CARTESIAN_POINT('',(-2.539997490278,0.950002509722,2.5));
#1746 = LINE('',#1747,#1748);
#1747 = CARTESIAN_POINT('',(-2.539997490278,0.950002509722,1.25));
#1748 = VECTOR('',#1749,1.);
#1749 = DIRECTION('',(0.,0.,-1.));
#1750 = ORIENTED_EDGE('',*,*,#1751,.T.);
#1751 = EDGE_CURVE('',#1744,#1752,#1754,.T.);
#1752 = VERTEX_POINT('',#1753);
#1753 = CARTESIAN_POINT('',(-2.29,1.2,2.5));
#1754 = LINE('',#1755,#1756);
#1755 = CARTESIAN_POINT('',(-2.54,0.95,2.5));
#1756 = VECTOR('',#1757,1.);
#1757 = DIRECTION('',(0.707106781187,0.707106781187,0.));
#1758 = ORIENTED_EDGE('',*,*,#1759,.F.);
#1759 = EDGE_CURVE('',#1720,#1752,#1760,.T.);
#1760 = LINE('',#1761,#1762);
#1761 = CARTESIAN_POINT('',(-2.29,1.2,0.));
#1762 = VECTOR('',#1763,1.);
#1763 = DIRECTION('',(0.,0.,1.));
#1764 = PLANE('',#1765);
#1765 = AXIS2_PLACEMENT_3D('',#1766,#1767,#1768);
#1766 = CARTESIAN_POINT('',(-2.54,0.95,0.));
#1767 = DIRECTION('',(-0.707106781187,0.707106781187,0.));
#1768 = DIRECTION('',(0.707106781187,0.707106781187,0.));
#1769 = ADVANCED_FACE('',(#1770),#1788,.T.);
#1770 = FACE_BOUND('',#1771,.T.);
#1771 = EDGE_LOOP('',(#1772,#1780,#1786,#1787));
#1772 = ORIENTED_EDGE('',*,*,#1773,.F.);
#1773 = EDGE_CURVE('',#1774,#1718,#1776,.T.);
#1774 = VERTEX_POINT('',#1775);
#1775 = CARTESIAN_POINT('',(-4.5E-02,0.995,0.));
#1776 = LINE('',#1777,#1778);
#1777 = CARTESIAN_POINT('',(2.68968,0.995,0.));
#1778 = VECTOR('',#1779,1.);
#1779 = DIRECTION('',(-1.,0.,0.));
#1780 = ORIENTED_EDGE('',*,*,#1781,.F.);
#1781 = EDGE_CURVE('',#354,#1774,#1782,.T.);
#1782 = LINE('',#1783,#1784);
#1783 = CARTESIAN_POINT('',(-4.5E-02,0.995,0.));
#1784 = VECTOR('',#1785,1.);
#1785 = DIRECTION('',(0.,0.,-1.));
#1786 = ORIENTED_EDGE('',*,*,#361,.T.);
#1787 = ORIENTED_EDGE('',*,*,#1727,.F.);
#1788 = PLANE('',#1789);
#1789 = AXIS2_PLACEMENT_3D('',#1790,#1791,#1792);
#1790 = CARTESIAN_POINT('',(2.68968,0.995,0.));
#1791 = DIRECTION('',(0.,-1.,0.));
#1792 = DIRECTION('',(-1.,0.,0.));
#1793 = ADVANCED_FACE('',(#1794),#1844,.T.);
#1794 = FACE_BOUND('',#1795,.T.);
#1795 = EDGE_LOOP('',(#1796,#1804,#1812,#1820,#1828,#1836,#1842,#1843));
#1796 = ORIENTED_EDGE('',*,*,#1797,.F.);
#1797 = EDGE_CURVE('',#1798,#1774,#1800,.T.);
#1798 = VERTEX_POINT('',#1799);
#1799 = CARTESIAN_POINT('',(-0.25,1.2,0.));
#1800 = LINE('',#1801,#1802);
#1801 = CARTESIAN_POINT('',(-0.25,1.2,0.));
#1802 = VECTOR('',#1803,1.);
#1803 = DIRECTION('',(0.707106781187,-0.707106781187,0.));
#1804 = ORIENTED_EDGE('',*,*,#1805,.T.);
#1805 = EDGE_CURVE('',#1798,#1806,#1808,.T.);
#1806 = VERTEX_POINT('',#1807);
#1807 = CARTESIAN_POINT('',(-0.25,1.2,2.5));
#1808 = LINE('',#1809,#1810);
#1809 = CARTESIAN_POINT('',(-0.25,1.2,0.));
#1810 = VECTOR('',#1811,1.);
#1811 = DIRECTION('',(0.,0.,1.));
#1812 = ORIENTED_EDGE('',*,*,#1813,.T.);
#1813 = EDGE_CURVE('',#1806,#1814,#1816,.T.);
#1814 = VERTEX_POINT('',#1815);
#1815 = CARTESIAN_POINT('',(-1.9994E-02,0.969994,2.5));
#1816 = LINE('',#1817,#1818);
#1817 = CARTESIAN_POINT('',(-0.25,1.2,2.5));
#1818 = VECTOR('',#1819,1.);
#1819 = DIRECTION('',(0.707106781187,-0.707106781187,0.));
#1820 = ORIENTED_EDGE('',*,*,#1821,.T.);
#1821 = EDGE_CURVE('',#1814,#1822,#1824,.T.);
#1822 = VERTEX_POINT('',#1823);
#1823 = CARTESIAN_POINT('',(-1.9994E-02,0.969994,2.4));
#1824 = LINE('',#1825,#1826);
#1825 = CARTESIAN_POINT('',(-1.9994E-02,0.969994,1.25));
#1826 = VECTOR('',#1827,1.);
#1827 = DIRECTION('',(0.,0.,-1.));
#1828 = ORIENTED_EDGE('',*,*,#1829,.T.);
#1829 = EDGE_CURVE('',#1822,#1830,#1832,.T.);
#1830 = VERTEX_POINT('',#1831);
#1831 = CARTESIAN_POINT('',(0.,0.95,2.4));
#1832 = LINE('',#1833,#1834);
#1833 = CARTESIAN_POINT('',(-1.792489805558,2.742489805558,2.4));
#1834 = VECTOR('',#1835,1.);
#1835 = DIRECTION('',(0.707106781187,-0.707106781187,0.));
#1836 = ORIENTED_EDGE('',*,*,#1837,.F.);
#1837 = EDGE_CURVE('',#346,#1830,#1838,.T.);
#1838 = LINE('',#1839,#1840);
#1839 = CARTESIAN_POINT('',(0.,0.95,0.));
#1840 = VECTOR('',#1841,1.);
#1841 = DIRECTION('',(0.,0.,1.));
#1842 = ORIENTED_EDGE('',*,*,#353,.F.);
#1843 = ORIENTED_EDGE('',*,*,#1781,.T.);
#1844 = PLANE('',#1845);
#1845 = AXIS2_PLACEMENT_3D('',#1846,#1847,#1848);
#1846 = CARTESIAN_POINT('',(-0.25,1.2,0.));
#1847 = DIRECTION('',(0.707106781187,0.707106781187,0.));
#1848 = DIRECTION('',(0.707106781187,-0.707106781187,0.));
#1849 = ADVANCED_FACE('',(#1850),#1900,.T.);
#1850 = FACE_BOUND('',#1851,.T.);
#1851 = EDGE_LOOP('',(#1852,#1862,#1868,#1869,#1870,#1878,#1886,#1894));
#1852 = ORIENTED_EDGE('',*,*,#1853,.F.);
#1853 = EDGE_CURVE('',#1854,#1856,#1858,.T.);
#1854 = VERTEX_POINT('',#1855);
#1855 = CARTESIAN_POINT('',(4.5E-02,0.995,0.));
#1856 = VERTEX_POINT('',#1857);
#1857 = CARTESIAN_POINT('',(0.25,1.2,0.));
#1858 = LINE('',#1859,#1860);
#1859 = CARTESIAN_POINT('',(0.,0.95,0.));
#1860 = VECTOR('',#1861,1.);
#1861 = DIRECTION('',(0.707106781187,0.707106781187,0.));
#1862 = ORIENTED_EDGE('',*,*,#1863,.T.);
#1863 = EDGE_CURVE('',#1854,#338,#1864,.T.);
#1864 = LINE('',#1865,#1866);
#1865 = CARTESIAN_POINT('',(4.5E-02,0.995,0.));
#1866 = VECTOR('',#1867,1.);
#1867 = DIRECTION('',(0.,0.,1.));
#1868 = ORIENTED_EDGE('',*,*,#345,.F.);
#1869 = ORIENTED_EDGE('',*,*,#1837,.T.);
#1870 = ORIENTED_EDGE('',*,*,#1871,.T.);
#1871 = EDGE_CURVE('',#1830,#1872,#1874,.T.);
#1872 = VERTEX_POINT('',#1873);
#1873 = CARTESIAN_POINT('',(3.011666455E-06,0.950003011666,2.4));
#1874 = LINE('',#1875,#1876);
#1875 = CARTESIAN_POINT('',(-2.142489805558,-1.192489805558,2.4));
#1876 = VECTOR('',#1877,1.);
#1877 = DIRECTION('',(0.707106781187,0.707106781187,0.));
#1878 = ORIENTED_EDGE('',*,*,#1879,.F.);
#1879 = EDGE_CURVE('',#1880,#1872,#1882,.T.);
#1880 = VERTEX_POINT('',#1881);
#1881 = CARTESIAN_POINT('',(3.011666455E-06,0.950003011666,2.5));
#1882 = LINE('',#1883,#1884);
#1883 = CARTESIAN_POINT('',(3.01166645458E-06,0.950003011666,1.25));
#1884 = VECTOR('',#1885,1.);
#1885 = DIRECTION('',(0.,0.,-1.));
#1886 = ORIENTED_EDGE('',*,*,#1887,.T.);
#1887 = EDGE_CURVE('',#1880,#1888,#1890,.T.);
#1888 = VERTEX_POINT('',#1889);
#1889 = CARTESIAN_POINT('',(0.25,1.2,2.5));
#1890 = LINE('',#1891,#1892);
#1891 = CARTESIAN_POINT('',(0.,0.95,2.5));
#1892 = VECTOR('',#1893,1.);
#1893 = DIRECTION('',(0.707106781187,0.707106781187,0.));
#1894 = ORIENTED_EDGE('',*,*,#1895,.F.);
#1895 = EDGE_CURVE('',#1856,#1888,#1896,.T.);
#1896 = LINE('',#1897,#1898);
#1897 = CARTESIAN_POINT('',(0.25,1.2,0.));
#1898 = VECTOR('',#1899,1.);
#1899 = DIRECTION('',(0.,0.,1.));
#1900 = PLANE('',#1901);
#1901 = AXIS2_PLACEMENT_3D('',#1902,#1903,#1904);
#1902 = CARTESIAN_POINT('',(0.,0.95,0.));
#1903 = DIRECTION('',(-0.707106781187,0.707106781187,0.));
#1904 = DIRECTION('',(0.707106781187,0.707106781187,0.));
#1905 = ADVANCED_FACE('',(#1906),#1924,.T.);
#1906 = FACE_BOUND('',#1907,.T.);
#1907 = EDGE_LOOP('',(#1908,#1916,#1922,#1923));
#1908 = ORIENTED_EDGE('',*,*,#1909,.F.);
#1909 = EDGE_CURVE('',#1910,#1854,#1912,.T.);
#1910 = VERTEX_POINT('',#1911);
#1911 = CARTESIAN_POINT('',(2.495,0.995,0.));
#1912 = LINE('',#1913,#1914);
#1913 = CARTESIAN_POINT('',(2.68968,0.995,0.));
#1914 = VECTOR('',#1915,1.);
#1915 = DIRECTION('',(-1.,0.,0.));
#1916 = ORIENTED_EDGE('',*,*,#1917,.F.);
#1917 = EDGE_CURVE('',#330,#1910,#1918,.T.);
#1918 = LINE('',#1919,#1920);
#1919 = CARTESIAN_POINT('',(2.495,0.995,0.));
#1920 = VECTOR('',#1921,1.);
#1921 = DIRECTION('',(0.,0.,-1.));
#1922 = ORIENTED_EDGE('',*,*,#337,.T.);
#1923 = ORIENTED_EDGE('',*,*,#1863,.F.);
#1924 = PLANE('',#1925);
#1925 = AXIS2_PLACEMENT_3D('',#1926,#1927,#1928);
#1926 = CARTESIAN_POINT('',(2.68968,0.995,0.));
#1927 = DIRECTION('',(0.,-1.,0.));
#1928 = DIRECTION('',(-1.,0.,0.));
#1929 = ADVANCED_FACE('',(#1930),#1964,.T.);
#1930 = FACE_BOUND('',#1931,.T.);
#1931 = EDGE_LOOP('',(#1932,#1940,#1948,#1956,#1962,#1963));
#1932 = ORIENTED_EDGE('',*,*,#1933,.F.);
#1933 = EDGE_CURVE('',#1934,#1910,#1936,.T.);
#1934 = VERTEX_POINT('',#1935);
#1935 = CARTESIAN_POINT('',(2.29,1.2,0.));
#1936 = LINE('',#1937,#1938);
#1937 = CARTESIAN_POINT('',(2.29,1.2,0.));
#1938 = VECTOR('',#1939,1.);
#1939 = DIRECTION('',(0.707106781187,-0.707106781187,0.));
#1940 = ORIENTED_EDGE('',*,*,#1941,.T.);
#1941 = EDGE_CURVE('',#1934,#1942,#1944,.T.);
#1942 = VERTEX_POINT('',#1943);
#1943 = CARTESIAN_POINT('',(2.29,1.2,2.5));
#1944 = LINE('',#1945,#1946);
#1945 = CARTESIAN_POINT('',(2.29,1.2,0.));
#1946 = VECTOR('',#1947,1.);
#1947 = DIRECTION('',(0.,0.,1.));
#1948 = ORIENTED_EDGE('',*,*,#1949,.T.);
#1949 = EDGE_CURVE('',#1942,#1950,#1952,.T.);
#1950 = VERTEX_POINT('',#1951);
#1951 = CARTESIAN_POINT('',(2.54,0.95,2.5));
#1952 = LINE('',#1953,#1954);
#1953 = CARTESIAN_POINT('',(2.29,1.2,2.5));
#1954 = VECTOR('',#1955,1.);
#1955 = DIRECTION('',(0.707106781187,-0.707106781187,0.));
#1956 = ORIENTED_EDGE('',*,*,#1957,.F.);
#1957 = EDGE_CURVE('',#322,#1950,#1958,.T.);
#1958 = LINE('',#1959,#1960);
#1959 = CARTESIAN_POINT('',(2.54,0.95,0.));
#1960 = VECTOR('',#1961,1.);
#1961 = DIRECTION('',(0.,0.,1.));
#1962 = ORIENTED_EDGE('',*,*,#329,.F.);
#1963 = ORIENTED_EDGE('',*,*,#1917,.T.);
#1964 = PLANE('',#1965);
#1965 = AXIS2_PLACEMENT_3D('',#1966,#1967,#1968);
#1966 = CARTESIAN_POINT('',(2.29,1.2,0.));
#1967 = DIRECTION('',(0.707106781187,0.707106781187,0.));
#1968 = DIRECTION('',(0.707106781187,-0.707106781187,0.));
#1969 = ADVANCED_FACE('',(#1970),#1988,.T.);
#1970 = FACE_BOUND('',#1971,.T.);
#1971 = EDGE_LOOP('',(#1972,#1973,#1974,#1982));
#1972 = ORIENTED_EDGE('',*,*,#321,.F.);
#1973 = ORIENTED_EDGE('',*,*,#1957,.T.);
#1974 = ORIENTED_EDGE('',*,*,#1975,.T.);
#1975 = EDGE_CURVE('',#1950,#1976,#1978,.T.);
#1976 = VERTEX_POINT('',#1977);
#1977 = CARTESIAN_POINT('',(2.54,-0.95,2.5));
#1978 = LINE('',#1979,#1980);
#1979 = CARTESIAN_POINT('',(2.54,0.95,2.5));
#1980 = VECTOR('',#1981,1.);
#1981 = DIRECTION('',(0.,-1.,0.));
#1982 = ORIENTED_EDGE('',*,*,#1983,.F.);
#1983 = EDGE_CURVE('',#314,#1976,#1984,.T.);
#1984 = LINE('',#1985,#1986);
#1985 = CARTESIAN_POINT('',(2.54,-0.95,0.));
#1986 = VECTOR('',#1987,1.);
#1987 = DIRECTION('',(0.,0.,1.));
#1988 = PLANE('',#1989);
#1989 = AXIS2_PLACEMENT_3D('',#1990,#1991,#1992);
#1990 = CARTESIAN_POINT('',(2.54,0.95,0.));
#1991 = DIRECTION('',(1.,0.,0.));
#1992 = DIRECTION('',(0.,-1.,0.));
#1993 = ADVANCED_FACE('',(#1994),#2028,.F.);
#1994 = FACE_BOUND('',#1995,.F.);
#1995 = EDGE_LOOP('',(#1996,#2006,#2014,#2020,#2021,#2022));
#1996 = ORIENTED_EDGE('',*,*,#1997,.F.);
#1997 = EDGE_CURVE('',#1998,#2000,#2002,.T.);
#1998 = VERTEX_POINT('',#1999);
#1999 = CARTESIAN_POINT('',(2.29,-1.2,0.));
#2000 = VERTEX_POINT('',#2001);
#2001 = CARTESIAN_POINT('',(2.495,-0.995,0.));
#2002 = LINE('',#2003,#2004);
#2003 = CARTESIAN_POINT('',(2.29,-1.2,0.));
#2004 = VECTOR('',#2005,1.);
#2005 = DIRECTION('',(0.707106781187,0.707106781187,0.));
#2006 = ORIENTED_EDGE('',*,*,#2007,.T.);
#2007 = EDGE_CURVE('',#1998,#2008,#2010,.T.);
#2008 = VERTEX_POINT('',#2009);
#2009 = CARTESIAN_POINT('',(2.29,-1.2,2.5));
#2010 = LINE('',#2011,#2012);
#2011 = CARTESIAN_POINT('',(2.29,-1.2,0.));
#2012 = VECTOR('',#2013,1.);
#2013 = DIRECTION('',(0.,0.,1.));
#2014 = ORIENTED_EDGE('',*,*,#2015,.T.);
#2015 = EDGE_CURVE('',#2008,#1976,#2016,.T.);
#2016 = LINE('',#2017,#2018);
#2017 = CARTESIAN_POINT('',(2.29,-1.2,2.5));
#2018 = VECTOR('',#2019,1.);
#2019 = DIRECTION('',(0.707106781187,0.707106781187,0.));
#2020 = ORIENTED_EDGE('',*,*,#1983,.F.);
#2021 = ORIENTED_EDGE('',*,*,#313,.F.);
#2022 = ORIENTED_EDGE('',*,*,#2023,.T.);
#2023 = EDGE_CURVE('',#306,#2000,#2024,.T.);
#2024 = LINE('',#2025,#2026);
#2025 = CARTESIAN_POINT('',(2.495,-0.995,0.));
#2026 = VECTOR('',#2027,1.);
#2027 = DIRECTION('',(0.,0.,-1.));
#2028 = PLANE('',#2029);
#2029 = AXIS2_PLACEMENT_3D('',#2030,#2031,#2032);
#2030 = CARTESIAN_POINT('',(2.29,-1.2,0.));
#2031 = DIRECTION('',(-0.707106781187,0.707106781187,0.));
#2032 = DIRECTION('',(0.707106781187,0.707106781187,0.));
#2033 = ADVANCED_FACE('',(#2034),#2052,.T.);
#2034 = FACE_BOUND('',#2035,.T.);
#2035 = EDGE_LOOP('',(#2036,#2044,#2050,#2051));
#2036 = ORIENTED_EDGE('',*,*,#2037,.F.);
#2037 = EDGE_CURVE('',#2038,#2000,#2040,.T.);
#2038 = VERTEX_POINT('',#2039);
#2039 = CARTESIAN_POINT('',(4.5E-02,-0.995,0.));
#2040 = LINE('',#2041,#2042);
#2041 = CARTESIAN_POINT('',(-17.898581,-0.995,0.));
#2042 = VECTOR('',#2043,1.);
#2043 = DIRECTION('',(1.,0.,0.));
#2044 = ORIENTED_EDGE('',*,*,#2045,.T.);
#2045 = EDGE_CURVE('',#2038,#298,#2046,.T.);
#2046 = LINE('',#2047,#2048);
#2047 = CARTESIAN_POINT('',(4.5E-02,-0.995,0.));
#2048 = VECTOR('',#2049,1.);
#2049 = DIRECTION('',(0.,0.,1.));
#2050 = ORIENTED_EDGE('',*,*,#305,.T.);
#2051 = ORIENTED_EDGE('',*,*,#2023,.T.);
#2052 = PLANE('',#2053);
#2053 = AXIS2_PLACEMENT_3D('',#2054,#2055,#2056);
#2054 = CARTESIAN_POINT('',(-17.898581,-0.995,0.));
#2055 = DIRECTION('',(0.,1.,0.));
#2056 = DIRECTION('',(1.,0.,0.));
#2057 = ADVANCED_FACE('',(#2058),#2108,.F.);
#2058 = FACE_BOUND('',#2059,.F.);
#2059 = EDGE_LOOP('',(#2060,#2068,#2069,#2070,#2078,#2086,#2094,#2102));
#2060 = ORIENTED_EDGE('',*,*,#2061,.F.);
#2061 = EDGE_CURVE('',#2038,#2062,#2064,.T.);
#2062 = VERTEX_POINT('',#2063);
#2063 = CARTESIAN_POINT('',(0.25,-1.2,0.));
#2064 = LINE('',#2065,#2066);
#2065 = CARTESIAN_POINT('',(0.,-0.95,0.));
#2066 = VECTOR('',#2067,1.);
#2067 = DIRECTION('',(0.707106781187,-0.707106781187,0.));
#2068 = ORIENTED_EDGE('',*,*,#2045,.T.);
#2069 = ORIENTED_EDGE('',*,*,#297,.F.);
#2070 = ORIENTED_EDGE('',*,*,#2071,.T.);
#2071 = EDGE_CURVE('',#290,#2072,#2074,.T.);
#2072 = VERTEX_POINT('',#2073);
#2073 = CARTESIAN_POINT('',(0.,-0.95,2.4));
#2074 = LINE('',#2075,#2076);
#2075 = CARTESIAN_POINT('',(0.,-0.95,0.));
#2076 = VECTOR('',#2077,1.);
#2077 = DIRECTION('',(0.,0.,1.));
#2078 = ORIENTED_EDGE('',*,*,#2079,.T.);
#2079 = EDGE_CURVE('',#2072,#2080,#2082,.T.);
#2080 = VERTEX_POINT('',#2081);
#2081 = CARTESIAN_POINT('',(3.011666455E-06,-0.950003011666,2.4));
#2082 = LINE('',#2083,#2084);
#2083 = CARTESIAN_POINT('',(-2.142489805558,1.192489805558,2.4));
#2084 = VECTOR('',#2085,1.);
#2085 = DIRECTION('',(0.707106781187,-0.707106781187,0.));
#2086 = ORIENTED_EDGE('',*,*,#2087,.F.);
#2087 = EDGE_CURVE('',#2088,#2080,#2090,.T.);
#2088 = VERTEX_POINT('',#2089);
#2089 = CARTESIAN_POINT('',(3.011666455E-06,-0.950003011666,2.5));
#2090 = LINE('',#2091,#2092);
#2091 = CARTESIAN_POINT('',(3.01166645458E-06,-0.950003011666,1.25));
#2092 = VECTOR('',#2093,1.);
#2093 = DIRECTION('',(0.,0.,-1.));
#2094 = ORIENTED_EDGE('',*,*,#2095,.T.);
#2095 = EDGE_CURVE('',#2088,#2096,#2098,.T.);
#2096 = VERTEX_POINT('',#2097);
#2097 = CARTESIAN_POINT('',(0.25,-1.2,2.5));
#2098 = LINE('',#2099,#2100);
#2099 = CARTESIAN_POINT('',(0.,-0.95,2.5));
#2100 = VECTOR('',#2101,1.);
#2101 = DIRECTION('',(0.707106781187,-0.707106781187,0.));
#2102 = ORIENTED_EDGE('',*,*,#2103,.F.);
#2103 = EDGE_CURVE('',#2062,#2096,#2104,.T.);
#2104 = LINE('',#2105,#2106);
#2105 = CARTESIAN_POINT('',(0.25,-1.2,0.));
#2106 = VECTOR('',#2107,1.);
#2107 = DIRECTION('',(0.,0.,1.));
#2108 = PLANE('',#2109);
#2109 = AXIS2_PLACEMENT_3D('',#2110,#2111,#2112);
#2110 = CARTESIAN_POINT('',(0.,-0.95,0.));
#2111 = DIRECTION('',(0.707106781187,0.707106781187,0.));
#2112 = DIRECTION('',(0.707106781187,-0.707106781187,0.));
#2113 = ADVANCED_FACE('',(#2114),#2164,.F.);
#2114 = FACE_BOUND('',#2115,.F.);
#2115 = EDGE_LOOP('',(#2116,#2126,#2134,#2142,#2150,#2156,#2157,#2158));
#2116 = ORIENTED_EDGE('',*,*,#2117,.F.);
#2117 = EDGE_CURVE('',#2118,#2120,#2122,.T.);
#2118 = VERTEX_POINT('',#2119);
#2119 = CARTESIAN_POINT('',(-0.25,-1.2,0.));
#2120 = VERTEX_POINT('',#2121);
#2121 = CARTESIAN_POINT('',(-4.5E-02,-0.995,0.));
#2122 = LINE('',#2123,#2124);
#2123 = CARTESIAN_POINT('',(-0.25,-1.2,0.));
#2124 = VECTOR('',#2125,1.);
#2125 = DIRECTION('',(0.707106781187,0.707106781187,0.));
#2126 = ORIENTED_EDGE('',*,*,#2127,.T.);
#2127 = EDGE_CURVE('',#2118,#2128,#2130,.T.);
#2128 = VERTEX_POINT('',#2129);
#2129 = CARTESIAN_POINT('',(-0.25,-1.2,2.5));
#2130 = LINE('',#2131,#2132);
#2131 = CARTESIAN_POINT('',(-0.25,-1.2,0.));
#2132 = VECTOR('',#2133,1.);
#2133 = DIRECTION('',(0.,0.,1.));
#2134 = ORIENTED_EDGE('',*,*,#2135,.T.);
#2135 = EDGE_CURVE('',#2128,#2136,#2138,.T.);
#2136 = VERTEX_POINT('',#2137);
#2137 = CARTESIAN_POINT('',(-1.9994E-02,-0.969994,2.5));
#2138 = LINE('',#2139,#2140);
#2139 = CARTESIAN_POINT('',(-0.25,-1.2,2.5));
#2140 = VECTOR('',#2141,1.);
#2141 = DIRECTION('',(0.707106781187,0.707106781187,0.));
#2142 = ORIENTED_EDGE('',*,*,#2143,.T.);
#2143 = EDGE_CURVE('',#2136,#2144,#2146,.T.);
#2144 = VERTEX_POINT('',#2145);
#2145 = CARTESIAN_POINT('',(-1.9994E-02,-0.969994,2.4));
#2146 = LINE('',#2147,#2148);
#2147 = CARTESIAN_POINT('',(-1.9994E-02,-0.969994,1.25));
#2148 = VECTOR('',#2149,1.);
#2149 = DIRECTION('',(0.,0.,-1.));
#2150 = ORIENTED_EDGE('',*,*,#2151,.T.);
#2151 = EDGE_CURVE('',#2144,#2072,#2152,.T.);
#2152 = LINE('',#2153,#2154);
#2153 = CARTESIAN_POINT('',(-1.792489805558,-2.742489805558,2.4));
#2154 = VECTOR('',#2155,1.);
#2155 = DIRECTION('',(0.707106781187,0.707106781187,0.));
#2156 = ORIENTED_EDGE('',*,*,#2071,.F.);
#2157 = ORIENTED_EDGE('',*,*,#289,.F.);
#2158 = ORIENTED_EDGE('',*,*,#2159,.T.);
#2159 = EDGE_CURVE('',#282,#2120,#2160,.T.);
#2160 = LINE('',#2161,#2162);
#2161 = CARTESIAN_POINT('',(-4.5E-02,-0.995,0.));
#2162 = VECTOR('',#2163,1.);
#2163 = DIRECTION('',(0.,0.,-1.));
#2164 = PLANE('',#2165);
#2165 = AXIS2_PLACEMENT_3D('',#2166,#2167,#2168);
#2166 = CARTESIAN_POINT('',(-0.25,-1.2,0.));
#2167 = DIRECTION('',(-0.707106781187,0.707106781187,0.));
#2168 = DIRECTION('',(0.707106781187,0.707106781187,0.));
#2169 = ADVANCED_FACE('',(#2170),#2188,.T.);
#2170 = FACE_BOUND('',#2171,.T.);
#2171 = EDGE_LOOP('',(#2172,#2180,#2186,#2187));
#2172 = ORIENTED_EDGE('',*,*,#2173,.F.);
#2173 = EDGE_CURVE('',#2174,#2120,#2176,.T.);
#2174 = VERTEX_POINT('',#2175);
#2175 = CARTESIAN_POINT('',(-2.495,-0.995,0.));
#2176 = LINE('',#2177,#2178);
#2177 = CARTESIAN_POINT('',(-17.898581,-0.995,0.));
#2178 = VECTOR('',#2179,1.);
#2179 = DIRECTION('',(1.,0.,0.));
#2180 = ORIENTED_EDGE('',*,*,#2181,.T.);
#2181 = EDGE_CURVE('',#2174,#274,#2182,.T.);
#2182 = LINE('',#2183,#2184);
#2183 = CARTESIAN_POINT('',(-2.495,-0.995,0.));
#2184 = VECTOR('',#2185,1.);
#2185 = DIRECTION('',(0.,0.,1.));
#2186 = ORIENTED_EDGE('',*,*,#281,.T.);
#2187 = ORIENTED_EDGE('',*,*,#2159,.T.);
#2188 = PLANE('',#2189);
#2189 = AXIS2_PLACEMENT_3D('',#2190,#2191,#2192);
#2190 = CARTESIAN_POINT('',(-17.898581,-0.995,0.));
#2191 = DIRECTION('',(0.,1.,0.));
#2192 = DIRECTION('',(1.,0.,0.));
#2193 = ADVANCED_FACE('',(#2194),#2244,.F.);
#2194 = FACE_BOUND('',#2195,.F.);
#2195 = EDGE_LOOP('',(#2196,#2204,#2205,#2206,#2214,#2222,#2230,#2238));
#2196 = ORIENTED_EDGE('',*,*,#2197,.F.);
#2197 = EDGE_CURVE('',#2174,#2198,#2200,.T.);
#2198 = VERTEX_POINT('',#2199);
#2199 = CARTESIAN_POINT('',(-2.29,-1.2,0.));
#2200 = LINE('',#2201,#2202);
#2201 = CARTESIAN_POINT('',(-2.54,-0.95,0.));
#2202 = VECTOR('',#2203,1.);
#2203 = DIRECTION('',(0.707106781187,-0.707106781187,0.));
#2204 = ORIENTED_EDGE('',*,*,#2181,.T.);
#2205 = ORIENTED_EDGE('',*,*,#273,.F.);
#2206 = ORIENTED_EDGE('',*,*,#2207,.T.);
#2207 = EDGE_CURVE('',#266,#2208,#2210,.T.);
#2208 = VERTEX_POINT('',#2209);
#2209 = CARTESIAN_POINT('',(-2.54,-0.95,2.4));
#2210 = LINE('',#2211,#2212);
#2211 = CARTESIAN_POINT('',(-2.54,-0.95,0.));
#2212 = VECTOR('',#2213,1.);
#2213 = DIRECTION('',(0.,0.,1.));
#2214 = ORIENTED_EDGE('',*,*,#2215,.T.);
#2215 = EDGE_CURVE('',#2208,#2216,#2218,.T.);
#2216 = VERTEX_POINT('',#2217);
#2217 = CARTESIAN_POINT('',(-2.539997490278,-0.950002509722,2.4));
#2218 = LINE('',#2219,#2220);
#2219 = CARTESIAN_POINT('',(-4.047489805558,0.557489805558,2.4));
#2220 = VECTOR('',#2221,1.);
#2221 = DIRECTION('',(0.707106781187,-0.707106781187,0.));
#2222 = ORIENTED_EDGE('',*,*,#2223,.F.);
#2223 = EDGE_CURVE('',#2224,#2216,#2226,.T.);
#2224 = VERTEX_POINT('',#2225);
#2225 = CARTESIAN_POINT('',(-2.539997490278,-0.950002509722,2.5));
#2226 = LINE('',#2227,#2228);
#2227 = CARTESIAN_POINT('',(-2.539997490278,-0.950002509722,1.25));
#2228 = VECTOR('',#2229,1.);
#2229 = DIRECTION('',(0.,0.,-1.));
#2230 = ORIENTED_EDGE('',*,*,#2231,.T.);
#2231 = EDGE_CURVE('',#2224,#2232,#2234,.T.);
#2232 = VERTEX_POINT('',#2233);
#2233 = CARTESIAN_POINT('',(-2.29,-1.2,2.5));
#2234 = LINE('',#2235,#2236);
#2235 = CARTESIAN_POINT('',(-2.54,-0.95,2.5));
#2236 = VECTOR('',#2237,1.);
#2237 = DIRECTION('',(0.707106781187,-0.707106781187,0.));
#2238 = ORIENTED_EDGE('',*,*,#2239,.F.);
#2239 = EDGE_CURVE('',#2198,#2232,#2240,.T.);
#2240 = LINE('',#2241,#2242);
#2241 = CARTESIAN_POINT('',(-2.29,-1.2,0.));
#2242 = VECTOR('',#2243,1.);
#2243 = DIRECTION('',(0.,0.,1.));
#2244 = PLANE('',#2245);
#2245 = AXIS2_PLACEMENT_3D('',#2246,#2247,#2248);
#2246 = CARTESIAN_POINT('',(-2.54,-0.95,0.));
#2247 = DIRECTION('',(0.707106781187,0.707106781187,0.));
#2248 = DIRECTION('',(0.707106781187,-0.707106781187,0.));
#2249 = ADVANCED_FACE('',(#2250),#2300,.F.);
#2250 = FACE_BOUND('',#2251,.F.);
#2251 = EDGE_LOOP('',(#2252,#2262,#2270,#2278,#2286,#2292,#2293,#2294));
#2252 = ORIENTED_EDGE('',*,*,#2253,.F.);
#2253 = EDGE_CURVE('',#2254,#2256,#2258,.T.);
#2254 = VERTEX_POINT('',#2255);
#2255 = CARTESIAN_POINT('',(-2.79,-1.2,0.));
#2256 = VERTEX_POINT('',#2257);
#2257 = CARTESIAN_POINT('',(-2.585,-0.995,0.));
#2258 = LINE('',#2259,#2260);
#2259 = CARTESIAN_POINT('',(-2.79,-1.2,0.));
#2260 = VECTOR('',#2261,1.);
#2261 = DIRECTION('',(0.707106781187,0.707106781187,0.));
#2262 = ORIENTED_EDGE('',*,*,#2263,.T.);
#2263 = EDGE_CURVE('',#2254,#2264,#2266,.T.);
#2264 = VERTEX_POINT('',#2265);
#2265 = CARTESIAN_POINT('',(-2.79,-1.2,2.5));
#2266 = LINE('',#2267,#2268);
#2267 = CARTESIAN_POINT('',(-2.79,-1.2,0.));
#2268 = VECTOR('',#2269,1.);
#2269 = DIRECTION('',(0.,0.,1.));
#2270 = ORIENTED_EDGE('',*,*,#2271,.T.);
#2271 = EDGE_CURVE('',#2264,#2272,#2274,.T.);
#2272 = VERTEX_POINT('',#2273);
#2273 = CARTESIAN_POINT('',(-2.559995,-0.969995,2.5));
#2274 = LINE('',#2275,#2276);
#2275 = CARTESIAN_POINT('',(-2.79,-1.2,2.5));
#2276 = VECTOR('',#2277,1.);
#2277 = DIRECTION('',(0.707106781187,0.707106781187,0.));
#2278 = ORIENTED_EDGE('',*,*,#2279,.T.);
#2279 = EDGE_CURVE('',#2272,#2280,#2282,.T.);
#2280 = VERTEX_POINT('',#2281);
#2281 = CARTESIAN_POINT('',(-2.559995,-0.969995,2.4));
#2282 = LINE('',#2283,#2284);
#2283 = CARTESIAN_POINT('',(-2.559995,-0.969995,1.25));
#2284 = VECTOR('',#2285,1.);
#2285 = DIRECTION('',(0.,0.,-1.));
#2286 = ORIENTED_EDGE('',*,*,#2287,.T.);
#2287 = EDGE_CURVE('',#2280,#2208,#2288,.T.);
#2288 = LINE('',#2289,#2290);
#2289 = CARTESIAN_POINT('',(-3.697489805558,-2.107489805558,2.4));
#2290 = VECTOR('',#2291,1.);
#2291 = DIRECTION('',(0.707106781187,0.707106781187,0.));
#2292 = ORIENTED_EDGE('',*,*,#2207,.F.);
#2293 = ORIENTED_EDGE('',*,*,#265,.F.);
#2294 = ORIENTED_EDGE('',*,*,#2295,.T.);
#2295 = EDGE_CURVE('',#258,#2256,#2296,.T.);
#2296 = LINE('',#2297,#2298);
#2297 = CARTESIAN_POINT('',(-2.585,-0.995,0.));
#2298 = VECTOR('',#2299,1.);
#2299 = DIRECTION('',(0.,0.,-1.));
#2300 = PLANE('',#2301);
#2301 = AXIS2_PLACEMENT_3D('',#2302,#2303,#2304);
#2302 = CARTESIAN_POINT('',(-2.79,-1.2,0.));
#2303 = DIRECTION('',(-0.707106781187,0.707106781187,0.));
#2304 = DIRECTION('',(0.707106781187,0.707106781187,0.));
#2305 = ADVANCED_FACE('',(#2306),#2324,.T.);
#2306 = FACE_BOUND('',#2307,.T.);
#2307 = EDGE_LOOP('',(#2308,#2316,#2322,#2323));
#2308 = ORIENTED_EDGE('',*,*,#2309,.F.);
#2309 = EDGE_CURVE('',#2310,#2256,#2312,.T.);
#2310 = VERTEX_POINT('',#2311);
#2311 = CARTESIAN_POINT('',(-5.035,-0.995,0.));
#2312 = LINE('',#2313,#2314);
#2313 = CARTESIAN_POINT('',(-17.898581,-0.995,0.));
#2314 = VECTOR('',#2315,1.);
#2315 = DIRECTION('',(1.,0.,0.));
#2316 = ORIENTED_EDGE('',*,*,#2317,.T.);
#2317 = EDGE_CURVE('',#2310,#250,#2318,.T.);
#2318 = LINE('',#2319,#2320);
#2319 = CARTESIAN_POINT('',(-5.035,-0.995,0.));
#2320 = VECTOR('',#2321,1.);
#2321 = DIRECTION('',(0.,0.,1.));
#2322 = ORIENTED_EDGE('',*,*,#257,.T.);
#2323 = ORIENTED_EDGE('',*,*,#2295,.T.);
#2324 = PLANE('',#2325);
#2325 = AXIS2_PLACEMENT_3D('',#2326,#2327,#2328);
#2326 = CARTESIAN_POINT('',(-17.898581,-0.995,0.));
#2327 = DIRECTION('',(0.,1.,0.));
#2328 = DIRECTION('',(1.,0.,0.));
#2329 = ADVANCED_FACE('',(#2330),#2380,.F.);
#2330 = FACE_BOUND('',#2331,.F.);
#2331 = EDGE_LOOP('',(#2332,#2340,#2341,#2342,#2350,#2358,#2366,#2374));
#2332 = ORIENTED_EDGE('',*,*,#2333,.F.);
#2333 = EDGE_CURVE('',#2310,#2334,#2336,.T.);
#2334 = VERTEX_POINT('',#2335);
#2335 = CARTESIAN_POINT('',(-4.83,-1.2,0.));
#2336 = LINE('',#2337,#2338);
#2337 = CARTESIAN_POINT('',(-5.08,-0.95,0.));
#2338 = VECTOR('',#2339,1.);
#2339 = DIRECTION('',(0.707106781187,-0.707106781187,0.));
#2340 = ORIENTED_EDGE('',*,*,#2317,.T.);
#2341 = ORIENTED_EDGE('',*,*,#249,.F.);
#2342 = ORIENTED_EDGE('',*,*,#2343,.T.);
#2343 = EDGE_CURVE('',#242,#2344,#2346,.T.);
#2344 = VERTEX_POINT('',#2345);
#2345 = CARTESIAN_POINT('',(-5.08,-0.95,2.4));
#2346 = LINE('',#2347,#2348);
#2347 = CARTESIAN_POINT('',(-5.08,-0.95,0.));
#2348 = VECTOR('',#2349,1.);
#2349 = DIRECTION('',(0.,0.,1.));
#2350 = ORIENTED_EDGE('',*,*,#2351,.T.);
#2351 = EDGE_CURVE('',#2344,#2352,#2354,.T.);
#2352 = VERTEX_POINT('',#2353);
#2353 = CARTESIAN_POINT('',(-5.079997992222,-0.950002007778,2.4));
#2354 = LINE('',#2355,#2356);
#2355 = CARTESIAN_POINT('',(-5.952489805558,-7.751019444154E-02,2.4));
#2356 = VECTOR('',#2357,1.);
#2357 = DIRECTION('',(0.707106781187,-0.707106781187,0.));
#2358 = ORIENTED_EDGE('',*,*,#2359,.F.);
#2359 = EDGE_CURVE('',#2360,#2352,#2362,.T.);
#2360 = VERTEX_POINT('',#2361);
#2361 = CARTESIAN_POINT('',(-5.079997992222,-0.950002007778,2.5));
#2362 = LINE('',#2363,#2364);
#2363 = CARTESIAN_POINT('',(-5.079997992222,-0.950002007778,1.25));
#2364 = VECTOR('',#2365,1.);
#2365 = DIRECTION('',(0.,0.,-1.));
#2366 = ORIENTED_EDGE('',*,*,#2367,.T.);
#2367 = EDGE_CURVE('',#2360,#2368,#2370,.T.);
#2368 = VERTEX_POINT('',#2369);
#2369 = CARTESIAN_POINT('',(-4.83,-1.2,2.5));
#2370 = LINE('',#2371,#2372);
#2371 = CARTESIAN_POINT('',(-5.08,-0.95,2.5));
#2372 = VECTOR('',#2373,1.);
#2373 = DIRECTION('',(0.707106781187,-0.707106781187,0.));
#2374 = ORIENTED_EDGE('',*,*,#2375,.F.);
#2375 = EDGE_CURVE('',#2334,#2368,#2376,.T.);
#2376 = LINE('',#2377,#2378);
#2377 = CARTESIAN_POINT('',(-4.83,-1.2,0.));
#2378 = VECTOR('',#2379,1.);
#2379 = DIRECTION('',(0.,0.,1.));
#2380 = PLANE('',#2381);
#2381 = AXIS2_PLACEMENT_3D('',#2382,#2383,#2384);
#2382 = CARTESIAN_POINT('',(-5.08,-0.95,0.));
#2383 = DIRECTION('',(0.707106781187,0.707106781187,0.));
#2384 = DIRECTION('',(0.707106781187,-0.707106781187,0.));
#2385 = ADVANCED_FACE('',(#2386),#2436,.F.);
#2386 = FACE_BOUND('',#2387,.F.);
#2387 = EDGE_LOOP('',(#2388,#2398,#2406,#2414,#2422,#2428,#2429,#2430));
#2388 = ORIENTED_EDGE('',*,*,#2389,.F.);
#2389 = EDGE_CURVE('',#2390,#2392,#2394,.T.);
#2390 = VERTEX_POINT('',#2391);
#2391 = CARTESIAN_POINT('',(-5.33,-1.2,0.));
#2392 = VERTEX_POINT('',#2393);
#2393 = CARTESIAN_POINT('',(-5.125,-0.995,0.));
#2394 = LINE('',#2395,#2396);
#2395 = CARTESIAN_POINT('',(-5.33,-1.2,0.));
#2396 = VECTOR('',#2397,1.);
#2397 = DIRECTION('',(0.707106781187,0.707106781187,0.));
#2398 = ORIENTED_EDGE('',*,*,#2399,.T.);
#2399 = EDGE_CURVE('',#2390,#2400,#2402,.T.);
#2400 = VERTEX_POINT('',#2401);
#2401 = CARTESIAN_POINT('',(-5.33,-1.2,2.5));
#2402 = LINE('',#2403,#2404);
#2403 = CARTESIAN_POINT('',(-5.33,-1.2,0.));
#2404 = VECTOR('',#2405,1.);
#2405 = DIRECTION('',(0.,0.,1.));
#2406 = ORIENTED_EDGE('',*,*,#2407,.T.);
#2407 = EDGE_CURVE('',#2400,#2408,#2410,.T.);
#2408 = VERTEX_POINT('',#2409);
#2409 = CARTESIAN_POINT('',(-5.099996,-0.969996,2.5));
#2410 = LINE('',#2411,#2412);
#2411 = CARTESIAN_POINT('',(-5.33,-1.2,2.5));
#2412 = VECTOR('',#2413,1.);
#2413 = DIRECTION('',(0.707106781187,0.707106781187,0.));
#2414 = ORIENTED_EDGE('',*,*,#2415,.T.);
#2415 = EDGE_CURVE('',#2408,#2416,#2418,.T.);
#2416 = VERTEX_POINT('',#2417);
#2417 = CARTESIAN_POINT('',(-5.099996,-0.969996,2.4));
#2418 = LINE('',#2419,#2420);
#2419 = CARTESIAN_POINT('',(-5.099996,-0.969996,1.25));
#2420 = VECTOR('',#2421,1.);
#2421 = DIRECTION('',(0.,0.,-1.));
#2422 = ORIENTED_EDGE('',*,*,#2423,.T.);
#2423 = EDGE_CURVE('',#2416,#2344,#2424,.T.);
#2424 = LINE('',#2425,#2426);
#2425 = CARTESIAN_POINT('',(-5.602489805558,-1.472489805558,2.4));
#2426 = VECTOR('',#2427,1.);
#2427 = DIRECTION('',(0.707106781187,0.707106781187,0.));
#2428 = ORIENTED_EDGE('',*,*,#2343,.F.);
#2429 = ORIENTED_EDGE('',*,*,#241,.F.);
#2430 = ORIENTED_EDGE('',*,*,#2431,.T.);
#2431 = EDGE_CURVE('',#234,#2392,#2432,.T.);
#2432 = LINE('',#2433,#2434);
#2433 = CARTESIAN_POINT('',(-5.125,-0.995,0.));
#2434 = VECTOR('',#2435,1.);
#2435 = DIRECTION('',(0.,0.,-1.));
#2436 = PLANE('',#2437);
#2437 = AXIS2_PLACEMENT_3D('',#2438,#2439,#2440);
#2438 = CARTESIAN_POINT('',(-5.33,-1.2,0.));
#2439 = DIRECTION('',(-0.707106781187,0.707106781187,0.));
#2440 = DIRECTION('',(0.707106781187,0.707106781187,0.));
#2441 = ADVANCED_FACE('',(#2442),#2460,.T.);
#2442 = FACE_BOUND('',#2443,.T.);
#2443 = EDGE_LOOP('',(#2444,#2452,#2458,#2459));
#2444 = ORIENTED_EDGE('',*,*,#2445,.F.);
#2445 = EDGE_CURVE('',#2446,#2392,#2448,.T.);
#2446 = VERTEX_POINT('',#2447);
#2447 = CARTESIAN_POINT('',(-7.575,-0.995,0.));
#2448 = LINE('',#2449,#2450);
#2449 = CARTESIAN_POINT('',(-17.898581,-0.995,0.));
#2450 = VECTOR('',#2451,1.);
#2451 = DIRECTION('',(1.,0.,0.));
#2452 = ORIENTED_EDGE('',*,*,#2453,.T.);
#2453 = EDGE_CURVE('',#2446,#226,#2454,.T.);
#2454 = LINE('',#2455,#2456);
#2455 = CARTESIAN_POINT('',(-7.575,-0.995,0.));
#2456 = VECTOR('',#2457,1.);
#2457 = DIRECTION('',(0.,0.,1.));
#2458 = ORIENTED_EDGE('',*,*,#233,.T.);
#2459 = ORIENTED_EDGE('',*,*,#2431,.T.);
#2460 = PLANE('',#2461);
#2461 = AXIS2_PLACEMENT_3D('',#2462,#2463,#2464);
#2462 = CARTESIAN_POINT('',(-17.898581,-0.995,0.));
#2463 = DIRECTION('',(0.,1.,0.));
#2464 = DIRECTION('',(1.,0.,0.));
#2465 = ADVANCED_FACE('',(#2466),#2516,.F.);
#2466 = FACE_BOUND('',#2467,.F.);
#2467 = EDGE_LOOP('',(#2468,#2476,#2477,#2478,#2486,#2494,#2502,#2510));
#2468 = ORIENTED_EDGE('',*,*,#2469,.F.);
#2469 = EDGE_CURVE('',#2446,#2470,#2472,.T.);
#2470 = VERTEX_POINT('',#2471);
#2471 = CARTESIAN_POINT('',(-7.37,-1.2,0.));
#2472 = LINE('',#2473,#2474);
#2473 = CARTESIAN_POINT('',(-7.62,-0.95,0.));
#2474 = VECTOR('',#2475,1.);
#2475 = DIRECTION('',(0.707106781187,-0.707106781187,0.));
#2476 = ORIENTED_EDGE('',*,*,#2453,.T.);
#2477 = ORIENTED_EDGE('',*,*,#225,.F.);
#2478 = ORIENTED_EDGE('',*,*,#2479,.T.);
#2479 = EDGE_CURVE('',#218,#2480,#2482,.T.);
#2480 = VERTEX_POINT('',#2481);
#2481 = CARTESIAN_POINT('',(-7.62,-0.95,2.4));
#2482 = LINE('',#2483,#2484);
#2483 = CARTESIAN_POINT('',(-7.62,-0.95,0.));
#2484 = VECTOR('',#2485,1.);
#2485 = DIRECTION('',(0.,0.,1.));
#2486 = ORIENTED_EDGE('',*,*,#2487,.T.);
#2487 = EDGE_CURVE('',#2480,#2488,#2490,.T.);
#2488 = VERTEX_POINT('',#2489);
#2489 = CARTESIAN_POINT('',(-7.619998494167,-0.950001505833,2.4));
#2490 = LINE('',#2491,#2492);
#2491 = CARTESIAN_POINT('',(-7.857489805558,-0.712510194442,2.4));
#2492 = VECTOR('',#2493,1.);
#2493 = DIRECTION('',(0.707106781187,-0.707106781187,0.));
#2494 = ORIENTED_EDGE('',*,*,#2495,.F.);
#2495 = EDGE_CURVE('',#2496,#2488,#2498,.T.);
#2496 = VERTEX_POINT('',#2497);
#2497 = CARTESIAN_POINT('',(-7.619998494167,-0.950001505833,2.5));
#2498 = LINE('',#2499,#2500);
#2499 = CARTESIAN_POINT('',(-7.619998494167,-0.950001505833,1.25));
#2500 = VECTOR('',#2501,1.);
#2501 = DIRECTION('',(0.,0.,-1.));
#2502 = ORIENTED_EDGE('',*,*,#2503,.T.);
#2503 = EDGE_CURVE('',#2496,#2504,#2506,.T.);
#2504 = VERTEX_POINT('',#2505);
#2505 = CARTESIAN_POINT('',(-7.37,-1.2,2.5));
#2506 = LINE('',#2507,#2508);
#2507 = CARTESIAN_POINT('',(-7.62,-0.95,2.5));
#2508 = VECTOR('',#2509,1.);
#2509 = DIRECTION('',(0.707106781187,-0.707106781187,0.));
#2510 = ORIENTED_EDGE('',*,*,#2511,.F.);
#2511 = EDGE_CURVE('',#2470,#2504,#2512,.T.);
#2512 = LINE('',#2513,#2514);
#2513 = CARTESIAN_POINT('',(-7.37,-1.2,0.));
#2514 = VECTOR('',#2515,1.);
#2515 = DIRECTION('',(0.,0.,1.));
#2516 = PLANE('',#2517);
#2517 = AXIS2_PLACEMENT_3D('',#2518,#2519,#2520);
#2518 = CARTESIAN_POINT('',(-7.62,-0.95,0.));
#2519 = DIRECTION('',(0.707106781187,0.707106781187,0.));
#2520 = DIRECTION('',(0.707106781187,-0.707106781187,0.));
#2521 = ADVANCED_FACE('',(#2522),#2572,.F.);
#2522 = FACE_BOUND('',#2523,.F.);
#2523 = EDGE_LOOP('',(#2524,#2534,#2542,#2550,#2558,#2564,#2565,#2566));
#2524 = ORIENTED_EDGE('',*,*,#2525,.F.);
#2525 = EDGE_CURVE('',#2526,#2528,#2530,.T.);
#2526 = VERTEX_POINT('',#2527);
#2527 = CARTESIAN_POINT('',(-7.87,-1.2,0.));
#2528 = VERTEX_POINT('',#2529);
#2529 = CARTESIAN_POINT('',(-7.665,-0.995,0.));
#2530 = LINE('',#2531,#2532);
#2531 = CARTESIAN_POINT('',(-7.87,-1.2,0.));
#2532 = VECTOR('',#2533,1.);
#2533 = DIRECTION('',(0.707106781187,0.707106781187,0.));
#2534 = ORIENTED_EDGE('',*,*,#2535,.T.);
#2535 = EDGE_CURVE('',#2526,#2536,#2538,.T.);
#2536 = VERTEX_POINT('',#2537);
#2537 = CARTESIAN_POINT('',(-7.87,-1.2,2.5));
#2538 = LINE('',#2539,#2540);
#2539 = CARTESIAN_POINT('',(-7.87,-1.2,0.));
#2540 = VECTOR('',#2541,1.);
#2541 = DIRECTION('',(0.,0.,1.));
#2542 = ORIENTED_EDGE('',*,*,#2543,.T.);
#2543 = EDGE_CURVE('',#2536,#2544,#2546,.T.);
#2544 = VERTEX_POINT('',#2545);
#2545 = CARTESIAN_POINT('',(-7.639997,-0.969997,2.5));
#2546 = LINE('',#2547,#2548);
#2547 = CARTESIAN_POINT('',(-7.87,-1.2,2.5));
#2548 = VECTOR('',#2549,1.);
#2549 = DIRECTION('',(0.707106781187,0.707106781187,0.));
#2550 = ORIENTED_EDGE('',*,*,#2551,.T.);
#2551 = EDGE_CURVE('',#2544,#2552,#2554,.T.);
#2552 = VERTEX_POINT('',#2553);
#2553 = CARTESIAN_POINT('',(-7.639997,-0.969997,2.4));
#2554 = LINE('',#2555,#2556);
#2555 = CARTESIAN_POINT('',(-7.639997,-0.969997,1.25));
#2556 = VECTOR('',#2557,1.);
#2557 = DIRECTION('',(0.,0.,-1.));
#2558 = ORIENTED_EDGE('',*,*,#2559,.T.);
#2559 = EDGE_CURVE('',#2552,#2480,#2560,.T.);
#2560 = LINE('',#2561,#2562);
#2561 = CARTESIAN_POINT('',(-7.507489805558,-0.837489805558,2.4));
#2562 = VECTOR('',#2563,1.);
#2563 = DIRECTION('',(0.707106781187,0.707106781187,0.));
#2564 = ORIENTED_EDGE('',*,*,#2479,.F.);
#2565 = ORIENTED_EDGE('',*,*,#217,.F.);
#2566 = ORIENTED_EDGE('',*,*,#2567,.T.);
#2567 = EDGE_CURVE('',#210,#2528,#2568,.T.);
#2568 = LINE('',#2569,#2570);
#2569 = CARTESIAN_POINT('',(-7.665,-0.995,0.));
#2570 = VECTOR('',#2571,1.);
#2571 = DIRECTION('',(0.,0.,-1.));
#2572 = PLANE('',#2573);
#2573 = AXIS2_PLACEMENT_3D('',#2574,#2575,#2576);
#2574 = CARTESIAN_POINT('',(-7.87,-1.2,0.));
#2575 = DIRECTION('',(-0.707106781187,0.707106781187,0.));
#2576 = DIRECTION('',(0.707106781187,0.707106781187,0.));
#2577 = ADVANCED_FACE('',(#2578),#2596,.T.);
#2578 = FACE_BOUND('',#2579,.T.);
#2579 = EDGE_LOOP('',(#2580,#2588,#2594,#2595));
#2580 = ORIENTED_EDGE('',*,*,#2581,.F.);
#2581 = EDGE_CURVE('',#2582,#2528,#2584,.T.);
#2582 = VERTEX_POINT('',#2583);
#2583 = CARTESIAN_POINT('',(-10.115,-0.995,0.));
#2584 = LINE('',#2585,#2586);
#2585 = CARTESIAN_POINT('',(-17.898581,-0.995,0.));
#2586 = VECTOR('',#2587,1.);
#2587 = DIRECTION('',(1.,0.,0.));
#2588 = ORIENTED_EDGE('',*,*,#2589,.T.);
#2589 = EDGE_CURVE('',#2582,#202,#2590,.T.);
#2590 = LINE('',#2591,#2592);
#2591 = CARTESIAN_POINT('',(-10.115,-0.995,0.));
#2592 = VECTOR('',#2593,1.);
#2593 = DIRECTION('',(0.,0.,1.));
#2594 = ORIENTED_EDGE('',*,*,#209,.T.);
#2595 = ORIENTED_EDGE('',*,*,#2567,.T.);
#2596 = PLANE('',#2597);
#2597 = AXIS2_PLACEMENT_3D('',#2598,#2599,#2600);
#2598 = CARTESIAN_POINT('',(-17.898581,-0.995,0.));
#2599 = DIRECTION('',(0.,1.,0.));
#2600 = DIRECTION('',(1.,0.,0.));
#2601 = ADVANCED_FACE('',(#2602),#2652,.F.);
#2602 = FACE_BOUND('',#2603,.F.);
#2603 = EDGE_LOOP('',(#2604,#2612,#2613,#2614,#2622,#2630,#2638,#2646));
#2604 = ORIENTED_EDGE('',*,*,#2605,.F.);
#2605 = EDGE_CURVE('',#2582,#2606,#2608,.T.);
#2606 = VERTEX_POINT('',#2607);
#2607 = CARTESIAN_POINT('',(-9.91,-1.2,0.));
#2608 = LINE('',#2609,#2610);
#2609 = CARTESIAN_POINT('',(-10.16,-0.95,0.));
#2610 = VECTOR('',#2611,1.);
#2611 = DIRECTION('',(0.707106781187,-0.707106781187,0.));
#2612 = ORIENTED_EDGE('',*,*,#2589,.T.);
#2613 = ORIENTED_EDGE('',*,*,#201,.F.);
#2614 = ORIENTED_EDGE('',*,*,#2615,.T.);
#2615 = EDGE_CURVE('',#194,#2616,#2618,.T.);
#2616 = VERTEX_POINT('',#2617);
#2617 = CARTESIAN_POINT('',(-10.16,-0.95,2.4));
#2618 = LINE('',#2619,#2620);
#2619 = CARTESIAN_POINT('',(-10.16,-0.95,0.));
#2620 = VECTOR('',#2621,1.);
#2621 = DIRECTION('',(0.,0.,1.));
#2622 = ORIENTED_EDGE('',*,*,#2623,.T.);
#2623 = EDGE_CURVE('',#2616,#2624,#2626,.T.);
#2624 = VERTEX_POINT('',#2625);
#2625 = CARTESIAN_POINT('',(-10.15999899611,-0.950001003889,2.4));
#2626 = LINE('',#2627,#2628);
#2627 = CARTESIAN_POINT('',(-9.762489805558,-1.347510194442,2.4));
#2628 = VECTOR('',#2629,1.);
#2629 = DIRECTION('',(0.707106781187,-0.707106781187,0.));
#2630 = ORIENTED_EDGE('',*,*,#2631,.F.);
#2631 = EDGE_CURVE('',#2632,#2624,#2634,.T.);
#2632 = VERTEX_POINT('',#2633);
#2633 = CARTESIAN_POINT('',(-10.15999899611,-0.950001003889,2.5));
#2634 = LINE('',#2635,#2636);
#2635 = CARTESIAN_POINT('',(-10.15999899611,-0.950001003889,1.25));
#2636 = VECTOR('',#2637,1.);
#2637 = DIRECTION('',(0.,0.,-1.));
#2638 = ORIENTED_EDGE('',*,*,#2639,.T.);
#2639 = EDGE_CURVE('',#2632,#2640,#2642,.T.);
#2640 = VERTEX_POINT('',#2641);
#2641 = CARTESIAN_POINT('',(-9.91,-1.2,2.5));
#2642 = LINE('',#2643,#2644);
#2643 = CARTESIAN_POINT('',(-10.16,-0.95,2.5));
#2644 = VECTOR('',#2645,1.);
#2645 = DIRECTION('',(0.707106781187,-0.707106781187,0.));
#2646 = ORIENTED_EDGE('',*,*,#2647,.F.);
#2647 = EDGE_CURVE('',#2606,#2640,#2648,.T.);
#2648 = LINE('',#2649,#2650);
#2649 = CARTESIAN_POINT('',(-9.91,-1.2,0.));
#2650 = VECTOR('',#2651,1.);
#2651 = DIRECTION('',(0.,0.,1.));
#2652 = PLANE('',#2653);
#2653 = AXIS2_PLACEMENT_3D('',#2654,#2655,#2656);
#2654 = CARTESIAN_POINT('',(-10.16,-0.95,0.));
#2655 = DIRECTION('',(0.707106781187,0.707106781187,0.));
#2656 = DIRECTION('',(0.707106781187,-0.707106781187,0.));
#2657 = ADVANCED_FACE('',(#2658),#2708,.F.);
#2658 = FACE_BOUND('',#2659,.F.);
#2659 = EDGE_LOOP('',(#2660,#2670,#2678,#2686,#2694,#2700,#2701,#2702));
#2660 = ORIENTED_EDGE('',*,*,#2661,.F.);
#2661 = EDGE_CURVE('',#2662,#2664,#2666,.T.);
#2662 = VERTEX_POINT('',#2663);
#2663 = CARTESIAN_POINT('',(-10.41,-1.2,0.));
#2664 = VERTEX_POINT('',#2665);
#2665 = CARTESIAN_POINT('',(-10.205,-0.995,0.));
#2666 = LINE('',#2667,#2668);
#2667 = CARTESIAN_POINT('',(-10.41,-1.2,0.));
#2668 = VECTOR('',#2669,1.);
#2669 = DIRECTION('',(0.707106781187,0.707106781187,0.));
#2670 = ORIENTED_EDGE('',*,*,#2671,.T.);
#2671 = EDGE_CURVE('',#2662,#2672,#2674,.T.);
#2672 = VERTEX_POINT('',#2673);
#2673 = CARTESIAN_POINT('',(-10.41,-1.2,2.5));
#2674 = LINE('',#2675,#2676);
#2675 = CARTESIAN_POINT('',(-10.41,-1.2,0.));
#2676 = VECTOR('',#2677,1.);
#2677 = DIRECTION('',(0.,0.,1.));
#2678 = ORIENTED_EDGE('',*,*,#2679,.T.);
#2679 = EDGE_CURVE('',#2672,#2680,#2682,.T.);
#2680 = VERTEX_POINT('',#2681);
#2681 = CARTESIAN_POINT('',(-10.179998,-0.969998,2.5));
#2682 = LINE('',#2683,#2684);
#2683 = CARTESIAN_POINT('',(-10.41,-1.2,2.5));
#2684 = VECTOR('',#2685,1.);
#2685 = DIRECTION('',(0.707106781187,0.707106781187,0.));
#2686 = ORIENTED_EDGE('',*,*,#2687,.T.);
#2687 = EDGE_CURVE('',#2680,#2688,#2690,.T.);
#2688 = VERTEX_POINT('',#2689);
#2689 = CARTESIAN_POINT('',(-10.179998,-0.969998,2.4));
#2690 = LINE('',#2691,#2692);
#2691 = CARTESIAN_POINT('',(-10.179998,-0.969998,1.25));
#2692 = VECTOR('',#2693,1.);
#2693 = DIRECTION('',(0.,0.,-1.));
#2694 = ORIENTED_EDGE('',*,*,#2695,.T.);
#2695 = EDGE_CURVE('',#2688,#2616,#2696,.T.);
#2696 = LINE('',#2697,#2698);
#2697 = CARTESIAN_POINT('',(-9.412489805558,-0.202489805558,2.4));
#2698 = VECTOR('',#2699,1.);
#2699 = DIRECTION('',(0.707106781187,0.707106781187,0.));
#2700 = ORIENTED_EDGE('',*,*,#2615,.F.);
#2701 = ORIENTED_EDGE('',*,*,#193,.F.);
#2702 = ORIENTED_EDGE('',*,*,#2703,.T.);
#2703 = EDGE_CURVE('',#186,#2664,#2704,.T.);
#2704 = LINE('',#2705,#2706);
#2705 = CARTESIAN_POINT('',(-10.205,-0.995,0.));
#2706 = VECTOR('',#2707,1.);
#2707 = DIRECTION('',(0.,0.,-1.));
#2708 = PLANE('',#2709);
#2709 = AXIS2_PLACEMENT_3D('',#2710,#2711,#2712);
#2710 = CARTESIAN_POINT('',(-10.41,-1.2,0.));
#2711 = DIRECTION('',(-0.707106781187,0.707106781187,0.));
#2712 = DIRECTION('',(0.707106781187,0.707106781187,0.));
#2713 = ADVANCED_FACE('',(#2714),#2732,.T.);
#2714 = FACE_BOUND('',#2715,.T.);
#2715 = EDGE_LOOP('',(#2716,#2724,#2730,#2731));
#2716 = ORIENTED_EDGE('',*,*,#2717,.F.);
#2717 = EDGE_CURVE('',#2718,#2664,#2720,.T.);
#2718 = VERTEX_POINT('',#2719);
#2719 = CARTESIAN_POINT('',(-12.655,-0.995,0.));
#2720 = LINE('',#2721,#2722);
#2721 = CARTESIAN_POINT('',(-17.898581,-0.995,0.));
#2722 = VECTOR('',#2723,1.);
#2723 = DIRECTION('',(1.,0.,0.));
#2724 = ORIENTED_EDGE('',*,*,#2725,.T.);
#2725 = EDGE_CURVE('',#2718,#178,#2726,.T.);
#2726 = LINE('',#2727,#2728);
#2727 = CARTESIAN_POINT('',(-12.655,-0.995,0.));
#2728 = VECTOR('',#2729,1.);
#2729 = DIRECTION('',(0.,0.,1.));
#2730 = ORIENTED_EDGE('',*,*,#185,.T.);
#2731 = ORIENTED_EDGE('',*,*,#2703,.T.);
#2732 = PLANE('',#2733);
#2733 = AXIS2_PLACEMENT_3D('',#2734,#2735,#2736);
#2734 = CARTESIAN_POINT('',(-17.898581,-0.995,0.));
#2735 = DIRECTION('',(0.,1.,0.));
#2736 = DIRECTION('',(1.,0.,0.));
#2737 = ADVANCED_FACE('',(#2738),#2780,.F.);
#2738 = FACE_BOUND('',#2739,.F.);
#2739 = EDGE_LOOP('',(#2740,#2748,#2749,#2750,#2758,#2766,#2774));
#2740 = ORIENTED_EDGE('',*,*,#2741,.F.);
#2741 = EDGE_CURVE('',#2718,#2742,#2744,.T.);
#2742 = VERTEX_POINT('',#2743);
#2743 = CARTESIAN_POINT('',(-12.45,-1.2,0.));
#2744 = LINE('',#2745,#2746);
#2745 = CARTESIAN_POINT('',(-12.7,-0.95,0.));
#2746 = VECTOR('',#2747,1.);
#2747 = DIRECTION('',(0.707106781187,-0.707106781187,0.));
#2748 = ORIENTED_EDGE('',*,*,#2725,.T.);
#2749 = ORIENTED_EDGE('',*,*,#177,.F.);
#2750 = ORIENTED_EDGE('',*,*,#2751,.T.);
#2751 = EDGE_CURVE('',#170,#2752,#2754,.T.);
#2752 = VERTEX_POINT('',#2753);
#2753 = CARTESIAN_POINT('',(-12.69999974888,-0.950000251118,2.4));
#2754 = LINE('',#2755,#2756);
#2755 = CARTESIAN_POINT('',(-12.7,-0.95,0.));
#2756 = VECTOR('',#2757,1.);
#2757 = DIRECTION('',(0.,0.,1.));
#2758 = ORIENTED_EDGE('',*,*,#2759,.F.);
#2759 = EDGE_CURVE('',#2760,#2752,#2762,.T.);
#2760 = VERTEX_POINT('',#2761);
#2761 = CARTESIAN_POINT('',(-12.69999949805,-0.950000501944,2.5));
#2762 = LINE('',#2763,#2764);
#2763 = CARTESIAN_POINT('',(-12.69999949805,-0.950000501944,1.25));
#2764 = VECTOR('',#2765,1.);
#2765 = DIRECTION('',(0.,0.,-1.));
#2766 = ORIENTED_EDGE('',*,*,#2767,.T.);
#2767 = EDGE_CURVE('',#2760,#2768,#2770,.T.);
#2768 = VERTEX_POINT('',#2769);
#2769 = CARTESIAN_POINT('',(-12.45,-1.2,2.5));
#2770 = LINE('',#2771,#2772);
#2771 = CARTESIAN_POINT('',(-12.7,-0.95,2.5));
#2772 = VECTOR('',#2773,1.);
#2773 = DIRECTION('',(0.707106781187,-0.707106781187,0.));
#2774 = ORIENTED_EDGE('',*,*,#2775,.F.);
#2775 = EDGE_CURVE('',#2742,#2768,#2776,.T.);
#2776 = LINE('',#2777,#2778);
#2777 = CARTESIAN_POINT('',(-12.45,-1.2,0.));
#2778 = VECTOR('',#2779,1.);
#2779 = DIRECTION('',(0.,0.,1.));
#2780 = PLANE('',#2781);
#2781 = AXIS2_PLACEMENT_3D('',#2782,#2783,#2784);
#2782 = CARTESIAN_POINT('',(-12.7,-0.95,0.));
#2783 = DIRECTION('',(0.707106781187,0.707106781187,0.));
#2784 = DIRECTION('',(0.707106781187,-0.707106781187,0.));
#2785 = ADVANCED_FACE('',(#2786),#2836,.F.);
#2786 = FACE_BOUND('',#2787,.F.);
#2787 = EDGE_LOOP('',(#2788,#2798,#2806,#2814,#2822,#2828,#2829,#2830));
#2788 = ORIENTED_EDGE('',*,*,#2789,.F.);
#2789 = EDGE_CURVE('',#2790,#2792,#2794,.T.);
#2790 = VERTEX_POINT('',#2791);
#2791 = CARTESIAN_POINT('',(-12.95,-1.2,0.));
#2792 = VERTEX_POINT('',#2793);
#2793 = CARTESIAN_POINT('',(-12.745,-0.995,0.));
#2794 = LINE('',#2795,#2796);
#2795 = CARTESIAN_POINT('',(-12.95,-1.2,0.));
#2796 = VECTOR('',#2797,1.);
#2797 = DIRECTION('',(0.707106781187,0.707106781187,0.));
#2798 = ORIENTED_EDGE('',*,*,#2799,.T.);
#2799 = EDGE_CURVE('',#2790,#2800,#2802,.T.);
#2800 = VERTEX_POINT('',#2801);
#2801 = CARTESIAN_POINT('',(-12.95,-1.2,2.5));
#2802 = LINE('',#2803,#2804);
#2803 = CARTESIAN_POINT('',(-12.95,-1.2,0.));
#2804 = VECTOR('',#2805,1.);
#2805 = DIRECTION('',(0.,0.,1.));
#2806 = ORIENTED_EDGE('',*,*,#2807,.T.);
#2807 = EDGE_CURVE('',#2800,#2808,#2810,.T.);
#2808 = VERTEX_POINT('',#2809);
#2809 = CARTESIAN_POINT('',(-12.719999,-0.969999,2.5));
#2810 = LINE('',#2811,#2812);
#2811 = CARTESIAN_POINT('',(-12.95,-1.2,2.5));
#2812 = VECTOR('',#2813,1.);
#2813 = DIRECTION('',(0.707106781187,0.707106781187,0.));
#2814 = ORIENTED_EDGE('',*,*,#2815,.T.);
#2815 = EDGE_CURVE('',#2808,#2816,#2818,.T.);
#2816 = VERTEX_POINT('',#2817);
#2817 = CARTESIAN_POINT('',(-12.719999,-0.969999,2.4));
#2818 = LINE('',#2819,#2820);
#2819 = CARTESIAN_POINT('',(-12.719999,-0.969999,1.25));
#2820 = VECTOR('',#2821,1.);
#2821 = DIRECTION('',(0.,0.,-1.));
#2822 = ORIENTED_EDGE('',*,*,#2823,.T.);
#2823 = EDGE_CURVE('',#2816,#2752,#2824,.T.);
#2824 = LINE('',#2825,#2826);
#2825 = CARTESIAN_POINT('',(-11.31748980555,0.432510194442,2.4));
#2826 = VECTOR('',#2827,1.);
#2827 = DIRECTION('',(0.707106781187,0.707106781187,0.));
#2828 = ORIENTED_EDGE('',*,*,#2751,.F.);
#2829 = ORIENTED_EDGE('',*,*,#169,.F.);
#2830 = ORIENTED_EDGE('',*,*,#2831,.T.);
#2831 = EDGE_CURVE('',#162,#2792,#2832,.T.);
#2832 = LINE('',#2833,#2834);
#2833 = CARTESIAN_POINT('',(-12.745,-0.995,0.));
#2834 = VECTOR('',#2835,1.);
#2835 = DIRECTION('',(0.,0.,-1.));
#2836 = PLANE('',#2837);
#2837 = AXIS2_PLACEMENT_3D('',#2838,#2839,#2840);
#2838 = CARTESIAN_POINT('',(-12.95,-1.2,0.));
#2839 = DIRECTION('',(-0.707106781187,0.707106781187,0.));
#2840 = DIRECTION('',(0.707106781187,0.707106781187,0.));
#2841 = ADVANCED_FACE('',(#2842),#2860,.T.);
#2842 = FACE_BOUND('',#2843,.T.);
#2843 = EDGE_LOOP('',(#2844,#2852,#2858,#2859));
#2844 = ORIENTED_EDGE('',*,*,#2845,.F.);
#2845 = EDGE_CURVE('',#2846,#2792,#2848,.T.);
#2846 = VERTEX_POINT('',#2847);
#2847 = CARTESIAN_POINT('',(-15.195,-0.995,0.));
#2848 = LINE('',#2849,#2850);
#2849 = CARTESIAN_POINT('',(-17.898581,-0.995,0.));
#2850 = VECTOR('',#2851,1.);
#2851 = DIRECTION('',(1.,0.,0.));
#2852 = ORIENTED_EDGE('',*,*,#2853,.T.);
#2853 = EDGE_CURVE('',#2846,#154,#2854,.T.);
#2854 = LINE('',#2855,#2856);
#2855 = CARTESIAN_POINT('',(-15.195,-0.995,0.));
#2856 = VECTOR('',#2857,1.);
#2857 = DIRECTION('',(0.,0.,1.));
#2858 = ORIENTED_EDGE('',*,*,#161,.T.);
#2859 = ORIENTED_EDGE('',*,*,#2831,.T.);
#2860 = PLANE('',#2861);
#2861 = AXIS2_PLACEMENT_3D('',#2862,#2863,#2864);
#2862 = CARTESIAN_POINT('',(-17.898581,-0.995,0.));
#2863 = DIRECTION('',(0.,1.,0.));
#2864 = DIRECTION('',(1.,0.,0.));
#2865 = ADVANCED_FACE('',(#2866),#2916,.F.);
#2866 = FACE_BOUND('',#2867,.F.);
#2867 = EDGE_LOOP('',(#2868,#2876,#2877,#2878,#2886,#2894,#2902,#2910));
#2868 = ORIENTED_EDGE('',*,*,#2869,.F.);
#2869 = EDGE_CURVE('',#2846,#2870,#2872,.T.);
#2870 = VERTEX_POINT('',#2871);
#2871 = CARTESIAN_POINT('',(-14.99,-1.2,0.));
#2872 = LINE('',#2873,#2874);
#2873 = CARTESIAN_POINT('',(-15.24,-0.95,0.));
#2874 = VECTOR('',#2875,1.);
#2875 = DIRECTION('',(0.707106781187,-0.707106781187,0.));
#2876 = ORIENTED_EDGE('',*,*,#2853,.T.);
#2877 = ORIENTED_EDGE('',*,*,#153,.F.);
#2878 = ORIENTED_EDGE('',*,*,#2879,.T.);
#2879 = EDGE_CURVE('',#146,#2880,#2882,.T.);
#2880 = VERTEX_POINT('',#2881);
#2881 = CARTESIAN_POINT('',(-15.24,-0.95,2.4));
#2882 = LINE('',#2883,#2884);
#2883 = CARTESIAN_POINT('',(-15.24,-0.95,0.));
#2884 = VECTOR('',#2885,1.);
#2885 = DIRECTION('',(0.,0.,1.));
#2886 = ORIENTED_EDGE('',*,*,#2887,.T.);
#2887 = EDGE_CURVE('',#2880,#2888,#2890,.T.);
#2888 = VERTEX_POINT('',#2889);
#2889 = CARTESIAN_POINT('',(-15.21992176818,-0.970078231819,2.4));
#2890 = LINE('',#2891,#2892);
#2891 = CARTESIAN_POINT('',(-15.24,-0.95,2.4));
#2892 = VECTOR('',#2893,1.);
#2893 = DIRECTION('',(0.707106781187,-0.707106781187,0.));
#2894 = ORIENTED_EDGE('',*,*,#2895,.F.);
#2895 = EDGE_CURVE('',#2896,#2888,#2898,.T.);
#2896 = VERTEX_POINT('',#2897);
#2897 = CARTESIAN_POINT('',(-15.21992176818,-0.970078231819,2.5));
#2898 = LINE('',#2899,#2900);
#2899 = CARTESIAN_POINT('',(-15.21992176818,-0.970078231819,2.5));
#2900 = VECTOR('',#2901,1.);
#2901 = DIRECTION('',(-0.,-0.,-1.));
#2902 = ORIENTED_EDGE('',*,*,#2903,.T.);
#2903 = EDGE_CURVE('',#2896,#2904,#2906,.T.);
#2904 = VERTEX_POINT('',#2905);
#2905 = CARTESIAN_POINT('',(-14.99,-1.2,2.5));
#2906 = LINE('',#2907,#2908);
#2907 = CARTESIAN_POINT('',(-15.24,-0.95,2.5));
#2908 = VECTOR('',#2909,1.);
#2909 = DIRECTION('',(0.707106781187,-0.707106781187,0.));
#2910 = ORIENTED_EDGE('',*,*,#2911,.F.);
#2911 = EDGE_CURVE('',#2870,#2904,#2912,.T.);
#2912 = LINE('',#2913,#2914);
#2913 = CARTESIAN_POINT('',(-14.99,-1.2,0.));
#2914 = VECTOR('',#2915,1.);
#2915 = DIRECTION('',(0.,0.,1.));
#2916 = PLANE('',#2917);
#2917 = AXIS2_PLACEMENT_3D('',#2918,#2919,#2920);
#2918 = CARTESIAN_POINT('',(-15.24,-0.95,0.));
#2919 = DIRECTION('',(0.707106781187,0.707106781187,0.));
#2920 = DIRECTION('',(0.707106781187,-0.707106781187,0.));
#2921 = ADVANCED_FACE('',(#2922),#2963,.F.);
#2922 = FACE_BOUND('',#2923,.F.);
#2923 = EDGE_LOOP('',(#2924,#2934,#2940,#2941,#2949,#2955,#2956,#2957));
#2924 = ORIENTED_EDGE('',*,*,#2925,.F.);
#2925 = EDGE_CURVE('',#2926,#2928,#2930,.T.);
#2926 = VERTEX_POINT('',#2927);
#2927 = CARTESIAN_POINT('',(-15.49,-1.201952,0.));
#2928 = VERTEX_POINT('',#2929);
#2929 = CARTESIAN_POINT('',(-15.28465136216,-0.995,0.));
#2930 = LINE('',#2931,#2932);
#2931 = CARTESIAN_POINT('',(-15.49,-1.201952,0.));
#2932 = VECTOR('',#2933,1.);
#2933 = DIRECTION('',(0.704351645668,0.709851223317,0.));
#2934 = ORIENTED_EDGE('',*,*,#2935,.T.);
#2935 = EDGE_CURVE('',#2926,#888,#2936,.T.);
#2936 = LINE('',#2937,#2938);
#2937 = CARTESIAN_POINT('',(-15.49,-1.201952,0.));
#2938 = VECTOR('',#2939,1.);
#2939 = DIRECTION('',(0.,0.,1.));
#2940 = ORIENTED_EDGE('',*,*,#895,.T.);
#2941 = ORIENTED_EDGE('',*,*,#2942,.T.);
#2942 = EDGE_CURVE('',#896,#2943,#2945,.T.);
#2943 = VERTEX_POINT('',#2944);
#2944 = CARTESIAN_POINT('',(-15.26,-0.97015616,2.4));
#2945 = LINE('',#2946,#2947);
#2946 = CARTESIAN_POINT('',(-15.26,-0.97015616,2.5));
#2947 = VECTOR('',#2948,1.);
#2948 = DIRECTION('',(-0.,-0.,-1.));
#2949 = ORIENTED_EDGE('',*,*,#2950,.T.);
#2950 = EDGE_CURVE('',#2943,#2880,#2951,.T.);
#2951 = LINE('',#2952,#2953);
#2952 = CARTESIAN_POINT('',(-15.26,-0.97015616,2.4));
#2953 = VECTOR('',#2954,1.);
#2954 = DIRECTION('',(0.704351645668,0.709851223317,0.));
#2955 = ORIENTED_EDGE('',*,*,#2879,.F.);
#2956 = ORIENTED_EDGE('',*,*,#145,.F.);
#2957 = ORIENTED_EDGE('',*,*,#2958,.T.);
#2958 = EDGE_CURVE('',#138,#2928,#2959,.T.);
#2959 = LINE('',#2960,#2961);
#2960 = CARTESIAN_POINT('',(-15.28465136216,-0.995,0.));
#2961 = VECTOR('',#2962,1.);
#2962 = DIRECTION('',(0.,0.,-1.));
#2963 = PLANE('',#2964);
#2964 = AXIS2_PLACEMENT_3D('',#2965,#2966,#2967);
#2965 = CARTESIAN_POINT('',(-15.49,-1.201952,0.));
#2966 = DIRECTION('',(-0.709851223317,0.704351645668,0.));
#2967 = DIRECTION('',(0.704351645668,0.709851223317,0.));
#2968 = ADVANCED_FACE('',(#2969),#2980,.T.);
#2969 = FACE_BOUND('',#2970,.T.);
#2970 = EDGE_LOOP('',(#2971,#2977,#2978,#2979));
#2971 = ORIENTED_EDGE('',*,*,#2972,.F.);
#2972 = EDGE_CURVE('',#989,#2928,#2973,.T.);
#2973 = LINE('',#2974,#2975);
#2974 = CARTESIAN_POINT('',(-17.898581,-0.995,0.));
#2975 = VECTOR('',#2976,1.);
#2976 = DIRECTION('',(1.,0.,0.));
#2977 = ORIENTED_EDGE('',*,*,#996,.T.);
#2978 = ORIENTED_EDGE('',*,*,#137,.T.);
#2979 = ORIENTED_EDGE('',*,*,#2958,.T.);
#2980 = PLANE('',#2981);
#2981 = AXIS2_PLACEMENT_3D('',#2982,#2983,#2984);
#2982 = CARTESIAN_POINT('',(-17.898581,-0.995,0.));
#2983 = DIRECTION('',(0.,1.,0.));
#2984 = DIRECTION('',(1.,0.,0.));
#2985 = ADVANCED_FACE('',(#2986),#3002,.T.);
#2986 = FACE_BOUND('',#2987,.T.);
#2987 = EDGE_LOOP('',(#2988,#2989,#2995,#2996));
#2988 = ORIENTED_EDGE('',*,*,#520,.F.);
#2989 = ORIENTED_EDGE('',*,*,#2990,.T.);
#2990 = EDGE_CURVE('',#521,#921,#2991,.T.);
#2991 = LINE('',#2992,#2993);
#2992 = CARTESIAN_POINT('',(-16.835,0.325,0.));
#2993 = VECTOR('',#2994,1.);
#2994 = DIRECTION('',(0.,0.,1.));
#2995 = ORIENTED_EDGE('',*,*,#920,.T.);
#2996 = ORIENTED_EDGE('',*,*,#2997,.F.);
#2997 = EDGE_CURVE('',#523,#923,#2998,.T.);
#2998 = LINE('',#2999,#3000);
#2999 = CARTESIAN_POINT('',(-16.835,-0.325,0.));
#3000 = VECTOR('',#3001,1.);
#3001 = DIRECTION('',(0.,0.,1.));
#3002 = PLANE('',#3003);
#3003 = AXIS2_PLACEMENT_3D('',#3004,#3005,#3006);
#3004 = CARTESIAN_POINT('',(-16.835,0.325,0.));
#3005 = DIRECTION('',(1.,0.,0.));
#3006 = DIRECTION('',(0.,-1.,0.));
#3007 = ADVANCED_FACE('',(#3008),#3019,.T.);
#3008 = FACE_BOUND('',#3009,.T.);
#3009 = EDGE_LOOP('',(#3010,#3011,#3012,#3013));
#3010 = ORIENTED_EDGE('',*,*,#546,.F.);
#3011 = ORIENTED_EDGE('',*,*,#2997,.T.);
#3012 = ORIENTED_EDGE('',*,*,#946,.T.);
#3013 = ORIENTED_EDGE('',*,*,#3014,.F.);
#3014 = EDGE_CURVE('',#539,#939,#3015,.T.);
#3015 = LINE('',#3016,#3017);
#3016 = CARTESIAN_POINT('',(-16.185,-0.325,0.));
#3017 = VECTOR('',#3018,1.);
#3018 = DIRECTION('',(0.,0.,1.));
#3019 = PLANE('',#3020);
#3020 = AXIS2_PLACEMENT_3D('',#3021,#3022,#3023);
#3021 = CARTESIAN_POINT('',(-16.835,-0.325,0.));
#3022 = DIRECTION('',(0.,1.,0.));
#3023 = DIRECTION('',(1.,0.,0.));
#3024 = ADVANCED_FACE('',(#3025),#3036,.T.);
#3025 = FACE_BOUND('',#3026,.T.);
#3026 = EDGE_LOOP('',(#3027,#3028,#3029,#3030));
#3027 = ORIENTED_EDGE('',*,*,#538,.F.);
#3028 = ORIENTED_EDGE('',*,*,#3014,.T.);
#3029 = ORIENTED_EDGE('',*,*,#938,.T.);
#3030 = ORIENTED_EDGE('',*,*,#3031,.F.);
#3031 = EDGE_CURVE('',#531,#931,#3032,.T.);
#3032 = LINE('',#3033,#3034);
#3033 = CARTESIAN_POINT('',(-16.185,0.325,0.));
#3034 = VECTOR('',#3035,1.);
#3035 = DIRECTION('',(0.,0.,1.));
#3036 = PLANE('',#3037);
#3037 = AXIS2_PLACEMENT_3D('',#3038,#3039,#3040);
#3038 = CARTESIAN_POINT('',(-16.185,-0.325,0.));
#3039 = DIRECTION('',(-1.,0.,0.));
#3040 = DIRECTION('',(0.,1.,0.));
#3041 = ADVANCED_FACE('',(#3042),#3048,.T.);
#3042 = FACE_BOUND('',#3043,.T.);
#3043 = EDGE_LOOP('',(#3044,#3045,#3046,#3047));
#3044 = ORIENTED_EDGE('',*,*,#530,.F.);
#3045 = ORIENTED_EDGE('',*,*,#3031,.T.);
#3046 = ORIENTED_EDGE('',*,*,#930,.T.);
#3047 = ORIENTED_EDGE('',*,*,#2990,.F.);
#3048 = PLANE('',#3049);
#3049 = AXIS2_PLACEMENT_3D('',#3050,#3051,#3052);
#3050 = CARTESIAN_POINT('',(-16.185,0.325,0.));
#3051 = DIRECTION('',(0.,-1.,0.));
#3052 = DIRECTION('',(-1.,0.,0.));
#3053 = ADVANCED_FACE('',(#3054),#3079,.T.);
#3054 = FACE_BOUND('',#3055,.T.);
#3055 = EDGE_LOOP('',(#3056,#3057,#3065,#3073));
#3056 = ORIENTED_EDGE('',*,*,#554,.F.);
#3057 = ORIENTED_EDGE('',*,*,#3058,.T.);
#3058 = EDGE_CURVE('',#555,#3059,#3061,.T.);
#3059 = VERTEX_POINT('',#3060);
#3060 = CARTESIAN_POINT('',(-14.295,0.325,2.5));
#3061 = LINE('',#3062,#3063);
#3062 = CARTESIAN_POINT('',(-14.295,0.325,0.));
#3063 = VECTOR('',#3064,1.);
#3064 = DIRECTION('',(0.,0.,1.));
#3065 = ORIENTED_EDGE('',*,*,#3066,.T.);
#3066 = EDGE_CURVE('',#3059,#3067,#3069,.T.);
#3067 = VERTEX_POINT('',#3068);
#3068 = CARTESIAN_POINT('',(-14.295,-0.325,2.5));
#3069 = LINE('',#3070,#3071);
#3070 = CARTESIAN_POINT('',(-14.295,0.325,2.5));
#3071 = VECTOR('',#3072,1.);
#3072 = DIRECTION('',(0.,-1.,0.));
#3073 = ORIENTED_EDGE('',*,*,#3074,.F.);
#3074 = EDGE_CURVE('',#557,#3067,#3075,.T.);
#3075 = LINE('',#3076,#3077);
#3076 = CARTESIAN_POINT('',(-14.295,-0.325,0.));
#3077 = VECTOR('',#3078,1.);
#3078 = DIRECTION('',(0.,0.,1.));
#3079 = PLANE('',#3080);
#3080 = AXIS2_PLACEMENT_3D('',#3081,#3082,#3083);
#3081 = CARTESIAN_POINT('',(-14.295,0.325,0.));
#3082 = DIRECTION('',(1.,0.,0.));
#3083 = DIRECTION('',(0.,-1.,0.));
#3084 = ADVANCED_FACE('',(#3085),#3103,.T.);
#3085 = FACE_BOUND('',#3086,.T.);
#3086 = EDGE_LOOP('',(#3087,#3088,#3089,#3097));
#3087 = ORIENTED_EDGE('',*,*,#580,.F.);
#3088 = ORIENTED_EDGE('',*,*,#3074,.T.);
#3089 = ORIENTED_EDGE('',*,*,#3090,.T.);
#3090 = EDGE_CURVE('',#3067,#3091,#3093,.T.);
#3091 = VERTEX_POINT('',#3092);
#3092 = CARTESIAN_POINT('',(-13.645,-0.325,2.5));
#3093 = LINE('',#3094,#3095);
#3094 = CARTESIAN_POINT('',(-14.295,-0.325,2.5));
#3095 = VECTOR('',#3096,1.);
#3096 = DIRECTION('',(1.,0.,0.));
#3097 = ORIENTED_EDGE('',*,*,#3098,.F.);
#3098 = EDGE_CURVE('',#573,#3091,#3099,.T.);
#3099 = LINE('',#3100,#3101);
#3100 = CARTESIAN_POINT('',(-13.645,-0.325,0.));
#3101 = VECTOR('',#3102,1.);
#3102 = DIRECTION('',(0.,0.,1.));
#3103 = PLANE('',#3104);
#3104 = AXIS2_PLACEMENT_3D('',#3105,#3106,#3107);
#3105 = CARTESIAN_POINT('',(-14.295,-0.325,0.));
#3106 = DIRECTION('',(0.,1.,0.));
#3107 = DIRECTION('',(1.,0.,0.));
#3108 = ADVANCED_FACE('',(#3109),#3127,.T.);
#3109 = FACE_BOUND('',#3110,.T.);
#3110 = EDGE_LOOP('',(#3111,#3112,#3113,#3121));
#3111 = ORIENTED_EDGE('',*,*,#572,.F.);
#3112 = ORIENTED_EDGE('',*,*,#3098,.T.);
#3113 = ORIENTED_EDGE('',*,*,#3114,.T.);
#3114 = EDGE_CURVE('',#3091,#3115,#3117,.T.);
#3115 = VERTEX_POINT('',#3116);
#3116 = CARTESIAN_POINT('',(-13.645,0.325,2.5));
#3117 = LINE('',#3118,#3119);
#3118 = CARTESIAN_POINT('',(-13.645,-0.325,2.5));
#3119 = VECTOR('',#3120,1.);
#3120 = DIRECTION('',(0.,1.,0.));
#3121 = ORIENTED_EDGE('',*,*,#3122,.F.);
#3122 = EDGE_CURVE('',#565,#3115,#3123,.T.);
#3123 = LINE('',#3124,#3125);
#3124 = CARTESIAN_POINT('',(-13.645,0.325,0.));
#3125 = VECTOR('',#3126,1.);
#3126 = DIRECTION('',(0.,0.,1.));
#3127 = PLANE('',#3128);
#3128 = AXIS2_PLACEMENT_3D('',#3129,#3130,#3131);
#3129 = CARTESIAN_POINT('',(-13.645,-0.325,0.));
#3130 = DIRECTION('',(-1.,0.,0.));
#3131 = DIRECTION('',(0.,1.,0.));
#3132 = ADVANCED_FACE('',(#3133),#3144,.T.);
#3133 = FACE_BOUND('',#3134,.T.);
#3134 = EDGE_LOOP('',(#3135,#3136,#3137,#3143));
#3135 = ORIENTED_EDGE('',*,*,#564,.F.);
#3136 = ORIENTED_EDGE('',*,*,#3122,.T.);
#3137 = ORIENTED_EDGE('',*,*,#3138,.T.);
#3138 = EDGE_CURVE('',#3115,#3059,#3139,.T.);
#3139 = LINE('',#3140,#3141);
#3140 = CARTESIAN_POINT('',(-13.645,0.325,2.5));
#3141 = VECTOR('',#3142,1.);
#3142 = DIRECTION('',(-1.,0.,0.));
#3143 = ORIENTED_EDGE('',*,*,#3058,.F.);
#3144 = PLANE('',#3145);
#3145 = AXIS2_PLACEMENT_3D('',#3146,#3147,#3148);
#3146 = CARTESIAN_POINT('',(-13.645,0.325,0.));
#3147 = DIRECTION('',(0.,-1.,0.));
#3148 = DIRECTION('',(-1.,0.,0.));
#3149 = ADVANCED_FACE('',(#3150),#3175,.T.);
#3150 = FACE_BOUND('',#3151,.T.);
#3151 = EDGE_LOOP('',(#3152,#3153,#3161,#3169));
#3152 = ORIENTED_EDGE('',*,*,#588,.F.);
#3153 = ORIENTED_EDGE('',*,*,#3154,.T.);
#3154 = EDGE_CURVE('',#589,#3155,#3157,.T.);
#3155 = VERTEX_POINT('',#3156);
#3156 = CARTESIAN_POINT('',(-11.755,0.325,2.5));
#3157 = LINE('',#3158,#3159);
#3158 = CARTESIAN_POINT('',(-11.755,0.325,0.));
#3159 = VECTOR('',#3160,1.);
#3160 = DIRECTION('',(0.,0.,1.));
#3161 = ORIENTED_EDGE('',*,*,#3162,.T.);
#3162 = EDGE_CURVE('',#3155,#3163,#3165,.T.);
#3163 = VERTEX_POINT('',#3164);
#3164 = CARTESIAN_POINT('',(-11.755,-0.325,2.5));
#3165 = LINE('',#3166,#3167);
#3166 = CARTESIAN_POINT('',(-11.755,0.325,2.5));
#3167 = VECTOR('',#3168,1.);
#3168 = DIRECTION('',(0.,-1.,0.));
#3169 = ORIENTED_EDGE('',*,*,#3170,.F.);
#3170 = EDGE_CURVE('',#591,#3163,#3171,.T.);
#3171 = LINE('',#3172,#3173);
#3172 = CARTESIAN_POINT('',(-11.755,-0.325,0.));
#3173 = VECTOR('',#3174,1.);
#3174 = DIRECTION('',(0.,0.,1.));
#3175 = PLANE('',#3176);
#3176 = AXIS2_PLACEMENT_3D('',#3177,#3178,#3179);
#3177 = CARTESIAN_POINT('',(-11.755,0.325,0.));
#3178 = DIRECTION('',(1.,0.,0.));
#3179 = DIRECTION('',(0.,-1.,0.));
#3180 = ADVANCED_FACE('',(#3181),#3199,.T.);
#3181 = FACE_BOUND('',#3182,.T.);
#3182 = EDGE_LOOP('',(#3183,#3184,#3185,#3193));
#3183 = ORIENTED_EDGE('',*,*,#614,.F.);
#3184 = ORIENTED_EDGE('',*,*,#3170,.T.);
#3185 = ORIENTED_EDGE('',*,*,#3186,.T.);
#3186 = EDGE_CURVE('',#3163,#3187,#3189,.T.);
#3187 = VERTEX_POINT('',#3188);
#3188 = CARTESIAN_POINT('',(-11.105,-0.325,2.5));
#3189 = LINE('',#3190,#3191);
#3190 = CARTESIAN_POINT('',(-11.755,-0.325,2.5));
#3191 = VECTOR('',#3192,1.);
#3192 = DIRECTION('',(1.,0.,0.));
#3193 = ORIENTED_EDGE('',*,*,#3194,.F.);
#3194 = EDGE_CURVE('',#607,#3187,#3195,.T.);
#3195 = LINE('',#3196,#3197);
#3196 = CARTESIAN_POINT('',(-11.105,-0.325,0.));
#3197 = VECTOR('',#3198,1.);
#3198 = DIRECTION('',(0.,0.,1.));
#3199 = PLANE('',#3200);
#3200 = AXIS2_PLACEMENT_3D('',#3201,#3202,#3203);
#3201 = CARTESIAN_POINT('',(-11.755,-0.325,0.));
#3202 = DIRECTION('',(0.,1.,0.));
#3203 = DIRECTION('',(1.,0.,0.));
#3204 = ADVANCED_FACE('',(#3205),#3223,.T.);
#3205 = FACE_BOUND('',#3206,.T.);
#3206 = EDGE_LOOP('',(#3207,#3208,#3209,#3217));
#3207 = ORIENTED_EDGE('',*,*,#606,.F.);
#3208 = ORIENTED_EDGE('',*,*,#3194,.T.);
#3209 = ORIENTED_EDGE('',*,*,#3210,.T.);
#3210 = EDGE_CURVE('',#3187,#3211,#3213,.T.);
#3211 = VERTEX_POINT('',#3212);
#3212 = CARTESIAN_POINT('',(-11.105,0.325,2.5));
#3213 = LINE('',#3214,#3215);
#3214 = CARTESIAN_POINT('',(-11.105,-0.325,2.5));
#3215 = VECTOR('',#3216,1.);
#3216 = DIRECTION('',(0.,1.,0.));
#3217 = ORIENTED_EDGE('',*,*,#3218,.F.);
#3218 = EDGE_CURVE('',#599,#3211,#3219,.T.);
#3219 = LINE('',#3220,#3221);
#3220 = CARTESIAN_POINT('',(-11.105,0.325,0.));
#3221 = VECTOR('',#3222,1.);
#3222 = DIRECTION('',(0.,0.,1.));
#3223 = PLANE('',#3224);
#3224 = AXIS2_PLACEMENT_3D('',#3225,#3226,#3227);
#3225 = CARTESIAN_POINT('',(-11.105,-0.325,0.));
#3226 = DIRECTION('',(-1.,0.,0.));
#3227 = DIRECTION('',(0.,1.,0.));
#3228 = ADVANCED_FACE('',(#3229),#3240,.T.);
#3229 = FACE_BOUND('',#3230,.T.);
#3230 = EDGE_LOOP('',(#3231,#3232,#3233,#3239));
#3231 = ORIENTED_EDGE('',*,*,#598,.F.);
#3232 = ORIENTED_EDGE('',*,*,#3218,.T.);
#3233 = ORIENTED_EDGE('',*,*,#3234,.T.);
#3234 = EDGE_CURVE('',#3211,#3155,#3235,.T.);
#3235 = LINE('',#3236,#3237);
#3236 = CARTESIAN_POINT('',(-11.105,0.325,2.5));
#3237 = VECTOR('',#3238,1.);
#3238 = DIRECTION('',(-1.,0.,0.));
#3239 = ORIENTED_EDGE('',*,*,#3154,.F.);
#3240 = PLANE('',#3241);
#3241 = AXIS2_PLACEMENT_3D('',#3242,#3243,#3244);
#3242 = CARTESIAN_POINT('',(-11.105,0.325,0.));
#3243 = DIRECTION('',(0.,-1.,0.));
#3244 = DIRECTION('',(-1.,0.,0.));
#3245 = ADVANCED_FACE('',(#3246),#3271,.T.);
#3246 = FACE_BOUND('',#3247,.T.);
#3247 = EDGE_LOOP('',(#3248,#3249,#3257,#3265));
#3248 = ORIENTED_EDGE('',*,*,#622,.F.);
#3249 = ORIENTED_EDGE('',*,*,#3250,.T.);
#3250 = EDGE_CURVE('',#623,#3251,#3253,.T.);
#3251 = VERTEX_POINT('',#3252);
#3252 = CARTESIAN_POINT('',(-9.215,0.325,2.5));
#3253 = LINE('',#3254,#3255);
#3254 = CARTESIAN_POINT('',(-9.215,0.325,0.));
#3255 = VECTOR('',#3256,1.);
#3256 = DIRECTION('',(0.,0.,1.));
#3257 = ORIENTED_EDGE('',*,*,#3258,.T.);
#3258 = EDGE_CURVE('',#3251,#3259,#3261,.T.);
#3259 = VERTEX_POINT('',#3260);
#3260 = CARTESIAN_POINT('',(-9.215,-0.325,2.5));
#3261 = LINE('',#3262,#3263);
#3262 = CARTESIAN_POINT('',(-9.215,0.325,2.5));
#3263 = VECTOR('',#3264,1.);
#3264 = DIRECTION('',(0.,-1.,0.));
#3265 = ORIENTED_EDGE('',*,*,#3266,.F.);
#3266 = EDGE_CURVE('',#625,#3259,#3267,.T.);
#3267 = LINE('',#3268,#3269);
#3268 = CARTESIAN_POINT('',(-9.215,-0.325,0.));
#3269 = VECTOR('',#3270,1.);
#3270 = DIRECTION('',(0.,0.,1.));
#3271 = PLANE('',#3272);
#3272 = AXIS2_PLACEMENT_3D('',#3273,#3274,#3275);
#3273 = CARTESIAN_POINT('',(-9.215,0.325,0.));
#3274 = DIRECTION('',(1.,0.,0.));
#3275 = DIRECTION('',(0.,-1.,0.));
#3276 = ADVANCED_FACE('',(#3277),#3295,.T.);
#3277 = FACE_BOUND('',#3278,.T.);
#3278 = EDGE_LOOP('',(#3279,#3280,#3281,#3289));
#3279 = ORIENTED_EDGE('',*,*,#648,.F.);
#3280 = ORIENTED_EDGE('',*,*,#3266,.T.);
#3281 = ORIENTED_EDGE('',*,*,#3282,.T.);
#3282 = EDGE_CURVE('',#3259,#3283,#3285,.T.);
#3283 = VERTEX_POINT('',#3284);
#3284 = CARTESIAN_POINT('',(-8.565,-0.325,2.5));
#3285 = LINE('',#3286,#3287);
#3286 = CARTESIAN_POINT('',(-9.215,-0.325,2.5));
#3287 = VECTOR('',#3288,1.);
#3288 = DIRECTION('',(1.,0.,0.));
#3289 = ORIENTED_EDGE('',*,*,#3290,.F.);
#3290 = EDGE_CURVE('',#641,#3283,#3291,.T.);
#3291 = LINE('',#3292,#3293);
#3292 = CARTESIAN_POINT('',(-8.565,-0.325,0.));
#3293 = VECTOR('',#3294,1.);
#3294 = DIRECTION('',(0.,0.,1.));
#3295 = PLANE('',#3296);
#3296 = AXIS2_PLACEMENT_3D('',#3297,#3298,#3299);
#3297 = CARTESIAN_POINT('',(-9.215,-0.325,0.));
#3298 = DIRECTION('',(0.,1.,0.));
#3299 = DIRECTION('',(1.,0.,0.));
#3300 = ADVANCED_FACE('',(#3301),#3319,.T.);
#3301 = FACE_BOUND('',#3302,.T.);
#3302 = EDGE_LOOP('',(#3303,#3304,#3305,#3313));
#3303 = ORIENTED_EDGE('',*,*,#640,.F.);
#3304 = ORIENTED_EDGE('',*,*,#3290,.T.);
#3305 = ORIENTED_EDGE('',*,*,#3306,.T.);
#3306 = EDGE_CURVE('',#3283,#3307,#3309,.T.);
#3307 = VERTEX_POINT('',#3308);
#3308 = CARTESIAN_POINT('',(-8.565,0.325,2.5));
#3309 = LINE('',#3310,#3311);
#3310 = CARTESIAN_POINT('',(-8.565,-0.325,2.5));
#3311 = VECTOR('',#3312,1.);
#3312 = DIRECTION('',(0.,1.,0.));
#3313 = ORIENTED_EDGE('',*,*,#3314,.F.);
#3314 = EDGE_CURVE('',#633,#3307,#3315,.T.);
#3315 = LINE('',#3316,#3317);
#3316 = CARTESIAN_POINT('',(-8.565,0.325,0.));
#3317 = VECTOR('',#3318,1.);
#3318 = DIRECTION('',(0.,0.,1.));
#3319 = PLANE('',#3320);
#3320 = AXIS2_PLACEMENT_3D('',#3321,#3322,#3323);
#3321 = CARTESIAN_POINT('',(-8.565,-0.325,0.));
#3322 = DIRECTION('',(-1.,0.,0.));
#3323 = DIRECTION('',(0.,1.,0.));
#3324 = ADVANCED_FACE('',(#3325),#3336,.T.);
#3325 = FACE_BOUND('',#3326,.T.);
#3326 = EDGE_LOOP('',(#3327,#3328,#3329,#3335));
#3327 = ORIENTED_EDGE('',*,*,#632,.F.);
#3328 = ORIENTED_EDGE('',*,*,#3314,.T.);
#3329 = ORIENTED_EDGE('',*,*,#3330,.T.);
#3330 = EDGE_CURVE('',#3307,#3251,#3331,.T.);
#3331 = LINE('',#3332,#3333);
#3332 = CARTESIAN_POINT('',(-8.565,0.325,2.5));
#3333 = VECTOR('',#3334,1.);
#3334 = DIRECTION('',(-1.,0.,0.));
#3335 = ORIENTED_EDGE('',*,*,#3250,.F.);
#3336 = PLANE('',#3337);
#3337 = AXIS2_PLACEMENT_3D('',#3338,#3339,#3340);
#3338 = CARTESIAN_POINT('',(-8.565,0.325,0.));
#3339 = DIRECTION('',(0.,-1.,0.));
#3340 = DIRECTION('',(-1.,0.,0.));
#3341 = ADVANCED_FACE('',(#3342),#3367,.T.);
#3342 = FACE_BOUND('',#3343,.T.);
#3343 = EDGE_LOOP('',(#3344,#3345,#3353,#3361));
#3344 = ORIENTED_EDGE('',*,*,#656,.F.);
#3345 = ORIENTED_EDGE('',*,*,#3346,.T.);
#3346 = EDGE_CURVE('',#657,#3347,#3349,.T.);
#3347 = VERTEX_POINT('',#3348);
#3348 = CARTESIAN_POINT('',(-6.675,0.325,2.5));
#3349 = LINE('',#3350,#3351);
#3350 = CARTESIAN_POINT('',(-6.675,0.325,0.));
#3351 = VECTOR('',#3352,1.);
#3352 = DIRECTION('',(0.,0.,1.));
#3353 = ORIENTED_EDGE('',*,*,#3354,.T.);
#3354 = EDGE_CURVE('',#3347,#3355,#3357,.T.);
#3355 = VERTEX_POINT('',#3356);
#3356 = CARTESIAN_POINT('',(-6.675,-0.325,2.5));
#3357 = LINE('',#3358,#3359);
#3358 = CARTESIAN_POINT('',(-6.675,0.325,2.5));
#3359 = VECTOR('',#3360,1.);
#3360 = DIRECTION('',(0.,-1.,0.));
#3361 = ORIENTED_EDGE('',*,*,#3362,.F.);
#3362 = EDGE_CURVE('',#659,#3355,#3363,.T.);
#3363 = LINE('',#3364,#3365);
#3364 = CARTESIAN_POINT('',(-6.675,-0.325,0.));
#3365 = VECTOR('',#3366,1.);
#3366 = DIRECTION('',(0.,0.,1.));
#3367 = PLANE('',#3368);
#3368 = AXIS2_PLACEMENT_3D('',#3369,#3370,#3371);
#3369 = CARTESIAN_POINT('',(-6.675,0.325,0.));
#3370 = DIRECTION('',(1.,0.,0.));
#3371 = DIRECTION('',(0.,-1.,0.));
#3372 = ADVANCED_FACE('',(#3373),#3391,.T.);
#3373 = FACE_BOUND('',#3374,.T.);
#3374 = EDGE_LOOP('',(#3375,#3376,#3377,#3385));
#3375 = ORIENTED_EDGE('',*,*,#682,.F.);
#3376 = ORIENTED_EDGE('',*,*,#3362,.T.);
#3377 = ORIENTED_EDGE('',*,*,#3378,.T.);
#3378 = EDGE_CURVE('',#3355,#3379,#3381,.T.);
#3379 = VERTEX_POINT('',#3380);
#3380 = CARTESIAN_POINT('',(-6.025,-0.325,2.5));
#3381 = LINE('',#3382,#3383);
#3382 = CARTESIAN_POINT('',(-6.675,-0.325,2.5));
#3383 = VECTOR('',#3384,1.);
#3384 = DIRECTION('',(1.,0.,0.));
#3385 = ORIENTED_EDGE('',*,*,#3386,.F.);
#3386 = EDGE_CURVE('',#675,#3379,#3387,.T.);
#3387 = LINE('',#3388,#3389);
#3388 = CARTESIAN_POINT('',(-6.025,-0.325,0.));
#3389 = VECTOR('',#3390,1.);
#3390 = DIRECTION('',(0.,0.,1.));
#3391 = PLANE('',#3392);
#3392 = AXIS2_PLACEMENT_3D('',#3393,#3394,#3395);
#3393 = CARTESIAN_POINT('',(-6.675,-0.325,0.));
#3394 = DIRECTION('',(0.,1.,0.));
#3395 = DIRECTION('',(1.,0.,0.));
#3396 = ADVANCED_FACE('',(#3397),#3415,.T.);
#3397 = FACE_BOUND('',#3398,.T.);
#3398 = EDGE_LOOP('',(#3399,#3400,#3401,#3409));
#3399 = ORIENTED_EDGE('',*,*,#674,.F.);
#3400 = ORIENTED_EDGE('',*,*,#3386,.T.);
#3401 = ORIENTED_EDGE('',*,*,#3402,.T.);
#3402 = EDGE_CURVE('',#3379,#3403,#3405,.T.);
#3403 = VERTEX_POINT('',#3404);
#3404 = CARTESIAN_POINT('',(-6.025,0.325,2.5));
#3405 = LINE('',#3406,#3407);
#3406 = CARTESIAN_POINT('',(-6.025,-0.325,2.5));
#3407 = VECTOR('',#3408,1.);
#3408 = DIRECTION('',(0.,1.,0.));
#3409 = ORIENTED_EDGE('',*,*,#3410,.F.);
#3410 = EDGE_CURVE('',#667,#3403,#3411,.T.);
#3411 = LINE('',#3412,#3413);
#3412 = CARTESIAN_POINT('',(-6.025,0.325,0.));
#3413 = VECTOR('',#3414,1.);
#3414 = DIRECTION('',(0.,0.,1.));
#3415 = PLANE('',#3416);
#3416 = AXIS2_PLACEMENT_3D('',#3417,#3418,#3419);
#3417 = CARTESIAN_POINT('',(-6.025,-0.325,0.));
#3418 = DIRECTION('',(-1.,0.,0.));
#3419 = DIRECTION('',(0.,1.,0.));
#3420 = ADVANCED_FACE('',(#3421),#3432,.T.);
#3421 = FACE_BOUND('',#3422,.T.);
#3422 = EDGE_LOOP('',(#3423,#3424,#3425,#3431));
#3423 = ORIENTED_EDGE('',*,*,#666,.F.);
#3424 = ORIENTED_EDGE('',*,*,#3410,.T.);
#3425 = ORIENTED_EDGE('',*,*,#3426,.T.);
#3426 = EDGE_CURVE('',#3403,#3347,#3427,.T.);
#3427 = LINE('',#3428,#3429);
#3428 = CARTESIAN_POINT('',(-6.025,0.325,2.5));
#3429 = VECTOR('',#3430,1.);
#3430 = DIRECTION('',(-1.,0.,0.));
#3431 = ORIENTED_EDGE('',*,*,#3346,.F.);
#3432 = PLANE('',#3433);
#3433 = AXIS2_PLACEMENT_3D('',#3434,#3435,#3436);
#3434 = CARTESIAN_POINT('',(-6.025,0.325,0.));
#3435 = DIRECTION('',(0.,-1.,0.));
#3436 = DIRECTION('',(-1.,0.,0.));
#3437 = ADVANCED_FACE('',(#3438),#3463,.T.);
#3438 = FACE_BOUND('',#3439,.T.);
#3439 = EDGE_LOOP('',(#3440,#3441,#3449,#3457));
#3440 = ORIENTED_EDGE('',*,*,#690,.F.);
#3441 = ORIENTED_EDGE('',*,*,#3442,.T.);
#3442 = EDGE_CURVE('',#691,#3443,#3445,.T.);
#3443 = VERTEX_POINT('',#3444);
#3444 = CARTESIAN_POINT('',(-4.135,0.325,2.5));
#3445 = LINE('',#3446,#3447);
#3446 = CARTESIAN_POINT('',(-4.135,0.325,0.));
#3447 = VECTOR('',#3448,1.);
#3448 = DIRECTION('',(0.,0.,1.));
#3449 = ORIENTED_EDGE('',*,*,#3450,.T.);
#3450 = EDGE_CURVE('',#3443,#3451,#3453,.T.);
#3451 = VERTEX_POINT('',#3452);
#3452 = CARTESIAN_POINT('',(-4.135,-0.325,2.5));
#3453 = LINE('',#3454,#3455);
#3454 = CARTESIAN_POINT('',(-4.135,0.325,2.5));
#3455 = VECTOR('',#3456,1.);
#3456 = DIRECTION('',(0.,-1.,0.));
#3457 = ORIENTED_EDGE('',*,*,#3458,.F.);
#3458 = EDGE_CURVE('',#693,#3451,#3459,.T.);
#3459 = LINE('',#3460,#3461);
#3460 = CARTESIAN_POINT('',(-4.135,-0.325,0.));
#3461 = VECTOR('',#3462,1.);
#3462 = DIRECTION('',(0.,0.,1.));
#3463 = PLANE('',#3464);
#3464 = AXIS2_PLACEMENT_3D('',#3465,#3466,#3467);
#3465 = CARTESIAN_POINT('',(-4.135,0.325,0.));
#3466 = DIRECTION('',(1.,0.,0.));
#3467 = DIRECTION('',(0.,-1.,0.));
#3468 = ADVANCED_FACE('',(#3469),#3487,.T.);
#3469 = FACE_BOUND('',#3470,.T.);
#3470 = EDGE_LOOP('',(#3471,#3472,#3473,#3481));
#3471 = ORIENTED_EDGE('',*,*,#716,.F.);
#3472 = ORIENTED_EDGE('',*,*,#3458,.T.);
#3473 = ORIENTED_EDGE('',*,*,#3474,.T.);
#3474 = EDGE_CURVE('',#3451,#3475,#3477,.T.);
#3475 = VERTEX_POINT('',#3476);
#3476 = CARTESIAN_POINT('',(-3.485,-0.325,2.5));
#3477 = LINE('',#3478,#3479);
#3478 = CARTESIAN_POINT('',(-4.135,-0.325,2.5));
#3479 = VECTOR('',#3480,1.);
#3480 = DIRECTION('',(1.,0.,0.));
#3481 = ORIENTED_EDGE('',*,*,#3482,.F.);
#3482 = EDGE_CURVE('',#709,#3475,#3483,.T.);
#3483 = LINE('',#3484,#3485);
#3484 = CARTESIAN_POINT('',(-3.485,-0.325,0.));
#3485 = VECTOR('',#3486,1.);
#3486 = DIRECTION('',(0.,0.,1.));
#3487 = PLANE('',#3488);
#3488 = AXIS2_PLACEMENT_3D('',#3489,#3490,#3491);
#3489 = CARTESIAN_POINT('',(-4.135,-0.325,0.));
#3490 = DIRECTION('',(0.,1.,0.));
#3491 = DIRECTION('',(1.,0.,0.));
#3492 = ADVANCED_FACE('',(#3493),#3511,.T.);
#3493 = FACE_BOUND('',#3494,.T.);
#3494 = EDGE_LOOP('',(#3495,#3496,#3497,#3505));
#3495 = ORIENTED_EDGE('',*,*,#708,.F.);
#3496 = ORIENTED_EDGE('',*,*,#3482,.T.);
#3497 = ORIENTED_EDGE('',*,*,#3498,.T.);
#3498 = EDGE_CURVE('',#3475,#3499,#3501,.T.);
#3499 = VERTEX_POINT('',#3500);
#3500 = CARTESIAN_POINT('',(-3.485,0.325,2.5));
#3501 = LINE('',#3502,#3503);
#3502 = CARTESIAN_POINT('',(-3.485,-0.325,2.5));
#3503 = VECTOR('',#3504,1.);
#3504 = DIRECTION('',(0.,1.,0.));
#3505 = ORIENTED_EDGE('',*,*,#3506,.F.);
#3506 = EDGE_CURVE('',#701,#3499,#3507,.T.);
#3507 = LINE('',#3508,#3509);
#3508 = CARTESIAN_POINT('',(-3.485,0.325,0.));
#3509 = VECTOR('',#3510,1.);
#3510 = DIRECTION('',(0.,0.,1.));
#3511 = PLANE('',#3512);
#3512 = AXIS2_PLACEMENT_3D('',#3513,#3514,#3515);
#3513 = CARTESIAN_POINT('',(-3.485,-0.325,0.));
#3514 = DIRECTION('',(-1.,0.,0.));
#3515 = DIRECTION('',(0.,1.,0.));
#3516 = ADVANCED_FACE('',(#3517),#3528,.T.);
#3517 = FACE_BOUND('',#3518,.T.);
#3518 = EDGE_LOOP('',(#3519,#3520,#3521,#3527));
#3519 = ORIENTED_EDGE('',*,*,#700,.F.);
#3520 = ORIENTED_EDGE('',*,*,#3506,.T.);
#3521 = ORIENTED_EDGE('',*,*,#3522,.T.);
#3522 = EDGE_CURVE('',#3499,#3443,#3523,.T.);
#3523 = LINE('',#3524,#3525);
#3524 = CARTESIAN_POINT('',(-3.485,0.325,2.5));
#3525 = VECTOR('',#3526,1.);
#3526 = DIRECTION('',(-1.,0.,0.));
#3527 = ORIENTED_EDGE('',*,*,#3442,.F.);
#3528 = PLANE('',#3529);
#3529 = AXIS2_PLACEMENT_3D('',#3530,#3531,#3532);
#3530 = CARTESIAN_POINT('',(-3.485,0.325,0.));
#3531 = DIRECTION('',(0.,-1.,0.));
#3532 = DIRECTION('',(-1.,0.,0.));
#3533 = ADVANCED_FACE('',(#3534),#3559,.T.);
#3534 = FACE_BOUND('',#3535,.T.);
#3535 = EDGE_LOOP('',(#3536,#3537,#3545,#3553));
#3536 = ORIENTED_EDGE('',*,*,#724,.F.);
#3537 = ORIENTED_EDGE('',*,*,#3538,.T.);
#3538 = EDGE_CURVE('',#725,#3539,#3541,.T.);
#3539 = VERTEX_POINT('',#3540);
#3540 = CARTESIAN_POINT('',(-1.595,0.325,2.5));
#3541 = LINE('',#3542,#3543);
#3542 = CARTESIAN_POINT('',(-1.595,0.325,0.));
#3543 = VECTOR('',#3544,1.);
#3544 = DIRECTION('',(0.,0.,1.));
#3545 = ORIENTED_EDGE('',*,*,#3546,.T.);
#3546 = EDGE_CURVE('',#3539,#3547,#3549,.T.);
#3547 = VERTEX_POINT('',#3548);
#3548 = CARTESIAN_POINT('',(-1.595,-0.325,2.5));
#3549 = LINE('',#3550,#3551);
#3550 = CARTESIAN_POINT('',(-1.595,0.325,2.5));
#3551 = VECTOR('',#3552,1.);
#3552 = DIRECTION('',(0.,-1.,0.));
#3553 = ORIENTED_EDGE('',*,*,#3554,.F.);
#3554 = EDGE_CURVE('',#727,#3547,#3555,.T.);
#3555 = LINE('',#3556,#3557);
#3556 = CARTESIAN_POINT('',(-1.595,-0.325,0.));
#3557 = VECTOR('',#3558,1.);
#3558 = DIRECTION('',(0.,0.,1.));
#3559 = PLANE('',#3560);
#3560 = AXIS2_PLACEMENT_3D('',#3561,#3562,#3563);
#3561 = CARTESIAN_POINT('',(-1.595,0.325,0.));
#3562 = DIRECTION('',(1.,0.,0.));
#3563 = DIRECTION('',(0.,-1.,0.));
#3564 = ADVANCED_FACE('',(#3565),#3583,.T.);
#3565 = FACE_BOUND('',#3566,.T.);
#3566 = EDGE_LOOP('',(#3567,#3568,#3569,#3577));
#3567 = ORIENTED_EDGE('',*,*,#750,.F.);
#3568 = ORIENTED_EDGE('',*,*,#3554,.T.);
#3569 = ORIENTED_EDGE('',*,*,#3570,.T.);
#3570 = EDGE_CURVE('',#3547,#3571,#3573,.T.);
#3571 = VERTEX_POINT('',#3572);
#3572 = CARTESIAN_POINT('',(-0.945,-0.325,2.5));
#3573 = LINE('',#3574,#3575);
#3574 = CARTESIAN_POINT('',(-1.595,-0.325,2.5));
#3575 = VECTOR('',#3576,1.);
#3576 = DIRECTION('',(1.,0.,0.));
#3577 = ORIENTED_EDGE('',*,*,#3578,.F.);
#3578 = EDGE_CURVE('',#743,#3571,#3579,.T.);
#3579 = LINE('',#3580,#3581);
#3580 = CARTESIAN_POINT('',(-0.945,-0.325,0.));
#3581 = VECTOR('',#3582,1.);
#3582 = DIRECTION('',(0.,0.,1.));
#3583 = PLANE('',#3584);
#3584 = AXIS2_PLACEMENT_3D('',#3585,#3586,#3587);
#3585 = CARTESIAN_POINT('',(-1.595,-0.325,0.));
#3586 = DIRECTION('',(0.,1.,0.));
#3587 = DIRECTION('',(1.,0.,0.));
#3588 = ADVANCED_FACE('',(#3589),#3607,.T.);
#3589 = FACE_BOUND('',#3590,.T.);
#3590 = EDGE_LOOP('',(#3591,#3592,#3593,#3601));
#3591 = ORIENTED_EDGE('',*,*,#742,.F.);
#3592 = ORIENTED_EDGE('',*,*,#3578,.T.);
#3593 = ORIENTED_EDGE('',*,*,#3594,.T.);
#3594 = EDGE_CURVE('',#3571,#3595,#3597,.T.);
#3595 = VERTEX_POINT('',#3596);
#3596 = CARTESIAN_POINT('',(-0.945,0.325,2.5));
#3597 = LINE('',#3598,#3599);
#3598 = CARTESIAN_POINT('',(-0.945,-0.325,2.5));
#3599 = VECTOR('',#3600,1.);
#3600 = DIRECTION('',(0.,1.,0.));
#3601 = ORIENTED_EDGE('',*,*,#3602,.F.);
#3602 = EDGE_CURVE('',#735,#3595,#3603,.T.);
#3603 = LINE('',#3604,#3605);
#3604 = CARTESIAN_POINT('',(-0.945,0.325,0.));
#3605 = VECTOR('',#3606,1.);
#3606 = DIRECTION('',(0.,0.,1.));
#3607 = PLANE('',#3608);
#3608 = AXIS2_PLACEMENT_3D('',#3609,#3610,#3611);
#3609 = CARTESIAN_POINT('',(-0.945,-0.325,0.));
#3610 = DIRECTION('',(-1.,0.,0.));
#3611 = DIRECTION('',(0.,1.,0.));
#3612 = ADVANCED_FACE('',(#3613),#3624,.T.);
#3613 = FACE_BOUND('',#3614,.T.);
#3614 = EDGE_LOOP('',(#3615,#3616,#3617,#3623));
#3615 = ORIENTED_EDGE('',*,*,#734,.F.);
#3616 = ORIENTED_EDGE('',*,*,#3602,.T.);
#3617 = ORIENTED_EDGE('',*,*,#3618,.T.);
#3618 = EDGE_CURVE('',#3595,#3539,#3619,.T.);
#3619 = LINE('',#3620,#3621);
#3620 = CARTESIAN_POINT('',(-0.945,0.325,2.5));
#3621 = VECTOR('',#3622,1.);
#3622 = DIRECTION('',(-1.,0.,0.));
#3623 = ORIENTED_EDGE('',*,*,#3538,.F.);
#3624 = PLANE('',#3625);
#3625 = AXIS2_PLACEMENT_3D('',#3626,#3627,#3628);
#3626 = CARTESIAN_POINT('',(-0.945,0.325,0.));
#3627 = DIRECTION('',(0.,-1.,0.));
#3628 = DIRECTION('',(-1.,0.,0.));
#3629 = ADVANCED_FACE('',(#3630),#3655,.T.);
#3630 = FACE_BOUND('',#3631,.T.);
#3631 = EDGE_LOOP('',(#3632,#3633,#3641,#3649));
#3632 = ORIENTED_EDGE('',*,*,#758,.F.);
#3633 = ORIENTED_EDGE('',*,*,#3634,.T.);
#3634 = EDGE_CURVE('',#759,#3635,#3637,.T.);
#3635 = VERTEX_POINT('',#3636);
#3636 = CARTESIAN_POINT('',(0.945,0.325,2.5));
#3637 = LINE('',#3638,#3639);
#3638 = CARTESIAN_POINT('',(0.945,0.325,0.));
#3639 = VECTOR('',#3640,1.);
#3640 = DIRECTION('',(0.,0.,1.));
#3641 = ORIENTED_EDGE('',*,*,#3642,.T.);
#3642 = EDGE_CURVE('',#3635,#3643,#3645,.T.);
#3643 = VERTEX_POINT('',#3644);
#3644 = CARTESIAN_POINT('',(0.945,-0.325,2.5));
#3645 = LINE('',#3646,#3647);
#3646 = CARTESIAN_POINT('',(0.945,0.325,2.5));
#3647 = VECTOR('',#3648,1.);
#3648 = DIRECTION('',(0.,-1.,0.));
#3649 = ORIENTED_EDGE('',*,*,#3650,.F.);
#3650 = EDGE_CURVE('',#761,#3643,#3651,.T.);
#3651 = LINE('',#3652,#3653);
#3652 = CARTESIAN_POINT('',(0.945,-0.325,0.));
#3653 = VECTOR('',#3654,1.);
#3654 = DIRECTION('',(0.,0.,1.));
#3655 = PLANE('',#3656);
#3656 = AXIS2_PLACEMENT_3D('',#3657,#3658,#3659);
#3657 = CARTESIAN_POINT('',(0.945,0.325,0.));
#3658 = DIRECTION('',(1.,0.,0.));
#3659 = DIRECTION('',(0.,-1.,0.));
#3660 = ADVANCED_FACE('',(#3661),#3679,.T.);
#3661 = FACE_BOUND('',#3662,.T.);
#3662 = EDGE_LOOP('',(#3663,#3664,#3665,#3673));
#3663 = ORIENTED_EDGE('',*,*,#784,.F.);
#3664 = ORIENTED_EDGE('',*,*,#3650,.T.);
#3665 = ORIENTED_EDGE('',*,*,#3666,.T.);
#3666 = EDGE_CURVE('',#3643,#3667,#3669,.T.);
#3667 = VERTEX_POINT('',#3668);
#3668 = CARTESIAN_POINT('',(1.595,-0.325,2.5));
#3669 = LINE('',#3670,#3671);
#3670 = CARTESIAN_POINT('',(0.945,-0.325,2.5));
#3671 = VECTOR('',#3672,1.);
#3672 = DIRECTION('',(1.,0.,0.));
#3673 = ORIENTED_EDGE('',*,*,#3674,.F.);
#3674 = EDGE_CURVE('',#777,#3667,#3675,.T.);
#3675 = LINE('',#3676,#3677);
#3676 = CARTESIAN_POINT('',(1.595,-0.325,0.));
#3677 = VECTOR('',#3678,1.);
#3678 = DIRECTION('',(0.,0.,1.));
#3679 = PLANE('',#3680);
#3680 = AXIS2_PLACEMENT_3D('',#3681,#3682,#3683);
#3681 = CARTESIAN_POINT('',(0.945,-0.325,0.));
#3682 = DIRECTION('',(0.,1.,0.));
#3683 = DIRECTION('',(1.,0.,0.));
#3684 = ADVANCED_FACE('',(#3685),#3703,.T.);
#3685 = FACE_BOUND('',#3686,.T.);
#3686 = EDGE_LOOP('',(#3687,#3688,#3689,#3697));
#3687 = ORIENTED_EDGE('',*,*,#776,.F.);
#3688 = ORIENTED_EDGE('',*,*,#3674,.T.);
#3689 = ORIENTED_EDGE('',*,*,#3690,.T.);
#3690 = EDGE_CURVE('',#3667,#3691,#3693,.T.);
#3691 = VERTEX_POINT('',#3692);
#3692 = CARTESIAN_POINT('',(1.595,0.325,2.5));
#3693 = LINE('',#3694,#3695);
#3694 = CARTESIAN_POINT('',(1.595,-0.325,2.5));
#3695 = VECTOR('',#3696,1.);
#3696 = DIRECTION('',(0.,1.,0.));
#3697 = ORIENTED_EDGE('',*,*,#3698,.F.);
#3698 = EDGE_CURVE('',#769,#3691,#3699,.T.);
#3699 = LINE('',#3700,#3701);
#3700 = CARTESIAN_POINT('',(1.595,0.325,0.));
#3701 = VECTOR('',#3702,1.);
#3702 = DIRECTION('',(0.,0.,1.));
#3703 = PLANE('',#3704);
#3704 = AXIS2_PLACEMENT_3D('',#3705,#3706,#3707);
#3705 = CARTESIAN_POINT('',(1.595,-0.325,0.));
#3706 = DIRECTION('',(-1.,0.,0.));
#3707 = DIRECTION('',(0.,1.,0.));
#3708 = ADVANCED_FACE('',(#3709),#3720,.T.);
#3709 = FACE_BOUND('',#3710,.T.);
#3710 = EDGE_LOOP('',(#3711,#3712,#3713,#3719));
#3711 = ORIENTED_EDGE('',*,*,#768,.F.);
#3712 = ORIENTED_EDGE('',*,*,#3698,.T.);
#3713 = ORIENTED_EDGE('',*,*,#3714,.T.);
#3714 = EDGE_CURVE('',#3691,#3635,#3715,.T.);
#3715 = LINE('',#3716,#3717);
#3716 = CARTESIAN_POINT('',(1.595,0.325,2.5));
#3717 = VECTOR('',#3718,1.);
#3718 = DIRECTION('',(-1.,0.,0.));
#3719 = ORIENTED_EDGE('',*,*,#3634,.F.);
#3720 = PLANE('',#3721);
#3721 = AXIS2_PLACEMENT_3D('',#3722,#3723,#3724);
#3722 = CARTESIAN_POINT('',(1.595,0.325,0.));
#3723 = DIRECTION('',(0.,-1.,0.));
#3724 = DIRECTION('',(-1.,0.,0.));
#3725 = ADVANCED_FACE('',(#3726),#3737,.T.);
#3726 = FACE_BOUND('',#3727,.T.);
#3727 = EDGE_LOOP('',(#3728,#3729,#3735,#3736));
#3728 = ORIENTED_EDGE('',*,*,#2942,.T.);
#3729 = ORIENTED_EDGE('',*,*,#3730,.T.);
#3730 = EDGE_CURVE('',#2943,#1014,#3731,.T.);
#3731 = LINE('',#3732,#3733);
#3732 = CARTESIAN_POINT('',(-15.26,-0.97015616,2.4));
#3733 = VECTOR('',#3734,1.);
#3734 = DIRECTION('',(0.,1.,0.));
#3735 = ORIENTED_EDGE('',*,*,#1013,.F.);
#3736 = ORIENTED_EDGE('',*,*,#903,.F.);
#3737 = PLANE('',#3738);
#3738 = AXIS2_PLACEMENT_3D('',#3739,#3740,#3741);
#3739 = CARTESIAN_POINT('',(-15.26,-0.97015616,2.5));
#3740 = DIRECTION('',(1.,0.,0.));
#3741 = DIRECTION('',(0.,1.,0.));
#3742 = ADVANCED_FACE('',(#3743),#3754,.F.);
#3743 = FACE_BOUND('',#3744,.F.);
#3744 = EDGE_LOOP('',(#3745,#3746,#3747,#3748));
#3745 = ORIENTED_EDGE('',*,*,#980,.T.);
#3746 = ORIENTED_EDGE('',*,*,#887,.T.);
#3747 = ORIENTED_EDGE('',*,*,#2935,.F.);
#3748 = ORIENTED_EDGE('',*,*,#3749,.F.);
#3749 = EDGE_CURVE('',#981,#2926,#3750,.T.);
#3750 = LINE('',#3751,#3752);
#3751 = CARTESIAN_POINT('',(-17.5,-1.201952,0.));
#3752 = VECTOR('',#3753,1.);
#3753 = DIRECTION('',(1.,0.,0.));
#3754 = PLANE('',#3755);
#3755 = AXIS2_PLACEMENT_3D('',#3756,#3757,#3758);
#3756 = CARTESIAN_POINT('',(-17.5,-1.201952,0.));
#3757 = DIRECTION('',(0.,1.,0.));
#3758 = DIRECTION('',(1.,0.,0.));
#3759 = ADVANCED_FACE('',(#3760),#3766,.F.);
#3760 = FACE_BOUND('',#3761,.F.);
#3761 = EDGE_LOOP('',(#3762,#3763,#3764,#3765));
#3762 = ORIENTED_EDGE('',*,*,#2972,.F.);
#3763 = ORIENTED_EDGE('',*,*,#988,.T.);
#3764 = ORIENTED_EDGE('',*,*,#3749,.T.);
#3765 = ORIENTED_EDGE('',*,*,#2925,.T.);
#3766 = PLANE('',#3767);
#3767 = AXIS2_PLACEMENT_3D('',#3768,#3769,#3770);
#3768 = CARTESIAN_POINT('',(-7.611081163266,-2.7E-16,0.));
#3769 = DIRECTION('',(0.,0.,1.));
#3770 = DIRECTION('',(1.,0.,0.));
#3771 = ADVANCED_FACE('',(#3772),#3785,.T.);
#3772 = FACE_BOUND('',#3773,.F.);
#3773 = EDGE_LOOP('',(#3774,#3775,#3776,#3777,#3778,#3784));
#3774 = ORIENTED_EDGE('',*,*,#2950,.F.);
#3775 = ORIENTED_EDGE('',*,*,#3730,.T.);
#3776 = ORIENTED_EDGE('',*,*,#1021,.F.);
#3777 = ORIENTED_EDGE('',*,*,#1063,.T.);
#3778 = ORIENTED_EDGE('',*,*,#3779,.T.);
#3779 = EDGE_CURVE('',#1064,#2888,#3780,.T.);
#3780 = LINE('',#3781,#3782);
#3781 = CARTESIAN_POINT('',(-15.21992176818,0.970078231819,2.4));
#3782 = VECTOR('',#3783,1.);
#3783 = DIRECTION('',(0.,-1.,0.));
#3784 = ORIENTED_EDGE('',*,*,#2887,.F.);
#3785 = PLANE('',#3786);
#3786 = AXIS2_PLACEMENT_3D('',#3787,#3788,#3789);
#3787 = CARTESIAN_POINT('',(-7.619959222234,1.86E-15,2.4));
#3788 = DIRECTION('',(0.,0.,1.));
#3789 = DIRECTION('',(1.,0.,0.));
#3790 = ADVANCED_FACE('',(#3791),#3802,.F.);
#3791 = FACE_BOUND('',#3792,.F.);
#3792 = EDGE_LOOP('',(#3793,#3794,#3795,#3796));
#3793 = ORIENTED_EDGE('',*,*,#1045,.F.);
#3794 = ORIENTED_EDGE('',*,*,#1101,.F.);
#3795 = ORIENTED_EDGE('',*,*,#1125,.F.);
#3796 = ORIENTED_EDGE('',*,*,#3797,.F.);
#3797 = EDGE_CURVE('',#1048,#1126,#3798,.T.);
#3798 = LINE('',#3799,#3800);
#3799 = CARTESIAN_POINT('',(-14.99,1.2,0.));
#3800 = VECTOR('',#3801,1.);
#3801 = DIRECTION('',(1.,0.,0.));
#3802 = PLANE('',#3803);
#3803 = AXIS2_PLACEMENT_3D('',#3804,#3805,#3806);
#3804 = CARTESIAN_POINT('',(-7.611081163266,-2.7E-16,0.));
#3805 = DIRECTION('',(0.,0.,1.));
#3806 = DIRECTION('',(1.,0.,0.));
#3807 = ADVANCED_FACE('',(#3808),#3819,.T.);
#3808 = FACE_BOUND('',#3809,.T.);
#3809 = EDGE_LOOP('',(#3810,#3811,#3817,#3818));
#3810 = ORIENTED_EDGE('',*,*,#1087,.T.);
#3811 = ORIENTED_EDGE('',*,*,#3812,.T.);
#3812 = EDGE_CURVE('',#1080,#1134,#3813,.T.);
#3813 = LINE('',#3814,#3815);
#3814 = CARTESIAN_POINT('',(-14.99,1.2,2.5));
#3815 = VECTOR('',#3816,1.);
#3816 = DIRECTION('',(1.,0.,0.));
#3817 = ORIENTED_EDGE('',*,*,#1133,.F.);
#3818 = ORIENTED_EDGE('',*,*,#3797,.F.);
#3819 = PLANE('',#3820);
#3820 = AXIS2_PLACEMENT_3D('',#3821,#3822,#3823);
#3821 = CARTESIAN_POINT('',(-14.99,1.2,0.));
#3822 = DIRECTION('',(0.,1.,0.));
#3823 = DIRECTION('',(1.,0.,0.));
#3824 = ADVANCED_FACE('',(#3825,#3850),#3856,.T.);
#3825 = FACE_BOUND('',#3826,.T.);
#3826 = EDGE_LOOP('',(#3827,#3828,#3834,#3835,#3841,#3842,#3848,#3849));
#3827 = ORIENTED_EDGE('',*,*,#1079,.F.);
#3828 = ORIENTED_EDGE('',*,*,#3829,.T.);
#3829 = EDGE_CURVE('',#1072,#2896,#3830,.T.);
#3830 = LINE('',#3831,#3832);
#3831 = CARTESIAN_POINT('',(-15.21992176818,0.970078231819,2.5));
#3832 = VECTOR('',#3833,1.);
#3833 = DIRECTION('',(0.,-1.,0.));
#3834 = ORIENTED_EDGE('',*,*,#2903,.T.);
#3835 = ORIENTED_EDGE('',*,*,#3836,.T.);
#3836 = EDGE_CURVE('',#2904,#2800,#3837,.T.);
#3837 = LINE('',#3838,#3839);
#3838 = CARTESIAN_POINT('',(-14.99,-1.2,2.5));
#3839 = VECTOR('',#3840,1.);
#3840 = DIRECTION('',(1.,0.,0.));
#3841 = ORIENTED_EDGE('',*,*,#2807,.T.);
#3842 = ORIENTED_EDGE('',*,*,#3843,.T.);
#3843 = EDGE_CURVE('',#2808,#1142,#3844,.T.);
#3844 = LINE('',#3845,#3846);
#3845 = CARTESIAN_POINT('',(-12.719999,-0.97015616,2.5));
#3846 = VECTOR('',#3847,1.);
#3847 = DIRECTION('',(0.,1.,0.));
#3848 = ORIENTED_EDGE('',*,*,#1141,.F.);
#3849 = ORIENTED_EDGE('',*,*,#3812,.F.);
#3850 = FACE_BOUND('',#3851,.T.);
#3851 = EDGE_LOOP('',(#3852,#3853,#3854,#3855));
#3852 = ORIENTED_EDGE('',*,*,#3066,.F.);
#3853 = ORIENTED_EDGE('',*,*,#3138,.F.);
#3854 = ORIENTED_EDGE('',*,*,#3114,.F.);
#3855 = ORIENTED_EDGE('',*,*,#3090,.F.);
#3856 = PLANE('',#3857);
#3857 = AXIS2_PLACEMENT_3D('',#3858,#3859,#3860);
#3858 = CARTESIAN_POINT('',(-7.611081163266,-2.7E-16,2.5));
#3859 = DIRECTION('',(0.,0.,1.));
#3860 = DIRECTION('',(1.,0.,0.));
#3861 = ADVANCED_FACE('',(#3862),#3868,.T.);
#3862 = FACE_BOUND('',#3863,.T.);
#3863 = EDGE_LOOP('',(#3864,#3865,#3866,#3867));
#3864 = ORIENTED_EDGE('',*,*,#1071,.T.);
#3865 = ORIENTED_EDGE('',*,*,#3779,.T.);
#3866 = ORIENTED_EDGE('',*,*,#2895,.F.);
#3867 = ORIENTED_EDGE('',*,*,#3829,.F.);
#3868 = PLANE('',#3869);
#3869 = AXIS2_PLACEMENT_3D('',#3870,#3871,#3872);
#3870 = CARTESIAN_POINT('',(-15.21992176818,0.970078231819,2.5));
#3871 = DIRECTION('',(-1.,0.,0.));
#3872 = DIRECTION('',(0.,-1.,0.));
#3873 = ADVANCED_FACE('',(#3874),#3922,.T.);
#3874 = FACE_BOUND('',#3875,.T.);
#3875 = EDGE_LOOP('',(#3876,#3886,#3892,#3893,#3899,#3900,#3908,#3916));
#3876 = ORIENTED_EDGE('',*,*,#3877,.F.);
#3877 = EDGE_CURVE('',#3878,#3880,#3882,.T.);
#3878 = VERTEX_POINT('',#3879);
#3879 = CARTESIAN_POINT('',(-12.699999,0.95,2.4));
#3880 = VERTEX_POINT('',#3881);
#3881 = CARTESIAN_POINT('',(-12.67992076818,0.970078231819,2.4));
#3882 = LINE('',#3883,#3884);
#3883 = CARTESIAN_POINT('',(-12.699999,0.95,2.4));
#3884 = VECTOR('',#3885,1.);
#3885 = DIRECTION('',(0.707106781186,0.707106781187,0.));
#3886 = ORIENTED_EDGE('',*,*,#3887,.T.);
#3887 = EDGE_CURVE('',#3878,#1158,#3888,.T.);
#3888 = LINE('',#3889,#3890);
#3889 = CARTESIAN_POINT('',(-12.699999,0.95,2.4));
#3890 = VECTOR('',#3891,1.);
#3891 = DIRECTION('',(-0.704351645668,0.709851223317,0.));
#3892 = ORIENTED_EDGE('',*,*,#1157,.F.);
#3893 = ORIENTED_EDGE('',*,*,#3894,.F.);
#3894 = EDGE_CURVE('',#2816,#1150,#3895,.T.);
#3895 = LINE('',#3896,#3897);
#3896 = CARTESIAN_POINT('',(-12.719999,-0.97015616,2.4));
#3897 = VECTOR('',#3898,1.);
#3898 = DIRECTION('',(0.,1.,0.));
#3899 = ORIENTED_EDGE('',*,*,#2823,.T.);
#3900 = ORIENTED_EDGE('',*,*,#3901,.T.);
#3901 = EDGE_CURVE('',#2752,#3902,#3904,.T.);
#3902 = VERTEX_POINT('',#3903);
#3903 = CARTESIAN_POINT('',(-12.699999,-0.95,2.4));
#3904 = LINE('',#3905,#3906);
#3905 = CARTESIAN_POINT('',(-12.719999,-0.97015616,2.4));
#3906 = VECTOR('',#3907,1.);
#3907 = DIRECTION('',(0.704351645668,0.709851223317,0.));
#3908 = ORIENTED_EDGE('',*,*,#3909,.T.);
#3909 = EDGE_CURVE('',#3902,#3910,#3912,.T.);
#3910 = VERTEX_POINT('',#3911);
#3911 = CARTESIAN_POINT('',(-12.67992076818,-0.970078231819,2.4));
#3912 = LINE('',#3913,#3914);
#3913 = CARTESIAN_POINT('',(-12.699999,-0.95,2.4));
#3914 = VECTOR('',#3915,1.);
#3915 = DIRECTION('',(0.707106781187,-0.707106781187,0.));
#3916 = ORIENTED_EDGE('',*,*,#3917,.F.);
#3917 = EDGE_CURVE('',#3880,#3910,#3918,.T.);
#3918 = LINE('',#3919,#3920);
#3919 = CARTESIAN_POINT('',(-12.67992076818,0.970078231819,2.4));
#3920 = VECTOR('',#3921,1.);
#3921 = DIRECTION('',(0.,-1.,0.));
#3922 = PLANE('',#3923);
#3923 = AXIS2_PLACEMENT_3D('',#3924,#3925,#3926);
#3924 = CARTESIAN_POINT('',(-7.619959222234,1.86E-15,2.4));
#3925 = DIRECTION('',(0.,0.,1.));
#3926 = DIRECTION('',(1.,0.,0.));
#3927 = ADVANCED_FACE('',(#3928),#3934,.T.);
#3928 = FACE_BOUND('',#3929,.T.);
#3929 = EDGE_LOOP('',(#3930,#3931,#3932,#3933));
#3930 = ORIENTED_EDGE('',*,*,#3843,.F.);
#3931 = ORIENTED_EDGE('',*,*,#2815,.T.);
#3932 = ORIENTED_EDGE('',*,*,#3894,.T.);
#3933 = ORIENTED_EDGE('',*,*,#1149,.F.);
#3934 = PLANE('',#3935);
#3935 = AXIS2_PLACEMENT_3D('',#3936,#3937,#3938);
#3936 = CARTESIAN_POINT('',(-12.719999,-0.97015616,2.5));
#3937 = DIRECTION('',(1.,0.,0.));
#3938 = DIRECTION('',(0.,1.,0.));
#3939 = ADVANCED_FACE('',(#3940),#3951,.F.);
#3940 = FACE_BOUND('',#3941,.F.);
#3941 = EDGE_LOOP('',(#3942,#3943,#3944,#3945));
#3942 = ORIENTED_EDGE('',*,*,#1181,.F.);
#3943 = ORIENTED_EDGE('',*,*,#1229,.F.);
#3944 = ORIENTED_EDGE('',*,*,#1253,.F.);
#3945 = ORIENTED_EDGE('',*,*,#3946,.F.);
#3946 = EDGE_CURVE('',#1184,#1254,#3947,.T.);
#3947 = LINE('',#3948,#3949);
#3948 = CARTESIAN_POINT('',(-12.45,1.2,0.));
#3949 = VECTOR('',#3950,1.);
#3950 = DIRECTION('',(1.,0.,0.));
#3951 = PLANE('',#3952);
#3952 = AXIS2_PLACEMENT_3D('',#3953,#3954,#3955);
#3953 = CARTESIAN_POINT('',(-7.611081163266,-2.7E-16,0.));
#3954 = DIRECTION('',(0.,0.,1.));
#3955 = DIRECTION('',(1.,0.,0.));
#3956 = ADVANCED_FACE('',(#3957),#3968,.T.);
#3957 = FACE_BOUND('',#3958,.T.);
#3958 = EDGE_LOOP('',(#3959,#3960,#3966,#3967));
#3959 = ORIENTED_EDGE('',*,*,#1215,.T.);
#3960 = ORIENTED_EDGE('',*,*,#3961,.T.);
#3961 = EDGE_CURVE('',#1208,#1262,#3962,.T.);
#3962 = LINE('',#3963,#3964);
#3963 = CARTESIAN_POINT('',(-12.45,1.2,2.5));
#3964 = VECTOR('',#3965,1.);
#3965 = DIRECTION('',(1.,0.,0.));
#3966 = ORIENTED_EDGE('',*,*,#1261,.F.);
#3967 = ORIENTED_EDGE('',*,*,#3946,.F.);
#3968 = PLANE('',#3969);
#3969 = AXIS2_PLACEMENT_3D('',#3970,#3971,#3972);
#3970 = CARTESIAN_POINT('',(-12.45,1.2,0.));
#3971 = DIRECTION('',(0.,1.,0.));
#3972 = DIRECTION('',(1.,0.,0.));
#3973 = ADVANCED_FACE('',(#3974,#4031),#4037,.T.);
#3974 = FACE_BOUND('',#3975,.T.);
#3975 = EDGE_LOOP('',(#3976,#3977,#3985,#3993,#4001,#4009,#4015,#4016,
    #4022,#4023,#4029,#4030));
#3976 = ORIENTED_EDGE('',*,*,#1207,.F.);
#3977 = ORIENTED_EDGE('',*,*,#3978,.F.);
#3978 = EDGE_CURVE('',#3979,#1200,#3981,.T.);
#3979 = VERTEX_POINT('',#3980);
#3980 = CARTESIAN_POINT('',(-12.699999,0.95,2.5));
#3981 = LINE('',#3982,#3983);
#3982 = CARTESIAN_POINT('',(-12.699999,0.95,2.5));
#3983 = VECTOR('',#3984,1.);
#3984 = DIRECTION('',(-0.704351645668,0.709851223317,0.));
#3985 = ORIENTED_EDGE('',*,*,#3986,.T.);
#3986 = EDGE_CURVE('',#3979,#3987,#3989,.T.);
#3987 = VERTEX_POINT('',#3988);
#3988 = CARTESIAN_POINT('',(-12.67992076818,0.970078231819,2.5));
#3989 = LINE('',#3990,#3991);
#3990 = CARTESIAN_POINT('',(-12.699999,0.95,2.5));
#3991 = VECTOR('',#3992,1.);
#3992 = DIRECTION('',(0.707106781186,0.707106781187,0.));
#3993 = ORIENTED_EDGE('',*,*,#3994,.T.);
#3994 = EDGE_CURVE('',#3987,#3995,#3997,.T.);
#3995 = VERTEX_POINT('',#3996);
#3996 = CARTESIAN_POINT('',(-12.67992076818,-0.970078231819,2.5));
#3997 = LINE('',#3998,#3999);
#3998 = CARTESIAN_POINT('',(-12.67992076818,0.970078231819,2.5));
#3999 = VECTOR('',#4000,1.);
#4000 = DIRECTION('',(0.,-1.,0.));
#4001 = ORIENTED_EDGE('',*,*,#4002,.F.);
#4002 = EDGE_CURVE('',#4003,#3995,#4005,.T.);
#4003 = VERTEX_POINT('',#4004);
#4004 = CARTESIAN_POINT('',(-12.699999,-0.95,2.5));
#4005 = LINE('',#4006,#4007);
#4006 = CARTESIAN_POINT('',(-12.699999,-0.95,2.5));
#4007 = VECTOR('',#4008,1.);
#4008 = DIRECTION('',(0.707106781187,-0.707106781187,0.));
#4009 = ORIENTED_EDGE('',*,*,#4010,.F.);
#4010 = EDGE_CURVE('',#2760,#4003,#4011,.T.);
#4011 = LINE('',#4012,#4013);
#4012 = CARTESIAN_POINT('',(-12.719999,-0.97015616,2.5));
#4013 = VECTOR('',#4014,1.);
#4014 = DIRECTION('',(0.704351645668,0.709851223317,0.));
#4015 = ORIENTED_EDGE('',*,*,#2767,.T.);
#4016 = ORIENTED_EDGE('',*,*,#4017,.T.);
#4017 = EDGE_CURVE('',#2768,#2672,#4018,.T.);
#4018 = LINE('',#4019,#4020);
#4019 = CARTESIAN_POINT('',(-12.45,-1.2,2.5));
#4020 = VECTOR('',#4021,1.);
#4021 = DIRECTION('',(1.,0.,0.));
#4022 = ORIENTED_EDGE('',*,*,#2679,.T.);
#4023 = ORIENTED_EDGE('',*,*,#4024,.T.);
#4024 = EDGE_CURVE('',#2680,#1270,#4025,.T.);
#4025 = LINE('',#4026,#4027);
#4026 = CARTESIAN_POINT('',(-10.179998,-0.97015616,2.5));
#4027 = VECTOR('',#4028,1.);
#4028 = DIRECTION('',(0.,1.,0.));
#4029 = ORIENTED_EDGE('',*,*,#1269,.F.);
#4030 = ORIENTED_EDGE('',*,*,#3961,.F.);
#4031 = FACE_BOUND('',#4032,.T.);
#4032 = EDGE_LOOP('',(#4033,#4034,#4035,#4036));
#4033 = ORIENTED_EDGE('',*,*,#3162,.F.);
#4034 = ORIENTED_EDGE('',*,*,#3234,.F.);
#4035 = ORIENTED_EDGE('',*,*,#3210,.F.);
#4036 = ORIENTED_EDGE('',*,*,#3186,.F.);
#4037 = PLANE('',#4038);
#4038 = AXIS2_PLACEMENT_3D('',#4039,#4040,#4041);
#4039 = CARTESIAN_POINT('',(-7.611081163266,-2.7E-16,2.5));
#4040 = DIRECTION('',(0.,0.,1.));
#4041 = DIRECTION('',(1.,0.,0.));
#4042 = ADVANCED_FACE('',(#4043),#4054,.F.);
#4043 = FACE_BOUND('',#4044,.F.);
#4044 = EDGE_LOOP('',(#4045,#4046,#4052,#4053));
#4045 = ORIENTED_EDGE('',*,*,#3978,.F.);
#4046 = ORIENTED_EDGE('',*,*,#4047,.T.);
#4047 = EDGE_CURVE('',#3979,#3878,#4048,.T.);
#4048 = LINE('',#4049,#4050);
#4049 = CARTESIAN_POINT('',(-12.699999,0.95,2.5));
#4050 = VECTOR('',#4051,1.);
#4051 = DIRECTION('',(-0.,-0.,-1.));
#4052 = ORIENTED_EDGE('',*,*,#3887,.T.);
#4053 = ORIENTED_EDGE('',*,*,#1199,.F.);
#4054 = PLANE('',#4055);
#4055 = AXIS2_PLACEMENT_3D('',#4056,#4057,#4058);
#4056 = CARTESIAN_POINT('',(-12.699999,0.95,2.5));
#4057 = DIRECTION('',(0.709851223317,0.704351645668,0.));
#4058 = DIRECTION('',(-0.704351645668,0.709851223317,0.));
#4059 = ADVANCED_FACE('',(#4060),#4110,.T.);
#4060 = FACE_BOUND('',#4061,.T.);
#4061 = EDGE_LOOP('',(#4062,#4072,#4078,#4079,#4080,#4086,#4087,#4088,
    #4096,#4104));
#4062 = ORIENTED_EDGE('',*,*,#4063,.F.);
#4063 = EDGE_CURVE('',#4064,#4066,#4068,.T.);
#4064 = VERTEX_POINT('',#4065);
#4065 = CARTESIAN_POINT('',(-10.159998,0.95,2.4));
#4066 = VERTEX_POINT('',#4067);
#4067 = CARTESIAN_POINT('',(-10.13991976818,0.970078231819,2.4));
#4068 = LINE('',#4069,#4070);
#4069 = CARTESIAN_POINT('',(-10.159998,0.95,2.4));
#4070 = VECTOR('',#4071,1.);
#4071 = DIRECTION('',(0.707106781186,0.707106781187,0.));
#4072 = ORIENTED_EDGE('',*,*,#4073,.T.);
#4073 = EDGE_CURVE('',#4064,#1328,#4074,.T.);
#4074 = LINE('',#4075,#4076);
#4075 = CARTESIAN_POINT('',(-10.159998,0.95,2.4));
#4076 = VECTOR('',#4077,1.);
#4077 = DIRECTION('',(-0.704351645668,0.709851223317,0.));
#4078 = ORIENTED_EDGE('',*,*,#1327,.F.);
#4079 = ORIENTED_EDGE('',*,*,#1285,.F.);
#4080 = ORIENTED_EDGE('',*,*,#4081,.F.);
#4081 = EDGE_CURVE('',#2688,#1278,#4082,.T.);
#4082 = LINE('',#4083,#4084);
#4083 = CARTESIAN_POINT('',(-10.179998,-0.97015616,2.4));
#4084 = VECTOR('',#4085,1.);
#4085 = DIRECTION('',(0.,1.,0.));
#4086 = ORIENTED_EDGE('',*,*,#2695,.T.);
#4087 = ORIENTED_EDGE('',*,*,#2623,.T.);
#4088 = ORIENTED_EDGE('',*,*,#4089,.T.);
#4089 = EDGE_CURVE('',#2624,#4090,#4092,.T.);
#4090 = VERTEX_POINT('',#4091);
#4091 = CARTESIAN_POINT('',(-10.159998,-0.95,2.4));
#4092 = LINE('',#4093,#4094);
#4093 = CARTESIAN_POINT('',(-10.179998,-0.97015616,2.4));
#4094 = VECTOR('',#4095,1.);
#4095 = DIRECTION('',(0.704351645668,0.709851223317,0.));
#4096 = ORIENTED_EDGE('',*,*,#4097,.T.);
#4097 = EDGE_CURVE('',#4090,#4098,#4100,.T.);
#4098 = VERTEX_POINT('',#4099);
#4099 = CARTESIAN_POINT('',(-10.13991976818,-0.970078231819,2.4));
#4100 = LINE('',#4101,#4102);
#4101 = CARTESIAN_POINT('',(-10.159998,-0.95,2.4));
#4102 = VECTOR('',#4103,1.);
#4103 = DIRECTION('',(0.707106781187,-0.707106781187,0.));
#4104 = ORIENTED_EDGE('',*,*,#4105,.F.);
#4105 = EDGE_CURVE('',#4066,#4098,#4106,.T.);
#4106 = LINE('',#4107,#4108);
#4107 = CARTESIAN_POINT('',(-10.13991976818,0.970078231819,2.4));
#4108 = VECTOR('',#4109,1.);
#4109 = DIRECTION('',(0.,-1.,0.));
#4110 = PLANE('',#4111);
#4111 = AXIS2_PLACEMENT_3D('',#4112,#4113,#4114);
#4112 = CARTESIAN_POINT('',(-7.619959222234,1.86E-15,2.4));
#4113 = DIRECTION('',(0.,0.,1.));
#4114 = DIRECTION('',(1.,0.,0.));
#4115 = ADVANCED_FACE('',(#4116),#4122,.T.);
#4116 = FACE_BOUND('',#4117,.T.);
#4117 = EDGE_LOOP('',(#4118,#4119,#4120,#4121));
#4118 = ORIENTED_EDGE('',*,*,#4024,.F.);
#4119 = ORIENTED_EDGE('',*,*,#2687,.T.);
#4120 = ORIENTED_EDGE('',*,*,#4081,.T.);
#4121 = ORIENTED_EDGE('',*,*,#1277,.F.);
#4122 = PLANE('',#4123);
#4123 = AXIS2_PLACEMENT_3D('',#4124,#4125,#4126);
#4124 = CARTESIAN_POINT('',(-10.179998,-0.97015616,2.5));
#4125 = DIRECTION('',(1.,0.,0.));
#4126 = DIRECTION('',(0.,1.,0.));
#4127 = ADVANCED_FACE('',(#4128),#4139,.F.);
#4128 = FACE_BOUND('',#4129,.F.);
#4129 = EDGE_LOOP('',(#4130,#4131,#4132,#4133));
#4130 = ORIENTED_EDGE('',*,*,#1309,.F.);
#4131 = ORIENTED_EDGE('',*,*,#1365,.F.);
#4132 = ORIENTED_EDGE('',*,*,#1389,.F.);
#4133 = ORIENTED_EDGE('',*,*,#4134,.F.);
#4134 = EDGE_CURVE('',#1312,#1390,#4135,.T.);
#4135 = LINE('',#4136,#4137);
#4136 = CARTESIAN_POINT('',(-9.91,1.2,0.));
#4137 = VECTOR('',#4138,1.);
#4138 = DIRECTION('',(1.,0.,0.));
#4139 = PLANE('',#4140);
#4140 = AXIS2_PLACEMENT_3D('',#4141,#4142,#4143);
#4141 = CARTESIAN_POINT('',(-7.611081163266,-2.7E-16,0.));
#4142 = DIRECTION('',(0.,0.,1.));
#4143 = DIRECTION('',(1.,0.,0.));
#4144 = ADVANCED_FACE('',(#4145),#4156,.T.);
#4145 = FACE_BOUND('',#4146,.T.);
#4146 = EDGE_LOOP('',(#4147,#4148,#4154,#4155));
#4147 = ORIENTED_EDGE('',*,*,#1351,.T.);
#4148 = ORIENTED_EDGE('',*,*,#4149,.T.);
#4149 = EDGE_CURVE('',#1344,#1398,#4150,.T.);
#4150 = LINE('',#4151,#4152);
#4151 = CARTESIAN_POINT('',(-9.91,1.2,2.5));
#4152 = VECTOR('',#4153,1.);
#4153 = DIRECTION('',(1.,0.,0.));
#4154 = ORIENTED_EDGE('',*,*,#1397,.F.);
#4155 = ORIENTED_EDGE('',*,*,#4134,.F.);
#4156 = PLANE('',#4157);
#4157 = AXIS2_PLACEMENT_3D('',#4158,#4159,#4160);
#4158 = CARTESIAN_POINT('',(-9.91,1.2,0.));
#4159 = DIRECTION('',(0.,1.,0.));
#4160 = DIRECTION('',(1.,0.,0.));
#4161 = ADVANCED_FACE('',(#4162,#4219),#4225,.T.);
#4162 = FACE_BOUND('',#4163,.T.);
#4163 = EDGE_LOOP('',(#4164,#4165,#4173,#4181,#4189,#4197,#4203,#4204,
    #4210,#4211,#4217,#4218));
#4164 = ORIENTED_EDGE('',*,*,#1343,.F.);
#4165 = ORIENTED_EDGE('',*,*,#4166,.F.);
#4166 = EDGE_CURVE('',#4167,#1336,#4169,.T.);
#4167 = VERTEX_POINT('',#4168);
#4168 = CARTESIAN_POINT('',(-10.159998,0.95,2.5));
#4169 = LINE('',#4170,#4171);
#4170 = CARTESIAN_POINT('',(-10.159998,0.95,2.5));
#4171 = VECTOR('',#4172,1.);
#4172 = DIRECTION('',(-0.704351645668,0.709851223317,0.));
#4173 = ORIENTED_EDGE('',*,*,#4174,.T.);
#4174 = EDGE_CURVE('',#4167,#4175,#4177,.T.);
#4175 = VERTEX_POINT('',#4176);
#4176 = CARTESIAN_POINT('',(-10.13991976818,0.970078231819,2.5));
#4177 = LINE('',#4178,#4179);
#4178 = CARTESIAN_POINT('',(-10.159998,0.95,2.5));
#4179 = VECTOR('',#4180,1.);
#4180 = DIRECTION('',(0.707106781186,0.707106781187,0.));
#4181 = ORIENTED_EDGE('',*,*,#4182,.T.);
#4182 = EDGE_CURVE('',#4175,#4183,#4185,.T.);
#4183 = VERTEX_POINT('',#4184);
#4184 = CARTESIAN_POINT('',(-10.13991976818,-0.970078231819,2.5));
#4185 = LINE('',#4186,#4187);
#4186 = CARTESIAN_POINT('',(-10.13991976818,0.970078231819,2.5));
#4187 = VECTOR('',#4188,1.);
#4188 = DIRECTION('',(0.,-1.,0.));
#4189 = ORIENTED_EDGE('',*,*,#4190,.F.);
#4190 = EDGE_CURVE('',#4191,#4183,#4193,.T.);
#4191 = VERTEX_POINT('',#4192);
#4192 = CARTESIAN_POINT('',(-10.159998,-0.95,2.5));
#4193 = LINE('',#4194,#4195);
#4194 = CARTESIAN_POINT('',(-10.159998,-0.95,2.5));
#4195 = VECTOR('',#4196,1.);
#4196 = DIRECTION('',(0.707106781187,-0.707106781187,0.));
#4197 = ORIENTED_EDGE('',*,*,#4198,.F.);
#4198 = EDGE_CURVE('',#2632,#4191,#4199,.T.);
#4199 = LINE('',#4200,#4201);
#4200 = CARTESIAN_POINT('',(-10.179998,-0.97015616,2.5));
#4201 = VECTOR('',#4202,1.);
#4202 = DIRECTION('',(0.704351645668,0.709851223317,0.));
#4203 = ORIENTED_EDGE('',*,*,#2639,.T.);
#4204 = ORIENTED_EDGE('',*,*,#4205,.T.);
#4205 = EDGE_CURVE('',#2640,#2536,#4206,.T.);
#4206 = LINE('',#4207,#4208);
#4207 = CARTESIAN_POINT('',(-9.91,-1.2,2.5));
#4208 = VECTOR('',#4209,1.);
#4209 = DIRECTION('',(1.,0.,0.));
#4210 = ORIENTED_EDGE('',*,*,#2543,.T.);
#4211 = ORIENTED_EDGE('',*,*,#4212,.T.);
#4212 = EDGE_CURVE('',#2544,#1406,#4213,.T.);
#4213 = LINE('',#4214,#4215);
#4214 = CARTESIAN_POINT('',(-7.639997,-0.97015616,2.5));
#4215 = VECTOR('',#4216,1.);
#4216 = DIRECTION('',(0.,1.,0.));
#4217 = ORIENTED_EDGE('',*,*,#1405,.F.);
#4218 = ORIENTED_EDGE('',*,*,#4149,.F.);
#4219 = FACE_BOUND('',#4220,.T.);
#4220 = EDGE_LOOP('',(#4221,#4222,#4223,#4224));
#4221 = ORIENTED_EDGE('',*,*,#3258,.F.);
#4222 = ORIENTED_EDGE('',*,*,#3330,.F.);
#4223 = ORIENTED_EDGE('',*,*,#3306,.F.);
#4224 = ORIENTED_EDGE('',*,*,#3282,.F.);
#4225 = PLANE('',#4226);
#4226 = AXIS2_PLACEMENT_3D('',#4227,#4228,#4229);
#4227 = CARTESIAN_POINT('',(-7.611081163266,-2.7E-16,2.5));
#4228 = DIRECTION('',(0.,0.,1.));
#4229 = DIRECTION('',(1.,0.,0.));
#4230 = ADVANCED_FACE('',(#4231),#4242,.F.);
#4231 = FACE_BOUND('',#4232,.F.);
#4232 = EDGE_LOOP('',(#4233,#4234,#4240,#4241));
#4233 = ORIENTED_EDGE('',*,*,#4166,.F.);
#4234 = ORIENTED_EDGE('',*,*,#4235,.T.);
#4235 = EDGE_CURVE('',#4167,#4064,#4236,.T.);
#4236 = LINE('',#4237,#4238);
#4237 = CARTESIAN_POINT('',(-10.159998,0.95,2.5));
#4238 = VECTOR('',#4239,1.);
#4239 = DIRECTION('',(-0.,-0.,-1.));
#4240 = ORIENTED_EDGE('',*,*,#4073,.T.);
#4241 = ORIENTED_EDGE('',*,*,#1335,.F.);
#4242 = PLANE('',#4243);
#4243 = AXIS2_PLACEMENT_3D('',#4244,#4245,#4246);
#4244 = CARTESIAN_POINT('',(-10.159998,0.95,2.5));
#4245 = DIRECTION('',(0.709851223317,0.704351645668,0.));
#4246 = DIRECTION('',(-0.704351645668,0.709851223317,0.));
#4247 = ADVANCED_FACE('',(#4248),#4298,.T.);
#4248 = FACE_BOUND('',#4249,.T.);
#4249 = EDGE_LOOP('',(#4250,#4260,#4266,#4267,#4268,#4274,#4275,#4276,
    #4284,#4292));
#4250 = ORIENTED_EDGE('',*,*,#4251,.F.);
#4251 = EDGE_CURVE('',#4252,#4254,#4256,.T.);
#4252 = VERTEX_POINT('',#4253);
#4253 = CARTESIAN_POINT('',(-7.619997,0.95,2.4));
#4254 = VERTEX_POINT('',#4255);
#4255 = CARTESIAN_POINT('',(-7.599918768181,0.970078231819,2.4));
#4256 = LINE('',#4257,#4258);
#4257 = CARTESIAN_POINT('',(-7.619997,0.95,2.4));
#4258 = VECTOR('',#4259,1.);
#4259 = DIRECTION('',(0.707106781186,0.707106781187,0.));
#4260 = ORIENTED_EDGE('',*,*,#4261,.T.);
#4261 = EDGE_CURVE('',#4252,#1464,#4262,.T.);
#4262 = LINE('',#4263,#4264);
#4263 = CARTESIAN_POINT('',(-7.619997,0.95,2.4));
#4264 = VECTOR('',#4265,1.);
#4265 = DIRECTION('',(-0.704351645668,0.709851223317,0.));
#4266 = ORIENTED_EDGE('',*,*,#1463,.F.);
#4267 = ORIENTED_EDGE('',*,*,#1421,.F.);
#4268 = ORIENTED_EDGE('',*,*,#4269,.F.);
#4269 = EDGE_CURVE('',#2552,#1414,#4270,.T.);
#4270 = LINE('',#4271,#4272);
#4271 = CARTESIAN_POINT('',(-7.639997,-0.97015616,2.4));
#4272 = VECTOR('',#4273,1.);
#4273 = DIRECTION('',(0.,1.,0.));
#4274 = ORIENTED_EDGE('',*,*,#2559,.T.);
#4275 = ORIENTED_EDGE('',*,*,#2487,.T.);
#4276 = ORIENTED_EDGE('',*,*,#4277,.T.);
#4277 = EDGE_CURVE('',#2488,#4278,#4280,.T.);
#4278 = VERTEX_POINT('',#4279);
#4279 = CARTESIAN_POINT('',(-7.619997,-0.95,2.4));
#4280 = LINE('',#4281,#4282);
#4281 = CARTESIAN_POINT('',(-7.639997,-0.97015616,2.4));
#4282 = VECTOR('',#4283,1.);
#4283 = DIRECTION('',(0.704351645668,0.709851223317,0.));
#4284 = ORIENTED_EDGE('',*,*,#4285,.T.);
#4285 = EDGE_CURVE('',#4278,#4286,#4288,.T.);
#4286 = VERTEX_POINT('',#4287);
#4287 = CARTESIAN_POINT('',(-7.599918768181,-0.970078231819,2.4));
#4288 = LINE('',#4289,#4290);
#4289 = CARTESIAN_POINT('',(-7.619997,-0.95,2.4));
#4290 = VECTOR('',#4291,1.);
#4291 = DIRECTION('',(0.707106781187,-0.707106781187,0.));
#4292 = ORIENTED_EDGE('',*,*,#4293,.F.);
#4293 = EDGE_CURVE('',#4254,#4286,#4294,.T.);
#4294 = LINE('',#4295,#4296);
#4295 = CARTESIAN_POINT('',(-7.599918768181,0.970078231819,2.4));
#4296 = VECTOR('',#4297,1.);
#4297 = DIRECTION('',(0.,-1.,0.));
#4298 = PLANE('',#4299);
#4299 = AXIS2_PLACEMENT_3D('',#4300,#4301,#4302);
#4300 = CARTESIAN_POINT('',(-7.619959222234,1.86E-15,2.4));
#4301 = DIRECTION('',(0.,0.,1.));
#4302 = DIRECTION('',(1.,0.,0.));
#4303 = ADVANCED_FACE('',(#4304),#4310,.T.);
#4304 = FACE_BOUND('',#4305,.T.);
#4305 = EDGE_LOOP('',(#4306,#4307,#4308,#4309));
#4306 = ORIENTED_EDGE('',*,*,#4212,.F.);
#4307 = ORIENTED_EDGE('',*,*,#2551,.T.);
#4308 = ORIENTED_EDGE('',*,*,#4269,.T.);
#4309 = ORIENTED_EDGE('',*,*,#1413,.F.);
#4310 = PLANE('',#4311);
#4311 = AXIS2_PLACEMENT_3D('',#4312,#4313,#4314);
#4312 = CARTESIAN_POINT('',(-7.639997,-0.97015616,2.5));
#4313 = DIRECTION('',(1.,0.,0.));
#4314 = DIRECTION('',(0.,1.,0.));
#4315 = ADVANCED_FACE('',(#4316),#4327,.F.);
#4316 = FACE_BOUND('',#4317,.F.);
#4317 = EDGE_LOOP('',(#4318,#4319,#4320,#4321));
#4318 = ORIENTED_EDGE('',*,*,#1445,.F.);
#4319 = ORIENTED_EDGE('',*,*,#1501,.F.);
#4320 = ORIENTED_EDGE('',*,*,#1525,.F.);
#4321 = ORIENTED_EDGE('',*,*,#4322,.F.);
#4322 = EDGE_CURVE('',#1448,#1526,#4323,.T.);
#4323 = LINE('',#4324,#4325);
#4324 = CARTESIAN_POINT('',(-7.37,1.2,0.));
#4325 = VECTOR('',#4326,1.);
#4326 = DIRECTION('',(1.,0.,0.));
#4327 = PLANE('',#4328);
#4328 = AXIS2_PLACEMENT_3D('',#4329,#4330,#4331);
#4329 = CARTESIAN_POINT('',(-7.611081163266,-2.7E-16,0.));
#4330 = DIRECTION('',(0.,0.,1.));
#4331 = DIRECTION('',(1.,0.,0.));
#4332 = ADVANCED_FACE('',(#4333),#4344,.T.);
#4333 = FACE_BOUND('',#4334,.T.);
#4334 = EDGE_LOOP('',(#4335,#4336,#4342,#4343));
#4335 = ORIENTED_EDGE('',*,*,#1487,.T.);
#4336 = ORIENTED_EDGE('',*,*,#4337,.T.);
#4337 = EDGE_CURVE('',#1480,#1534,#4338,.T.);
#4338 = LINE('',#4339,#4340);
#4339 = CARTESIAN_POINT('',(-7.37,1.2,2.5));
#4340 = VECTOR('',#4341,1.);
#4341 = DIRECTION('',(1.,0.,0.));
#4342 = ORIENTED_EDGE('',*,*,#1533,.F.);
#4343 = ORIENTED_EDGE('',*,*,#4322,.F.);
#4344 = PLANE('',#4345);
#4345 = AXIS2_PLACEMENT_3D('',#4346,#4347,#4348);
#4346 = CARTESIAN_POINT('',(-7.37,1.2,0.));
#4347 = DIRECTION('',(0.,1.,0.));
#4348 = DIRECTION('',(1.,0.,0.));
#4349 = ADVANCED_FACE('',(#4350,#4407),#4413,.T.);
#4350 = FACE_BOUND('',#4351,.T.);
#4351 = EDGE_LOOP('',(#4352,#4353,#4361,#4369,#4377,#4385,#4391,#4392,
    #4398,#4399,#4405,#4406));
#4352 = ORIENTED_EDGE('',*,*,#1479,.F.);
#4353 = ORIENTED_EDGE('',*,*,#4354,.F.);
#4354 = EDGE_CURVE('',#4355,#1472,#4357,.T.);
#4355 = VERTEX_POINT('',#4356);
#4356 = CARTESIAN_POINT('',(-7.619997,0.95,2.5));
#4357 = LINE('',#4358,#4359);
#4358 = CARTESIAN_POINT('',(-7.619997,0.95,2.5));
#4359 = VECTOR('',#4360,1.);
#4360 = DIRECTION('',(-0.704351645668,0.709851223317,0.));
#4361 = ORIENTED_EDGE('',*,*,#4362,.T.);
#4362 = EDGE_CURVE('',#4355,#4363,#4365,.T.);
#4363 = VERTEX_POINT('',#4364);
#4364 = CARTESIAN_POINT('',(-7.599918768181,0.970078231819,2.5));
#4365 = LINE('',#4366,#4367);
#4366 = CARTESIAN_POINT('',(-7.619997,0.95,2.5));
#4367 = VECTOR('',#4368,1.);
#4368 = DIRECTION('',(0.707106781186,0.707106781187,0.));
#4369 = ORIENTED_EDGE('',*,*,#4370,.T.);
#4370 = EDGE_CURVE('',#4363,#4371,#4373,.T.);
#4371 = VERTEX_POINT('',#4372);
#4372 = CARTESIAN_POINT('',(-7.599918768181,-0.970078231819,2.5));
#4373 = LINE('',#4374,#4375);
#4374 = CARTESIAN_POINT('',(-7.599918768181,0.970078231819,2.5));
#4375 = VECTOR('',#4376,1.);
#4376 = DIRECTION('',(0.,-1.,0.));
#4377 = ORIENTED_EDGE('',*,*,#4378,.F.);
#4378 = EDGE_CURVE('',#4379,#4371,#4381,.T.);
#4379 = VERTEX_POINT('',#4380);
#4380 = CARTESIAN_POINT('',(-7.619997,-0.95,2.5));
#4381 = LINE('',#4382,#4383);
#4382 = CARTESIAN_POINT('',(-7.619997,-0.95,2.5));
#4383 = VECTOR('',#4384,1.);
#4384 = DIRECTION('',(0.707106781187,-0.707106781187,0.));
#4385 = ORIENTED_EDGE('',*,*,#4386,.F.);
#4386 = EDGE_CURVE('',#2496,#4379,#4387,.T.);
#4387 = LINE('',#4388,#4389);
#4388 = CARTESIAN_POINT('',(-7.639997,-0.97015616,2.5));
#4389 = VECTOR('',#4390,1.);
#4390 = DIRECTION('',(0.704351645668,0.709851223317,0.));
#4391 = ORIENTED_EDGE('',*,*,#2503,.T.);
#4392 = ORIENTED_EDGE('',*,*,#4393,.T.);
#4393 = EDGE_CURVE('',#2504,#2400,#4394,.T.);
#4394 = LINE('',#4395,#4396);
#4395 = CARTESIAN_POINT('',(-7.37,-1.2,2.5));
#4396 = VECTOR('',#4397,1.);
#4397 = DIRECTION('',(1.,0.,0.));
#4398 = ORIENTED_EDGE('',*,*,#2407,.T.);
#4399 = ORIENTED_EDGE('',*,*,#4400,.T.);
#4400 = EDGE_CURVE('',#2408,#1542,#4401,.T.);
#4401 = LINE('',#4402,#4403);
#4402 = CARTESIAN_POINT('',(-5.099996,-0.97015616,2.5));
#4403 = VECTOR('',#4404,1.);
#4404 = DIRECTION('',(0.,1.,0.));
#4405 = ORIENTED_EDGE('',*,*,#1541,.F.);
#4406 = ORIENTED_EDGE('',*,*,#4337,.F.);
#4407 = FACE_BOUND('',#4408,.T.);
#4408 = EDGE_LOOP('',(#4409,#4410,#4411,#4412));
#4409 = ORIENTED_EDGE('',*,*,#3354,.F.);
#4410 = ORIENTED_EDGE('',*,*,#3426,.F.);
#4411 = ORIENTED_EDGE('',*,*,#3402,.F.);
#4412 = ORIENTED_EDGE('',*,*,#3378,.F.);
#4413 = PLANE('',#4414);
#4414 = AXIS2_PLACEMENT_3D('',#4415,#4416,#4417);
#4415 = CARTESIAN_POINT('',(-7.611081163266,-2.7E-16,2.5));
#4416 = DIRECTION('',(0.,0.,1.));
#4417 = DIRECTION('',(1.,0.,0.));
#4418 = ADVANCED_FACE('',(#4419),#4430,.F.);
#4419 = FACE_BOUND('',#4420,.F.);
#4420 = EDGE_LOOP('',(#4421,#4422,#4428,#4429));
#4421 = ORIENTED_EDGE('',*,*,#4354,.F.);
#4422 = ORIENTED_EDGE('',*,*,#4423,.T.);
#4423 = EDGE_CURVE('',#4355,#4252,#4424,.T.);
#4424 = LINE('',#4425,#4426);
#4425 = CARTESIAN_POINT('',(-7.619997,0.95,2.5));
#4426 = VECTOR('',#4427,1.);
#4427 = DIRECTION('',(-0.,-0.,-1.));
#4428 = ORIENTED_EDGE('',*,*,#4261,.T.);
#4429 = ORIENTED_EDGE('',*,*,#1471,.F.);
#4430 = PLANE('',#4431);
#4431 = AXIS2_PLACEMENT_3D('',#4432,#4433,#4434);
#4432 = CARTESIAN_POINT('',(-7.619997,0.95,2.5));
#4433 = DIRECTION('',(0.709851223317,0.704351645668,0.));
#4434 = DIRECTION('',(-0.704351645668,0.709851223317,0.));
#4435 = ADVANCED_FACE('',(#4436),#4486,.T.);
#4436 = FACE_BOUND('',#4437,.T.);
#4437 = EDGE_LOOP('',(#4438,#4448,#4454,#4455,#4456,#4462,#4463,#4464,
    #4472,#4480));
#4438 = ORIENTED_EDGE('',*,*,#4439,.F.);
#4439 = EDGE_CURVE('',#4440,#4442,#4444,.T.);
#4440 = VERTEX_POINT('',#4441);
#4441 = CARTESIAN_POINT('',(-5.079996,0.95,2.4));
#4442 = VERTEX_POINT('',#4443);
#4443 = CARTESIAN_POINT('',(-5.059917768181,0.970078231819,2.4));
#4444 = LINE('',#4445,#4446);
#4445 = CARTESIAN_POINT('',(-5.079996,0.95,2.4));
#4446 = VECTOR('',#4447,1.);
#4447 = DIRECTION('',(0.707106781186,0.707106781187,0.));
#4448 = ORIENTED_EDGE('',*,*,#4449,.T.);
#4449 = EDGE_CURVE('',#4440,#1600,#4450,.T.);
#4450 = LINE('',#4451,#4452);
#4451 = CARTESIAN_POINT('',(-5.079996,0.95,2.4));
#4452 = VECTOR('',#4453,1.);
#4453 = DIRECTION('',(-0.704351645668,0.709851223317,0.));
#4454 = ORIENTED_EDGE('',*,*,#1599,.F.);
#4455 = ORIENTED_EDGE('',*,*,#1557,.F.);
#4456 = ORIENTED_EDGE('',*,*,#4457,.F.);
#4457 = EDGE_CURVE('',#2416,#1550,#4458,.T.);
#4458 = LINE('',#4459,#4460);
#4459 = CARTESIAN_POINT('',(-5.099996,-0.97015616,2.4));
#4460 = VECTOR('',#4461,1.);
#4461 = DIRECTION('',(0.,1.,0.));
#4462 = ORIENTED_EDGE('',*,*,#2423,.T.);
#4463 = ORIENTED_EDGE('',*,*,#2351,.T.);
#4464 = ORIENTED_EDGE('',*,*,#4465,.T.);
#4465 = EDGE_CURVE('',#2352,#4466,#4468,.T.);
#4466 = VERTEX_POINT('',#4467);
#4467 = CARTESIAN_POINT('',(-5.079996,-0.95,2.4));
#4468 = LINE('',#4469,#4470);
#4469 = CARTESIAN_POINT('',(-5.099996,-0.97015616,2.4));
#4470 = VECTOR('',#4471,1.);
#4471 = DIRECTION('',(0.704351645668,0.709851223317,0.));
#4472 = ORIENTED_EDGE('',*,*,#4473,.T.);
#4473 = EDGE_CURVE('',#4466,#4474,#4476,.T.);
#4474 = VERTEX_POINT('',#4475);
#4475 = CARTESIAN_POINT('',(-5.059917768181,-0.970078231819,2.4));
#4476 = LINE('',#4477,#4478);
#4477 = CARTESIAN_POINT('',(-5.079996,-0.95,2.4));
#4478 = VECTOR('',#4479,1.);
#4479 = DIRECTION('',(0.707106781187,-0.707106781187,0.));
#4480 = ORIENTED_EDGE('',*,*,#4481,.F.);
#4481 = EDGE_CURVE('',#4442,#4474,#4482,.T.);
#4482 = LINE('',#4483,#4484);
#4483 = CARTESIAN_POINT('',(-5.059917768181,0.970078231819,2.4));
#4484 = VECTOR('',#4485,1.);
#4485 = DIRECTION('',(0.,-1.,0.));
#4486 = PLANE('',#4487);
#4487 = AXIS2_PLACEMENT_3D('',#4488,#4489,#4490);
#4488 = CARTESIAN_POINT('',(-7.619959222234,1.86E-15,2.4));
#4489 = DIRECTION('',(0.,0.,1.));
#4490 = DIRECTION('',(1.,0.,0.));
#4491 = ADVANCED_FACE('',(#4492),#4498,.T.);
#4492 = FACE_BOUND('',#4493,.T.);
#4493 = EDGE_LOOP('',(#4494,#4495,#4496,#4497));
#4494 = ORIENTED_EDGE('',*,*,#4400,.F.);
#4495 = ORIENTED_EDGE('',*,*,#2415,.T.);
#4496 = ORIENTED_EDGE('',*,*,#4457,.T.);
#4497 = ORIENTED_EDGE('',*,*,#1549,.F.);
#4498 = PLANE('',#4499);
#4499 = AXIS2_PLACEMENT_3D('',#4500,#4501,#4502);
#4500 = CARTESIAN_POINT('',(-5.099996,-0.97015616,2.5));
#4501 = DIRECTION('',(1.,0.,0.));
#4502 = DIRECTION('',(0.,1.,0.));
#4503 = ADVANCED_FACE('',(#4504),#4515,.F.);
#4504 = FACE_BOUND('',#4505,.F.);
#4505 = EDGE_LOOP('',(#4506,#4507,#4508,#4509));
#4506 = ORIENTED_EDGE('',*,*,#1581,.F.);
#4507 = ORIENTED_EDGE('',*,*,#1637,.F.);
#4508 = ORIENTED_EDGE('',*,*,#1661,.F.);
#4509 = ORIENTED_EDGE('',*,*,#4510,.F.);
#4510 = EDGE_CURVE('',#1584,#1662,#4511,.T.);
#4511 = LINE('',#4512,#4513);
#4512 = CARTESIAN_POINT('',(-4.83,1.2,0.));
#4513 = VECTOR('',#4514,1.);
#4514 = DIRECTION('',(1.,0.,0.));
#4515 = PLANE('',#4516);
#4516 = AXIS2_PLACEMENT_3D('',#4517,#4518,#4519);
#4517 = CARTESIAN_POINT('',(-7.611081163266,-2.7E-16,0.));
#4518 = DIRECTION('',(0.,0.,1.));
#4519 = DIRECTION('',(1.,0.,0.));
#4520 = ADVANCED_FACE('',(#4521),#4532,.T.);
#4521 = FACE_BOUND('',#4522,.T.);
#4522 = EDGE_LOOP('',(#4523,#4524,#4530,#4531));
#4523 = ORIENTED_EDGE('',*,*,#1623,.T.);
#4524 = ORIENTED_EDGE('',*,*,#4525,.T.);
#4525 = EDGE_CURVE('',#1616,#1670,#4526,.T.);
#4526 = LINE('',#4527,#4528);
#4527 = CARTESIAN_POINT('',(-4.83,1.2,2.5));
#4528 = VECTOR('',#4529,1.);
#4529 = DIRECTION('',(1.,0.,0.));
#4530 = ORIENTED_EDGE('',*,*,#1669,.F.);
#4531 = ORIENTED_EDGE('',*,*,#4510,.F.);
#4532 = PLANE('',#4533);
#4533 = AXIS2_PLACEMENT_3D('',#4534,#4535,#4536);
#4534 = CARTESIAN_POINT('',(-4.83,1.2,0.));
#4535 = DIRECTION('',(0.,1.,0.));
#4536 = DIRECTION('',(1.,0.,0.));
#4537 = ADVANCED_FACE('',(#4538,#4595),#4601,.T.);
#4538 = FACE_BOUND('',#4539,.T.);
#4539 = EDGE_LOOP('',(#4540,#4541,#4549,#4557,#4565,#4573,#4579,#4580,
    #4586,#4587,#4593,#4594));
#4540 = ORIENTED_EDGE('',*,*,#1615,.F.);
#4541 = ORIENTED_EDGE('',*,*,#4542,.F.);
#4542 = EDGE_CURVE('',#4543,#1608,#4545,.T.);
#4543 = VERTEX_POINT('',#4544);
#4544 = CARTESIAN_POINT('',(-5.079996,0.95,2.5));
#4545 = LINE('',#4546,#4547);
#4546 = CARTESIAN_POINT('',(-5.079996,0.95,2.5));
#4547 = VECTOR('',#4548,1.);
#4548 = DIRECTION('',(-0.704351645668,0.709851223317,0.));
#4549 = ORIENTED_EDGE('',*,*,#4550,.T.);
#4550 = EDGE_CURVE('',#4543,#4551,#4553,.T.);
#4551 = VERTEX_POINT('',#4552);
#4552 = CARTESIAN_POINT('',(-5.059917768181,0.970078231819,2.5));
#4553 = LINE('',#4554,#4555);
#4554 = CARTESIAN_POINT('',(-5.079996,0.95,2.5));
#4555 = VECTOR('',#4556,1.);
#4556 = DIRECTION('',(0.707106781186,0.707106781187,0.));
#4557 = ORIENTED_EDGE('',*,*,#4558,.T.);
#4558 = EDGE_CURVE('',#4551,#4559,#4561,.T.);
#4559 = VERTEX_POINT('',#4560);
#4560 = CARTESIAN_POINT('',(-5.059917768181,-0.970078231819,2.5));
#4561 = LINE('',#4562,#4563);
#4562 = CARTESIAN_POINT('',(-5.059917768181,0.970078231819,2.5));
#4563 = VECTOR('',#4564,1.);
#4564 = DIRECTION('',(0.,-1.,0.));
#4565 = ORIENTED_EDGE('',*,*,#4566,.F.);
#4566 = EDGE_CURVE('',#4567,#4559,#4569,.T.);
#4567 = VERTEX_POINT('',#4568);
#4568 = CARTESIAN_POINT('',(-5.079996,-0.95,2.5));
#4569 = LINE('',#4570,#4571);
#4570 = CARTESIAN_POINT('',(-5.079996,-0.95,2.5));
#4571 = VECTOR('',#4572,1.);
#4572 = DIRECTION('',(0.707106781187,-0.707106781187,0.));
#4573 = ORIENTED_EDGE('',*,*,#4574,.F.);
#4574 = EDGE_CURVE('',#2360,#4567,#4575,.T.);
#4575 = LINE('',#4576,#4577);
#4576 = CARTESIAN_POINT('',(-5.099996,-0.97015616,2.5));
#4577 = VECTOR('',#4578,1.);
#4578 = DIRECTION('',(0.704351645668,0.709851223317,0.));
#4579 = ORIENTED_EDGE('',*,*,#2367,.T.);
#4580 = ORIENTED_EDGE('',*,*,#4581,.T.);
#4581 = EDGE_CURVE('',#2368,#2264,#4582,.T.);
#4582 = LINE('',#4583,#4584);
#4583 = CARTESIAN_POINT('',(-4.83,-1.2,2.5));
#4584 = VECTOR('',#4585,1.);
#4585 = DIRECTION('',(1.,0.,0.));
#4586 = ORIENTED_EDGE('',*,*,#2271,.T.);
#4587 = ORIENTED_EDGE('',*,*,#4588,.T.);
#4588 = EDGE_CURVE('',#2272,#1678,#4589,.T.);
#4589 = LINE('',#4590,#4591);
#4590 = CARTESIAN_POINT('',(-2.559995,-0.97015616,2.5));
#4591 = VECTOR('',#4592,1.);
#4592 = DIRECTION('',(0.,1.,0.));
#4593 = ORIENTED_EDGE('',*,*,#1677,.F.);
#4594 = ORIENTED_EDGE('',*,*,#4525,.F.);
#4595 = FACE_BOUND('',#4596,.T.);
#4596 = EDGE_LOOP('',(#4597,#4598,#4599,#4600));
#4597 = ORIENTED_EDGE('',*,*,#3450,.F.);
#4598 = ORIENTED_EDGE('',*,*,#3522,.F.);
#4599 = ORIENTED_EDGE('',*,*,#3498,.F.);
#4600 = ORIENTED_EDGE('',*,*,#3474,.F.);
#4601 = PLANE('',#4602);
#4602 = AXIS2_PLACEMENT_3D('',#4603,#4604,#4605);
#4603 = CARTESIAN_POINT('',(-7.611081163266,-2.7E-16,2.5));
#4604 = DIRECTION('',(0.,0.,1.));
#4605 = DIRECTION('',(1.,0.,0.));
#4606 = ADVANCED_FACE('',(#4607),#4618,.F.);
#4607 = FACE_BOUND('',#4608,.F.);
#4608 = EDGE_LOOP('',(#4609,#4610,#4616,#4617));
#4609 = ORIENTED_EDGE('',*,*,#4542,.F.);
#4610 = ORIENTED_EDGE('',*,*,#4611,.T.);
#4611 = EDGE_CURVE('',#4543,#4440,#4612,.T.);
#4612 = LINE('',#4613,#4614);
#4613 = CARTESIAN_POINT('',(-5.079996,0.95,2.5));
#4614 = VECTOR('',#4615,1.);
#4615 = DIRECTION('',(-0.,-0.,-1.));
#4616 = ORIENTED_EDGE('',*,*,#4449,.T.);
#4617 = ORIENTED_EDGE('',*,*,#1607,.F.);
#4618 = PLANE('',#4619);
#4619 = AXIS2_PLACEMENT_3D('',#4620,#4621,#4622);
#4620 = CARTESIAN_POINT('',(-5.079996,0.95,2.5));
#4621 = DIRECTION('',(0.709851223317,0.704351645668,0.));
#4622 = DIRECTION('',(-0.704351645668,0.709851223317,0.));
#4623 = ADVANCED_FACE('',(#4624),#4674,.T.);
#4624 = FACE_BOUND('',#4625,.T.);
#4625 = EDGE_LOOP('',(#4626,#4636,#4642,#4643,#4644,#4650,#4651,#4652,
    #4660,#4668));
#4626 = ORIENTED_EDGE('',*,*,#4627,.F.);
#4627 = EDGE_CURVE('',#4628,#4630,#4632,.T.);
#4628 = VERTEX_POINT('',#4629);
#4629 = CARTESIAN_POINT('',(-2.539995,0.95,2.4));
#4630 = VERTEX_POINT('',#4631);
#4631 = CARTESIAN_POINT('',(-2.519916768181,0.970078231819,2.4));
#4632 = LINE('',#4633,#4634);
#4633 = CARTESIAN_POINT('',(-2.539995,0.95,2.4));
#4634 = VECTOR('',#4635,1.);
#4635 = DIRECTION('',(0.707106781186,0.707106781187,0.));
#4636 = ORIENTED_EDGE('',*,*,#4637,.T.);
#4637 = EDGE_CURVE('',#4628,#1736,#4638,.T.);
#4638 = LINE('',#4639,#4640);
#4639 = CARTESIAN_POINT('',(-2.539995,0.95,2.4));
#4640 = VECTOR('',#4641,1.);
#4641 = DIRECTION('',(-0.704351645668,0.709851223317,0.));
#4642 = ORIENTED_EDGE('',*,*,#1735,.F.);
#4643 = ORIENTED_EDGE('',*,*,#1693,.F.);
#4644 = ORIENTED_EDGE('',*,*,#4645,.F.);
#4645 = EDGE_CURVE('',#2280,#1686,#4646,.T.);
#4646 = LINE('',#4647,#4648);
#4647 = CARTESIAN_POINT('',(-2.559995,-0.97015616,2.4));
#4648 = VECTOR('',#4649,1.);
#4649 = DIRECTION('',(0.,1.,0.));
#4650 = ORIENTED_EDGE('',*,*,#2287,.T.);
#4651 = ORIENTED_EDGE('',*,*,#2215,.T.);
#4652 = ORIENTED_EDGE('',*,*,#4653,.T.);
#4653 = EDGE_CURVE('',#2216,#4654,#4656,.T.);
#4654 = VERTEX_POINT('',#4655);
#4655 = CARTESIAN_POINT('',(-2.539995,-0.95,2.4));
#4656 = LINE('',#4657,#4658);
#4657 = CARTESIAN_POINT('',(-2.559995,-0.97015616,2.4));
#4658 = VECTOR('',#4659,1.);
#4659 = DIRECTION('',(0.704351645668,0.709851223317,0.));
#4660 = ORIENTED_EDGE('',*,*,#4661,.T.);
#4661 = EDGE_CURVE('',#4654,#4662,#4664,.T.);
#4662 = VERTEX_POINT('',#4663);
#4663 = CARTESIAN_POINT('',(-2.519916768181,-0.970078231819,2.4));
#4664 = LINE('',#4665,#4666);
#4665 = CARTESIAN_POINT('',(-2.539995,-0.95,2.4));
#4666 = VECTOR('',#4667,1.);
#4667 = DIRECTION('',(0.707106781187,-0.707106781187,0.));
#4668 = ORIENTED_EDGE('',*,*,#4669,.F.);
#4669 = EDGE_CURVE('',#4630,#4662,#4670,.T.);
#4670 = LINE('',#4671,#4672);
#4671 = CARTESIAN_POINT('',(-2.519916768181,0.970078231819,2.4));
#4672 = VECTOR('',#4673,1.);
#4673 = DIRECTION('',(0.,-1.,0.));
#4674 = PLANE('',#4675);
#4675 = AXIS2_PLACEMENT_3D('',#4676,#4677,#4678);
#4676 = CARTESIAN_POINT('',(-7.619959222234,1.86E-15,2.4));
#4677 = DIRECTION('',(0.,0.,1.));
#4678 = DIRECTION('',(1.,0.,0.));
#4679 = ADVANCED_FACE('',(#4680),#4686,.T.);
#4680 = FACE_BOUND('',#4681,.T.);
#4681 = EDGE_LOOP('',(#4682,#4683,#4684,#4685));
#4682 = ORIENTED_EDGE('',*,*,#4588,.F.);
#4683 = ORIENTED_EDGE('',*,*,#2279,.T.);
#4684 = ORIENTED_EDGE('',*,*,#4645,.T.);
#4685 = ORIENTED_EDGE('',*,*,#1685,.F.);
#4686 = PLANE('',#4687);
#4687 = AXIS2_PLACEMENT_3D('',#4688,#4689,#4690);
#4688 = CARTESIAN_POINT('',(-2.559995,-0.97015616,2.5));
#4689 = DIRECTION('',(1.,0.,0.));
#4690 = DIRECTION('',(0.,1.,0.));
#4691 = ADVANCED_FACE('',(#4692),#4703,.F.);
#4692 = FACE_BOUND('',#4693,.F.);
#4693 = EDGE_LOOP('',(#4694,#4695,#4696,#4697));
#4694 = ORIENTED_EDGE('',*,*,#1717,.F.);
#4695 = ORIENTED_EDGE('',*,*,#1773,.F.);
#4696 = ORIENTED_EDGE('',*,*,#1797,.F.);
#4697 = ORIENTED_EDGE('',*,*,#4698,.F.);
#4698 = EDGE_CURVE('',#1720,#1798,#4699,.T.);
#4699 = LINE('',#4700,#4701);
#4700 = CARTESIAN_POINT('',(-2.29,1.2,0.));
#4701 = VECTOR('',#4702,1.);
#4702 = DIRECTION('',(1.,0.,0.));
#4703 = PLANE('',#4704);
#4704 = AXIS2_PLACEMENT_3D('',#4705,#4706,#4707);
#4705 = CARTESIAN_POINT('',(-7.611081163266,-2.7E-16,0.));
#4706 = DIRECTION('',(0.,0.,1.));
#4707 = DIRECTION('',(1.,0.,0.));
#4708 = ADVANCED_FACE('',(#4709),#4720,.T.);
#4709 = FACE_BOUND('',#4710,.T.);
#4710 = EDGE_LOOP('',(#4711,#4712,#4718,#4719));
#4711 = ORIENTED_EDGE('',*,*,#1759,.T.);
#4712 = ORIENTED_EDGE('',*,*,#4713,.T.);
#4713 = EDGE_CURVE('',#1752,#1806,#4714,.T.);
#4714 = LINE('',#4715,#4716);
#4715 = CARTESIAN_POINT('',(-2.29,1.2,2.5));
#4716 = VECTOR('',#4717,1.);
#4717 = DIRECTION('',(1.,0.,0.));
#4718 = ORIENTED_EDGE('',*,*,#1805,.F.);
#4719 = ORIENTED_EDGE('',*,*,#4698,.F.);
#4720 = PLANE('',#4721);
#4721 = AXIS2_PLACEMENT_3D('',#4722,#4723,#4724);
#4722 = CARTESIAN_POINT('',(-2.29,1.2,0.));
#4723 = DIRECTION('',(0.,1.,0.));
#4724 = DIRECTION('',(1.,0.,0.));
#4725 = ADVANCED_FACE('',(#4726,#4783),#4789,.T.);
#4726 = FACE_BOUND('',#4727,.T.);
#4727 = EDGE_LOOP('',(#4728,#4729,#4737,#4745,#4753,#4761,#4767,#4768,
    #4774,#4775,#4781,#4782));
#4728 = ORIENTED_EDGE('',*,*,#1751,.F.);
#4729 = ORIENTED_EDGE('',*,*,#4730,.F.);
#4730 = EDGE_CURVE('',#4731,#1744,#4733,.T.);
#4731 = VERTEX_POINT('',#4732);
#4732 = CARTESIAN_POINT('',(-2.539995,0.95,2.5));
#4733 = LINE('',#4734,#4735);
#4734 = CARTESIAN_POINT('',(-2.539995,0.95,2.5));
#4735 = VECTOR('',#4736,1.);
#4736 = DIRECTION('',(-0.704351645668,0.709851223317,0.));
#4737 = ORIENTED_EDGE('',*,*,#4738,.T.);
#4738 = EDGE_CURVE('',#4731,#4739,#4741,.T.);
#4739 = VERTEX_POINT('',#4740);
#4740 = CARTESIAN_POINT('',(-2.519916768181,0.970078231819,2.5));
#4741 = LINE('',#4742,#4743);
#4742 = CARTESIAN_POINT('',(-2.539995,0.95,2.5));
#4743 = VECTOR('',#4744,1.);
#4744 = DIRECTION('',(0.707106781186,0.707106781187,0.));
#4745 = ORIENTED_EDGE('',*,*,#4746,.T.);
#4746 = EDGE_CURVE('',#4739,#4747,#4749,.T.);
#4747 = VERTEX_POINT('',#4748);
#4748 = CARTESIAN_POINT('',(-2.519916768181,-0.970078231819,2.5));
#4749 = LINE('',#4750,#4751);
#4750 = CARTESIAN_POINT('',(-2.519916768181,0.970078231819,2.5));
#4751 = VECTOR('',#4752,1.);
#4752 = DIRECTION('',(0.,-1.,0.));
#4753 = ORIENTED_EDGE('',*,*,#4754,.F.);
#4754 = EDGE_CURVE('',#4755,#4747,#4757,.T.);
#4755 = VERTEX_POINT('',#4756);
#4756 = CARTESIAN_POINT('',(-2.539995,-0.95,2.5));
#4757 = LINE('',#4758,#4759);
#4758 = CARTESIAN_POINT('',(-2.539995,-0.95,2.5));
#4759 = VECTOR('',#4760,1.);
#4760 = DIRECTION('',(0.707106781187,-0.707106781187,0.));
#4761 = ORIENTED_EDGE('',*,*,#4762,.F.);
#4762 = EDGE_CURVE('',#2224,#4755,#4763,.T.);
#4763 = LINE('',#4764,#4765);
#4764 = CARTESIAN_POINT('',(-2.559995,-0.97015616,2.5));
#4765 = VECTOR('',#4766,1.);
#4766 = DIRECTION('',(0.704351645668,0.709851223317,0.));
#4767 = ORIENTED_EDGE('',*,*,#2231,.T.);
#4768 = ORIENTED_EDGE('',*,*,#4769,.T.);
#4769 = EDGE_CURVE('',#2232,#2128,#4770,.T.);
#4770 = LINE('',#4771,#4772);
#4771 = CARTESIAN_POINT('',(-2.29,-1.2,2.5));
#4772 = VECTOR('',#4773,1.);
#4773 = DIRECTION('',(1.,0.,0.));
#4774 = ORIENTED_EDGE('',*,*,#2135,.T.);
#4775 = ORIENTED_EDGE('',*,*,#4776,.T.);
#4776 = EDGE_CURVE('',#2136,#1814,#4777,.T.);
#4777 = LINE('',#4778,#4779);
#4778 = CARTESIAN_POINT('',(-1.9994E-02,-0.97015616,2.5));
#4779 = VECTOR('',#4780,1.);
#4780 = DIRECTION('',(0.,1.,0.));
#4781 = ORIENTED_EDGE('',*,*,#1813,.F.);
#4782 = ORIENTED_EDGE('',*,*,#4713,.F.);
#4783 = FACE_BOUND('',#4784,.T.);
#4784 = EDGE_LOOP('',(#4785,#4786,#4787,#4788));
#4785 = ORIENTED_EDGE('',*,*,#3546,.F.);
#4786 = ORIENTED_EDGE('',*,*,#3618,.F.);
#4787 = ORIENTED_EDGE('',*,*,#3594,.F.);
#4788 = ORIENTED_EDGE('',*,*,#3570,.F.);
#4789 = PLANE('',#4790);
#4790 = AXIS2_PLACEMENT_3D('',#4791,#4792,#4793);
#4791 = CARTESIAN_POINT('',(-7.611081163266,-2.7E-16,2.5));
#4792 = DIRECTION('',(0.,0.,1.));
#4793 = DIRECTION('',(1.,0.,0.));
#4794 = ADVANCED_FACE('',(#4795),#4806,.F.);
#4795 = FACE_BOUND('',#4796,.F.);
#4796 = EDGE_LOOP('',(#4797,#4798,#4804,#4805));
#4797 = ORIENTED_EDGE('',*,*,#4730,.F.);
#4798 = ORIENTED_EDGE('',*,*,#4799,.T.);
#4799 = EDGE_CURVE('',#4731,#4628,#4800,.T.);
#4800 = LINE('',#4801,#4802);
#4801 = CARTESIAN_POINT('',(-2.539995,0.95,2.5));
#4802 = VECTOR('',#4803,1.);
#4803 = DIRECTION('',(-0.,-0.,-1.));
#4804 = ORIENTED_EDGE('',*,*,#4637,.T.);
#4805 = ORIENTED_EDGE('',*,*,#1743,.F.);
#4806 = PLANE('',#4807);
#4807 = AXIS2_PLACEMENT_3D('',#4808,#4809,#4810);
#4808 = CARTESIAN_POINT('',(-2.539995,0.95,2.5));
#4809 = DIRECTION('',(0.709851223317,0.704351645668,0.));
#4810 = DIRECTION('',(-0.704351645668,0.709851223317,0.));
#4811 = ADVANCED_FACE('',(#4812),#4862,.T.);
#4812 = FACE_BOUND('',#4813,.T.);
#4813 = EDGE_LOOP('',(#4814,#4824,#4830,#4831,#4832,#4838,#4839,#4840,
    #4848,#4856));
#4814 = ORIENTED_EDGE('',*,*,#4815,.F.);
#4815 = EDGE_CURVE('',#4816,#4818,#4820,.T.);
#4816 = VERTEX_POINT('',#4817);
#4817 = CARTESIAN_POINT('',(6.000000001E-06,0.95,2.4));
#4818 = VERTEX_POINT('',#4819);
#4819 = CARTESIAN_POINT('',(2.008423181888E-02,0.970078231819,2.4));
#4820 = LINE('',#4821,#4822);
#4821 = CARTESIAN_POINT('',(6.00000000084E-06,0.95,2.4));
#4822 = VECTOR('',#4823,1.);
#4823 = DIRECTION('',(0.707106781186,0.707106781187,0.));
#4824 = ORIENTED_EDGE('',*,*,#4825,.T.);
#4825 = EDGE_CURVE('',#4816,#1872,#4826,.T.);
#4826 = LINE('',#4827,#4828);
#4827 = CARTESIAN_POINT('',(6.0000000008E-06,0.95,2.4));
#4828 = VECTOR('',#4829,1.);
#4829 = DIRECTION('',(-0.704351645668,0.709851223317,0.));
#4830 = ORIENTED_EDGE('',*,*,#1871,.F.);
#4831 = ORIENTED_EDGE('',*,*,#1829,.F.);
#4832 = ORIENTED_EDGE('',*,*,#4833,.F.);
#4833 = EDGE_CURVE('',#2144,#1822,#4834,.T.);
#4834 = LINE('',#4835,#4836);
#4835 = CARTESIAN_POINT('',(-1.9994E-02,-0.97015616,2.4));
#4836 = VECTOR('',#4837,1.);
#4837 = DIRECTION('',(0.,1.,0.));
#4838 = ORIENTED_EDGE('',*,*,#2151,.T.);
#4839 = ORIENTED_EDGE('',*,*,#2079,.T.);
#4840 = ORIENTED_EDGE('',*,*,#4841,.T.);
#4841 = EDGE_CURVE('',#2080,#4842,#4844,.T.);
#4842 = VERTEX_POINT('',#4843);
#4843 = CARTESIAN_POINT('',(6.000000001E-06,-0.95,2.4));
#4844 = LINE('',#4845,#4846);
#4845 = CARTESIAN_POINT('',(-1.9994E-02,-0.97015616,2.4));
#4846 = VECTOR('',#4847,1.);
#4847 = DIRECTION('',(0.704351645668,0.709851223317,0.));
#4848 = ORIENTED_EDGE('',*,*,#4849,.T.);
#4849 = EDGE_CURVE('',#4842,#4850,#4852,.T.);
#4850 = VERTEX_POINT('',#4851);
#4851 = CARTESIAN_POINT('',(2.008423181888E-02,-0.970078231819,2.4));
#4852 = LINE('',#4853,#4854);
#4853 = CARTESIAN_POINT('',(6.0000000008E-06,-0.95,2.4));
#4854 = VECTOR('',#4855,1.);
#4855 = DIRECTION('',(0.707106781187,-0.707106781187,0.));
#4856 = ORIENTED_EDGE('',*,*,#4857,.F.);
#4857 = EDGE_CURVE('',#4818,#4850,#4858,.T.);
#4858 = LINE('',#4859,#4860);
#4859 = CARTESIAN_POINT('',(2.008423181888E-02,0.970078231819,2.4));
#4860 = VECTOR('',#4861,1.);
#4861 = DIRECTION('',(0.,-1.,0.));
#4862 = PLANE('',#4863);
#4863 = AXIS2_PLACEMENT_3D('',#4864,#4865,#4866);
#4864 = CARTESIAN_POINT('',(-7.619959222234,1.86E-15,2.4));
#4865 = DIRECTION('',(0.,0.,1.));
#4866 = DIRECTION('',(1.,0.,0.));
#4867 = ADVANCED_FACE('',(#4868),#4874,.T.);
#4868 = FACE_BOUND('',#4869,.T.);
#4869 = EDGE_LOOP('',(#4870,#4871,#4872,#4873));
#4870 = ORIENTED_EDGE('',*,*,#4776,.F.);
#4871 = ORIENTED_EDGE('',*,*,#2143,.T.);
#4872 = ORIENTED_EDGE('',*,*,#4833,.T.);
#4873 = ORIENTED_EDGE('',*,*,#1821,.F.);
#4874 = PLANE('',#4875);
#4875 = AXIS2_PLACEMENT_3D('',#4876,#4877,#4878);
#4876 = CARTESIAN_POINT('',(-1.9994E-02,-0.97015616,2.5));
#4877 = DIRECTION('',(1.,0.,0.));
#4878 = DIRECTION('',(0.,1.,0.));
#4879 = ADVANCED_FACE('',(#4880),#4891,.F.);
#4880 = FACE_BOUND('',#4881,.F.);
#4881 = EDGE_LOOP('',(#4882,#4883,#4884,#4885));
#4882 = ORIENTED_EDGE('',*,*,#1853,.F.);
#4883 = ORIENTED_EDGE('',*,*,#1909,.F.);
#4884 = ORIENTED_EDGE('',*,*,#1933,.F.);
#4885 = ORIENTED_EDGE('',*,*,#4886,.F.);
#4886 = EDGE_CURVE('',#1856,#1934,#4887,.T.);
#4887 = LINE('',#4888,#4889);
#4888 = CARTESIAN_POINT('',(0.25,1.2,0.));
#4889 = VECTOR('',#4890,1.);
#4890 = DIRECTION('',(1.,0.,0.));
#4891 = PLANE('',#4892);
#4892 = AXIS2_PLACEMENT_3D('',#4893,#4894,#4895);
#4893 = CARTESIAN_POINT('',(-7.611081163266,-2.7E-16,0.));
#4894 = DIRECTION('',(0.,0.,1.));
#4895 = DIRECTION('',(1.,0.,0.));
#4896 = ADVANCED_FACE('',(#4897),#4908,.T.);
#4897 = FACE_BOUND('',#4898,.T.);
#4898 = EDGE_LOOP('',(#4899,#4900,#4906,#4907));
#4899 = ORIENTED_EDGE('',*,*,#1895,.T.);
#4900 = ORIENTED_EDGE('',*,*,#4901,.T.);
#4901 = EDGE_CURVE('',#1888,#1942,#4902,.T.);
#4902 = LINE('',#4903,#4904);
#4903 = CARTESIAN_POINT('',(0.25,1.2,2.5));
#4904 = VECTOR('',#4905,1.);
#4905 = DIRECTION('',(1.,0.,0.));
#4906 = ORIENTED_EDGE('',*,*,#1941,.F.);
#4907 = ORIENTED_EDGE('',*,*,#4886,.F.);
#4908 = PLANE('',#4909);
#4909 = AXIS2_PLACEMENT_3D('',#4910,#4911,#4912);
#4910 = CARTESIAN_POINT('',(0.25,1.2,0.));
#4911 = DIRECTION('',(0.,1.,0.));
#4912 = DIRECTION('',(1.,0.,0.));
#4913 = ADVANCED_FACE('',(#4914,#4966),#4972,.T.);
#4914 = FACE_BOUND('',#4915,.T.);
#4915 = EDGE_LOOP('',(#4916,#4917,#4925,#4933,#4941,#4949,#4955,#4956,
    #4962,#4963,#4964,#4965));
#4916 = ORIENTED_EDGE('',*,*,#1887,.F.);
#4917 = ORIENTED_EDGE('',*,*,#4918,.F.);
#4918 = EDGE_CURVE('',#4919,#1880,#4921,.T.);
#4919 = VERTEX_POINT('',#4920);
#4920 = CARTESIAN_POINT('',(6.000000001E-06,0.95,2.5));
#4921 = LINE('',#4922,#4923);
#4922 = CARTESIAN_POINT('',(6.0000000008E-06,0.95,2.5));
#4923 = VECTOR('',#4924,1.);
#4924 = DIRECTION('',(-0.704351645668,0.709851223317,0.));
#4925 = ORIENTED_EDGE('',*,*,#4926,.T.);
#4926 = EDGE_CURVE('',#4919,#4927,#4929,.T.);
#4927 = VERTEX_POINT('',#4928);
#4928 = CARTESIAN_POINT('',(2.008423181888E-02,0.970078231819,2.5));
#4929 = LINE('',#4930,#4931);
#4930 = CARTESIAN_POINT('',(6.00000000084E-06,0.95,2.5));
#4931 = VECTOR('',#4932,1.);
#4932 = DIRECTION('',(0.707106781186,0.707106781187,0.));
#4933 = ORIENTED_EDGE('',*,*,#4934,.T.);
#4934 = EDGE_CURVE('',#4927,#4935,#4937,.T.);
#4935 = VERTEX_POINT('',#4936);
#4936 = CARTESIAN_POINT('',(2.008423181888E-02,-0.970078231819,2.5));
#4937 = LINE('',#4938,#4939);
#4938 = CARTESIAN_POINT('',(2.008423181888E-02,0.970078231819,2.5));
#4939 = VECTOR('',#4940,1.);
#4940 = DIRECTION('',(0.,-1.,0.));
#4941 = ORIENTED_EDGE('',*,*,#4942,.F.);
#4942 = EDGE_CURVE('',#4943,#4935,#4945,.T.);
#4943 = VERTEX_POINT('',#4944);
#4944 = CARTESIAN_POINT('',(6.000000001E-06,-0.95,2.5));
#4945 = LINE('',#4946,#4947);
#4946 = CARTESIAN_POINT('',(6.0000000008E-06,-0.95,2.5));
#4947 = VECTOR('',#4948,1.);
#4948 = DIRECTION('',(0.707106781187,-0.707106781187,0.));
#4949 = ORIENTED_EDGE('',*,*,#4950,.F.);
#4950 = EDGE_CURVE('',#2088,#4943,#4951,.T.);
#4951 = LINE('',#4952,#4953);
#4952 = CARTESIAN_POINT('',(-1.9994E-02,-0.97015616,2.5));
#4953 = VECTOR('',#4954,1.);
#4954 = DIRECTION('',(0.704351645668,0.709851223317,0.));
#4955 = ORIENTED_EDGE('',*,*,#2095,.T.);
#4956 = ORIENTED_EDGE('',*,*,#4957,.T.);
#4957 = EDGE_CURVE('',#2096,#2008,#4958,.T.);
#4958 = LINE('',#4959,#4960);
#4959 = CARTESIAN_POINT('',(0.25,-1.2,2.5));
#4960 = VECTOR('',#4961,1.);
#4961 = DIRECTION('',(1.,0.,0.));
#4962 = ORIENTED_EDGE('',*,*,#2015,.T.);
#4963 = ORIENTED_EDGE('',*,*,#1975,.F.);
#4964 = ORIENTED_EDGE('',*,*,#1949,.F.);
#4965 = ORIENTED_EDGE('',*,*,#4901,.F.);
#4966 = FACE_BOUND('',#4967,.T.);
#4967 = EDGE_LOOP('',(#4968,#4969,#4970,#4971));
#4968 = ORIENTED_EDGE('',*,*,#3642,.F.);
#4969 = ORIENTED_EDGE('',*,*,#3714,.F.);
#4970 = ORIENTED_EDGE('',*,*,#3690,.F.);
#4971 = ORIENTED_EDGE('',*,*,#3666,.F.);
#4972 = PLANE('',#4973);
#4973 = AXIS2_PLACEMENT_3D('',#4974,#4975,#4976);
#4974 = CARTESIAN_POINT('',(-7.611081163266,-2.7E-16,2.5));
#4975 = DIRECTION('',(0.,0.,1.));
#4976 = DIRECTION('',(1.,0.,0.));
#4977 = ADVANCED_FACE('',(#4978),#4989,.F.);
#4978 = FACE_BOUND('',#4979,.F.);
#4979 = EDGE_LOOP('',(#4980,#4981,#4987,#4988));
#4980 = ORIENTED_EDGE('',*,*,#4918,.F.);
#4981 = ORIENTED_EDGE('',*,*,#4982,.T.);
#4982 = EDGE_CURVE('',#4919,#4816,#4983,.T.);
#4983 = LINE('',#4984,#4985);
#4984 = CARTESIAN_POINT('',(6.00000000082E-06,0.95,2.5));
#4985 = VECTOR('',#4986,1.);
#4986 = DIRECTION('',(-0.,-0.,-1.));
#4987 = ORIENTED_EDGE('',*,*,#4825,.T.);
#4988 = ORIENTED_EDGE('',*,*,#1879,.F.);
#4989 = PLANE('',#4990);
#4990 = AXIS2_PLACEMENT_3D('',#4991,#4992,#4993);
#4991 = CARTESIAN_POINT('',(6.0000000008E-06,0.95,2.5));
#4992 = DIRECTION('',(0.709851223317,0.704351645668,0.));
#4993 = DIRECTION('',(-0.704351645668,0.709851223317,0.));
#4994 = ADVANCED_FACE('',(#4995),#5006,.F.);
#4995 = FACE_BOUND('',#4996,.F.);
#4996 = EDGE_LOOP('',(#4997,#4998,#4999,#5005));
#4997 = ORIENTED_EDGE('',*,*,#2037,.F.);
#4998 = ORIENTED_EDGE('',*,*,#2061,.T.);
#4999 = ORIENTED_EDGE('',*,*,#5000,.T.);
#5000 = EDGE_CURVE('',#2062,#1998,#5001,.T.);
#5001 = LINE('',#5002,#5003);
#5002 = CARTESIAN_POINT('',(0.25,-1.2,0.));
#5003 = VECTOR('',#5004,1.);
#5004 = DIRECTION('',(1.,0.,0.));
#5005 = ORIENTED_EDGE('',*,*,#1997,.T.);
#5006 = PLANE('',#5007);
#5007 = AXIS2_PLACEMENT_3D('',#5008,#5009,#5010);
#5008 = CARTESIAN_POINT('',(-7.611081163266,-2.7E-16,0.));
#5009 = DIRECTION('',(0.,0.,1.));
#5010 = DIRECTION('',(1.,0.,0.));
#5011 = ADVANCED_FACE('',(#5012),#5018,.F.);
#5012 = FACE_BOUND('',#5013,.F.);
#5013 = EDGE_LOOP('',(#5014,#5015,#5016,#5017));
#5014 = ORIENTED_EDGE('',*,*,#2103,.T.);
#5015 = ORIENTED_EDGE('',*,*,#4957,.T.);
#5016 = ORIENTED_EDGE('',*,*,#2007,.F.);
#5017 = ORIENTED_EDGE('',*,*,#5000,.F.);
#5018 = PLANE('',#5019);
#5019 = AXIS2_PLACEMENT_3D('',#5020,#5021,#5022);
#5020 = CARTESIAN_POINT('',(0.25,-1.2,0.));
#5021 = DIRECTION('',(0.,1.,0.));
#5022 = DIRECTION('',(1.,0.,0.));
#5023 = ADVANCED_FACE('',(#5024),#5035,.F.);
#5024 = FACE_BOUND('',#5025,.F.);
#5025 = EDGE_LOOP('',(#5026,#5027,#5028,#5029));
#5026 = ORIENTED_EDGE('',*,*,#4950,.F.);
#5027 = ORIENTED_EDGE('',*,*,#2087,.T.);
#5028 = ORIENTED_EDGE('',*,*,#4841,.T.);
#5029 = ORIENTED_EDGE('',*,*,#5030,.F.);
#5030 = EDGE_CURVE('',#4943,#4842,#5031,.T.);
#5031 = LINE('',#5032,#5033);
#5032 = CARTESIAN_POINT('',(6.0000000008E-06,-0.95,2.5));
#5033 = VECTOR('',#5034,1.);
#5034 = DIRECTION('',(-0.,-0.,-1.));
#5035 = PLANE('',#5036);
#5036 = AXIS2_PLACEMENT_3D('',#5037,#5038,#5039);
#5037 = CARTESIAN_POINT('',(-1.9994E-02,-0.97015616,2.5));
#5038 = DIRECTION('',(0.709851223317,-0.704351645668,0.));
#5039 = DIRECTION('',(0.704351645668,0.709851223317,0.));
#5040 = ADVANCED_FACE('',(#5041),#5052,.F.);
#5041 = FACE_BOUND('',#5042,.F.);
#5042 = EDGE_LOOP('',(#5043,#5044,#5045,#5051));
#5043 = ORIENTED_EDGE('',*,*,#2173,.F.);
#5044 = ORIENTED_EDGE('',*,*,#2197,.T.);
#5045 = ORIENTED_EDGE('',*,*,#5046,.T.);
#5046 = EDGE_CURVE('',#2198,#2118,#5047,.T.);
#5047 = LINE('',#5048,#5049);
#5048 = CARTESIAN_POINT('',(-2.29,-1.2,0.));
#5049 = VECTOR('',#5050,1.);
#5050 = DIRECTION('',(1.,0.,0.));
#5051 = ORIENTED_EDGE('',*,*,#2117,.T.);
#5052 = PLANE('',#5053);
#5053 = AXIS2_PLACEMENT_3D('',#5054,#5055,#5056);
#5054 = CARTESIAN_POINT('',(-7.611081163266,-2.7E-16,0.));
#5055 = DIRECTION('',(0.,0.,1.));
#5056 = DIRECTION('',(1.,0.,0.));
#5057 = ADVANCED_FACE('',(#5058),#5064,.F.);
#5058 = FACE_BOUND('',#5059,.F.);
#5059 = EDGE_LOOP('',(#5060,#5061,#5062,#5063));
#5060 = ORIENTED_EDGE('',*,*,#2239,.T.);
#5061 = ORIENTED_EDGE('',*,*,#4769,.T.);
#5062 = ORIENTED_EDGE('',*,*,#2127,.F.);
#5063 = ORIENTED_EDGE('',*,*,#5046,.F.);
#5064 = PLANE('',#5065);
#5065 = AXIS2_PLACEMENT_3D('',#5066,#5067,#5068);
#5066 = CARTESIAN_POINT('',(-2.29,-1.2,0.));
#5067 = DIRECTION('',(0.,1.,0.));
#5068 = DIRECTION('',(1.,0.,0.));
#5069 = ADVANCED_FACE('',(#5070),#5081,.F.);
#5070 = FACE_BOUND('',#5071,.F.);
#5071 = EDGE_LOOP('',(#5072,#5073,#5074,#5075));
#5072 = ORIENTED_EDGE('',*,*,#4762,.F.);
#5073 = ORIENTED_EDGE('',*,*,#2223,.T.);
#5074 = ORIENTED_EDGE('',*,*,#4653,.T.);
#5075 = ORIENTED_EDGE('',*,*,#5076,.F.);
#5076 = EDGE_CURVE('',#4755,#4654,#5077,.T.);
#5077 = LINE('',#5078,#5079);
#5078 = CARTESIAN_POINT('',(-2.539995,-0.95,2.5));
#5079 = VECTOR('',#5080,1.);
#5080 = DIRECTION('',(-0.,-0.,-1.));
#5081 = PLANE('',#5082);
#5082 = AXIS2_PLACEMENT_3D('',#5083,#5084,#5085);
#5083 = CARTESIAN_POINT('',(-2.559995,-0.97015616,2.5));
#5084 = DIRECTION('',(0.709851223317,-0.704351645668,0.));
#5085 = DIRECTION('',(0.704351645668,0.709851223317,0.));
#5086 = ADVANCED_FACE('',(#5087),#5098,.F.);
#5087 = FACE_BOUND('',#5088,.F.);
#5088 = EDGE_LOOP('',(#5089,#5090,#5091,#5097));
#5089 = ORIENTED_EDGE('',*,*,#2309,.F.);
#5090 = ORIENTED_EDGE('',*,*,#2333,.T.);
#5091 = ORIENTED_EDGE('',*,*,#5092,.T.);
#5092 = EDGE_CURVE('',#2334,#2254,#5093,.T.);
#5093 = LINE('',#5094,#5095);
#5094 = CARTESIAN_POINT('',(-4.83,-1.2,0.));
#5095 = VECTOR('',#5096,1.);
#5096 = DIRECTION('',(1.,0.,0.));
#5097 = ORIENTED_EDGE('',*,*,#2253,.T.);
#5098 = PLANE('',#5099);
#5099 = AXIS2_PLACEMENT_3D('',#5100,#5101,#5102);
#5100 = CARTESIAN_POINT('',(-7.611081163266,-2.7E-16,0.));
#5101 = DIRECTION('',(0.,0.,1.));
#5102 = DIRECTION('',(1.,0.,0.));
#5103 = ADVANCED_FACE('',(#5104),#5110,.F.);
#5104 = FACE_BOUND('',#5105,.F.);
#5105 = EDGE_LOOP('',(#5106,#5107,#5108,#5109));
#5106 = ORIENTED_EDGE('',*,*,#2375,.T.);
#5107 = ORIENTED_EDGE('',*,*,#4581,.T.);
#5108 = ORIENTED_EDGE('',*,*,#2263,.F.);
#5109 = ORIENTED_EDGE('',*,*,#5092,.F.);
#5110 = PLANE('',#5111);
#5111 = AXIS2_PLACEMENT_3D('',#5112,#5113,#5114);
#5112 = CARTESIAN_POINT('',(-4.83,-1.2,0.));
#5113 = DIRECTION('',(0.,1.,0.));
#5114 = DIRECTION('',(1.,0.,0.));
#5115 = ADVANCED_FACE('',(#5116),#5127,.F.);
#5116 = FACE_BOUND('',#5117,.F.);
#5117 = EDGE_LOOP('',(#5118,#5119,#5120,#5121));
#5118 = ORIENTED_EDGE('',*,*,#4574,.F.);
#5119 = ORIENTED_EDGE('',*,*,#2359,.T.);
#5120 = ORIENTED_EDGE('',*,*,#4465,.T.);
#5121 = ORIENTED_EDGE('',*,*,#5122,.F.);
#5122 = EDGE_CURVE('',#4567,#4466,#5123,.T.);
#5123 = LINE('',#5124,#5125);
#5124 = CARTESIAN_POINT('',(-5.079996,-0.95,2.5));
#5125 = VECTOR('',#5126,1.);
#5126 = DIRECTION('',(-0.,-0.,-1.));
#5127 = PLANE('',#5128);
#5128 = AXIS2_PLACEMENT_3D('',#5129,#5130,#5131);
#5129 = CARTESIAN_POINT('',(-5.099996,-0.97015616,2.5));
#5130 = DIRECTION('',(0.709851223317,-0.704351645668,0.));
#5131 = DIRECTION('',(0.704351645668,0.709851223317,0.));
#5132 = ADVANCED_FACE('',(#5133),#5144,.F.);
#5133 = FACE_BOUND('',#5134,.F.);
#5134 = EDGE_LOOP('',(#5135,#5136,#5137,#5143));
#5135 = ORIENTED_EDGE('',*,*,#2445,.F.);
#5136 = ORIENTED_EDGE('',*,*,#2469,.T.);
#5137 = ORIENTED_EDGE('',*,*,#5138,.T.);
#5138 = EDGE_CURVE('',#2470,#2390,#5139,.T.);
#5139 = LINE('',#5140,#5141);
#5140 = CARTESIAN_POINT('',(-7.37,-1.2,0.));
#5141 = VECTOR('',#5142,1.);
#5142 = DIRECTION('',(1.,0.,0.));
#5143 = ORIENTED_EDGE('',*,*,#2389,.T.);
#5144 = PLANE('',#5145);
#5145 = AXIS2_PLACEMENT_3D('',#5146,#5147,#5148);
#5146 = CARTESIAN_POINT('',(-7.611081163266,-2.7E-16,0.));
#5147 = DIRECTION('',(0.,0.,1.));
#5148 = DIRECTION('',(1.,0.,0.));
#5149 = ADVANCED_FACE('',(#5150),#5156,.F.);
#5150 = FACE_BOUND('',#5151,.F.);
#5151 = EDGE_LOOP('',(#5152,#5153,#5154,#5155));
#5152 = ORIENTED_EDGE('',*,*,#2511,.T.);
#5153 = ORIENTED_EDGE('',*,*,#4393,.T.);
#5154 = ORIENTED_EDGE('',*,*,#2399,.F.);
#5155 = ORIENTED_EDGE('',*,*,#5138,.F.);
#5156 = PLANE('',#5157);
#5157 = AXIS2_PLACEMENT_3D('',#5158,#5159,#5160);
#5158 = CARTESIAN_POINT('',(-7.37,-1.2,0.));
#5159 = DIRECTION('',(0.,1.,0.));
#5160 = DIRECTION('',(1.,0.,0.));
#5161 = ADVANCED_FACE('',(#5162),#5173,.F.);
#5162 = FACE_BOUND('',#5163,.F.);
#5163 = EDGE_LOOP('',(#5164,#5165,#5166,#5167));
#5164 = ORIENTED_EDGE('',*,*,#4386,.F.);
#5165 = ORIENTED_EDGE('',*,*,#2495,.T.);
#5166 = ORIENTED_EDGE('',*,*,#4277,.T.);
#5167 = ORIENTED_EDGE('',*,*,#5168,.F.);
#5168 = EDGE_CURVE('',#4379,#4278,#5169,.T.);
#5169 = LINE('',#5170,#5171);
#5170 = CARTESIAN_POINT('',(-7.619997,-0.95,2.5));
#5171 = VECTOR('',#5172,1.);
#5172 = DIRECTION('',(-0.,-0.,-1.));
#5173 = PLANE('',#5174);
#5174 = AXIS2_PLACEMENT_3D('',#5175,#5176,#5177);
#5175 = CARTESIAN_POINT('',(-7.639997,-0.97015616,2.5));
#5176 = DIRECTION('',(0.709851223317,-0.704351645668,0.));
#5177 = DIRECTION('',(0.704351645668,0.709851223317,0.));
#5178 = ADVANCED_FACE('',(#5179),#5190,.F.);
#5179 = FACE_BOUND('',#5180,.F.);
#5180 = EDGE_LOOP('',(#5181,#5182,#5183,#5189));
#5181 = ORIENTED_EDGE('',*,*,#2581,.F.);
#5182 = ORIENTED_EDGE('',*,*,#2605,.T.);
#5183 = ORIENTED_EDGE('',*,*,#5184,.T.);
#5184 = EDGE_CURVE('',#2606,#2526,#5185,.T.);
#5185 = LINE('',#5186,#5187);
#5186 = CARTESIAN_POINT('',(-9.91,-1.2,0.));
#5187 = VECTOR('',#5188,1.);
#5188 = DIRECTION('',(1.,0.,0.));
#5189 = ORIENTED_EDGE('',*,*,#2525,.T.);
#5190 = PLANE('',#5191);
#5191 = AXIS2_PLACEMENT_3D('',#5192,#5193,#5194);
#5192 = CARTESIAN_POINT('',(-7.611081163266,-2.7E-16,0.));
#5193 = DIRECTION('',(0.,0.,1.));
#5194 = DIRECTION('',(1.,0.,0.));
#5195 = ADVANCED_FACE('',(#5196),#5202,.F.);
#5196 = FACE_BOUND('',#5197,.F.);
#5197 = EDGE_LOOP('',(#5198,#5199,#5200,#5201));
#5198 = ORIENTED_EDGE('',*,*,#2647,.T.);
#5199 = ORIENTED_EDGE('',*,*,#4205,.T.);
#5200 = ORIENTED_EDGE('',*,*,#2535,.F.);
#5201 = ORIENTED_EDGE('',*,*,#5184,.F.);
#5202 = PLANE('',#5203);
#5203 = AXIS2_PLACEMENT_3D('',#5204,#5205,#5206);
#5204 = CARTESIAN_POINT('',(-9.91,-1.2,0.));
#5205 = DIRECTION('',(0.,1.,0.));
#5206 = DIRECTION('',(1.,0.,0.));
#5207 = ADVANCED_FACE('',(#5208),#5219,.F.);
#5208 = FACE_BOUND('',#5209,.F.);
#5209 = EDGE_LOOP('',(#5210,#5211,#5212,#5213));
#5210 = ORIENTED_EDGE('',*,*,#4198,.F.);
#5211 = ORIENTED_EDGE('',*,*,#2631,.T.);
#5212 = ORIENTED_EDGE('',*,*,#4089,.T.);
#5213 = ORIENTED_EDGE('',*,*,#5214,.F.);
#5214 = EDGE_CURVE('',#4191,#4090,#5215,.T.);
#5215 = LINE('',#5216,#5217);
#5216 = CARTESIAN_POINT('',(-10.159998,-0.95,2.5));
#5217 = VECTOR('',#5218,1.);
#5218 = DIRECTION('',(-0.,-0.,-1.));
#5219 = PLANE('',#5220);
#5220 = AXIS2_PLACEMENT_3D('',#5221,#5222,#5223);
#5221 = CARTESIAN_POINT('',(-10.179998,-0.97015616,2.5));
#5222 = DIRECTION('',(0.709851223317,-0.704351645668,0.));
#5223 = DIRECTION('',(0.704351645668,0.709851223317,0.));
#5224 = ADVANCED_FACE('',(#5225),#5236,.F.);
#5225 = FACE_BOUND('',#5226,.F.);
#5226 = EDGE_LOOP('',(#5227,#5228,#5229,#5235));
#5227 = ORIENTED_EDGE('',*,*,#2717,.F.);
#5228 = ORIENTED_EDGE('',*,*,#2741,.T.);
#5229 = ORIENTED_EDGE('',*,*,#5230,.T.);
#5230 = EDGE_CURVE('',#2742,#2662,#5231,.T.);
#5231 = LINE('',#5232,#5233);
#5232 = CARTESIAN_POINT('',(-12.45,-1.2,0.));
#5233 = VECTOR('',#5234,1.);
#5234 = DIRECTION('',(1.,0.,0.));
#5235 = ORIENTED_EDGE('',*,*,#2661,.T.);
#5236 = PLANE('',#5237);
#5237 = AXIS2_PLACEMENT_3D('',#5238,#5239,#5240);
#5238 = CARTESIAN_POINT('',(-7.611081163266,-2.7E-16,0.));
#5239 = DIRECTION('',(0.,0.,1.));
#5240 = DIRECTION('',(1.,0.,0.));
#5241 = ADVANCED_FACE('',(#5242),#5248,.F.);
#5242 = FACE_BOUND('',#5243,.F.);
#5243 = EDGE_LOOP('',(#5244,#5245,#5246,#5247));
#5244 = ORIENTED_EDGE('',*,*,#2775,.T.);
#5245 = ORIENTED_EDGE('',*,*,#4017,.T.);
#5246 = ORIENTED_EDGE('',*,*,#2671,.F.);
#5247 = ORIENTED_EDGE('',*,*,#5230,.F.);
#5248 = PLANE('',#5249);
#5249 = AXIS2_PLACEMENT_3D('',#5250,#5251,#5252);
#5250 = CARTESIAN_POINT('',(-12.45,-1.2,0.));
#5251 = DIRECTION('',(0.,1.,0.));
#5252 = DIRECTION('',(1.,0.,0.));
#5253 = ADVANCED_FACE('',(#5254),#5265,.F.);
#5254 = FACE_BOUND('',#5255,.F.);
#5255 = EDGE_LOOP('',(#5256,#5257,#5258,#5259));
#5256 = ORIENTED_EDGE('',*,*,#4010,.F.);
#5257 = ORIENTED_EDGE('',*,*,#2759,.T.);
#5258 = ORIENTED_EDGE('',*,*,#3901,.T.);
#5259 = ORIENTED_EDGE('',*,*,#5260,.F.);
#5260 = EDGE_CURVE('',#4003,#3902,#5261,.T.);
#5261 = LINE('',#5262,#5263);
#5262 = CARTESIAN_POINT('',(-12.699999,-0.95,2.5));
#5263 = VECTOR('',#5264,1.);
#5264 = DIRECTION('',(-0.,-0.,-1.));
#5265 = PLANE('',#5266);
#5266 = AXIS2_PLACEMENT_3D('',#5267,#5268,#5269);
#5267 = CARTESIAN_POINT('',(-12.719999,-0.97015616,2.5));
#5268 = DIRECTION('',(0.709851223317,-0.704351645668,0.));
#5269 = DIRECTION('',(0.704351645668,0.709851223317,0.));
#5270 = ADVANCED_FACE('',(#5271),#5282,.F.);
#5271 = FACE_BOUND('',#5272,.F.);
#5272 = EDGE_LOOP('',(#5273,#5274,#5275,#5281));
#5273 = ORIENTED_EDGE('',*,*,#2845,.F.);
#5274 = ORIENTED_EDGE('',*,*,#2869,.T.);
#5275 = ORIENTED_EDGE('',*,*,#5276,.T.);
#5276 = EDGE_CURVE('',#2870,#2790,#5277,.T.);
#5277 = LINE('',#5278,#5279);
#5278 = CARTESIAN_POINT('',(-14.99,-1.2,0.));
#5279 = VECTOR('',#5280,1.);
#5280 = DIRECTION('',(1.,0.,0.));
#5281 = ORIENTED_EDGE('',*,*,#2789,.T.);
#5282 = PLANE('',#5283);
#5283 = AXIS2_PLACEMENT_3D('',#5284,#5285,#5286);
#5284 = CARTESIAN_POINT('',(-7.611081163266,-2.7E-16,0.));
#5285 = DIRECTION('',(0.,0.,1.));
#5286 = DIRECTION('',(1.,0.,0.));
#5287 = ADVANCED_FACE('',(#5288),#5294,.F.);
#5288 = FACE_BOUND('',#5289,.F.);
#5289 = EDGE_LOOP('',(#5290,#5291,#5292,#5293));
#5290 = ORIENTED_EDGE('',*,*,#2911,.T.);
#5291 = ORIENTED_EDGE('',*,*,#3836,.T.);
#5292 = ORIENTED_EDGE('',*,*,#2799,.F.);
#5293 = ORIENTED_EDGE('',*,*,#5276,.F.);
#5294 = PLANE('',#5295);
#5295 = AXIS2_PLACEMENT_3D('',#5296,#5297,#5298);
#5296 = CARTESIAN_POINT('',(-14.99,-1.2,0.));
#5297 = DIRECTION('',(0.,1.,0.));
#5298 = DIRECTION('',(1.,0.,0.));
#5299 = ADVANCED_FACE('',(#5300),#5311,.T.);
#5300 = FACE_BOUND('',#5301,.T.);
#5301 = EDGE_LOOP('',(#5302,#5303,#5304,#5310));
#5302 = ORIENTED_EDGE('',*,*,#4047,.T.);
#5303 = ORIENTED_EDGE('',*,*,#3877,.T.);
#5304 = ORIENTED_EDGE('',*,*,#5305,.F.);
#5305 = EDGE_CURVE('',#3987,#3880,#5306,.T.);
#5306 = LINE('',#5307,#5308);
#5307 = CARTESIAN_POINT('',(-12.67992076818,0.970078231819,2.5));
#5308 = VECTOR('',#5309,1.);
#5309 = DIRECTION('',(-0.,-0.,-1.));
#5310 = ORIENTED_EDGE('',*,*,#3986,.F.);
#5311 = PLANE('',#5312);
#5312 = AXIS2_PLACEMENT_3D('',#5313,#5314,#5315);
#5313 = CARTESIAN_POINT('',(-12.699999,0.95,2.5));
#5314 = DIRECTION('',(0.707106781187,-0.707106781186,0.));
#5315 = DIRECTION('',(0.707106781186,0.707106781187,0.));
#5316 = ADVANCED_FACE('',(#5317),#5328,.T.);
#5317 = FACE_BOUND('',#5318,.T.);
#5318 = EDGE_LOOP('',(#5319,#5320,#5321,#5327));
#5319 = ORIENTED_EDGE('',*,*,#5305,.T.);
#5320 = ORIENTED_EDGE('',*,*,#3917,.T.);
#5321 = ORIENTED_EDGE('',*,*,#5322,.F.);
#5322 = EDGE_CURVE('',#3995,#3910,#5323,.T.);
#5323 = LINE('',#5324,#5325);
#5324 = CARTESIAN_POINT('',(-12.67992076818,-0.970078231819,2.5));
#5325 = VECTOR('',#5326,1.);
#5326 = DIRECTION('',(-0.,-0.,-1.));
#5327 = ORIENTED_EDGE('',*,*,#3994,.F.);
#5328 = PLANE('',#5329);
#5329 = AXIS2_PLACEMENT_3D('',#5330,#5331,#5332);
#5330 = CARTESIAN_POINT('',(-12.67992076818,0.970078231819,2.5));
#5331 = DIRECTION('',(-1.,0.,0.));
#5332 = DIRECTION('',(0.,-1.,0.));
#5333 = ADVANCED_FACE('',(#5334),#5340,.F.);
#5334 = FACE_BOUND('',#5335,.F.);
#5335 = EDGE_LOOP('',(#5336,#5337,#5338,#5339));
#5336 = ORIENTED_EDGE('',*,*,#5260,.T.);
#5337 = ORIENTED_EDGE('',*,*,#3909,.T.);
#5338 = ORIENTED_EDGE('',*,*,#5322,.F.);
#5339 = ORIENTED_EDGE('',*,*,#4002,.F.);
#5340 = PLANE('',#5341);
#5341 = AXIS2_PLACEMENT_3D('',#5342,#5343,#5344);
#5342 = CARTESIAN_POINT('',(-12.699999,-0.95,2.5));
#5343 = DIRECTION('',(-0.707106781187,-0.707106781187,0.));
#5344 = DIRECTION('',(0.707106781187,-0.707106781187,0.));
#5345 = ADVANCED_FACE('',(#5346),#5357,.T.);
#5346 = FACE_BOUND('',#5347,.T.);
#5347 = EDGE_LOOP('',(#5348,#5349,#5350,#5356));
#5348 = ORIENTED_EDGE('',*,*,#4235,.T.);
#5349 = ORIENTED_EDGE('',*,*,#4063,.T.);
#5350 = ORIENTED_EDGE('',*,*,#5351,.F.);
#5351 = EDGE_CURVE('',#4175,#4066,#5352,.T.);
#5352 = LINE('',#5353,#5354);
#5353 = CARTESIAN_POINT('',(-10.13991976818,0.970078231819,2.5));
#5354 = VECTOR('',#5355,1.);
#5355 = DIRECTION('',(-0.,-0.,-1.));
#5356 = ORIENTED_EDGE('',*,*,#4174,.F.);
#5357 = PLANE('',#5358);
#5358 = AXIS2_PLACEMENT_3D('',#5359,#5360,#5361);
#5359 = CARTESIAN_POINT('',(-10.159998,0.95,2.5));
#5360 = DIRECTION('',(0.707106781187,-0.707106781186,0.));
#5361 = DIRECTION('',(0.707106781186,0.707106781187,0.));
#5362 = ADVANCED_FACE('',(#5363),#5374,.T.);
#5363 = FACE_BOUND('',#5364,.T.);
#5364 = EDGE_LOOP('',(#5365,#5366,#5367,#5373));
#5365 = ORIENTED_EDGE('',*,*,#5351,.T.);
#5366 = ORIENTED_EDGE('',*,*,#4105,.T.);
#5367 = ORIENTED_EDGE('',*,*,#5368,.F.);
#5368 = EDGE_CURVE('',#4183,#4098,#5369,.T.);
#5369 = LINE('',#5370,#5371);
#5370 = CARTESIAN_POINT('',(-10.13991976818,-0.970078231819,2.5));
#5371 = VECTOR('',#5372,1.);
#5372 = DIRECTION('',(-0.,-0.,-1.));
#5373 = ORIENTED_EDGE('',*,*,#4182,.F.);
#5374 = PLANE('',#5375);
#5375 = AXIS2_PLACEMENT_3D('',#5376,#5377,#5378);
#5376 = CARTESIAN_POINT('',(-10.13991976818,0.970078231819,2.5));
#5377 = DIRECTION('',(-1.,0.,0.));
#5378 = DIRECTION('',(0.,-1.,0.));
#5379 = ADVANCED_FACE('',(#5380),#5386,.F.);
#5380 = FACE_BOUND('',#5381,.F.);
#5381 = EDGE_LOOP('',(#5382,#5383,#5384,#5385));
#5382 = ORIENTED_EDGE('',*,*,#5214,.T.);
#5383 = ORIENTED_EDGE('',*,*,#4097,.T.);
#5384 = ORIENTED_EDGE('',*,*,#5368,.F.);
#5385 = ORIENTED_EDGE('',*,*,#4190,.F.);
#5386 = PLANE('',#5387);
#5387 = AXIS2_PLACEMENT_3D('',#5388,#5389,#5390);
#5388 = CARTESIAN_POINT('',(-10.159998,-0.95,2.5));
#5389 = DIRECTION('',(-0.707106781187,-0.707106781187,0.));
#5390 = DIRECTION('',(0.707106781187,-0.707106781187,0.));
#5391 = ADVANCED_FACE('',(#5392),#5403,.T.);
#5392 = FACE_BOUND('',#5393,.T.);
#5393 = EDGE_LOOP('',(#5394,#5395,#5396,#5402));
#5394 = ORIENTED_EDGE('',*,*,#4423,.T.);
#5395 = ORIENTED_EDGE('',*,*,#4251,.T.);
#5396 = ORIENTED_EDGE('',*,*,#5397,.F.);
#5397 = EDGE_CURVE('',#4363,#4254,#5398,.T.);
#5398 = LINE('',#5399,#5400);
#5399 = CARTESIAN_POINT('',(-7.599918768181,0.970078231819,2.5));
#5400 = VECTOR('',#5401,1.);
#5401 = DIRECTION('',(-0.,-0.,-1.));
#5402 = ORIENTED_EDGE('',*,*,#4362,.F.);
#5403 = PLANE('',#5404);
#5404 = AXIS2_PLACEMENT_3D('',#5405,#5406,#5407);
#5405 = CARTESIAN_POINT('',(-7.619997,0.95,2.5));
#5406 = DIRECTION('',(0.707106781187,-0.707106781186,0.));
#5407 = DIRECTION('',(0.707106781186,0.707106781187,0.));
#5408 = ADVANCED_FACE('',(#5409),#5420,.T.);
#5409 = FACE_BOUND('',#5410,.T.);
#5410 = EDGE_LOOP('',(#5411,#5412,#5413,#5419));
#5411 = ORIENTED_EDGE('',*,*,#5397,.T.);
#5412 = ORIENTED_EDGE('',*,*,#4293,.T.);
#5413 = ORIENTED_EDGE('',*,*,#5414,.F.);
#5414 = EDGE_CURVE('',#4371,#4286,#5415,.T.);
#5415 = LINE('',#5416,#5417);
#5416 = CARTESIAN_POINT('',(-7.599918768181,-0.970078231819,2.5));
#5417 = VECTOR('',#5418,1.);
#5418 = DIRECTION('',(-0.,-0.,-1.));
#5419 = ORIENTED_EDGE('',*,*,#4370,.F.);
#5420 = PLANE('',#5421);
#5421 = AXIS2_PLACEMENT_3D('',#5422,#5423,#5424);
#5422 = CARTESIAN_POINT('',(-7.599918768181,0.970078231819,2.5));
#5423 = DIRECTION('',(-1.,0.,0.));
#5424 = DIRECTION('',(0.,-1.,0.));
#5425 = ADVANCED_FACE('',(#5426),#5432,.F.);
#5426 = FACE_BOUND('',#5427,.F.);
#5427 = EDGE_LOOP('',(#5428,#5429,#5430,#5431));
#5428 = ORIENTED_EDGE('',*,*,#5168,.T.);
#5429 = ORIENTED_EDGE('',*,*,#4285,.T.);
#5430 = ORIENTED_EDGE('',*,*,#5414,.F.);
#5431 = ORIENTED_EDGE('',*,*,#4378,.F.);
#5432 = PLANE('',#5433);
#5433 = AXIS2_PLACEMENT_3D('',#5434,#5435,#5436);
#5434 = CARTESIAN_POINT('',(-7.619997,-0.95,2.5));
#5435 = DIRECTION('',(-0.707106781187,-0.707106781187,0.));
#5436 = DIRECTION('',(0.707106781187,-0.707106781187,0.));
#5437 = ADVANCED_FACE('',(#5438),#5449,.T.);
#5438 = FACE_BOUND('',#5439,.T.);
#5439 = EDGE_LOOP('',(#5440,#5441,#5442,#5448));
#5440 = ORIENTED_EDGE('',*,*,#4611,.T.);
#5441 = ORIENTED_EDGE('',*,*,#4439,.T.);
#5442 = ORIENTED_EDGE('',*,*,#5443,.F.);
#5443 = EDGE_CURVE('',#4551,#4442,#5444,.T.);
#5444 = LINE('',#5445,#5446);
#5445 = CARTESIAN_POINT('',(-5.059917768181,0.970078231819,2.5));
#5446 = VECTOR('',#5447,1.);
#5447 = DIRECTION('',(-0.,-0.,-1.));
#5448 = ORIENTED_EDGE('',*,*,#4550,.F.);
#5449 = PLANE('',#5450);
#5450 = AXIS2_PLACEMENT_3D('',#5451,#5452,#5453);
#5451 = CARTESIAN_POINT('',(-5.079996,0.95,2.5));
#5452 = DIRECTION('',(0.707106781187,-0.707106781186,0.));
#5453 = DIRECTION('',(0.707106781186,0.707106781187,0.));
#5454 = ADVANCED_FACE('',(#5455),#5466,.T.);
#5455 = FACE_BOUND('',#5456,.T.);
#5456 = EDGE_LOOP('',(#5457,#5458,#5459,#5465));
#5457 = ORIENTED_EDGE('',*,*,#5443,.T.);
#5458 = ORIENTED_EDGE('',*,*,#4481,.T.);
#5459 = ORIENTED_EDGE('',*,*,#5460,.F.);
#5460 = EDGE_CURVE('',#4559,#4474,#5461,.T.);
#5461 = LINE('',#5462,#5463);
#5462 = CARTESIAN_POINT('',(-5.059917768181,-0.970078231819,2.5));
#5463 = VECTOR('',#5464,1.);
#5464 = DIRECTION('',(-0.,-0.,-1.));
#5465 = ORIENTED_EDGE('',*,*,#4558,.F.);
#5466 = PLANE('',#5467);
#5467 = AXIS2_PLACEMENT_3D('',#5468,#5469,#5470);
#5468 = CARTESIAN_POINT('',(-5.059917768181,0.970078231819,2.5));
#5469 = DIRECTION('',(-1.,0.,0.));
#5470 = DIRECTION('',(0.,-1.,0.));
#5471 = ADVANCED_FACE('',(#5472),#5478,.F.);
#5472 = FACE_BOUND('',#5473,.F.);
#5473 = EDGE_LOOP('',(#5474,#5475,#5476,#5477));
#5474 = ORIENTED_EDGE('',*,*,#5122,.T.);
#5475 = ORIENTED_EDGE('',*,*,#4473,.T.);
#5476 = ORIENTED_EDGE('',*,*,#5460,.F.);
#5477 = ORIENTED_EDGE('',*,*,#4566,.F.);
#5478 = PLANE('',#5479);
#5479 = AXIS2_PLACEMENT_3D('',#5480,#5481,#5482);
#5480 = CARTESIAN_POINT('',(-5.079996,-0.95,2.5));
#5481 = DIRECTION('',(-0.707106781187,-0.707106781187,0.));
#5482 = DIRECTION('',(0.707106781187,-0.707106781187,0.));
#5483 = ADVANCED_FACE('',(#5484),#5495,.T.);
#5484 = FACE_BOUND('',#5485,.T.);
#5485 = EDGE_LOOP('',(#5486,#5487,#5488,#5494));
#5486 = ORIENTED_EDGE('',*,*,#4799,.T.);
#5487 = ORIENTED_EDGE('',*,*,#4627,.T.);
#5488 = ORIENTED_EDGE('',*,*,#5489,.F.);
#5489 = EDGE_CURVE('',#4739,#4630,#5490,.T.);
#5490 = LINE('',#5491,#5492);
#5491 = CARTESIAN_POINT('',(-2.519916768181,0.970078231819,2.5));
#5492 = VECTOR('',#5493,1.);
#5493 = DIRECTION('',(-0.,-0.,-1.));
#5494 = ORIENTED_EDGE('',*,*,#4738,.F.);
#5495 = PLANE('',#5496);
#5496 = AXIS2_PLACEMENT_3D('',#5497,#5498,#5499);
#5497 = CARTESIAN_POINT('',(-2.539995,0.95,2.5));
#5498 = DIRECTION('',(0.707106781187,-0.707106781186,0.));
#5499 = DIRECTION('',(0.707106781186,0.707106781187,0.));
#5500 = ADVANCED_FACE('',(#5501),#5512,.T.);
#5501 = FACE_BOUND('',#5502,.T.);
#5502 = EDGE_LOOP('',(#5503,#5504,#5505,#5511));
#5503 = ORIENTED_EDGE('',*,*,#5489,.T.);
#5504 = ORIENTED_EDGE('',*,*,#4669,.T.);
#5505 = ORIENTED_EDGE('',*,*,#5506,.F.);
#5506 = EDGE_CURVE('',#4747,#4662,#5507,.T.);
#5507 = LINE('',#5508,#5509);
#5508 = CARTESIAN_POINT('',(-2.519916768181,-0.970078231819,2.5));
#5509 = VECTOR('',#5510,1.);
#5510 = DIRECTION('',(-0.,-0.,-1.));
#5511 = ORIENTED_EDGE('',*,*,#4746,.F.);
#5512 = PLANE('',#5513);
#5513 = AXIS2_PLACEMENT_3D('',#5514,#5515,#5516);
#5514 = CARTESIAN_POINT('',(-2.519916768181,0.970078231819,2.5));
#5515 = DIRECTION('',(-1.,0.,0.));
#5516 = DIRECTION('',(0.,-1.,0.));
#5517 = ADVANCED_FACE('',(#5518),#5524,.F.);
#5518 = FACE_BOUND('',#5519,.F.);
#5519 = EDGE_LOOP('',(#5520,#5521,#5522,#5523));
#5520 = ORIENTED_EDGE('',*,*,#5076,.T.);
#5521 = ORIENTED_EDGE('',*,*,#4661,.T.);
#5522 = ORIENTED_EDGE('',*,*,#5506,.F.);
#5523 = ORIENTED_EDGE('',*,*,#4754,.F.);
#5524 = PLANE('',#5525);
#5525 = AXIS2_PLACEMENT_3D('',#5526,#5527,#5528);
#5526 = CARTESIAN_POINT('',(-2.539995,-0.95,2.5));
#5527 = DIRECTION('',(-0.707106781187,-0.707106781187,0.));
#5528 = DIRECTION('',(0.707106781187,-0.707106781187,0.));
#5529 = ADVANCED_FACE('',(#5530),#5541,.T.);
#5530 = FACE_BOUND('',#5531,.T.);
#5531 = EDGE_LOOP('',(#5532,#5533,#5534,#5540));
#5532 = ORIENTED_EDGE('',*,*,#4982,.T.);
#5533 = ORIENTED_EDGE('',*,*,#4815,.T.);
#5534 = ORIENTED_EDGE('',*,*,#5535,.F.);
#5535 = EDGE_CURVE('',#4927,#4818,#5536,.T.);
#5536 = LINE('',#5537,#5538);
#5537 = CARTESIAN_POINT('',(2.008423181888E-02,0.970078231819,2.5));
#5538 = VECTOR('',#5539,1.);
#5539 = DIRECTION('',(-0.,-0.,-1.));
#5540 = ORIENTED_EDGE('',*,*,#4926,.F.);
#5541 = PLANE('',#5542);
#5542 = AXIS2_PLACEMENT_3D('',#5543,#5544,#5545);
#5543 = CARTESIAN_POINT('',(6.00000000084E-06,0.95,2.5));
#5544 = DIRECTION('',(0.707106781187,-0.707106781186,0.));
#5545 = DIRECTION('',(0.707106781186,0.707106781187,0.));
#5546 = ADVANCED_FACE('',(#5547),#5558,.T.);
#5547 = FACE_BOUND('',#5548,.T.);
#5548 = EDGE_LOOP('',(#5549,#5550,#5551,#5557));
#5549 = ORIENTED_EDGE('',*,*,#5535,.T.);
#5550 = ORIENTED_EDGE('',*,*,#4857,.T.);
#5551 = ORIENTED_EDGE('',*,*,#5552,.F.);
#5552 = EDGE_CURVE('',#4935,#4850,#5553,.T.);
#5553 = LINE('',#5554,#5555);
#5554 = CARTESIAN_POINT('',(2.008423181888E-02,-0.970078231819,2.5));
#5555 = VECTOR('',#5556,1.);
#5556 = DIRECTION('',(-0.,-0.,-1.));
#5557 = ORIENTED_EDGE('',*,*,#4934,.F.);
#5558 = PLANE('',#5559);
#5559 = AXIS2_PLACEMENT_3D('',#5560,#5561,#5562);
#5560 = CARTESIAN_POINT('',(2.008423181888E-02,0.970078231819,2.5));
#5561 = DIRECTION('',(-1.,0.,0.));
#5562 = DIRECTION('',(0.,-1.,0.));
#5563 = ADVANCED_FACE('',(#5564),#5570,.F.);
#5564 = FACE_BOUND('',#5565,.F.);
#5565 = EDGE_LOOP('',(#5566,#5567,#5568,#5569));
#5566 = ORIENTED_EDGE('',*,*,#5030,.T.);
#5567 = ORIENTED_EDGE('',*,*,#4849,.T.);
#5568 = ORIENTED_EDGE('',*,*,#5552,.F.);
#5569 = ORIENTED_EDGE('',*,*,#4942,.F.);
#5570 = PLANE('',#5571);
#5571 = AXIS2_PLACEMENT_3D('',#5572,#5573,#5574);
#5572 = CARTESIAN_POINT('',(6.0000000008E-06,-0.95,2.5));
#5573 = DIRECTION('',(-0.707106781187,-0.707106781187,0.));
#5574 = DIRECTION('',(0.707106781187,-0.707106781187,0.));
#5575 = ( GEOMETRIC_REPRESENTATION_CONTEXT(3) 
GLOBAL_UNCERTAINTY_ASSIGNED_CONTEXT((#5579)) 
GLOBAL_UNIT_ASSIGNED_CONTEXT((#5576,#5577,#5578)) REPRESENTATION_CONTEXT
('Context #1','3D Context with UNIT and UNCERTAINTY') );
#5576 = ( LENGTH_UNIT() NAMED_UNIT(*) SI_UNIT(.MILLI.,.METRE.) );
#5577 = ( NAMED_UNIT(*) PLANE_ANGLE_UNIT() SI_UNIT($,.RADIAN.) );
#5578 = ( NAMED_UNIT(*) SI_UNIT($,.STERADIAN.) SOLID_ANGLE_UNIT() );
#5579 = UNCERTAINTY_MEASURE_WITH_UNIT(LENGTH_MEASURE(1.E-07),#5576,
  'distance_accuracy_value','confusion accuracy');
#5580 = CONTEXT_DEPENDENT_SHAPE_REPRESENTATION(#5581,#5583);
#5581 = ( REPRESENTATION_RELATIONSHIP('','',#64,#10) 
REPRESENTATION_RELATIONSHIP_WITH_TRANSFORMATION(#5582) 
SHAPE_REPRESENTATION_RELATIONSHIP() );
#5582 = ITEM_DEFINED_TRANSFORMATION('','',#11,#15);
#5583 = PRODUCT_DEFINITION_SHAPE('Placement','Placement of an item',
  #5584);
#5584 = NEXT_ASSEMBLY_USAGE_OCCURRENCE('17','=>[0:1:1:1]','',#5,#59,$);
#5585 = PRODUCT_RELATED_PRODUCT_CATEGORY('part',$,(#61));
#5586 = SHAPE_DEFINITION_REPRESENTATION(#5587,#5593);
#5587 = PRODUCT_DEFINITION_SHAPE('','',#5588);
#5588 = PRODUCT_DEFINITION('design','',#5589,#5592);
#5589 = PRODUCT_DEFINITION_FORMATION('','',#5590);
#5590 = PRODUCT('Pin01','Pin01','',(#5591));
#5591 = PRODUCT_CONTEXT('',#2,'mechanical');
#5592 = PRODUCT_DEFINITION_CONTEXT('part definition',#2,'design');
#5593 = ADVANCED_BREP_SHAPE_REPRESENTATION('',(#11,#5594),#5928);
#5594 = MANIFOLD_SOLID_BREP('',#5595);
#5595 = CLOSED_SHELL('',(#5596,#5636,#5667,#5698,#5727,#5756,#5778,#5801
    ,#5824,#5847,#5870,#5887,#5904,#5916));
#5596 = ADVANCED_FACE('',(#5597),#5631,.F.);
#5597 = FACE_BOUND('',#5598,.F.);
#5598 = EDGE_LOOP('',(#5599,#5609,#5617,#5625));
#5599 = ORIENTED_EDGE('',*,*,#5600,.T.);
#5600 = EDGE_CURVE('',#5601,#5603,#5605,.T.);
#5601 = VERTEX_POINT('',#5602);
#5602 = CARTESIAN_POINT('',(-0.32,0.32,0.));
#5603 = VERTEX_POINT('',#5604);
#5604 = CARTESIAN_POINT('',(-0.32,0.32,10.5));
#5605 = LINE('',#5606,#5607);
#5606 = CARTESIAN_POINT('',(-0.32,0.32,0.));
#5607 = VECTOR('',#5608,1.);
#5608 = DIRECTION('',(0.,0.,1.));
#5609 = ORIENTED_EDGE('',*,*,#5610,.T.);
#5610 = EDGE_CURVE('',#5603,#5611,#5613,.T.);
#5611 = VERTEX_POINT('',#5612);
#5612 = CARTESIAN_POINT('',(-0.32,-0.32,10.5));
#5613 = LINE('',#5614,#5615);
#5614 = CARTESIAN_POINT('',(-0.32,0.32,10.5));
#5615 = VECTOR('',#5616,1.);
#5616 = DIRECTION('',(0.,-1.,0.));
#5617 = ORIENTED_EDGE('',*,*,#5618,.F.);
#5618 = EDGE_CURVE('',#5619,#5611,#5621,.T.);
#5619 = VERTEX_POINT('',#5620);
#5620 = CARTESIAN_POINT('',(-0.32,-0.32,0.));
#5621 = LINE('',#5622,#5623);
#5622 = CARTESIAN_POINT('',(-0.32,-0.32,0.));
#5623 = VECTOR('',#5624,1.);
#5624 = DIRECTION('',(0.,0.,1.));
#5625 = ORIENTED_EDGE('',*,*,#5626,.F.);
#5626 = EDGE_CURVE('',#5601,#5619,#5627,.T.);
#5627 = LINE('',#5628,#5629);
#5628 = CARTESIAN_POINT('',(-0.32,0.32,0.));
#5629 = VECTOR('',#5630,1.);
#5630 = DIRECTION('',(0.,-1.,0.));
#5631 = PLANE('',#5632);
#5632 = AXIS2_PLACEMENT_3D('',#5633,#5634,#5635);
#5633 = CARTESIAN_POINT('',(-0.32,0.32,0.));
#5634 = DIRECTION('',(1.,0.,0.));
#5635 = DIRECTION('',(0.,-1.,0.));
#5636 = ADVANCED_FACE('',(#5637),#5662,.F.);
#5637 = FACE_BOUND('',#5638,.F.);
#5638 = EDGE_LOOP('',(#5639,#5649,#5655,#5656));
#5639 = ORIENTED_EDGE('',*,*,#5640,.T.);
#5640 = EDGE_CURVE('',#5641,#5643,#5645,.T.);
#5641 = VERTEX_POINT('',#5642);
#5642 = CARTESIAN_POINT('',(0.32,0.32,0.));
#5643 = VERTEX_POINT('',#5644);
#5644 = CARTESIAN_POINT('',(0.32,0.32,10.5));
#5645 = LINE('',#5646,#5647);
#5646 = CARTESIAN_POINT('',(0.32,0.32,0.));
#5647 = VECTOR('',#5648,1.);
#5648 = DIRECTION('',(0.,0.,1.));
#5649 = ORIENTED_EDGE('',*,*,#5650,.T.);
#5650 = EDGE_CURVE('',#5643,#5603,#5651,.T.);
#5651 = LINE('',#5652,#5653);
#5652 = CARTESIAN_POINT('',(0.32,0.32,10.5));
#5653 = VECTOR('',#5654,1.);
#5654 = DIRECTION('',(-1.,0.,0.));
#5655 = ORIENTED_EDGE('',*,*,#5600,.F.);
#5656 = ORIENTED_EDGE('',*,*,#5657,.F.);
#5657 = EDGE_CURVE('',#5641,#5601,#5658,.T.);
#5658 = LINE('',#5659,#5660);
#5659 = CARTESIAN_POINT('',(0.32,0.32,0.));
#5660 = VECTOR('',#5661,1.);
#5661 = DIRECTION('',(-1.,0.,0.));
#5662 = PLANE('',#5663);
#5663 = AXIS2_PLACEMENT_3D('',#5664,#5665,#5666);
#5664 = CARTESIAN_POINT('',(0.32,0.32,0.));
#5665 = DIRECTION('',(0.,-1.,0.));
#5666 = DIRECTION('',(-1.,0.,0.));
#5667 = ADVANCED_FACE('',(#5668),#5693,.F.);
#5668 = FACE_BOUND('',#5669,.F.);
#5669 = EDGE_LOOP('',(#5670,#5671,#5679,#5687));
#5670 = ORIENTED_EDGE('',*,*,#5618,.T.);
#5671 = ORIENTED_EDGE('',*,*,#5672,.T.);
#5672 = EDGE_CURVE('',#5611,#5673,#5675,.T.);
#5673 = VERTEX_POINT('',#5674);
#5674 = CARTESIAN_POINT('',(0.32,-0.32,10.5));
#5675 = LINE('',#5676,#5677);
#5676 = CARTESIAN_POINT('',(-0.32,-0.32,10.5));
#5677 = VECTOR('',#5678,1.);
#5678 = DIRECTION('',(1.,0.,0.));
#5679 = ORIENTED_EDGE('',*,*,#5680,.F.);
#5680 = EDGE_CURVE('',#5681,#5673,#5683,.T.);
#5681 = VERTEX_POINT('',#5682);
#5682 = CARTESIAN_POINT('',(0.32,-0.32,0.));
#5683 = LINE('',#5684,#5685);
#5684 = CARTESIAN_POINT('',(0.32,-0.32,0.));
#5685 = VECTOR('',#5686,1.);
#5686 = DIRECTION('',(0.,0.,1.));
#5687 = ORIENTED_EDGE('',*,*,#5688,.F.);
#5688 = EDGE_CURVE('',#5619,#5681,#5689,.T.);
#5689 = LINE('',#5690,#5691);
#5690 = CARTESIAN_POINT('',(-0.32,-0.32,0.));
#5691 = VECTOR('',#5692,1.);
#5692 = DIRECTION('',(1.,0.,0.));
#5693 = PLANE('',#5694);
#5694 = AXIS2_PLACEMENT_3D('',#5695,#5696,#5697);
#5695 = CARTESIAN_POINT('',(-0.32,-0.32,0.));
#5696 = DIRECTION('',(0.,1.,0.));
#5697 = DIRECTION('',(1.,0.,0.));
#5698 = ADVANCED_FACE('',(#5699),#5722,.T.);
#5699 = FACE_BOUND('',#5700,.T.);
#5700 = EDGE_LOOP('',(#5701,#5702,#5709,#5717));
#5701 = ORIENTED_EDGE('',*,*,#5626,.F.);
#5702 = ORIENTED_EDGE('',*,*,#5703,.T.);
#5703 = EDGE_CURVE('',#5601,#5704,#5706,.T.);
#5704 = VERTEX_POINT('',#5705);
#5705 = CARTESIAN_POINT('',(-0.14514,0.14514,-0.5));
#5706 = B_SPLINE_CURVE_WITH_KNOTS('',1,(#5707,#5708),.UNSPECIFIED.,.F.,
  .F.,(2,2),(0.,1.),.PIECEWISE_BEZIER_KNOTS.);
#5707 = CARTESIAN_POINT('',(-0.32,0.32,0.));
#5708 = CARTESIAN_POINT('',(-0.14514,0.14514,-0.5));
#5709 = ORIENTED_EDGE('',*,*,#5710,.F.);
#5710 = EDGE_CURVE('',#5711,#5704,#5713,.T.);
#5711 = VERTEX_POINT('',#5712);
#5712 = CARTESIAN_POINT('',(-0.14514,-0.14514,-0.5));
#5713 = LINE('',#5714,#5715);
#5714 = CARTESIAN_POINT('',(-0.14514,-0.14514,-0.5));
#5715 = VECTOR('',#5716,1.);
#5716 = DIRECTION('',(0.,1.,0.));
#5717 = ORIENTED_EDGE('',*,*,#5718,.F.);
#5718 = EDGE_CURVE('',#5619,#5711,#5719,.T.);
#5719 = B_SPLINE_CURVE_WITH_KNOTS('',1,(#5720,#5721),.UNSPECIFIED.,.F.,
  .F.,(2,2),(0.,1.),.PIECEWISE_BEZIER_KNOTS.);
#5720 = CARTESIAN_POINT('',(-0.32,-0.32,0.));
#5721 = CARTESIAN_POINT('',(-0.14514,-0.14514,-0.5));
#5722 = B_SPLINE_SURFACE_WITH_KNOTS('',1,1,(
    (#5723,#5724)
    ,(#5725,#5726
    )),.UNSPECIFIED.,.F.,.F.,.F.,(2,2),(2,2),(0.,0.64),(0.,1.),
  .PIECEWISE_BEZIER_KNOTS.);
#5723 = CARTESIAN_POINT('',(-0.32,-0.32,0.));
#5724 = CARTESIAN_POINT('',(-0.14514,-0.14514,-0.5));
#5725 = CARTESIAN_POINT('',(-0.32,0.32,0.));
#5726 = CARTESIAN_POINT('',(-0.14514,0.14514,-0.5));
#5727 = ADVANCED_FACE('',(#5728),#5751,.F.);
#5728 = FACE_BOUND('',#5729,.F.);
#5729 = EDGE_LOOP('',(#5730,#5740,#5745,#5746));
#5730 = ORIENTED_EDGE('',*,*,#5731,.T.);
#5731 = EDGE_CURVE('',#5732,#5734,#5736,.T.);
#5732 = VERTEX_POINT('',#5733);
#5733 = CARTESIAN_POINT('',(-0.153217,0.149879,11.));
#5734 = VERTEX_POINT('',#5735);
#5735 = CARTESIAN_POINT('',(-0.153217,-0.149879,11.));
#5736 = LINE('',#5737,#5738);
#5737 = CARTESIAN_POINT('',(-0.153217,0.149879,11.));
#5738 = VECTOR('',#5739,1.);
#5739 = DIRECTION('',(0.,-1.,0.));
#5740 = ORIENTED_EDGE('',*,*,#5741,.T.);
#5741 = EDGE_CURVE('',#5734,#5611,#5742,.T.);
#5742 = B_SPLINE_CURVE_WITH_KNOTS('',1,(#5743,#5744),.UNSPECIFIED.,.F.,
  .F.,(2,2),(0.,1.),.PIECEWISE_BEZIER_KNOTS.);
#5743 = CARTESIAN_POINT('',(-0.153217,-0.149879,11.));
#5744 = CARTESIAN_POINT('',(-0.32,-0.32,10.5));
#5745 = ORIENTED_EDGE('',*,*,#5610,.F.);
#5746 = ORIENTED_EDGE('',*,*,#5747,.F.);
#5747 = EDGE_CURVE('',#5732,#5603,#5748,.T.);
#5748 = B_SPLINE_CURVE_WITH_KNOTS('',1,(#5749,#5750),.UNSPECIFIED.,.F.,
  .F.,(2,2),(0.,1.),.PIECEWISE_BEZIER_KNOTS.);
#5749 = CARTESIAN_POINT('',(-0.153217,0.149879,11.));
#5750 = CARTESIAN_POINT('',(-0.32,0.32,10.5));
#5751 = B_SPLINE_SURFACE_WITH_KNOTS('',1,1,(
    (#5752,#5753)
    ,(#5754,#5755
    )),.UNSPECIFIED.,.F.,.F.,.F.,(2,2),(2,2),(0.,0.64),(0.,1.),
  .PIECEWISE_BEZIER_KNOTS.);
#5752 = CARTESIAN_POINT('',(-0.153217,0.149879,11.));
#5753 = CARTESIAN_POINT('',(-0.32,0.32,10.5));
#5754 = CARTESIAN_POINT('',(-0.153217,-0.149879,11.));
#5755 = CARTESIAN_POINT('',(-0.32,-0.32,10.5));
#5756 = ADVANCED_FACE('',(#5757),#5773,.F.);
#5757 = FACE_BOUND('',#5758,.F.);
#5758 = EDGE_LOOP('',(#5759,#5760,#5766,#5767));
#5759 = ORIENTED_EDGE('',*,*,#5680,.T.);
#5760 = ORIENTED_EDGE('',*,*,#5761,.T.);
#5761 = EDGE_CURVE('',#5673,#5643,#5762,.T.);
#5762 = LINE('',#5763,#5764);
#5763 = CARTESIAN_POINT('',(0.32,-0.32,10.5));
#5764 = VECTOR('',#5765,1.);
#5765 = DIRECTION('',(0.,1.,0.));
#5766 = ORIENTED_EDGE('',*,*,#5640,.F.);
#5767 = ORIENTED_EDGE('',*,*,#5768,.F.);
#5768 = EDGE_CURVE('',#5681,#5641,#5769,.T.);
#5769 = LINE('',#5770,#5771);
#5770 = CARTESIAN_POINT('',(0.32,-0.32,0.));
#5771 = VECTOR('',#5772,1.);
#5772 = DIRECTION('',(0.,1.,0.));
#5773 = PLANE('',#5774);
#5774 = AXIS2_PLACEMENT_3D('',#5775,#5776,#5777);
#5775 = CARTESIAN_POINT('',(0.32,-0.32,0.));
#5776 = DIRECTION('',(-1.,0.,0.));
#5777 = DIRECTION('',(0.,1.,0.));
#5778 = ADVANCED_FACE('',(#5779),#5796,.T.);
#5779 = FACE_BOUND('',#5780,.T.);
#5780 = EDGE_LOOP('',(#5781,#5782,#5789,#5795));
#5781 = ORIENTED_EDGE('',*,*,#5657,.F.);
#5782 = ORIENTED_EDGE('',*,*,#5783,.T.);
#5783 = EDGE_CURVE('',#5641,#5784,#5786,.T.);
#5784 = VERTEX_POINT('',#5785);
#5785 = CARTESIAN_POINT('',(0.14514,0.14514,-0.5));
#5786 = B_SPLINE_CURVE_WITH_KNOTS('',1,(#5787,#5788),.UNSPECIFIED.,.F.,
  .F.,(2,2),(0.,1.),.PIECEWISE_BEZIER_KNOTS.);
#5787 = CARTESIAN_POINT('',(0.32,0.32,0.));
#5788 = CARTESIAN_POINT('',(0.14514,0.14514,-0.5));
#5789 = ORIENTED_EDGE('',*,*,#5790,.F.);
#5790 = EDGE_CURVE('',#5704,#5784,#5791,.T.);
#5791 = LINE('',#5792,#5793);
#5792 = CARTESIAN_POINT('',(-0.14514,0.14514,-0.5));
#5793 = VECTOR('',#5794,1.);
#5794 = DIRECTION('',(1.,0.,0.));
#5795 = ORIENTED_EDGE('',*,*,#5703,.F.);
#5796 = B_SPLINE_SURFACE_WITH_KNOTS('',1,1,(
    (#5797,#5798)
    ,(#5799,#5800
    )),.UNSPECIFIED.,.F.,.F.,.F.,(2,2),(2,2),(0.,0.64),(0.,1.),
  .PIECEWISE_BEZIER_KNOTS.);
#5797 = CARTESIAN_POINT('',(-0.32,0.32,0.));
#5798 = CARTESIAN_POINT('',(-0.14514,0.14514,-0.5));
#5799 = CARTESIAN_POINT('',(0.32,0.32,0.));
#5800 = CARTESIAN_POINT('',(0.14514,0.14514,-0.5));
#5801 = ADVANCED_FACE('',(#5802),#5819,.F.);
#5802 = FACE_BOUND('',#5803,.F.);
#5803 = EDGE_LOOP('',(#5804,#5812,#5813,#5814));
#5804 = ORIENTED_EDGE('',*,*,#5805,.T.);
#5805 = EDGE_CURVE('',#5806,#5732,#5808,.T.);
#5806 = VERTEX_POINT('',#5807);
#5807 = CARTESIAN_POINT('',(0.153217,0.149879,11.));
#5808 = LINE('',#5809,#5810);
#5809 = CARTESIAN_POINT('',(0.153217,0.149879,11.));
#5810 = VECTOR('',#5811,1.);
#5811 = DIRECTION('',(-1.,0.,0.));
#5812 = ORIENTED_EDGE('',*,*,#5747,.T.);
#5813 = ORIENTED_EDGE('',*,*,#5650,.F.);
#5814 = ORIENTED_EDGE('',*,*,#5815,.F.);
#5815 = EDGE_CURVE('',#5806,#5643,#5816,.T.);
#5816 = B_SPLINE_CURVE_WITH_KNOTS('',1,(#5817,#5818),.UNSPECIFIED.,.F.,
  .F.,(2,2),(0.,1.),.PIECEWISE_BEZIER_KNOTS.);
#5817 = CARTESIAN_POINT('',(0.153217,0.149879,11.));
#5818 = CARTESIAN_POINT('',(0.32,0.32,10.5));
#5819 = B_SPLINE_SURFACE_WITH_KNOTS('',1,1,(
    (#5820,#5821)
    ,(#5822,#5823
    )),.UNSPECIFIED.,.F.,.F.,.F.,(2,2),(2,2),(0.,0.64),(0.,1.),
  .PIECEWISE_BEZIER_KNOTS.);
#5820 = CARTESIAN_POINT('',(0.153217,0.149879,11.));
#5821 = CARTESIAN_POINT('',(0.32,0.32,10.5));
#5822 = CARTESIAN_POINT('',(-0.153217,0.149879,11.));
#5823 = CARTESIAN_POINT('',(-0.32,0.32,10.5));
#5824 = ADVANCED_FACE('',(#5825),#5842,.T.);
#5825 = FACE_BOUND('',#5826,.T.);
#5826 = EDGE_LOOP('',(#5827,#5828,#5829,#5837));
#5827 = ORIENTED_EDGE('',*,*,#5688,.F.);
#5828 = ORIENTED_EDGE('',*,*,#5718,.T.);
#5829 = ORIENTED_EDGE('',*,*,#5830,.F.);
#5830 = EDGE_CURVE('',#5831,#5711,#5833,.T.);
#5831 = VERTEX_POINT('',#5832);
#5832 = CARTESIAN_POINT('',(0.14514,-0.14514,-0.5));
#5833 = LINE('',#5834,#5835);
#5834 = CARTESIAN_POINT('',(0.14514,-0.14514,-0.5));
#5835 = VECTOR('',#5836,1.);
#5836 = DIRECTION('',(-1.,0.,0.));
#5837 = ORIENTED_EDGE('',*,*,#5838,.F.);
#5838 = EDGE_CURVE('',#5681,#5831,#5839,.T.);
#5839 = B_SPLINE_CURVE_WITH_KNOTS('',1,(#5840,#5841),.UNSPECIFIED.,.F.,
  .F.,(2,2),(0.,1.),.PIECEWISE_BEZIER_KNOTS.);
#5840 = CARTESIAN_POINT('',(0.32,-0.32,0.));
#5841 = CARTESIAN_POINT('',(0.14514,-0.14514,-0.5));
#5842 = B_SPLINE_SURFACE_WITH_KNOTS('',1,1,(
    (#5843,#5844)
    ,(#5845,#5846
    )),.UNSPECIFIED.,.F.,.F.,.F.,(2,2),(2,2),(0.,0.64),(0.,1.),
  .PIECEWISE_BEZIER_KNOTS.);
#5843 = CARTESIAN_POINT('',(0.32,-0.32,0.));
#5844 = CARTESIAN_POINT('',(0.14514,-0.14514,-0.5));
#5845 = CARTESIAN_POINT('',(-0.32,-0.32,0.));
#5846 = CARTESIAN_POINT('',(-0.14514,-0.14514,-0.5));
#5847 = ADVANCED_FACE('',(#5848),#5865,.F.);
#5848 = FACE_BOUND('',#5849,.F.);
#5849 = EDGE_LOOP('',(#5850,#5858,#5863,#5864));
#5850 = ORIENTED_EDGE('',*,*,#5851,.T.);
#5851 = EDGE_CURVE('',#5734,#5852,#5854,.T.);
#5852 = VERTEX_POINT('',#5853);
#5853 = CARTESIAN_POINT('',(0.153217,-0.149879,11.));
#5854 = LINE('',#5855,#5856);
#5855 = CARTESIAN_POINT('',(-0.153217,-0.149879,11.));
#5856 = VECTOR('',#5857,1.);
#5857 = DIRECTION('',(1.,0.,0.));
#5858 = ORIENTED_EDGE('',*,*,#5859,.T.);
#5859 = EDGE_CURVE('',#5852,#5673,#5860,.T.);
#5860 = B_SPLINE_CURVE_WITH_KNOTS('',1,(#5861,#5862),.UNSPECIFIED.,.F.,
  .F.,(2,2),(0.,1.),.PIECEWISE_BEZIER_KNOTS.);
#5861 = CARTESIAN_POINT('',(0.153217,-0.149879,11.));
#5862 = CARTESIAN_POINT('',(0.32,-0.32,10.5));
#5863 = ORIENTED_EDGE('',*,*,#5672,.F.);
#5864 = ORIENTED_EDGE('',*,*,#5741,.F.);
#5865 = B_SPLINE_SURFACE_WITH_KNOTS('',1,1,(
    (#5866,#5867)
    ,(#5868,#5869
    )),.UNSPECIFIED.,.F.,.F.,.F.,(2,2),(2,2),(0.,0.64),(0.,1.),
  .PIECEWISE_BEZIER_KNOTS.);
#5866 = CARTESIAN_POINT('',(-0.153217,-0.149879,11.));
#5867 = CARTESIAN_POINT('',(-0.32,-0.32,10.5));
#5868 = CARTESIAN_POINT('',(0.153217,-0.149879,11.));
#5869 = CARTESIAN_POINT('',(0.32,-0.32,10.5));
#5870 = ADVANCED_FACE('',(#5871),#5882,.T.);
#5871 = FACE_BOUND('',#5872,.T.);
#5872 = EDGE_LOOP('',(#5873,#5874,#5875,#5881));
#5873 = ORIENTED_EDGE('',*,*,#5710,.T.);
#5874 = ORIENTED_EDGE('',*,*,#5790,.T.);
#5875 = ORIENTED_EDGE('',*,*,#5876,.T.);
#5876 = EDGE_CURVE('',#5784,#5831,#5877,.T.);
#5877 = LINE('',#5878,#5879);
#5878 = CARTESIAN_POINT('',(0.14514,0.14514,-0.5));
#5879 = VECTOR('',#5880,1.);
#5880 = DIRECTION('',(0.,-1.,0.));
#5881 = ORIENTED_EDGE('',*,*,#5830,.T.);
#5882 = PLANE('',#5883);
#5883 = AXIS2_PLACEMENT_3D('',#5884,#5885,#5886);
#5884 = CARTESIAN_POINT('',(1.E-17,-1.E-17,-0.5));
#5885 = DIRECTION('',(-0.,-0.,-1.));
#5886 = DIRECTION('',(-1.,0.,0.));
#5887 = ADVANCED_FACE('',(#5888),#5899,.T.);
#5888 = FACE_BOUND('',#5889,.T.);
#5889 = EDGE_LOOP('',(#5890,#5891,#5892,#5898));
#5890 = ORIENTED_EDGE('',*,*,#5731,.T.);
#5891 = ORIENTED_EDGE('',*,*,#5851,.T.);
#5892 = ORIENTED_EDGE('',*,*,#5893,.T.);
#5893 = EDGE_CURVE('',#5852,#5806,#5894,.T.);
#5894 = LINE('',#5895,#5896);
#5895 = CARTESIAN_POINT('',(0.153217,-0.149879,11.));
#5896 = VECTOR('',#5897,1.);
#5897 = DIRECTION('',(0.,1.,0.));
#5898 = ORIENTED_EDGE('',*,*,#5805,.T.);
#5899 = PLANE('',#5900);
#5900 = AXIS2_PLACEMENT_3D('',#5901,#5902,#5903);
#5901 = CARTESIAN_POINT('',(0.,0.,11.));
#5902 = DIRECTION('',(0.,0.,1.));
#5903 = DIRECTION('',(0.,1.,0.));
#5904 = ADVANCED_FACE('',(#5905),#5911,.T.);
#5905 = FACE_BOUND('',#5906,.T.);
#5906 = EDGE_LOOP('',(#5907,#5908,#5909,#5910));
#5907 = ORIENTED_EDGE('',*,*,#5768,.F.);
#5908 = ORIENTED_EDGE('',*,*,#5838,.T.);
#5909 = ORIENTED_EDGE('',*,*,#5876,.F.);
#5910 = ORIENTED_EDGE('',*,*,#5783,.F.);
#5911 = B_SPLINE_SURFACE_WITH_KNOTS('',1,1,(
    (#5912,#5913)
    ,(#5914,#5915
    )),.UNSPECIFIED.,.F.,.F.,.F.,(2,2),(2,2),(0.,0.64),(0.,1.),
  .PIECEWISE_BEZIER_KNOTS.);
#5912 = CARTESIAN_POINT('',(0.32,0.32,0.));
#5913 = CARTESIAN_POINT('',(0.14514,0.14514,-0.5));
#5914 = CARTESIAN_POINT('',(0.32,-0.32,0.));
#5915 = CARTESIAN_POINT('',(0.14514,-0.14514,-0.5));
#5916 = ADVANCED_FACE('',(#5917),#5923,.F.);
#5917 = FACE_BOUND('',#5918,.F.);
#5918 = EDGE_LOOP('',(#5919,#5920,#5921,#5922));
#5919 = ORIENTED_EDGE('',*,*,#5893,.T.);
#5920 = ORIENTED_EDGE('',*,*,#5815,.T.);
#5921 = ORIENTED_EDGE('',*,*,#5761,.F.);
#5922 = ORIENTED_EDGE('',*,*,#5859,.F.);
#5923 = B_SPLINE_SURFACE_WITH_KNOTS('',1,1,(
    (#5924,#5925)
    ,(#5926,#5927
    )),.UNSPECIFIED.,.F.,.F.,.F.,(2,2),(2,2),(0.,0.64),(0.,1.),
  .PIECEWISE_BEZIER_KNOTS.);
#5924 = CARTESIAN_POINT('',(0.153217,-0.149879,11.));
#5925 = CARTESIAN_POINT('',(0.32,-0.32,10.5));
#5926 = CARTESIAN_POINT('',(0.153217,0.149879,11.));
#5927 = CARTESIAN_POINT('',(0.32,0.32,10.5));
#5928 = ( GEOMETRIC_REPRESENTATION_CONTEXT(3) 
GLOBAL_UNCERTAINTY_ASSIGNED_CONTEXT((#5932)) 
GLOBAL_UNIT_ASSIGNED_CONTEXT((#5929,#5930,#5931)) REPRESENTATION_CONTEXT
('Context #1','3D Context with UNIT and UNCERTAINTY') );
#5929 = ( LENGTH_UNIT() NAMED_UNIT(*) SI_UNIT(.MILLI.,.METRE.) );
#5930 = ( NAMED_UNIT(*) PLANE_ANGLE_UNIT() SI_UNIT($,.RADIAN.) );
#5931 = ( NAMED_UNIT(*) SI_UNIT($,.STERADIAN.) SOLID_ANGLE_UNIT() );
#5932 = UNCERTAINTY_MEASURE_WITH_UNIT(LENGTH_MEASURE(1.E-07),#5929,
  'distance_accuracy_value','confusion accuracy');
#5933 = CONTEXT_DEPENDENT_SHAPE_REPRESENTATION(#5934,#5936);
#5934 = ( REPRESENTATION_RELATIONSHIP('','',#5593,#10) 
REPRESENTATION_RELATIONSHIP_WITH_TRANSFORMATION(#5935) 
SHAPE_REPRESENTATION_RELATIONSHIP() );
#5935 = ITEM_DEFINED_TRANSFORMATION('','',#11,#19);
#5936 = PRODUCT_DEFINITION_SHAPE('Placement','Placement of an item',
  #5937);
#5937 = NEXT_ASSEMBLY_USAGE_OCCURRENCE('18','=>[0:1:1:2]','',#5,#5588,$
  );
#5938 = PRODUCT_RELATED_PRODUCT_CATEGORY('part',$,(#5590));
#5939 = SHAPE_DEFINITION_REPRESENTATION(#5940,#5946);
#5940 = PRODUCT_DEFINITION_SHAPE('','',#5941);
#5941 = PRODUCT_DEFINITION('design','',#5942,#5945);
#5942 = PRODUCT_DEFINITION_FORMATION('','',#5943);
#5943 = PRODUCT('Pin002','Pin002','',(#5944));
#5944 = PRODUCT_CONTEXT('',#2,'mechanical');
#5945 = PRODUCT_DEFINITION_CONTEXT('part definition',#2,'design');
#5946 = ADVANCED_BREP_SHAPE_REPRESENTATION('',(#11,#5947),#6281);
#5947 = MANIFOLD_SOLID_BREP('',#5948);
#5948 = CLOSED_SHELL('',(#5949,#5989,#6020,#6051,#6080,#6109,#6131,#6154
    ,#6177,#6200,#6223,#6240,#6257,#6269));
#5949 = ADVANCED_FACE('',(#5950),#5984,.F.);
#5950 = FACE_BOUND('',#5951,.F.);
#5951 = EDGE_LOOP('',(#5952,#5962,#5970,#5978));
#5952 = ORIENTED_EDGE('',*,*,#5953,.T.);
#5953 = EDGE_CURVE('',#5954,#5956,#5958,.T.);
#5954 = VERTEX_POINT('',#5955);
#5955 = CARTESIAN_POINT('',(-0.32,0.32,0.));
#5956 = VERTEX_POINT('',#5957);
#5957 = CARTESIAN_POINT('',(-0.32,0.32,10.5));
#5958 = LINE('',#5959,#5960);
#5959 = CARTESIAN_POINT('',(-0.32,0.32,0.));
#5960 = VECTOR('',#5961,1.);
#5961 = DIRECTION('',(0.,0.,1.));
#5962 = ORIENTED_EDGE('',*,*,#5963,.T.);
#5963 = EDGE_CURVE('',#5956,#5964,#5966,.T.);
#5964 = VERTEX_POINT('',#5965);
#5965 = CARTESIAN_POINT('',(-0.32,-0.32,10.5));
#5966 = LINE('',#5967,#5968);
#5967 = CARTESIAN_POINT('',(-0.32,0.32,10.5));
#5968 = VECTOR('',#5969,1.);
#5969 = DIRECTION('',(0.,-1.,0.));
#5970 = ORIENTED_EDGE('',*,*,#5971,.F.);
#5971 = EDGE_CURVE('',#5972,#5964,#5974,.T.);
#5972 = VERTEX_POINT('',#5973);
#5973 = CARTESIAN_POINT('',(-0.32,-0.32,0.));
#5974 = LINE('',#5975,#5976);
#5975 = CARTESIAN_POINT('',(-0.32,-0.32,0.));
#5976 = VECTOR('',#5977,1.);
#5977 = DIRECTION('',(0.,0.,1.));
#5978 = ORIENTED_EDGE('',*,*,#5979,.F.);
#5979 = EDGE_CURVE('',#5954,#5972,#5980,.T.);
#5980 = LINE('',#5981,#5982);
#5981 = CARTESIAN_POINT('',(-0.32,0.32,0.));
#5982 = VECTOR('',#5983,1.);
#5983 = DIRECTION('',(0.,-1.,0.));
#5984 = PLANE('',#5985);
#5985 = AXIS2_PLACEMENT_3D('',#5986,#5987,#5988);
#5986 = CARTESIAN_POINT('',(-0.32,0.32,0.));
#5987 = DIRECTION('',(1.,0.,0.));
#5988 = DIRECTION('',(0.,-1.,0.));
#5989 = ADVANCED_FACE('',(#5990),#6015,.F.);
#5990 = FACE_BOUND('',#5991,.F.);
#5991 = EDGE_LOOP('',(#5992,#6002,#6008,#6009));
#5992 = ORIENTED_EDGE('',*,*,#5993,.T.);
#5993 = EDGE_CURVE('',#5994,#5996,#5998,.T.);
#5994 = VERTEX_POINT('',#5995);
#5995 = CARTESIAN_POINT('',(0.32,0.32,0.));
#5996 = VERTEX_POINT('',#5997);
#5997 = CARTESIAN_POINT('',(0.32,0.32,10.5));
#5998 = LINE('',#5999,#6000);
#5999 = CARTESIAN_POINT('',(0.32,0.32,0.));
#6000 = VECTOR('',#6001,1.);
#6001 = DIRECTION('',(0.,0.,1.));
#6002 = ORIENTED_EDGE('',*,*,#6003,.T.);
#6003 = EDGE_CURVE('',#5996,#5956,#6004,.T.);
#6004 = LINE('',#6005,#6006);
#6005 = CARTESIAN_POINT('',(0.32,0.32,10.5));
#6006 = VECTOR('',#6007,1.);
#6007 = DIRECTION('',(-1.,0.,0.));
#6008 = ORIENTED_EDGE('',*,*,#5953,.F.);
#6009 = ORIENTED_EDGE('',*,*,#6010,.F.);
#6010 = EDGE_CURVE('',#5994,#5954,#6011,.T.);
#6011 = LINE('',#6012,#6013);
#6012 = CARTESIAN_POINT('',(0.32,0.32,0.));
#6013 = VECTOR('',#6014,1.);
#6014 = DIRECTION('',(-1.,0.,0.));
#6015 = PLANE('',#6016);
#6016 = AXIS2_PLACEMENT_3D('',#6017,#6018,#6019);
#6017 = CARTESIAN_POINT('',(0.32,0.32,0.));
#6018 = DIRECTION('',(0.,-1.,0.));
#6019 = DIRECTION('',(-1.,0.,0.));
#6020 = ADVANCED_FACE('',(#6021),#6046,.F.);
#6021 = FACE_BOUND('',#6022,.F.);
#6022 = EDGE_LOOP('',(#6023,#6024,#6032,#6040));
#6023 = ORIENTED_EDGE('',*,*,#5971,.T.);
#6024 = ORIENTED_EDGE('',*,*,#6025,.T.);
#6025 = EDGE_CURVE('',#5964,#6026,#6028,.T.);
#6026 = VERTEX_POINT('',#6027);
#6027 = CARTESIAN_POINT('',(0.32,-0.32,10.5));
#6028 = LINE('',#6029,#6030);
#6029 = CARTESIAN_POINT('',(-0.32,-0.32,10.5));
#6030 = VECTOR('',#6031,1.);
#6031 = DIRECTION('',(1.,0.,0.));
#6032 = ORIENTED_EDGE('',*,*,#6033,.F.);
#6033 = EDGE_CURVE('',#6034,#6026,#6036,.T.);
#6034 = VERTEX_POINT('',#6035);
#6035 = CARTESIAN_POINT('',(0.32,-0.32,0.));
#6036 = LINE('',#6037,#6038);
#6037 = CARTESIAN_POINT('',(0.32,-0.32,0.));
#6038 = VECTOR('',#6039,1.);
#6039 = DIRECTION('',(0.,0.,1.));
#6040 = ORIENTED_EDGE('',*,*,#6041,.F.);
#6041 = EDGE_CURVE('',#5972,#6034,#6042,.T.);
#6042 = LINE('',#6043,#6044);
#6043 = CARTESIAN_POINT('',(-0.32,-0.32,0.));
#6044 = VECTOR('',#6045,1.);
#6045 = DIRECTION('',(1.,0.,0.));
#6046 = PLANE('',#6047);
#6047 = AXIS2_PLACEMENT_3D('',#6048,#6049,#6050);
#6048 = CARTESIAN_POINT('',(-0.32,-0.32,0.));
#6049 = DIRECTION('',(0.,1.,0.));
#6050 = DIRECTION('',(1.,0.,0.));
#6051 = ADVANCED_FACE('',(#6052),#6075,.T.);
#6052 = FACE_BOUND('',#6053,.T.);
#6053 = EDGE_LOOP('',(#6054,#6055,#6062,#6070));
#6054 = ORIENTED_EDGE('',*,*,#5979,.F.);
#6055 = ORIENTED_EDGE('',*,*,#6056,.T.);
#6056 = EDGE_CURVE('',#5954,#6057,#6059,.T.);
#6057 = VERTEX_POINT('',#6058);
#6058 = CARTESIAN_POINT('',(-0.14514,0.14514,-0.5));
#6059 = B_SPLINE_CURVE_WITH_KNOTS('',1,(#6060,#6061),.UNSPECIFIED.,.F.,
  .F.,(2,2),(0.,1.),.PIECEWISE_BEZIER_KNOTS.);
#6060 = CARTESIAN_POINT('',(-0.32,0.32,0.));
#6061 = CARTESIAN_POINT('',(-0.14514,0.14514,-0.5));
#6062 = ORIENTED_EDGE('',*,*,#6063,.F.);
#6063 = EDGE_CURVE('',#6064,#6057,#6066,.T.);
#6064 = VERTEX_POINT('',#6065);
#6065 = CARTESIAN_POINT('',(-0.14514,-0.14514,-0.5));
#6066 = LINE('',#6067,#6068);
#6067 = CARTESIAN_POINT('',(-0.14514,-0.14514,-0.5));
#6068 = VECTOR('',#6069,1.);
#6069 = DIRECTION('',(0.,1.,0.));
#6070 = ORIENTED_EDGE('',*,*,#6071,.F.);
#6071 = EDGE_CURVE('',#5972,#6064,#6072,.T.);
#6072 = B_SPLINE_CURVE_WITH_KNOTS('',1,(#6073,#6074),.UNSPECIFIED.,.F.,
  .F.,(2,2),(0.,1.),.PIECEWISE_BEZIER_KNOTS.);
#6073 = CARTESIAN_POINT('',(-0.32,-0.32,0.));
#6074 = CARTESIAN_POINT('',(-0.14514,-0.14514,-0.5));
#6075 = B_SPLINE_SURFACE_WITH_KNOTS('',1,1,(
    (#6076,#6077)
    ,(#6078,#6079
    )),.UNSPECIFIED.,.F.,.F.,.F.,(2,2),(2,2),(0.,0.64),(0.,1.),
  .PIECEWISE_BEZIER_KNOTS.);
#6076 = CARTESIAN_POINT('',(-0.32,-0.32,0.));
#6077 = CARTESIAN_POINT('',(-0.14514,-0.14514,-0.5));
#6078 = CARTESIAN_POINT('',(-0.32,0.32,0.));
#6079 = CARTESIAN_POINT('',(-0.14514,0.14514,-0.5));
#6080 = ADVANCED_FACE('',(#6081),#6104,.F.);
#6081 = FACE_BOUND('',#6082,.F.);
#6082 = EDGE_LOOP('',(#6083,#6093,#6098,#6099));
#6083 = ORIENTED_EDGE('',*,*,#6084,.T.);
#6084 = EDGE_CURVE('',#6085,#6087,#6089,.T.);
#6085 = VERTEX_POINT('',#6086);
#6086 = CARTESIAN_POINT('',(-0.153217,0.149879,11.));
#6087 = VERTEX_POINT('',#6088);
#6088 = CARTESIAN_POINT('',(-0.153217,-0.149879,11.));
#6089 = LINE('',#6090,#6091);
#6090 = CARTESIAN_POINT('',(-0.153217,0.149879,11.));
#6091 = VECTOR('',#6092,1.);
#6092 = DIRECTION('',(0.,-1.,0.));
#6093 = ORIENTED_EDGE('',*,*,#6094,.T.);
#6094 = EDGE_CURVE('',#6087,#5964,#6095,.T.);
#6095 = B_SPLINE_CURVE_WITH_KNOTS('',1,(#6096,#6097),.UNSPECIFIED.,.F.,
  .F.,(2,2),(0.,1.),.PIECEWISE_BEZIER_KNOTS.);
#6096 = CARTESIAN_POINT('',(-0.153217,-0.149879,11.));
#6097 = CARTESIAN_POINT('',(-0.32,-0.32,10.5));
#6098 = ORIENTED_EDGE('',*,*,#5963,.F.);
#6099 = ORIENTED_EDGE('',*,*,#6100,.F.);
#6100 = EDGE_CURVE('',#6085,#5956,#6101,.T.);
#6101 = B_SPLINE_CURVE_WITH_KNOTS('',1,(#6102,#6103),.UNSPECIFIED.,.F.,
  .F.,(2,2),(0.,1.),.PIECEWISE_BEZIER_KNOTS.);
#6102 = CARTESIAN_POINT('',(-0.153217,0.149879,11.));
#6103 = CARTESIAN_POINT('',(-0.32,0.32,10.5));
#6104 = B_SPLINE_SURFACE_WITH_KNOTS('',1,1,(
    (#6105,#6106)
    ,(#6107,#6108
    )),.UNSPECIFIED.,.F.,.F.,.F.,(2,2),(2,2),(0.,0.64),(0.,1.),
  .PIECEWISE_BEZIER_KNOTS.);
#6105 = CARTESIAN_POINT('',(-0.153217,0.149879,11.));
#6106 = CARTESIAN_POINT('',(-0.32,0.32,10.5));
#6107 = CARTESIAN_POINT('',(-0.153217,-0.149879,11.));
#6108 = CARTESIAN_POINT('',(-0.32,-0.32,10.5));
#6109 = ADVANCED_FACE('',(#6110),#6126,.F.);
#6110 = FACE_BOUND('',#6111,.F.);
#6111 = EDGE_LOOP('',(#6112,#6113,#6119,#6120));
#6112 = ORIENTED_EDGE('',*,*,#6033,.T.);
#6113 = ORIENTED_EDGE('',*,*,#6114,.T.);
#6114 = EDGE_CURVE('',#6026,#5996,#6115,.T.);
#6115 = LINE('',#6116,#6117);
#6116 = CARTESIAN_POINT('',(0.32,-0.32,10.5));
#6117 = VECTOR('',#6118,1.);
#6118 = DIRECTION('',(0.,1.,0.));
#6119 = ORIENTED_EDGE('',*,*,#5993,.F.);
#6120 = ORIENTED_EDGE('',*,*,#6121,.F.);
#6121 = EDGE_CURVE('',#6034,#5994,#6122,.T.);
#6122 = LINE('',#6123,#6124);
#6123 = CARTESIAN_POINT('',(0.32,-0.32,0.));
#6124 = VECTOR('',#6125,1.);
#6125 = DIRECTION('',(0.,1.,0.));
#6126 = PLANE('',#6127);
#6127 = AXIS2_PLACEMENT_3D('',#6128,#6129,#6130);
#6128 = CARTESIAN_POINT('',(0.32,-0.32,0.));
#6129 = DIRECTION('',(-1.,0.,0.));
#6130 = DIRECTION('',(0.,1.,0.));
#6131 = ADVANCED_FACE('',(#6132),#6149,.T.);
#6132 = FACE_BOUND('',#6133,.T.);
#6133 = EDGE_LOOP('',(#6134,#6135,#6142,#6148));
#6134 = ORIENTED_EDGE('',*,*,#6010,.F.);
#6135 = ORIENTED_EDGE('',*,*,#6136,.T.);
#6136 = EDGE_CURVE('',#5994,#6137,#6139,.T.);
#6137 = VERTEX_POINT('',#6138);
#6138 = CARTESIAN_POINT('',(0.14514,0.14514,-0.5));
#6139 = B_SPLINE_CURVE_WITH_KNOTS('',1,(#6140,#6141),.UNSPECIFIED.,.F.,
  .F.,(2,2),(0.,1.),.PIECEWISE_BEZIER_KNOTS.);
#6140 = CARTESIAN_POINT('',(0.32,0.32,0.));
#6141 = CARTESIAN_POINT('',(0.14514,0.14514,-0.5));
#6142 = ORIENTED_EDGE('',*,*,#6143,.F.);
#6143 = EDGE_CURVE('',#6057,#6137,#6144,.T.);
#6144 = LINE('',#6145,#6146);
#6145 = CARTESIAN_POINT('',(-0.14514,0.14514,-0.5));
#6146 = VECTOR('',#6147,1.);
#6147 = DIRECTION('',(1.,0.,0.));
#6148 = ORIENTED_EDGE('',*,*,#6056,.F.);
#6149 = B_SPLINE_SURFACE_WITH_KNOTS('',1,1,(
    (#6150,#6151)
    ,(#6152,#6153
    )),.UNSPECIFIED.,.F.,.F.,.F.,(2,2),(2,2),(0.,0.64),(0.,1.),
  .PIECEWISE_BEZIER_KNOTS.);
#6150 = CARTESIAN_POINT('',(-0.32,0.32,0.));
#6151 = CARTESIAN_POINT('',(-0.14514,0.14514,-0.5));
#6152 = CARTESIAN_POINT('',(0.32,0.32,0.));
#6153 = CARTESIAN_POINT('',(0.14514,0.14514,-0.5));
#6154 = ADVANCED_FACE('',(#6155),#6172,.F.);
#6155 = FACE_BOUND('',#6156,.F.);
#6156 = EDGE_LOOP('',(#6157,#6165,#6166,#6167));
#6157 = ORIENTED_EDGE('',*,*,#6158,.T.);
#6158 = EDGE_CURVE('',#6159,#6085,#6161,.T.);
#6159 = VERTEX_POINT('',#6160);
#6160 = CARTESIAN_POINT('',(0.153217,0.149879,11.));
#6161 = LINE('',#6162,#6163);
#6162 = CARTESIAN_POINT('',(0.153217,0.149879,11.));
#6163 = VECTOR('',#6164,1.);
#6164 = DIRECTION('',(-1.,0.,0.));
#6165 = ORIENTED_EDGE('',*,*,#6100,.T.);
#6166 = ORIENTED_EDGE('',*,*,#6003,.F.);
#6167 = ORIENTED_EDGE('',*,*,#6168,.F.);
#6168 = EDGE_CURVE('',#6159,#5996,#6169,.T.);
#6169 = B_SPLINE_CURVE_WITH_KNOTS('',1,(#6170,#6171),.UNSPECIFIED.,.F.,
  .F.,(2,2),(0.,1.),.PIECEWISE_BEZIER_KNOTS.);
#6170 = CARTESIAN_POINT('',(0.153217,0.149879,11.));
#6171 = CARTESIAN_POINT('',(0.32,0.32,10.5));
#6172 = B_SPLINE_SURFACE_WITH_KNOTS('',1,1,(
    (#6173,#6174)
    ,(#6175,#6176
    )),.UNSPECIFIED.,.F.,.F.,.F.,(2,2),(2,2),(0.,0.64),(0.,1.),
  .PIECEWISE_BEZIER_KNOTS.);
#6173 = CARTESIAN_POINT('',(0.153217,0.149879,11.));
#6174 = CARTESIAN_POINT('',(0.32,0.32,10.5));
#6175 = CARTESIAN_POINT('',(-0.153217,0.149879,11.));
#6176 = CARTESIAN_POINT('',(-0.32,0.32,10.5));
#6177 = ADVANCED_FACE('',(#6178),#6195,.T.);
#6178 = FACE_BOUND('',#6179,.T.);
#6179 = EDGE_LOOP('',(#6180,#6181,#6182,#6190));
#6180 = ORIENTED_EDGE('',*,*,#6041,.F.);
#6181 = ORIENTED_EDGE('',*,*,#6071,.T.);
#6182 = ORIENTED_EDGE('',*,*,#6183,.F.);
#6183 = EDGE_CURVE('',#6184,#6064,#6186,.T.);
#6184 = VERTEX_POINT('',#6185);
#6185 = CARTESIAN_POINT('',(0.14514,-0.14514,-0.5));
#6186 = LINE('',#6187,#6188);
#6187 = CARTESIAN_POINT('',(0.14514,-0.14514,-0.5));
#6188 = VECTOR('',#6189,1.);
#6189 = DIRECTION('',(-1.,0.,0.));
#6190 = ORIENTED_EDGE('',*,*,#6191,.F.);
#6191 = EDGE_CURVE('',#6034,#6184,#6192,.T.);
#6192 = B_SPLINE_CURVE_WITH_KNOTS('',1,(#6193,#6194),.UNSPECIFIED.,.F.,
  .F.,(2,2),(0.,1.),.PIECEWISE_BEZIER_KNOTS.);
#6193 = CARTESIAN_POINT('',(0.32,-0.32,0.));
#6194 = CARTESIAN_POINT('',(0.14514,-0.14514,-0.5));
#6195 = B_SPLINE_SURFACE_WITH_KNOTS('',1,1,(
    (#6196,#6197)
    ,(#6198,#6199
    )),.UNSPECIFIED.,.F.,.F.,.F.,(2,2),(2,2),(0.,0.64),(0.,1.),
  .PIECEWISE_BEZIER_KNOTS.);
#6196 = CARTESIAN_POINT('',(0.32,-0.32,0.));
#6197 = CARTESIAN_POINT('',(0.14514,-0.14514,-0.5));
#6198 = CARTESIAN_POINT('',(-0.32,-0.32,0.));
#6199 = CARTESIAN_POINT('',(-0.14514,-0.14514,-0.5));
#6200 = ADVANCED_FACE('',(#6201),#6218,.F.);
#6201 = FACE_BOUND('',#6202,.F.);
#6202 = EDGE_LOOP('',(#6203,#6211,#6216,#6217));
#6203 = ORIENTED_EDGE('',*,*,#6204,.T.);
#6204 = EDGE_CURVE('',#6087,#6205,#6207,.T.);
#6205 = VERTEX_POINT('',#6206);
#6206 = CARTESIAN_POINT('',(0.153217,-0.149879,11.));
#6207 = LINE('',#6208,#6209);
#6208 = CARTESIAN_POINT('',(-0.153217,-0.149879,11.));
#6209 = VECTOR('',#6210,1.);
#6210 = DIRECTION('',(1.,0.,0.));
#6211 = ORIENTED_EDGE('',*,*,#6212,.T.);
#6212 = EDGE_CURVE('',#6205,#6026,#6213,.T.);
#6213 = B_SPLINE_CURVE_WITH_KNOTS('',1,(#6214,#6215),.UNSPECIFIED.,.F.,
  .F.,(2,2),(0.,1.),.PIECEWISE_BEZIER_KNOTS.);
#6214 = CARTESIAN_POINT('',(0.153217,-0.149879,11.));
#6215 = CARTESIAN_POINT('',(0.32,-0.32,10.5));
#6216 = ORIENTED_EDGE('',*,*,#6025,.F.);
#6217 = ORIENTED_EDGE('',*,*,#6094,.F.);
#6218 = B_SPLINE_SURFACE_WITH_KNOTS('',1,1,(
    (#6219,#6220)
    ,(#6221,#6222
    )),.UNSPECIFIED.,.F.,.F.,.F.,(2,2),(2,2),(0.,0.64),(0.,1.),
  .PIECEWISE_BEZIER_KNOTS.);
#6219 = CARTESIAN_POINT('',(-0.153217,-0.149879,11.));
#6220 = CARTESIAN_POINT('',(-0.32,-0.32,10.5));
#6221 = CARTESIAN_POINT('',(0.153217,-0.149879,11.));
#6222 = CARTESIAN_POINT('',(0.32,-0.32,10.5));
#6223 = ADVANCED_FACE('',(#6224),#6235,.T.);
#6224 = FACE_BOUND('',#6225,.T.);
#6225 = EDGE_LOOP('',(#6226,#6227,#6228,#6234));
#6226 = ORIENTED_EDGE('',*,*,#6063,.T.);
#6227 = ORIENTED_EDGE('',*,*,#6143,.T.);
#6228 = ORIENTED_EDGE('',*,*,#6229,.T.);
#6229 = EDGE_CURVE('',#6137,#6184,#6230,.T.);
#6230 = LINE('',#6231,#6232);
#6231 = CARTESIAN_POINT('',(0.14514,0.14514,-0.5));
#6232 = VECTOR('',#6233,1.);
#6233 = DIRECTION('',(0.,-1.,0.));
#6234 = ORIENTED_EDGE('',*,*,#6183,.T.);
#6235 = PLANE('',#6236);
#6236 = AXIS2_PLACEMENT_3D('',#6237,#6238,#6239);
#6237 = CARTESIAN_POINT('',(1.E-17,-1.E-17,-0.5));
#6238 = DIRECTION('',(-0.,-0.,-1.));
#6239 = DIRECTION('',(-1.,0.,0.));
#6240 = ADVANCED_FACE('',(#6241),#6252,.T.);
#6241 = FACE_BOUND('',#6242,.T.);
#6242 = EDGE_LOOP('',(#6243,#6244,#6245,#6251));
#6243 = ORIENTED_EDGE('',*,*,#6084,.T.);
#6244 = ORIENTED_EDGE('',*,*,#6204,.T.);
#6245 = ORIENTED_EDGE('',*,*,#6246,.T.);
#6246 = EDGE_CURVE('',#6205,#6159,#6247,.T.);
#6247 = LINE('',#6248,#6249);
#6248 = CARTESIAN_POINT('',(0.153217,-0.149879,11.));
#6249 = VECTOR('',#6250,1.);
#6250 = DIRECTION('',(0.,1.,0.));
#6251 = ORIENTED_EDGE('',*,*,#6158,.T.);
#6252 = PLANE('',#6253);
#6253 = AXIS2_PLACEMENT_3D('',#6254,#6255,#6256);
#6254 = CARTESIAN_POINT('',(0.,0.,11.));
#6255 = DIRECTION('',(0.,0.,1.));
#6256 = DIRECTION('',(0.,1.,0.));
#6257 = ADVANCED_FACE('',(#6258),#6264,.T.);
#6258 = FACE_BOUND('',#6259,.T.);
#6259 = EDGE_LOOP('',(#6260,#6261,#6262,#6263));
#6260 = ORIENTED_EDGE('',*,*,#6121,.F.);
#6261 = ORIENTED_EDGE('',*,*,#6191,.T.);
#6262 = ORIENTED_EDGE('',*,*,#6229,.F.);
#6263 = ORIENTED_EDGE('',*,*,#6136,.F.);
#6264 = B_SPLINE_SURFACE_WITH_KNOTS('',1,1,(
    (#6265,#6266)
    ,(#6267,#6268
    )),.UNSPECIFIED.,.F.,.F.,.F.,(2,2),(2,2),(0.,0.64),(0.,1.),
  .PIECEWISE_BEZIER_KNOTS.);
#6265 = CARTESIAN_POINT('',(0.32,0.32,0.));
#6266 = CARTESIAN_POINT('',(0.14514,0.14514,-0.5));
#6267 = CARTESIAN_POINT('',(0.32,-0.32,0.));
#6268 = CARTESIAN_POINT('',(0.14514,-0.14514,-0.5));
#6269 = ADVANCED_FACE('',(#6270),#6276,.F.);
#6270 = FACE_BOUND('',#6271,.F.);
#6271 = EDGE_LOOP('',(#6272,#6273,#6274,#6275));
#6272 = ORIENTED_EDGE('',*,*,#6246,.T.);
#6273 = ORIENTED_EDGE('',*,*,#6168,.T.);
#6274 = ORIENTED_EDGE('',*,*,#6114,.F.);
#6275 = ORIENTED_EDGE('',*,*,#6212,.F.);
#6276 = B_SPLINE_SURFACE_WITH_KNOTS('',1,1,(
    (#6277,#6278)
    ,(#6279,#6280
    )),.UNSPECIFIED.,.F.,.F.,.F.,(2,2),(2,2),(0.,0.64),(0.,1.),
  .PIECEWISE_BEZIER_KNOTS.);
#6277 = CARTESIAN_POINT('',(0.153217,-0.149879,11.));
#6278 = CARTESIAN_POINT('',(0.32,-0.32,10.5));
#6279 = CARTESIAN_POINT('',(0.153217,0.149879,11.));
#6280 = CARTESIAN_POINT('',(0.32,0.32,10.5));
#6281 = ( GEOMETRIC_REPRESENTATION_CONTEXT(3) 
GLOBAL_UNCERTAINTY_ASSIGNED_CONTEXT((#6285)) 
GLOBAL_UNIT_ASSIGNED_CONTEXT((#6282,#6283,#6284)) REPRESENTATION_CONTEXT
('Context #1','3D Context with UNIT and UNCERTAINTY') );
#6282 = ( LENGTH_UNIT() NAMED_UNIT(*) SI_UNIT(.MILLI.,.METRE.) );
#6283 = ( NAMED_UNIT(*) PLANE_ANGLE_UNIT() SI_UNIT($,.RADIAN.) );
#6284 = ( NAMED_UNIT(*) SI_UNIT($,.STERADIAN.) SOLID_ANGLE_UNIT() );
#6285 = UNCERTAINTY_MEASURE_WITH_UNIT(LENGTH_MEASURE(1.E-07),#6282,
  'distance_accuracy_value','confusion accuracy');
#6286 = CONTEXT_DEPENDENT_SHAPE_REPRESENTATION(#6287,#6289);
#6287 = ( REPRESENTATION_RELATIONSHIP('','',#5946,#10) 
REPRESENTATION_RELATIONSHIP_WITH_TRANSFORMATION(#6288) 
SHAPE_REPRESENTATION_RELATIONSHIP() );
#6288 = ITEM_DEFINED_TRANSFORMATION('','',#11,#23);
#6289 = PRODUCT_DEFINITION_SHAPE('Placement','Placement of an item',
  #6290);
#6290 = NEXT_ASSEMBLY_USAGE_OCCURRENCE('19','=>[0:1:1:3]','',#5,#5941,$
  );
#6291 = PRODUCT_RELATED_PRODUCT_CATEGORY('part',$,(#5943));
#6292 = SHAPE_DEFINITION_REPRESENTATION(#6293,#6299);
#6293 = PRODUCT_DEFINITION_SHAPE('','',#6294);
#6294 = PRODUCT_DEFINITION('design','',#6295,#6298);
#6295 = PRODUCT_DEFINITION_FORMATION('','',#6296);
#6296 = PRODUCT('Pin003','Pin003','',(#6297));
#6297 = PRODUCT_CONTEXT('',#2,'mechanical');
#6298 = PRODUCT_DEFINITION_CONTEXT('part definition',#2,'design');
#6299 = ADVANCED_BREP_SHAPE_REPRESENTATION('',(#11,#6300),#6634);
#6300 = MANIFOLD_SOLID_BREP('',#6301);
#6301 = CLOSED_SHELL('',(#6302,#6342,#6373,#6404,#6433,#6462,#6484,#6507
    ,#6530,#6553,#6576,#6593,#6610,#6622));
#6302 = ADVANCED_FACE('',(#6303),#6337,.F.);
#6303 = FACE_BOUND('',#6304,.F.);
#6304 = EDGE_LOOP('',(#6305,#6315,#6323,#6331));
#6305 = ORIENTED_EDGE('',*,*,#6306,.T.);
#6306 = EDGE_CURVE('',#6307,#6309,#6311,.T.);
#6307 = VERTEX_POINT('',#6308);
#6308 = CARTESIAN_POINT('',(-0.32,0.32,0.));
#6309 = VERTEX_POINT('',#6310);
#6310 = CARTESIAN_POINT('',(-0.32,0.32,10.5));
#6311 = LINE('',#6312,#6313);
#6312 = CARTESIAN_POINT('',(-0.32,0.32,0.));
#6313 = VECTOR('',#6314,1.);
#6314 = DIRECTION('',(0.,0.,1.));
#6315 = ORIENTED_EDGE('',*,*,#6316,.T.);
#6316 = EDGE_CURVE('',#6309,#6317,#6319,.T.);
#6317 = VERTEX_POINT('',#6318);
#6318 = CARTESIAN_POINT('',(-0.32,-0.32,10.5));
#6319 = LINE('',#6320,#6321);
#6320 = CARTESIAN_POINT('',(-0.32,0.32,10.5));
#6321 = VECTOR('',#6322,1.);
#6322 = DIRECTION('',(0.,-1.,0.));
#6323 = ORIENTED_EDGE('',*,*,#6324,.F.);
#6324 = EDGE_CURVE('',#6325,#6317,#6327,.T.);
#6325 = VERTEX_POINT('',#6326);
#6326 = CARTESIAN_POINT('',(-0.32,-0.32,0.));
#6327 = LINE('',#6328,#6329);
#6328 = CARTESIAN_POINT('',(-0.32,-0.32,0.));
#6329 = VECTOR('',#6330,1.);
#6330 = DIRECTION('',(0.,0.,1.));
#6331 = ORIENTED_EDGE('',*,*,#6332,.F.);
#6332 = EDGE_CURVE('',#6307,#6325,#6333,.T.);
#6333 = LINE('',#6334,#6335);
#6334 = CARTESIAN_POINT('',(-0.32,0.32,0.));
#6335 = VECTOR('',#6336,1.);
#6336 = DIRECTION('',(0.,-1.,0.));
#6337 = PLANE('',#6338);
#6338 = AXIS2_PLACEMENT_3D('',#6339,#6340,#6341);
#6339 = CARTESIAN_POINT('',(-0.32,0.32,0.));
#6340 = DIRECTION('',(1.,0.,0.));
#6341 = DIRECTION('',(0.,-1.,0.));
#6342 = ADVANCED_FACE('',(#6343),#6368,.F.);
#6343 = FACE_BOUND('',#6344,.F.);
#6344 = EDGE_LOOP('',(#6345,#6355,#6361,#6362));
#6345 = ORIENTED_EDGE('',*,*,#6346,.T.);
#6346 = EDGE_CURVE('',#6347,#6349,#6351,.T.);
#6347 = VERTEX_POINT('',#6348);
#6348 = CARTESIAN_POINT('',(0.32,0.32,0.));
#6349 = VERTEX_POINT('',#6350);
#6350 = CARTESIAN_POINT('',(0.32,0.32,10.5));
#6351 = LINE('',#6352,#6353);
#6352 = CARTESIAN_POINT('',(0.32,0.32,0.));
#6353 = VECTOR('',#6354,1.);
#6354 = DIRECTION('',(0.,0.,1.));
#6355 = ORIENTED_EDGE('',*,*,#6356,.T.);
#6356 = EDGE_CURVE('',#6349,#6309,#6357,.T.);
#6357 = LINE('',#6358,#6359);
#6358 = CARTESIAN_POINT('',(0.32,0.32,10.5));
#6359 = VECTOR('',#6360,1.);
#6360 = DIRECTION('',(-1.,0.,0.));
#6361 = ORIENTED_EDGE('',*,*,#6306,.F.);
#6362 = ORIENTED_EDGE('',*,*,#6363,.F.);
#6363 = EDGE_CURVE('',#6347,#6307,#6364,.T.);
#6364 = LINE('',#6365,#6366);
#6365 = CARTESIAN_POINT('',(0.32,0.32,0.));
#6366 = VECTOR('',#6367,1.);
#6367 = DIRECTION('',(-1.,0.,0.));
#6368 = PLANE('',#6369);
#6369 = AXIS2_PLACEMENT_3D('',#6370,#6371,#6372);
#6370 = CARTESIAN_POINT('',(0.32,0.32,0.));
#6371 = DIRECTION('',(0.,-1.,0.));
#6372 = DIRECTION('',(-1.,0.,0.));
#6373 = ADVANCED_FACE('',(#6374),#6399,.F.);
#6374 = FACE_BOUND('',#6375,.F.);
#6375 = EDGE_LOOP('',(#6376,#6377,#6385,#6393));
#6376 = ORIENTED_EDGE('',*,*,#6324,.T.);
#6377 = ORIENTED_EDGE('',*,*,#6378,.T.);
#6378 = EDGE_CURVE('',#6317,#6379,#6381,.T.);
#6379 = VERTEX_POINT('',#6380);
#6380 = CARTESIAN_POINT('',(0.32,-0.32,10.5));
#6381 = LINE('',#6382,#6383);
#6382 = CARTESIAN_POINT('',(-0.32,-0.32,10.5));
#6383 = VECTOR('',#6384,1.);
#6384 = DIRECTION('',(1.,0.,0.));
#6385 = ORIENTED_EDGE('',*,*,#6386,.F.);
#6386 = EDGE_CURVE('',#6387,#6379,#6389,.T.);
#6387 = VERTEX_POINT('',#6388);
#6388 = CARTESIAN_POINT('',(0.32,-0.32,0.));
#6389 = LINE('',#6390,#6391);
#6390 = CARTESIAN_POINT('',(0.32,-0.32,0.));
#6391 = VECTOR('',#6392,1.);
#6392 = DIRECTION('',(0.,0.,1.));
#6393 = ORIENTED_EDGE('',*,*,#6394,.F.);
#6394 = EDGE_CURVE('',#6325,#6387,#6395,.T.);
#6395 = LINE('',#6396,#6397);
#6396 = CARTESIAN_POINT('',(-0.32,-0.32,0.));
#6397 = VECTOR('',#6398,1.);
#6398 = DIRECTION('',(1.,0.,0.));
#6399 = PLANE('',#6400);
#6400 = AXIS2_PLACEMENT_3D('',#6401,#6402,#6403);
#6401 = CARTESIAN_POINT('',(-0.32,-0.32,0.));
#6402 = DIRECTION('',(0.,1.,0.));
#6403 = DIRECTION('',(1.,0.,0.));
#6404 = ADVANCED_FACE('',(#6405),#6428,.T.);
#6405 = FACE_BOUND('',#6406,.T.);
#6406 = EDGE_LOOP('',(#6407,#6408,#6415,#6423));
#6407 = ORIENTED_EDGE('',*,*,#6332,.F.);
#6408 = ORIENTED_EDGE('',*,*,#6409,.T.);
#6409 = EDGE_CURVE('',#6307,#6410,#6412,.T.);
#6410 = VERTEX_POINT('',#6411);
#6411 = CARTESIAN_POINT('',(-0.14514,0.14514,-0.5));
#6412 = B_SPLINE_CURVE_WITH_KNOTS('',1,(#6413,#6414),.UNSPECIFIED.,.F.,
  .F.,(2,2),(0.,1.),.PIECEWISE_BEZIER_KNOTS.);
#6413 = CARTESIAN_POINT('',(-0.32,0.32,0.));
#6414 = CARTESIAN_POINT('',(-0.14514,0.14514,-0.5));
#6415 = ORIENTED_EDGE('',*,*,#6416,.F.);
#6416 = EDGE_CURVE('',#6417,#6410,#6419,.T.);
#6417 = VERTEX_POINT('',#6418);
#6418 = CARTESIAN_POINT('',(-0.14514,-0.14514,-0.5));
#6419 = LINE('',#6420,#6421);
#6420 = CARTESIAN_POINT('',(-0.14514,-0.14514,-0.5));
#6421 = VECTOR('',#6422,1.);
#6422 = DIRECTION('',(0.,1.,0.));
#6423 = ORIENTED_EDGE('',*,*,#6424,.F.);
#6424 = EDGE_CURVE('',#6325,#6417,#6425,.T.);
#6425 = B_SPLINE_CURVE_WITH_KNOTS('',1,(#6426,#6427),.UNSPECIFIED.,.F.,
  .F.,(2,2),(0.,1.),.PIECEWISE_BEZIER_KNOTS.);
#6426 = CARTESIAN_POINT('',(-0.32,-0.32,0.));
#6427 = CARTESIAN_POINT('',(-0.14514,-0.14514,-0.5));
#6428 = B_SPLINE_SURFACE_WITH_KNOTS('',1,1,(
    (#6429,#6430)
    ,(#6431,#6432
    )),.UNSPECIFIED.,.F.,.F.,.F.,(2,2),(2,2),(0.,0.64),(0.,1.),
  .PIECEWISE_BEZIER_KNOTS.);
#6429 = CARTESIAN_POINT('',(-0.32,-0.32,0.));
#6430 = CARTESIAN_POINT('',(-0.14514,-0.14514,-0.5));
#6431 = CARTESIAN_POINT('',(-0.32,0.32,0.));
#6432 = CARTESIAN_POINT('',(-0.14514,0.14514,-0.5));
#6433 = ADVANCED_FACE('',(#6434),#6457,.F.);
#6434 = FACE_BOUND('',#6435,.F.);
#6435 = EDGE_LOOP('',(#6436,#6446,#6451,#6452));
#6436 = ORIENTED_EDGE('',*,*,#6437,.T.);
#6437 = EDGE_CURVE('',#6438,#6440,#6442,.T.);
#6438 = VERTEX_POINT('',#6439);
#6439 = CARTESIAN_POINT('',(-0.153217,0.149879,11.));
#6440 = VERTEX_POINT('',#6441);
#6441 = CARTESIAN_POINT('',(-0.153217,-0.149879,11.));
#6442 = LINE('',#6443,#6444);
#6443 = CARTESIAN_POINT('',(-0.153217,0.149879,11.));
#6444 = VECTOR('',#6445,1.);
#6445 = DIRECTION('',(0.,-1.,0.));
#6446 = ORIENTED_EDGE('',*,*,#6447,.T.);
#6447 = EDGE_CURVE('',#6440,#6317,#6448,.T.);
#6448 = B_SPLINE_CURVE_WITH_KNOTS('',1,(#6449,#6450),.UNSPECIFIED.,.F.,
  .F.,(2,2),(0.,1.),.PIECEWISE_BEZIER_KNOTS.);
#6449 = CARTESIAN_POINT('',(-0.153217,-0.149879,11.));
#6450 = CARTESIAN_POINT('',(-0.32,-0.32,10.5));
#6451 = ORIENTED_EDGE('',*,*,#6316,.F.);
#6452 = ORIENTED_EDGE('',*,*,#6453,.F.);
#6453 = EDGE_CURVE('',#6438,#6309,#6454,.T.);
#6454 = B_SPLINE_CURVE_WITH_KNOTS('',1,(#6455,#6456),.UNSPECIFIED.,.F.,
  .F.,(2,2),(0.,1.),.PIECEWISE_BEZIER_KNOTS.);
#6455 = CARTESIAN_POINT('',(-0.153217,0.149879,11.));
#6456 = CARTESIAN_POINT('',(-0.32,0.32,10.5));
#6457 = B_SPLINE_SURFACE_WITH_KNOTS('',1,1,(
    (#6458,#6459)
    ,(#6460,#6461
    )),.UNSPECIFIED.,.F.,.F.,.F.,(2,2),(2,2),(0.,0.64),(0.,1.),
  .PIECEWISE_BEZIER_KNOTS.);
#6458 = CARTESIAN_POINT('',(-0.153217,0.149879,11.));
#6459 = CARTESIAN_POINT('',(-0.32,0.32,10.5));
#6460 = CARTESIAN_POINT('',(-0.153217,-0.149879,11.));
#6461 = CARTESIAN_POINT('',(-0.32,-0.32,10.5));
#6462 = ADVANCED_FACE('',(#6463),#6479,.F.);
#6463 = FACE_BOUND('',#6464,.F.);
#6464 = EDGE_LOOP('',(#6465,#6466,#6472,#6473));
#6465 = ORIENTED_EDGE('',*,*,#6386,.T.);
#6466 = ORIENTED_EDGE('',*,*,#6467,.T.);
#6467 = EDGE_CURVE('',#6379,#6349,#6468,.T.);
#6468 = LINE('',#6469,#6470);
#6469 = CARTESIAN_POINT('',(0.32,-0.32,10.5));
#6470 = VECTOR('',#6471,1.);
#6471 = DIRECTION('',(0.,1.,0.));
#6472 = ORIENTED_EDGE('',*,*,#6346,.F.);
#6473 = ORIENTED_EDGE('',*,*,#6474,.F.);
#6474 = EDGE_CURVE('',#6387,#6347,#6475,.T.);
#6475 = LINE('',#6476,#6477);
#6476 = CARTESIAN_POINT('',(0.32,-0.32,0.));
#6477 = VECTOR('',#6478,1.);
#6478 = DIRECTION('',(0.,1.,0.));
#6479 = PLANE('',#6480);
#6480 = AXIS2_PLACEMENT_3D('',#6481,#6482,#6483);
#6481 = CARTESIAN_POINT('',(0.32,-0.32,0.));
#6482 = DIRECTION('',(-1.,0.,0.));
#6483 = DIRECTION('',(0.,1.,0.));
#6484 = ADVANCED_FACE('',(#6485),#6502,.T.);
#6485 = FACE_BOUND('',#6486,.T.);
#6486 = EDGE_LOOP('',(#6487,#6488,#6495,#6501));
#6487 = ORIENTED_EDGE('',*,*,#6363,.F.);
#6488 = ORIENTED_EDGE('',*,*,#6489,.T.);
#6489 = EDGE_CURVE('',#6347,#6490,#6492,.T.);
#6490 = VERTEX_POINT('',#6491);
#6491 = CARTESIAN_POINT('',(0.14514,0.14514,-0.5));
#6492 = B_SPLINE_CURVE_WITH_KNOTS('',1,(#6493,#6494),.UNSPECIFIED.,.F.,
  .F.,(2,2),(0.,1.),.PIECEWISE_BEZIER_KNOTS.);
#6493 = CARTESIAN_POINT('',(0.32,0.32,0.));
#6494 = CARTESIAN_POINT('',(0.14514,0.14514,-0.5));
#6495 = ORIENTED_EDGE('',*,*,#6496,.F.);
#6496 = EDGE_CURVE('',#6410,#6490,#6497,.T.);
#6497 = LINE('',#6498,#6499);
#6498 = CARTESIAN_POINT('',(-0.14514,0.14514,-0.5));
#6499 = VECTOR('',#6500,1.);
#6500 = DIRECTION('',(1.,0.,0.));
#6501 = ORIENTED_EDGE('',*,*,#6409,.F.);
#6502 = B_SPLINE_SURFACE_WITH_KNOTS('',1,1,(
    (#6503,#6504)
    ,(#6505,#6506
    )),.UNSPECIFIED.,.F.,.F.,.F.,(2,2),(2,2),(0.,0.64),(0.,1.),
  .PIECEWISE_BEZIER_KNOTS.);
#6503 = CARTESIAN_POINT('',(-0.32,0.32,0.));
#6504 = CARTESIAN_POINT('',(-0.14514,0.14514,-0.5));
#6505 = CARTESIAN_POINT('',(0.32,0.32,0.));
#6506 = CARTESIAN_POINT('',(0.14514,0.14514,-0.5));
#6507 = ADVANCED_FACE('',(#6508),#6525,.F.);
#6508 = FACE_BOUND('',#6509,.F.);
#6509 = EDGE_LOOP('',(#6510,#6518,#6519,#6520));
#6510 = ORIENTED_EDGE('',*,*,#6511,.T.);
#6511 = EDGE_CURVE('',#6512,#6438,#6514,.T.);
#6512 = VERTEX_POINT('',#6513);
#6513 = CARTESIAN_POINT('',(0.153217,0.149879,11.));
#6514 = LINE('',#6515,#6516);
#6515 = CARTESIAN_POINT('',(0.153217,0.149879,11.));
#6516 = VECTOR('',#6517,1.);
#6517 = DIRECTION('',(-1.,0.,0.));
#6518 = ORIENTED_EDGE('',*,*,#6453,.T.);
#6519 = ORIENTED_EDGE('',*,*,#6356,.F.);
#6520 = ORIENTED_EDGE('',*,*,#6521,.F.);
#6521 = EDGE_CURVE('',#6512,#6349,#6522,.T.);
#6522 = B_SPLINE_CURVE_WITH_KNOTS('',1,(#6523,#6524),.UNSPECIFIED.,.F.,
  .F.,(2,2),(0.,1.),.PIECEWISE_BEZIER_KNOTS.);
#6523 = CARTESIAN_POINT('',(0.153217,0.149879,11.));
#6524 = CARTESIAN_POINT('',(0.32,0.32,10.5));
#6525 = B_SPLINE_SURFACE_WITH_KNOTS('',1,1,(
    (#6526,#6527)
    ,(#6528,#6529
    )),.UNSPECIFIED.,.F.,.F.,.F.,(2,2),(2,2),(0.,0.64),(0.,1.),
  .PIECEWISE_BEZIER_KNOTS.);
#6526 = CARTESIAN_POINT('',(0.153217,0.149879,11.));
#6527 = CARTESIAN_POINT('',(0.32,0.32,10.5));
#6528 = CARTESIAN_POINT('',(-0.153217,0.149879,11.));
#6529 = CARTESIAN_POINT('',(-0.32,0.32,10.5));
#6530 = ADVANCED_FACE('',(#6531),#6548,.T.);
#6531 = FACE_BOUND('',#6532,.T.);
#6532 = EDGE_LOOP('',(#6533,#6534,#6535,#6543));
#6533 = ORIENTED_EDGE('',*,*,#6394,.F.);
#6534 = ORIENTED_EDGE('',*,*,#6424,.T.);
#6535 = ORIENTED_EDGE('',*,*,#6536,.F.);
#6536 = EDGE_CURVE('',#6537,#6417,#6539,.T.);
#6537 = VERTEX_POINT('',#6538);
#6538 = CARTESIAN_POINT('',(0.14514,-0.14514,-0.5));
#6539 = LINE('',#6540,#6541);
#6540 = CARTESIAN_POINT('',(0.14514,-0.14514,-0.5));
#6541 = VECTOR('',#6542,1.);
#6542 = DIRECTION('',(-1.,0.,0.));
#6543 = ORIENTED_EDGE('',*,*,#6544,.F.);
#6544 = EDGE_CURVE('',#6387,#6537,#6545,.T.);
#6545 = B_SPLINE_CURVE_WITH_KNOTS('',1,(#6546,#6547),.UNSPECIFIED.,.F.,
  .F.,(2,2),(0.,1.),.PIECEWISE_BEZIER_KNOTS.);
#6546 = CARTESIAN_POINT('',(0.32,-0.32,0.));
#6547 = CARTESIAN_POINT('',(0.14514,-0.14514,-0.5));
#6548 = B_SPLINE_SURFACE_WITH_KNOTS('',1,1,(
    (#6549,#6550)
    ,(#6551,#6552
    )),.UNSPECIFIED.,.F.,.F.,.F.,(2,2),(2,2),(0.,0.64),(0.,1.),
  .PIECEWISE_BEZIER_KNOTS.);
#6549 = CARTESIAN_POINT('',(0.32,-0.32,0.));
#6550 = CARTESIAN_POINT('',(0.14514,-0.14514,-0.5));
#6551 = CARTESIAN_POINT('',(-0.32,-0.32,0.));
#6552 = CARTESIAN_POINT('',(-0.14514,-0.14514,-0.5));
#6553 = ADVANCED_FACE('',(#6554),#6571,.F.);
#6554 = FACE_BOUND('',#6555,.F.);
#6555 = EDGE_LOOP('',(#6556,#6564,#6569,#6570));
#6556 = ORIENTED_EDGE('',*,*,#6557,.T.);
#6557 = EDGE_CURVE('',#6440,#6558,#6560,.T.);
#6558 = VERTEX_POINT('',#6559);
#6559 = CARTESIAN_POINT('',(0.153217,-0.149879,11.));
#6560 = LINE('',#6561,#6562);
#6561 = CARTESIAN_POINT('',(-0.153217,-0.149879,11.));
#6562 = VECTOR('',#6563,1.);
#6563 = DIRECTION('',(1.,0.,0.));
#6564 = ORIENTED_EDGE('',*,*,#6565,.T.);
#6565 = EDGE_CURVE('',#6558,#6379,#6566,.T.);
#6566 = B_SPLINE_CURVE_WITH_KNOTS('',1,(#6567,#6568),.UNSPECIFIED.,.F.,
  .F.,(2,2),(0.,1.),.PIECEWISE_BEZIER_KNOTS.);
#6567 = CARTESIAN_POINT('',(0.153217,-0.149879,11.));
#6568 = CARTESIAN_POINT('',(0.32,-0.32,10.5));
#6569 = ORIENTED_EDGE('',*,*,#6378,.F.);
#6570 = ORIENTED_EDGE('',*,*,#6447,.F.);
#6571 = B_SPLINE_SURFACE_WITH_KNOTS('',1,1,(
    (#6572,#6573)
    ,(#6574,#6575
    )),.UNSPECIFIED.,.F.,.F.,.F.,(2,2),(2,2),(0.,0.64),(0.,1.),
  .PIECEWISE_BEZIER_KNOTS.);
#6572 = CARTESIAN_POINT('',(-0.153217,-0.149879,11.));
#6573 = CARTESIAN_POINT('',(-0.32,-0.32,10.5));
#6574 = CARTESIAN_POINT('',(0.153217,-0.149879,11.));
#6575 = CARTESIAN_POINT('',(0.32,-0.32,10.5));
#6576 = ADVANCED_FACE('',(#6577),#6588,.T.);
#6577 = FACE_BOUND('',#6578,.T.);
#6578 = EDGE_LOOP('',(#6579,#6580,#6581,#6587));
#6579 = ORIENTED_EDGE('',*,*,#6416,.T.);
#6580 = ORIENTED_EDGE('',*,*,#6496,.T.);
#6581 = ORIENTED_EDGE('',*,*,#6582,.T.);
#6582 = EDGE_CURVE('',#6490,#6537,#6583,.T.);
#6583 = LINE('',#6584,#6585);
#6584 = CARTESIAN_POINT('',(0.14514,0.14514,-0.5));
#6585 = VECTOR('',#6586,1.);
#6586 = DIRECTION('',(0.,-1.,0.));
#6587 = ORIENTED_EDGE('',*,*,#6536,.T.);
#6588 = PLANE('',#6589);
#6589 = AXIS2_PLACEMENT_3D('',#6590,#6591,#6592);
#6590 = CARTESIAN_POINT('',(1.E-17,-1.E-17,-0.5));
#6591 = DIRECTION('',(-0.,-0.,-1.));
#6592 = DIRECTION('',(-1.,0.,0.));
#6593 = ADVANCED_FACE('',(#6594),#6605,.T.);
#6594 = FACE_BOUND('',#6595,.T.);
#6595 = EDGE_LOOP('',(#6596,#6597,#6598,#6604));
#6596 = ORIENTED_EDGE('',*,*,#6437,.T.);
#6597 = ORIENTED_EDGE('',*,*,#6557,.T.);
#6598 = ORIENTED_EDGE('',*,*,#6599,.T.);
#6599 = EDGE_CURVE('',#6558,#6512,#6600,.T.);
#6600 = LINE('',#6601,#6602);
#6601 = CARTESIAN_POINT('',(0.153217,-0.149879,11.));
#6602 = VECTOR('',#6603,1.);
#6603 = DIRECTION('',(0.,1.,0.));
#6604 = ORIENTED_EDGE('',*,*,#6511,.T.);
#6605 = PLANE('',#6606);
#6606 = AXIS2_PLACEMENT_3D('',#6607,#6608,#6609);
#6607 = CARTESIAN_POINT('',(0.,0.,11.));
#6608 = DIRECTION('',(0.,0.,1.));
#6609 = DIRECTION('',(0.,1.,0.));
#6610 = ADVANCED_FACE('',(#6611),#6617,.T.);
#6611 = FACE_BOUND('',#6612,.T.);
#6612 = EDGE_LOOP('',(#6613,#6614,#6615,#6616));
#6613 = ORIENTED_EDGE('',*,*,#6474,.F.);
#6614 = ORIENTED_EDGE('',*,*,#6544,.T.);
#6615 = ORIENTED_EDGE('',*,*,#6582,.F.);
#6616 = ORIENTED_EDGE('',*,*,#6489,.F.);
#6617 = B_SPLINE_SURFACE_WITH_KNOTS('',1,1,(
    (#6618,#6619)
    ,(#6620,#6621
    )),.UNSPECIFIED.,.F.,.F.,.F.,(2,2),(2,2),(0.,0.64),(0.,1.),
  .PIECEWISE_BEZIER_KNOTS.);
#6618 = CARTESIAN_POINT('',(0.32,0.32,0.));
#6619 = CARTESIAN_POINT('',(0.14514,0.14514,-0.5));
#6620 = CARTESIAN_POINT('',(0.32,-0.32,0.));
#6621 = CARTESIAN_POINT('',(0.14514,-0.14514,-0.5));
#6622 = ADVANCED_FACE('',(#6623),#6629,.F.);
#6623 = FACE_BOUND('',#6624,.F.);
#6624 = EDGE_LOOP('',(#6625,#6626,#6627,#6628));
#6625 = ORIENTED_EDGE('',*,*,#6599,.T.);
#6626 = ORIENTED_EDGE('',*,*,#6521,.T.);
#6627 = ORIENTED_EDGE('',*,*,#6467,.F.);
#6628 = ORIENTED_EDGE('',*,*,#6565,.F.);
#6629 = B_SPLINE_SURFACE_WITH_KNOTS('',1,1,(
    (#6630,#6631)
    ,(#6632,#6633
    )),.UNSPECIFIED.,.F.,.F.,.F.,(2,2),(2,2),(0.,0.64),(0.,1.),
  .PIECEWISE_BEZIER_KNOTS.);
#6630 = CARTESIAN_POINT('',(0.153217,-0.149879,11.));
#6631 = CARTESIAN_POINT('',(0.32,-0.32,10.5));
#6632 = CARTESIAN_POINT('',(0.153217,0.149879,11.));
#6633 = CARTESIAN_POINT('',(0.32,0.32,10.5));
#6634 = ( GEOMETRIC_REPRESENTATION_CONTEXT(3) 
GLOBAL_UNCERTAINTY_ASSIGNED_CONTEXT((#6638)) 
GLOBAL_UNIT_ASSIGNED_CONTEXT((#6635,#6636,#6637)) REPRESENTATION_CONTEXT
('Context #1','3D Context with UNIT and UNCERTAINTY') );
#6635 = ( LENGTH_UNIT() NAMED_UNIT(*) SI_UNIT(.MILLI.,.METRE.) );
#6636 = ( NAMED_UNIT(*) PLANE_ANGLE_UNIT() SI_UNIT($,.RADIAN.) );
#6637 = ( NAMED_UNIT(*) SI_UNIT($,.STERADIAN.) SOLID_ANGLE_UNIT() );
#6638 = UNCERTAINTY_MEASURE_WITH_UNIT(LENGTH_MEASURE(1.E-07),#6635,
  'distance_accuracy_value','confusion accuracy');
#6639 = CONTEXT_DEPENDENT_SHAPE_REPRESENTATION(#6640,#6642);
#6640 = ( REPRESENTATION_RELATIONSHIP('','',#6299,#10) 
REPRESENTATION_RELATIONSHIP_WITH_TRANSFORMATION(#6641) 
SHAPE_REPRESENTATION_RELATIONSHIP() );
#6641 = ITEM_DEFINED_TRANSFORMATION('','',#11,#27);
#6642 = PRODUCT_DEFINITION_SHAPE('Placement','Placement of an item',
  #6643);
#6643 = NEXT_ASSEMBLY_USAGE_OCCURRENCE('20','=>[0:1:1:4]','',#5,#6294,$
  );
#6644 = PRODUCT_RELATED_PRODUCT_CATEGORY('part',$,(#6296));
#6645 = SHAPE_DEFINITION_REPRESENTATION(#6646,#6652);
#6646 = PRODUCT_DEFINITION_SHAPE('','',#6647);
#6647 = PRODUCT_DEFINITION('design','',#6648,#6651);
#6648 = PRODUCT_DEFINITION_FORMATION('','',#6649);
#6649 = PRODUCT('Pin004','Pin004','',(#6650));
#6650 = PRODUCT_CONTEXT('',#2,'mechanical');
#6651 = PRODUCT_DEFINITION_CONTEXT('part definition',#2,'design');
#6652 = ADVANCED_BREP_SHAPE_REPRESENTATION('',(#11,#6653),#6987);
#6653 = MANIFOLD_SOLID_BREP('',#6654);
#6654 = CLOSED_SHELL('',(#6655,#6695,#6726,#6757,#6786,#6815,#6837,#6860
    ,#6883,#6906,#6929,#6946,#6963,#6975));
#6655 = ADVANCED_FACE('',(#6656),#6690,.F.);
#6656 = FACE_BOUND('',#6657,.F.);
#6657 = EDGE_LOOP('',(#6658,#6668,#6676,#6684));
#6658 = ORIENTED_EDGE('',*,*,#6659,.T.);
#6659 = EDGE_CURVE('',#6660,#6662,#6664,.T.);
#6660 = VERTEX_POINT('',#6661);
#6661 = CARTESIAN_POINT('',(-0.32,0.32,0.));
#6662 = VERTEX_POINT('',#6663);
#6663 = CARTESIAN_POINT('',(-0.32,0.32,10.5));
#6664 = LINE('',#6665,#6666);
#6665 = CARTESIAN_POINT('',(-0.32,0.32,0.));
#6666 = VECTOR('',#6667,1.);
#6667 = DIRECTION('',(0.,0.,1.));
#6668 = ORIENTED_EDGE('',*,*,#6669,.T.);
#6669 = EDGE_CURVE('',#6662,#6670,#6672,.T.);
#6670 = VERTEX_POINT('',#6671);
#6671 = CARTESIAN_POINT('',(-0.32,-0.32,10.5));
#6672 = LINE('',#6673,#6674);
#6673 = CARTESIAN_POINT('',(-0.32,0.32,10.5));
#6674 = VECTOR('',#6675,1.);
#6675 = DIRECTION('',(0.,-1.,0.));
#6676 = ORIENTED_EDGE('',*,*,#6677,.F.);
#6677 = EDGE_CURVE('',#6678,#6670,#6680,.T.);
#6678 = VERTEX_POINT('',#6679);
#6679 = CARTESIAN_POINT('',(-0.32,-0.32,0.));
#6680 = LINE('',#6681,#6682);
#6681 = CARTESIAN_POINT('',(-0.32,-0.32,0.));
#6682 = VECTOR('',#6683,1.);
#6683 = DIRECTION('',(0.,0.,1.));
#6684 = ORIENTED_EDGE('',*,*,#6685,.F.);
#6685 = EDGE_CURVE('',#6660,#6678,#6686,.T.);
#6686 = LINE('',#6687,#6688);
#6687 = CARTESIAN_POINT('',(-0.32,0.32,0.));
#6688 = VECTOR('',#6689,1.);
#6689 = DIRECTION('',(0.,-1.,0.));
#6690 = PLANE('',#6691);
#6691 = AXIS2_PLACEMENT_3D('',#6692,#6693,#6694);
#6692 = CARTESIAN_POINT('',(-0.32,0.32,0.));
#6693 = DIRECTION('',(1.,0.,0.));
#6694 = DIRECTION('',(0.,-1.,0.));
#6695 = ADVANCED_FACE('',(#6696),#6721,.F.);
#6696 = FACE_BOUND('',#6697,.F.);
#6697 = EDGE_LOOP('',(#6698,#6708,#6714,#6715));
#6698 = ORIENTED_EDGE('',*,*,#6699,.T.);
#6699 = EDGE_CURVE('',#6700,#6702,#6704,.T.);
#6700 = VERTEX_POINT('',#6701);
#6701 = CARTESIAN_POINT('',(0.32,0.32,0.));
#6702 = VERTEX_POINT('',#6703);
#6703 = CARTESIAN_POINT('',(0.32,0.32,10.5));
#6704 = LINE('',#6705,#6706);
#6705 = CARTESIAN_POINT('',(0.32,0.32,0.));
#6706 = VECTOR('',#6707,1.);
#6707 = DIRECTION('',(0.,0.,1.));
#6708 = ORIENTED_EDGE('',*,*,#6709,.T.);
#6709 = EDGE_CURVE('',#6702,#6662,#6710,.T.);
#6710 = LINE('',#6711,#6712);
#6711 = CARTESIAN_POINT('',(0.32,0.32,10.5));
#6712 = VECTOR('',#6713,1.);
#6713 = DIRECTION('',(-1.,0.,0.));
#6714 = ORIENTED_EDGE('',*,*,#6659,.F.);
#6715 = ORIENTED_EDGE('',*,*,#6716,.F.);
#6716 = EDGE_CURVE('',#6700,#6660,#6717,.T.);
#6717 = LINE('',#6718,#6719);
#6718 = CARTESIAN_POINT('',(0.32,0.32,0.));
#6719 = VECTOR('',#6720,1.);
#6720 = DIRECTION('',(-1.,0.,0.));
#6721 = PLANE('',#6722);
#6722 = AXIS2_PLACEMENT_3D('',#6723,#6724,#6725);
#6723 = CARTESIAN_POINT('',(0.32,0.32,0.));
#6724 = DIRECTION('',(0.,-1.,0.));
#6725 = DIRECTION('',(-1.,0.,0.));
#6726 = ADVANCED_FACE('',(#6727),#6752,.F.);
#6727 = FACE_BOUND('',#6728,.F.);
#6728 = EDGE_LOOP('',(#6729,#6730,#6738,#6746));
#6729 = ORIENTED_EDGE('',*,*,#6677,.T.);
#6730 = ORIENTED_EDGE('',*,*,#6731,.T.);
#6731 = EDGE_CURVE('',#6670,#6732,#6734,.T.);
#6732 = VERTEX_POINT('',#6733);
#6733 = CARTESIAN_POINT('',(0.32,-0.32,10.5));
#6734 = LINE('',#6735,#6736);
#6735 = CARTESIAN_POINT('',(-0.32,-0.32,10.5));
#6736 = VECTOR('',#6737,1.);
#6737 = DIRECTION('',(1.,0.,0.));
#6738 = ORIENTED_EDGE('',*,*,#6739,.F.);
#6739 = EDGE_CURVE('',#6740,#6732,#6742,.T.);
#6740 = VERTEX_POINT('',#6741);
#6741 = CARTESIAN_POINT('',(0.32,-0.32,0.));
#6742 = LINE('',#6743,#6744);
#6743 = CARTESIAN_POINT('',(0.32,-0.32,0.));
#6744 = VECTOR('',#6745,1.);
#6745 = DIRECTION('',(0.,0.,1.));
#6746 = ORIENTED_EDGE('',*,*,#6747,.F.);
#6747 = EDGE_CURVE('',#6678,#6740,#6748,.T.);
#6748 = LINE('',#6749,#6750);
#6749 = CARTESIAN_POINT('',(-0.32,-0.32,0.));
#6750 = VECTOR('',#6751,1.);
#6751 = DIRECTION('',(1.,0.,0.));
#6752 = PLANE('',#6753);
#6753 = AXIS2_PLACEMENT_3D('',#6754,#6755,#6756);
#6754 = CARTESIAN_POINT('',(-0.32,-0.32,0.));
#6755 = DIRECTION('',(0.,1.,0.));
#6756 = DIRECTION('',(1.,0.,0.));
#6757 = ADVANCED_FACE('',(#6758),#6781,.T.);
#6758 = FACE_BOUND('',#6759,.T.);
#6759 = EDGE_LOOP('',(#6760,#6761,#6768,#6776));
#6760 = ORIENTED_EDGE('',*,*,#6685,.F.);
#6761 = ORIENTED_EDGE('',*,*,#6762,.T.);
#6762 = EDGE_CURVE('',#6660,#6763,#6765,.T.);
#6763 = VERTEX_POINT('',#6764);
#6764 = CARTESIAN_POINT('',(-0.14514,0.14514,-0.5));
#6765 = B_SPLINE_CURVE_WITH_KNOTS('',1,(#6766,#6767),.UNSPECIFIED.,.F.,
  .F.,(2,2),(0.,1.),.PIECEWISE_BEZIER_KNOTS.);
#6766 = CARTESIAN_POINT('',(-0.32,0.32,0.));
#6767 = CARTESIAN_POINT('',(-0.14514,0.14514,-0.5));
#6768 = ORIENTED_EDGE('',*,*,#6769,.F.);
#6769 = EDGE_CURVE('',#6770,#6763,#6772,.T.);
#6770 = VERTEX_POINT('',#6771);
#6771 = CARTESIAN_POINT('',(-0.14514,-0.14514,-0.5));
#6772 = LINE('',#6773,#6774);
#6773 = CARTESIAN_POINT('',(-0.14514,-0.14514,-0.5));
#6774 = VECTOR('',#6775,1.);
#6775 = DIRECTION('',(0.,1.,0.));
#6776 = ORIENTED_EDGE('',*,*,#6777,.F.);
#6777 = EDGE_CURVE('',#6678,#6770,#6778,.T.);
#6778 = B_SPLINE_CURVE_WITH_KNOTS('',1,(#6779,#6780),.UNSPECIFIED.,.F.,
  .F.,(2,2),(0.,1.),.PIECEWISE_BEZIER_KNOTS.);
#6779 = CARTESIAN_POINT('',(-0.32,-0.32,0.));
#6780 = CARTESIAN_POINT('',(-0.14514,-0.14514,-0.5));
#6781 = B_SPLINE_SURFACE_WITH_KNOTS('',1,1,(
    (#6782,#6783)
    ,(#6784,#6785
    )),.UNSPECIFIED.,.F.,.F.,.F.,(2,2),(2,2),(0.,0.64),(0.,1.),
  .PIECEWISE_BEZIER_KNOTS.);
#6782 = CARTESIAN_POINT('',(-0.32,-0.32,0.));
#6783 = CARTESIAN_POINT('',(-0.14514,-0.14514,-0.5));
#6784 = CARTESIAN_POINT('',(-0.32,0.32,0.));
#6785 = CARTESIAN_POINT('',(-0.14514,0.14514,-0.5));
#6786 = ADVANCED_FACE('',(#6787),#6810,.F.);
#6787 = FACE_BOUND('',#6788,.F.);
#6788 = EDGE_LOOP('',(#6789,#6799,#6804,#6805));
#6789 = ORIENTED_EDGE('',*,*,#6790,.T.);
#6790 = EDGE_CURVE('',#6791,#6793,#6795,.T.);
#6791 = VERTEX_POINT('',#6792);
#6792 = CARTESIAN_POINT('',(-0.153217,0.149879,11.));
#6793 = VERTEX_POINT('',#6794);
#6794 = CARTESIAN_POINT('',(-0.153217,-0.149879,11.));
#6795 = LINE('',#6796,#6797);
#6796 = CARTESIAN_POINT('',(-0.153217,0.149879,11.));
#6797 = VECTOR('',#6798,1.);
#6798 = DIRECTION('',(0.,-1.,0.));
#6799 = ORIENTED_EDGE('',*,*,#6800,.T.);
#6800 = EDGE_CURVE('',#6793,#6670,#6801,.T.);
#6801 = B_SPLINE_CURVE_WITH_KNOTS('',1,(#6802,#6803),.UNSPECIFIED.,.F.,
  .F.,(2,2),(0.,1.),.PIECEWISE_BEZIER_KNOTS.);
#6802 = CARTESIAN_POINT('',(-0.153217,-0.149879,11.));
#6803 = CARTESIAN_POINT('',(-0.32,-0.32,10.5));
#6804 = ORIENTED_EDGE('',*,*,#6669,.F.);
#6805 = ORIENTED_EDGE('',*,*,#6806,.F.);
#6806 = EDGE_CURVE('',#6791,#6662,#6807,.T.);
#6807 = B_SPLINE_CURVE_WITH_KNOTS('',1,(#6808,#6809),.UNSPECIFIED.,.F.,
  .F.,(2,2),(0.,1.),.PIECEWISE_BEZIER_KNOTS.);
#6808 = CARTESIAN_POINT('',(-0.153217,0.149879,11.));
#6809 = CARTESIAN_POINT('',(-0.32,0.32,10.5));
#6810 = B_SPLINE_SURFACE_WITH_KNOTS('',1,1,(
    (#6811,#6812)
    ,(#6813,#6814
    )),.UNSPECIFIED.,.F.,.F.,.F.,(2,2),(2,2),(0.,0.64),(0.,1.),
  .PIECEWISE_BEZIER_KNOTS.);
#6811 = CARTESIAN_POINT('',(-0.153217,0.149879,11.));
#6812 = CARTESIAN_POINT('',(-0.32,0.32,10.5));
#6813 = CARTESIAN_POINT('',(-0.153217,-0.149879,11.));
#6814 = CARTESIAN_POINT('',(-0.32,-0.32,10.5));
#6815 = ADVANCED_FACE('',(#6816),#6832,.F.);
#6816 = FACE_BOUND('',#6817,.F.);
#6817 = EDGE_LOOP('',(#6818,#6819,#6825,#6826));
#6818 = ORIENTED_EDGE('',*,*,#6739,.T.);
#6819 = ORIENTED_EDGE('',*,*,#6820,.T.);
#6820 = EDGE_CURVE('',#6732,#6702,#6821,.T.);
#6821 = LINE('',#6822,#6823);
#6822 = CARTESIAN_POINT('',(0.32,-0.32,10.5));
#6823 = VECTOR('',#6824,1.);
#6824 = DIRECTION('',(0.,1.,0.));
#6825 = ORIENTED_EDGE('',*,*,#6699,.F.);
#6826 = ORIENTED_EDGE('',*,*,#6827,.F.);
#6827 = EDGE_CURVE('',#6740,#6700,#6828,.T.);
#6828 = LINE('',#6829,#6830);
#6829 = CARTESIAN_POINT('',(0.32,-0.32,0.));
#6830 = VECTOR('',#6831,1.);
#6831 = DIRECTION('',(0.,1.,0.));
#6832 = PLANE('',#6833);
#6833 = AXIS2_PLACEMENT_3D('',#6834,#6835,#6836);
#6834 = CARTESIAN_POINT('',(0.32,-0.32,0.));
#6835 = DIRECTION('',(-1.,0.,0.));
#6836 = DIRECTION('',(0.,1.,0.));
#6837 = ADVANCED_FACE('',(#6838),#6855,.T.);
#6838 = FACE_BOUND('',#6839,.T.);
#6839 = EDGE_LOOP('',(#6840,#6841,#6848,#6854));
#6840 = ORIENTED_EDGE('',*,*,#6716,.F.);
#6841 = ORIENTED_EDGE('',*,*,#6842,.T.);
#6842 = EDGE_CURVE('',#6700,#6843,#6845,.T.);
#6843 = VERTEX_POINT('',#6844);
#6844 = CARTESIAN_POINT('',(0.14514,0.14514,-0.5));
#6845 = B_SPLINE_CURVE_WITH_KNOTS('',1,(#6846,#6847),.UNSPECIFIED.,.F.,
  .F.,(2,2),(0.,1.),.PIECEWISE_BEZIER_KNOTS.);
#6846 = CARTESIAN_POINT('',(0.32,0.32,0.));
#6847 = CARTESIAN_POINT('',(0.14514,0.14514,-0.5));
#6848 = ORIENTED_EDGE('',*,*,#6849,.F.);
#6849 = EDGE_CURVE('',#6763,#6843,#6850,.T.);
#6850 = LINE('',#6851,#6852);
#6851 = CARTESIAN_POINT('',(-0.14514,0.14514,-0.5));
#6852 = VECTOR('',#6853,1.);
#6853 = DIRECTION('',(1.,0.,0.));
#6854 = ORIENTED_EDGE('',*,*,#6762,.F.);
#6855 = B_SPLINE_SURFACE_WITH_KNOTS('',1,1,(
    (#6856,#6857)
    ,(#6858,#6859
    )),.UNSPECIFIED.,.F.,.F.,.F.,(2,2),(2,2),(0.,0.64),(0.,1.),
  .PIECEWISE_BEZIER_KNOTS.);
#6856 = CARTESIAN_POINT('',(-0.32,0.32,0.));
#6857 = CARTESIAN_POINT('',(-0.14514,0.14514,-0.5));
#6858 = CARTESIAN_POINT('',(0.32,0.32,0.));
#6859 = CARTESIAN_POINT('',(0.14514,0.14514,-0.5));
#6860 = ADVANCED_FACE('',(#6861),#6878,.F.);
#6861 = FACE_BOUND('',#6862,.F.);
#6862 = EDGE_LOOP('',(#6863,#6871,#6872,#6873));
#6863 = ORIENTED_EDGE('',*,*,#6864,.T.);
#6864 = EDGE_CURVE('',#6865,#6791,#6867,.T.);
#6865 = VERTEX_POINT('',#6866);
#6866 = CARTESIAN_POINT('',(0.153217,0.149879,11.));
#6867 = LINE('',#6868,#6869);
#6868 = CARTESIAN_POINT('',(0.153217,0.149879,11.));
#6869 = VECTOR('',#6870,1.);
#6870 = DIRECTION('',(-1.,0.,0.));
#6871 = ORIENTED_EDGE('',*,*,#6806,.T.);
#6872 = ORIENTED_EDGE('',*,*,#6709,.F.);
#6873 = ORIENTED_EDGE('',*,*,#6874,.F.);
#6874 = EDGE_CURVE('',#6865,#6702,#6875,.T.);
#6875 = B_SPLINE_CURVE_WITH_KNOTS('',1,(#6876,#6877),.UNSPECIFIED.,.F.,
  .F.,(2,2),(0.,1.),.PIECEWISE_BEZIER_KNOTS.);
#6876 = CARTESIAN_POINT('',(0.153217,0.149879,11.));
#6877 = CARTESIAN_POINT('',(0.32,0.32,10.5));
#6878 = B_SPLINE_SURFACE_WITH_KNOTS('',1,1,(
    (#6879,#6880)
    ,(#6881,#6882
    )),.UNSPECIFIED.,.F.,.F.,.F.,(2,2),(2,2),(0.,0.64),(0.,1.),
  .PIECEWISE_BEZIER_KNOTS.);
#6879 = CARTESIAN_POINT('',(0.153217,0.149879,11.));
#6880 = CARTESIAN_POINT('',(0.32,0.32,10.5));
#6881 = CARTESIAN_POINT('',(-0.153217,0.149879,11.));
#6882 = CARTESIAN_POINT('',(-0.32,0.32,10.5));
#6883 = ADVANCED_FACE('',(#6884),#6901,.T.);
#6884 = FACE_BOUND('',#6885,.T.);
#6885 = EDGE_LOOP('',(#6886,#6887,#6888,#6896));
#6886 = ORIENTED_EDGE('',*,*,#6747,.F.);
#6887 = ORIENTED_EDGE('',*,*,#6777,.T.);
#6888 = ORIENTED_EDGE('',*,*,#6889,.F.);
#6889 = EDGE_CURVE('',#6890,#6770,#6892,.T.);
#6890 = VERTEX_POINT('',#6891);
#6891 = CARTESIAN_POINT('',(0.14514,-0.14514,-0.5));
#6892 = LINE('',#6893,#6894);
#6893 = CARTESIAN_POINT('',(0.14514,-0.14514,-0.5));
#6894 = VECTOR('',#6895,1.);
#6895 = DIRECTION('',(-1.,0.,0.));
#6896 = ORIENTED_EDGE('',*,*,#6897,.F.);
#6897 = EDGE_CURVE('',#6740,#6890,#6898,.T.);
#6898 = B_SPLINE_CURVE_WITH_KNOTS('',1,(#6899,#6900),.UNSPECIFIED.,.F.,
  .F.,(2,2),(0.,1.),.PIECEWISE_BEZIER_KNOTS.);
#6899 = CARTESIAN_POINT('',(0.32,-0.32,0.));
#6900 = CARTESIAN_POINT('',(0.14514,-0.14514,-0.5));
#6901 = B_SPLINE_SURFACE_WITH_KNOTS('',1,1,(
    (#6902,#6903)
    ,(#6904,#6905
    )),.UNSPECIFIED.,.F.,.F.,.F.,(2,2),(2,2),(0.,0.64),(0.,1.),
  .PIECEWISE_BEZIER_KNOTS.);
#6902 = CARTESIAN_POINT('',(0.32,-0.32,0.));
#6903 = CARTESIAN_POINT('',(0.14514,-0.14514,-0.5));
#6904 = CARTESIAN_POINT('',(-0.32,-0.32,0.));
#6905 = CARTESIAN_POINT('',(-0.14514,-0.14514,-0.5));
#6906 = ADVANCED_FACE('',(#6907),#6924,.F.);
#6907 = FACE_BOUND('',#6908,.F.);
#6908 = EDGE_LOOP('',(#6909,#6917,#6922,#6923));
#6909 = ORIENTED_EDGE('',*,*,#6910,.T.);
#6910 = EDGE_CURVE('',#6793,#6911,#6913,.T.);
#6911 = VERTEX_POINT('',#6912);
#6912 = CARTESIAN_POINT('',(0.153217,-0.149879,11.));
#6913 = LINE('',#6914,#6915);
#6914 = CARTESIAN_POINT('',(-0.153217,-0.149879,11.));
#6915 = VECTOR('',#6916,1.);
#6916 = DIRECTION('',(1.,0.,0.));
#6917 = ORIENTED_EDGE('',*,*,#6918,.T.);
#6918 = EDGE_CURVE('',#6911,#6732,#6919,.T.);
#6919 = B_SPLINE_CURVE_WITH_KNOTS('',1,(#6920,#6921),.UNSPECIFIED.,.F.,
  .F.,(2,2),(0.,1.),.PIECEWISE_BEZIER_KNOTS.);
#6920 = CARTESIAN_POINT('',(0.153217,-0.149879,11.));
#6921 = CARTESIAN_POINT('',(0.32,-0.32,10.5));
#6922 = ORIENTED_EDGE('',*,*,#6731,.F.);
#6923 = ORIENTED_EDGE('',*,*,#6800,.F.);
#6924 = B_SPLINE_SURFACE_WITH_KNOTS('',1,1,(
    (#6925,#6926)
    ,(#6927,#6928
    )),.UNSPECIFIED.,.F.,.F.,.F.,(2,2),(2,2),(0.,0.64),(0.,1.),
  .PIECEWISE_BEZIER_KNOTS.);
#6925 = CARTESIAN_POINT('',(-0.153217,-0.149879,11.));
#6926 = CARTESIAN_POINT('',(-0.32,-0.32,10.5));
#6927 = CARTESIAN_POINT('',(0.153217,-0.149879,11.));
#6928 = CARTESIAN_POINT('',(0.32,-0.32,10.5));
#6929 = ADVANCED_FACE('',(#6930),#6941,.T.);
#6930 = FACE_BOUND('',#6931,.T.);
#6931 = EDGE_LOOP('',(#6932,#6933,#6934,#6940));
#6932 = ORIENTED_EDGE('',*,*,#6769,.T.);
#6933 = ORIENTED_EDGE('',*,*,#6849,.T.);
#6934 = ORIENTED_EDGE('',*,*,#6935,.T.);
#6935 = EDGE_CURVE('',#6843,#6890,#6936,.T.);
#6936 = LINE('',#6937,#6938);
#6937 = CARTESIAN_POINT('',(0.14514,0.14514,-0.5));
#6938 = VECTOR('',#6939,1.);
#6939 = DIRECTION('',(0.,-1.,0.));
#6940 = ORIENTED_EDGE('',*,*,#6889,.T.);
#6941 = PLANE('',#6942);
#6942 = AXIS2_PLACEMENT_3D('',#6943,#6944,#6945);
#6943 = CARTESIAN_POINT('',(1.E-17,-1.E-17,-0.5));
#6944 = DIRECTION('',(-0.,-0.,-1.));
#6945 = DIRECTION('',(-1.,0.,0.));
#6946 = ADVANCED_FACE('',(#6947),#6958,.T.);
#6947 = FACE_BOUND('',#6948,.T.);
#6948 = EDGE_LOOP('',(#6949,#6950,#6951,#6957));
#6949 = ORIENTED_EDGE('',*,*,#6790,.T.);
#6950 = ORIENTED_EDGE('',*,*,#6910,.T.);
#6951 = ORIENTED_EDGE('',*,*,#6952,.T.);
#6952 = EDGE_CURVE('',#6911,#6865,#6953,.T.);
#6953 = LINE('',#6954,#6955);
#6954 = CARTESIAN_POINT('',(0.153217,-0.149879,11.));
#6955 = VECTOR('',#6956,1.);
#6956 = DIRECTION('',(0.,1.,0.));
#6957 = ORIENTED_EDGE('',*,*,#6864,.T.);
#6958 = PLANE('',#6959);
#6959 = AXIS2_PLACEMENT_3D('',#6960,#6961,#6962);
#6960 = CARTESIAN_POINT('',(0.,0.,11.));
#6961 = DIRECTION('',(0.,0.,1.));
#6962 = DIRECTION('',(0.,1.,0.));
#6963 = ADVANCED_FACE('',(#6964),#6970,.T.);
#6964 = FACE_BOUND('',#6965,.T.);
#6965 = EDGE_LOOP('',(#6966,#6967,#6968,#6969));
#6966 = ORIENTED_EDGE('',*,*,#6827,.F.);
#6967 = ORIENTED_EDGE('',*,*,#6897,.T.);
#6968 = ORIENTED_EDGE('',*,*,#6935,.F.);
#6969 = ORIENTED_EDGE('',*,*,#6842,.F.);
#6970 = B_SPLINE_SURFACE_WITH_KNOTS('',1,1,(
    (#6971,#6972)
    ,(#6973,#6974
    )),.UNSPECIFIED.,.F.,.F.,.F.,(2,2),(2,2),(0.,0.64),(0.,1.),
  .PIECEWISE_BEZIER_KNOTS.);
#6971 = CARTESIAN_POINT('',(0.32,0.32,0.));
#6972 = CARTESIAN_POINT('',(0.14514,0.14514,-0.5));
#6973 = CARTESIAN_POINT('',(0.32,-0.32,0.));
#6974 = CARTESIAN_POINT('',(0.14514,-0.14514,-0.5));
#6975 = ADVANCED_FACE('',(#6976),#6982,.F.);
#6976 = FACE_BOUND('',#6977,.F.);
#6977 = EDGE_LOOP('',(#6978,#6979,#6980,#6981));
#6978 = ORIENTED_EDGE('',*,*,#6952,.T.);
#6979 = ORIENTED_EDGE('',*,*,#6874,.T.);
#6980 = ORIENTED_EDGE('',*,*,#6820,.F.);
#6981 = ORIENTED_EDGE('',*,*,#6918,.F.);
#6982 = B_SPLINE_SURFACE_WITH_KNOTS('',1,1,(
    (#6983,#6984)
    ,(#6985,#6986
    )),.UNSPECIFIED.,.F.,.F.,.F.,(2,2),(2,2),(0.,0.64),(0.,1.),
  .PIECEWISE_BEZIER_KNOTS.);
#6983 = CARTESIAN_POINT('',(0.153217,-0.149879,11.));
#6984 = CARTESIAN_POINT('',(0.32,-0.32,10.5));
#6985 = CARTESIAN_POINT('',(0.153217,0.149879,11.));
#6986 = CARTESIAN_POINT('',(0.32,0.32,10.5));
#6987 = ( GEOMETRIC_REPRESENTATION_CONTEXT(3) 
GLOBAL_UNCERTAINTY_ASSIGNED_CONTEXT((#6991)) 
GLOBAL_UNIT_ASSIGNED_CONTEXT((#6988,#6989,#6990)) REPRESENTATION_CONTEXT
('Context #1','3D Context with UNIT and UNCERTAINTY') );
#6988 = ( LENGTH_UNIT() NAMED_UNIT(*) SI_UNIT(.MILLI.,.METRE.) );
#6989 = ( NAMED_UNIT(*) PLANE_ANGLE_UNIT() SI_UNIT($,.RADIAN.) );
#6990 = ( NAMED_UNIT(*) SI_UNIT($,.STERADIAN.) SOLID_ANGLE_UNIT() );
#6991 = UNCERTAINTY_MEASURE_WITH_UNIT(LENGTH_MEASURE(1.E-07),#6988,
  'distance_accuracy_value','confusion accuracy');
#6992 = CONTEXT_DEPENDENT_SHAPE_REPRESENTATION(#6993,#6995);
#6993 = ( REPRESENTATION_RELATIONSHIP('','',#6652,#10) 
REPRESENTATION_RELATIONSHIP_WITH_TRANSFORMATION(#6994) 
SHAPE_REPRESENTATION_RELATIONSHIP() );
#6994 = ITEM_DEFINED_TRANSFORMATION('','',#11,#31);
#6995 = PRODUCT_DEFINITION_SHAPE('Placement','Placement of an item',
  #6996);
#6996 = NEXT_ASSEMBLY_USAGE_OCCURRENCE('21','=>[0:1:1:5]','',#5,#6647,$
  );
#6997 = PRODUCT_RELATED_PRODUCT_CATEGORY('part',$,(#6649));
#6998 = SHAPE_DEFINITION_REPRESENTATION(#6999,#7005);
#6999 = PRODUCT_DEFINITION_SHAPE('','',#7000);
#7000 = PRODUCT_DEFINITION('design','',#7001,#7004);
#7001 = PRODUCT_DEFINITION_FORMATION('','',#7002);
#7002 = PRODUCT('Pin005','Pin005','',(#7003));
#7003 = PRODUCT_CONTEXT('',#2,'mechanical');
#7004 = PRODUCT_DEFINITION_CONTEXT('part definition',#2,'design');
#7005 = ADVANCED_BREP_SHAPE_REPRESENTATION('',(#11,#7006),#7340);
#7006 = MANIFOLD_SOLID_BREP('',#7007);
#7007 = CLOSED_SHELL('',(#7008,#7048,#7079,#7110,#7139,#7168,#7190,#7213
    ,#7236,#7259,#7282,#7299,#7316,#7328));
#7008 = ADVANCED_FACE('',(#7009),#7043,.F.);
#7009 = FACE_BOUND('',#7010,.F.);
#7010 = EDGE_LOOP('',(#7011,#7021,#7029,#7037));
#7011 = ORIENTED_EDGE('',*,*,#7012,.T.);
#7012 = EDGE_CURVE('',#7013,#7015,#7017,.T.);
#7013 = VERTEX_POINT('',#7014);
#7014 = CARTESIAN_POINT('',(-0.32,0.32,0.));
#7015 = VERTEX_POINT('',#7016);
#7016 = CARTESIAN_POINT('',(-0.32,0.32,10.5));
#7017 = LINE('',#7018,#7019);
#7018 = CARTESIAN_POINT('',(-0.32,0.32,0.));
#7019 = VECTOR('',#7020,1.);
#7020 = DIRECTION('',(0.,0.,1.));
#7021 = ORIENTED_EDGE('',*,*,#7022,.T.);
#7022 = EDGE_CURVE('',#7015,#7023,#7025,.T.);
#7023 = VERTEX_POINT('',#7024);
#7024 = CARTESIAN_POINT('',(-0.32,-0.32,10.5));
#7025 = LINE('',#7026,#7027);
#7026 = CARTESIAN_POINT('',(-0.32,0.32,10.5));
#7027 = VECTOR('',#7028,1.);
#7028 = DIRECTION('',(0.,-1.,0.));
#7029 = ORIENTED_EDGE('',*,*,#7030,.F.);
#7030 = EDGE_CURVE('',#7031,#7023,#7033,.T.);
#7031 = VERTEX_POINT('',#7032);
#7032 = CARTESIAN_POINT('',(-0.32,-0.32,0.));
#7033 = LINE('',#7034,#7035);
#7034 = CARTESIAN_POINT('',(-0.32,-0.32,0.));
#7035 = VECTOR('',#7036,1.);
#7036 = DIRECTION('',(0.,0.,1.));
#7037 = ORIENTED_EDGE('',*,*,#7038,.F.);
#7038 = EDGE_CURVE('',#7013,#7031,#7039,.T.);
#7039 = LINE('',#7040,#7041);
#7040 = CARTESIAN_POINT('',(-0.32,0.32,0.));
#7041 = VECTOR('',#7042,1.);
#7042 = DIRECTION('',(0.,-1.,0.));
#7043 = PLANE('',#7044);
#7044 = AXIS2_PLACEMENT_3D('',#7045,#7046,#7047);
#7045 = CARTESIAN_POINT('',(-0.32,0.32,0.));
#7046 = DIRECTION('',(1.,0.,0.));
#7047 = DIRECTION('',(0.,-1.,0.));
#7048 = ADVANCED_FACE('',(#7049),#7074,.F.);
#7049 = FACE_BOUND('',#7050,.F.);
#7050 = EDGE_LOOP('',(#7051,#7061,#7067,#7068));
#7051 = ORIENTED_EDGE('',*,*,#7052,.T.);
#7052 = EDGE_CURVE('',#7053,#7055,#7057,.T.);
#7053 = VERTEX_POINT('',#7054);
#7054 = CARTESIAN_POINT('',(0.32,0.32,0.));
#7055 = VERTEX_POINT('',#7056);
#7056 = CARTESIAN_POINT('',(0.32,0.32,10.5));
#7057 = LINE('',#7058,#7059);
#7058 = CARTESIAN_POINT('',(0.32,0.32,0.));
#7059 = VECTOR('',#7060,1.);
#7060 = DIRECTION('',(0.,0.,1.));
#7061 = ORIENTED_EDGE('',*,*,#7062,.T.);
#7062 = EDGE_CURVE('',#7055,#7015,#7063,.T.);
#7063 = LINE('',#7064,#7065);
#7064 = CARTESIAN_POINT('',(0.32,0.32,10.5));
#7065 = VECTOR('',#7066,1.);
#7066 = DIRECTION('',(-1.,0.,0.));
#7067 = ORIENTED_EDGE('',*,*,#7012,.F.);
#7068 = ORIENTED_EDGE('',*,*,#7069,.F.);
#7069 = EDGE_CURVE('',#7053,#7013,#7070,.T.);
#7070 = LINE('',#7071,#7072);
#7071 = CARTESIAN_POINT('',(0.32,0.32,0.));
#7072 = VECTOR('',#7073,1.);
#7073 = DIRECTION('',(-1.,0.,0.));
#7074 = PLANE('',#7075);
#7075 = AXIS2_PLACEMENT_3D('',#7076,#7077,#7078);
#7076 = CARTESIAN_POINT('',(0.32,0.32,0.));
#7077 = DIRECTION('',(0.,-1.,0.));
#7078 = DIRECTION('',(-1.,0.,0.));
#7079 = ADVANCED_FACE('',(#7080),#7105,.F.);
#7080 = FACE_BOUND('',#7081,.F.);
#7081 = EDGE_LOOP('',(#7082,#7083,#7091,#7099));
#7082 = ORIENTED_EDGE('',*,*,#7030,.T.);
#7083 = ORIENTED_EDGE('',*,*,#7084,.T.);
#7084 = EDGE_CURVE('',#7023,#7085,#7087,.T.);
#7085 = VERTEX_POINT('',#7086);
#7086 = CARTESIAN_POINT('',(0.32,-0.32,10.5));
#7087 = LINE('',#7088,#7089);
#7088 = CARTESIAN_POINT('',(-0.32,-0.32,10.5));
#7089 = VECTOR('',#7090,1.);
#7090 = DIRECTION('',(1.,0.,0.));
#7091 = ORIENTED_EDGE('',*,*,#7092,.F.);
#7092 = EDGE_CURVE('',#7093,#7085,#7095,.T.);
#7093 = VERTEX_POINT('',#7094);
#7094 = CARTESIAN_POINT('',(0.32,-0.32,0.));
#7095 = LINE('',#7096,#7097);
#7096 = CARTESIAN_POINT('',(0.32,-0.32,0.));
#7097 = VECTOR('',#7098,1.);
#7098 = DIRECTION('',(0.,0.,1.));
#7099 = ORIENTED_EDGE('',*,*,#7100,.F.);
#7100 = EDGE_CURVE('',#7031,#7093,#7101,.T.);
#7101 = LINE('',#7102,#7103);
#7102 = CARTESIAN_POINT('',(-0.32,-0.32,0.));
#7103 = VECTOR('',#7104,1.);
#7104 = DIRECTION('',(1.,0.,0.));
#7105 = PLANE('',#7106);
#7106 = AXIS2_PLACEMENT_3D('',#7107,#7108,#7109);
#7107 = CARTESIAN_POINT('',(-0.32,-0.32,0.));
#7108 = DIRECTION('',(0.,1.,0.));
#7109 = DIRECTION('',(1.,0.,0.));
#7110 = ADVANCED_FACE('',(#7111),#7134,.T.);
#7111 = FACE_BOUND('',#7112,.T.);
#7112 = EDGE_LOOP('',(#7113,#7114,#7121,#7129));
#7113 = ORIENTED_EDGE('',*,*,#7038,.F.);
#7114 = ORIENTED_EDGE('',*,*,#7115,.T.);
#7115 = EDGE_CURVE('',#7013,#7116,#7118,.T.);
#7116 = VERTEX_POINT('',#7117);
#7117 = CARTESIAN_POINT('',(-0.14514,0.14514,-0.5));
#7118 = B_SPLINE_CURVE_WITH_KNOTS('',1,(#7119,#7120),.UNSPECIFIED.,.F.,
  .F.,(2,2),(0.,1.),.PIECEWISE_BEZIER_KNOTS.);
#7119 = CARTESIAN_POINT('',(-0.32,0.32,0.));
#7120 = CARTESIAN_POINT('',(-0.14514,0.14514,-0.5));
#7121 = ORIENTED_EDGE('',*,*,#7122,.F.);
#7122 = EDGE_CURVE('',#7123,#7116,#7125,.T.);
#7123 = VERTEX_POINT('',#7124);
#7124 = CARTESIAN_POINT('',(-0.14514,-0.14514,-0.5));
#7125 = LINE('',#7126,#7127);
#7126 = CARTESIAN_POINT('',(-0.14514,-0.14514,-0.5));
#7127 = VECTOR('',#7128,1.);
#7128 = DIRECTION('',(0.,1.,0.));
#7129 = ORIENTED_EDGE('',*,*,#7130,.F.);
#7130 = EDGE_CURVE('',#7031,#7123,#7131,.T.);
#7131 = B_SPLINE_CURVE_WITH_KNOTS('',1,(#7132,#7133),.UNSPECIFIED.,.F.,
  .F.,(2,2),(0.,1.),.PIECEWISE_BEZIER_KNOTS.);
#7132 = CARTESIAN_POINT('',(-0.32,-0.32,0.));
#7133 = CARTESIAN_POINT('',(-0.14514,-0.14514,-0.5));
#7134 = B_SPLINE_SURFACE_WITH_KNOTS('',1,1,(
    (#7135,#7136)
    ,(#7137,#7138
    )),.UNSPECIFIED.,.F.,.F.,.F.,(2,2),(2,2),(0.,0.64),(0.,1.),
  .PIECEWISE_BEZIER_KNOTS.);
#7135 = CARTESIAN_POINT('',(-0.32,-0.32,0.));
#7136 = CARTESIAN_POINT('',(-0.14514,-0.14514,-0.5));
#7137 = CARTESIAN_POINT('',(-0.32,0.32,0.));
#7138 = CARTESIAN_POINT('',(-0.14514,0.14514,-0.5));
#7139 = ADVANCED_FACE('',(#7140),#7163,.F.);
#7140 = FACE_BOUND('',#7141,.F.);
#7141 = EDGE_LOOP('',(#7142,#7152,#7157,#7158));
#7142 = ORIENTED_EDGE('',*,*,#7143,.T.);
#7143 = EDGE_CURVE('',#7144,#7146,#7148,.T.);
#7144 = VERTEX_POINT('',#7145);
#7145 = CARTESIAN_POINT('',(-0.153217,0.149879,11.));
#7146 = VERTEX_POINT('',#7147);
#7147 = CARTESIAN_POINT('',(-0.153217,-0.149879,11.));
#7148 = LINE('',#7149,#7150);
#7149 = CARTESIAN_POINT('',(-0.153217,0.149879,11.));
#7150 = VECTOR('',#7151,1.);
#7151 = DIRECTION('',(0.,-1.,0.));
#7152 = ORIENTED_EDGE('',*,*,#7153,.T.);
#7153 = EDGE_CURVE('',#7146,#7023,#7154,.T.);
#7154 = B_SPLINE_CURVE_WITH_KNOTS('',1,(#7155,#7156),.UNSPECIFIED.,.F.,
  .F.,(2,2),(0.,1.),.PIECEWISE_BEZIER_KNOTS.);
#7155 = CARTESIAN_POINT('',(-0.153217,-0.149879,11.));
#7156 = CARTESIAN_POINT('',(-0.32,-0.32,10.5));
#7157 = ORIENTED_EDGE('',*,*,#7022,.F.);
#7158 = ORIENTED_EDGE('',*,*,#7159,.F.);
#7159 = EDGE_CURVE('',#7144,#7015,#7160,.T.);
#7160 = B_SPLINE_CURVE_WITH_KNOTS('',1,(#7161,#7162),.UNSPECIFIED.,.F.,
  .F.,(2,2),(0.,1.),.PIECEWISE_BEZIER_KNOTS.);
#7161 = CARTESIAN_POINT('',(-0.153217,0.149879,11.));
#7162 = CARTESIAN_POINT('',(-0.32,0.32,10.5));
#7163 = B_SPLINE_SURFACE_WITH_KNOTS('',1,1,(
    (#7164,#7165)
    ,(#7166,#7167
    )),.UNSPECIFIED.,.F.,.F.,.F.,(2,2),(2,2),(0.,0.64),(0.,1.),
  .PIECEWISE_BEZIER_KNOTS.);
#7164 = CARTESIAN_POINT('',(-0.153217,0.149879,11.));
#7165 = CARTESIAN_POINT('',(-0.32,0.32,10.5));
#7166 = CARTESIAN_POINT('',(-0.153217,-0.149879,11.));
#7167 = CARTESIAN_POINT('',(-0.32,-0.32,10.5));
#7168 = ADVANCED_FACE('',(#7169),#7185,.F.);
#7169 = FACE_BOUND('',#7170,.F.);
#7170 = EDGE_LOOP('',(#7171,#7172,#7178,#7179));
#7171 = ORIENTED_EDGE('',*,*,#7092,.T.);
#7172 = ORIENTED_EDGE('',*,*,#7173,.T.);
#7173 = EDGE_CURVE('',#7085,#7055,#7174,.T.);
#7174 = LINE('',#7175,#7176);
#7175 = CARTESIAN_POINT('',(0.32,-0.32,10.5));
#7176 = VECTOR('',#7177,1.);
#7177 = DIRECTION('',(0.,1.,0.));
#7178 = ORIENTED_EDGE('',*,*,#7052,.F.);
#7179 = ORIENTED_EDGE('',*,*,#7180,.F.);
#7180 = EDGE_CURVE('',#7093,#7053,#7181,.T.);
#7181 = LINE('',#7182,#7183);
#7182 = CARTESIAN_POINT('',(0.32,-0.32,0.));
#7183 = VECTOR('',#7184,1.);
#7184 = DIRECTION('',(0.,1.,0.));
#7185 = PLANE('',#7186);
#7186 = AXIS2_PLACEMENT_3D('',#7187,#7188,#7189);
#7187 = CARTESIAN_POINT('',(0.32,-0.32,0.));
#7188 = DIRECTION('',(-1.,0.,0.));
#7189 = DIRECTION('',(0.,1.,0.));
#7190 = ADVANCED_FACE('',(#7191),#7208,.T.);
#7191 = FACE_BOUND('',#7192,.T.);
#7192 = EDGE_LOOP('',(#7193,#7194,#7201,#7207));
#7193 = ORIENTED_EDGE('',*,*,#7069,.F.);
#7194 = ORIENTED_EDGE('',*,*,#7195,.T.);
#7195 = EDGE_CURVE('',#7053,#7196,#7198,.T.);
#7196 = VERTEX_POINT('',#7197);
#7197 = CARTESIAN_POINT('',(0.14514,0.14514,-0.5));
#7198 = B_SPLINE_CURVE_WITH_KNOTS('',1,(#7199,#7200),.UNSPECIFIED.,.F.,
  .F.,(2,2),(0.,1.),.PIECEWISE_BEZIER_KNOTS.);
#7199 = CARTESIAN_POINT('',(0.32,0.32,0.));
#7200 = CARTESIAN_POINT('',(0.14514,0.14514,-0.5));
#7201 = ORIENTED_EDGE('',*,*,#7202,.F.);
#7202 = EDGE_CURVE('',#7116,#7196,#7203,.T.);
#7203 = LINE('',#7204,#7205);
#7204 = CARTESIAN_POINT('',(-0.14514,0.14514,-0.5));
#7205 = VECTOR('',#7206,1.);
#7206 = DIRECTION('',(1.,0.,0.));
#7207 = ORIENTED_EDGE('',*,*,#7115,.F.);
#7208 = B_SPLINE_SURFACE_WITH_KNOTS('',1,1,(
    (#7209,#7210)
    ,(#7211,#7212
    )),.UNSPECIFIED.,.F.,.F.,.F.,(2,2),(2,2),(0.,0.64),(0.,1.),
  .PIECEWISE_BEZIER_KNOTS.);
#7209 = CARTESIAN_POINT('',(-0.32,0.32,0.));
#7210 = CARTESIAN_POINT('',(-0.14514,0.14514,-0.5));
#7211 = CARTESIAN_POINT('',(0.32,0.32,0.));
#7212 = CARTESIAN_POINT('',(0.14514,0.14514,-0.5));
#7213 = ADVANCED_FACE('',(#7214),#7231,.F.);
#7214 = FACE_BOUND('',#7215,.F.);
#7215 = EDGE_LOOP('',(#7216,#7224,#7225,#7226));
#7216 = ORIENTED_EDGE('',*,*,#7217,.T.);
#7217 = EDGE_CURVE('',#7218,#7144,#7220,.T.);
#7218 = VERTEX_POINT('',#7219);
#7219 = CARTESIAN_POINT('',(0.153217,0.149879,11.));
#7220 = LINE('',#7221,#7222);
#7221 = CARTESIAN_POINT('',(0.153217,0.149879,11.));
#7222 = VECTOR('',#7223,1.);
#7223 = DIRECTION('',(-1.,0.,0.));
#7224 = ORIENTED_EDGE('',*,*,#7159,.T.);
#7225 = ORIENTED_EDGE('',*,*,#7062,.F.);
#7226 = ORIENTED_EDGE('',*,*,#7227,.F.);
#7227 = EDGE_CURVE('',#7218,#7055,#7228,.T.);
#7228 = B_SPLINE_CURVE_WITH_KNOTS('',1,(#7229,#7230),.UNSPECIFIED.,.F.,
  .F.,(2,2),(0.,1.),.PIECEWISE_BEZIER_KNOTS.);
#7229 = CARTESIAN_POINT('',(0.153217,0.149879,11.));
#7230 = CARTESIAN_POINT('',(0.32,0.32,10.5));
#7231 = B_SPLINE_SURFACE_WITH_KNOTS('',1,1,(
    (#7232,#7233)
    ,(#7234,#7235
    )),.UNSPECIFIED.,.F.,.F.,.F.,(2,2),(2,2),(0.,0.64),(0.,1.),
  .PIECEWISE_BEZIER_KNOTS.);
#7232 = CARTESIAN_POINT('',(0.153217,0.149879,11.));
#7233 = CARTESIAN_POINT('',(0.32,0.32,10.5));
#7234 = CARTESIAN_POINT('',(-0.153217,0.149879,11.));
#7235 = CARTESIAN_POINT('',(-0.32,0.32,10.5));
#7236 = ADVANCED_FACE('',(#7237),#7254,.T.);
#7237 = FACE_BOUND('',#7238,.T.);
#7238 = EDGE_LOOP('',(#7239,#7240,#7241,#7249));
#7239 = ORIENTED_EDGE('',*,*,#7100,.F.);
#7240 = ORIENTED_EDGE('',*,*,#7130,.T.);
#7241 = ORIENTED_EDGE('',*,*,#7242,.F.);
#7242 = EDGE_CURVE('',#7243,#7123,#7245,.T.);
#7243 = VERTEX_POINT('',#7244);
#7244 = CARTESIAN_POINT('',(0.14514,-0.14514,-0.5));
#7245 = LINE('',#7246,#7247);
#7246 = CARTESIAN_POINT('',(0.14514,-0.14514,-0.5));
#7247 = VECTOR('',#7248,1.);
#7248 = DIRECTION('',(-1.,0.,0.));
#7249 = ORIENTED_EDGE('',*,*,#7250,.F.);
#7250 = EDGE_CURVE('',#7093,#7243,#7251,.T.);
#7251 = B_SPLINE_CURVE_WITH_KNOTS('',1,(#7252,#7253),.UNSPECIFIED.,.F.,
  .F.,(2,2),(0.,1.),.PIECEWISE_BEZIER_KNOTS.);
#7252 = CARTESIAN_POINT('',(0.32,-0.32,0.));
#7253 = CARTESIAN_POINT('',(0.14514,-0.14514,-0.5));
#7254 = B_SPLINE_SURFACE_WITH_KNOTS('',1,1,(
    (#7255,#7256)
    ,(#7257,#7258
    )),.UNSPECIFIED.,.F.,.F.,.F.,(2,2),(2,2),(0.,0.64),(0.,1.),
  .PIECEWISE_BEZIER_KNOTS.);
#7255 = CARTESIAN_POINT('',(0.32,-0.32,0.));
#7256 = CARTESIAN_POINT('',(0.14514,-0.14514,-0.5));
#7257 = CARTESIAN_POINT('',(-0.32,-0.32,0.));
#7258 = CARTESIAN_POINT('',(-0.14514,-0.14514,-0.5));
#7259 = ADVANCED_FACE('',(#7260),#7277,.F.);
#7260 = FACE_BOUND('',#7261,.F.);
#7261 = EDGE_LOOP('',(#7262,#7270,#7275,#7276));
#7262 = ORIENTED_EDGE('',*,*,#7263,.T.);
#7263 = EDGE_CURVE('',#7146,#7264,#7266,.T.);
#7264 = VERTEX_POINT('',#7265);
#7265 = CARTESIAN_POINT('',(0.153217,-0.149879,11.));
#7266 = LINE('',#7267,#7268);
#7267 = CARTESIAN_POINT('',(-0.153217,-0.149879,11.));
#7268 = VECTOR('',#7269,1.);
#7269 = DIRECTION('',(1.,0.,0.));
#7270 = ORIENTED_EDGE('',*,*,#7271,.T.);
#7271 = EDGE_CURVE('',#7264,#7085,#7272,.T.);
#7272 = B_SPLINE_CURVE_WITH_KNOTS('',1,(#7273,#7274),.UNSPECIFIED.,.F.,
  .F.,(2,2),(0.,1.),.PIECEWISE_BEZIER_KNOTS.);
#7273 = CARTESIAN_POINT('',(0.153217,-0.149879,11.));
#7274 = CARTESIAN_POINT('',(0.32,-0.32,10.5));
#7275 = ORIENTED_EDGE('',*,*,#7084,.F.);
#7276 = ORIENTED_EDGE('',*,*,#7153,.F.);
#7277 = B_SPLINE_SURFACE_WITH_KNOTS('',1,1,(
    (#7278,#7279)
    ,(#7280,#7281
    )),.UNSPECIFIED.,.F.,.F.,.F.,(2,2),(2,2),(0.,0.64),(0.,1.),
  .PIECEWISE_BEZIER_KNOTS.);
#7278 = CARTESIAN_POINT('',(-0.153217,-0.149879,11.));
#7279 = CARTESIAN_POINT('',(-0.32,-0.32,10.5));
#7280 = CARTESIAN_POINT('',(0.153217,-0.149879,11.));
#7281 = CARTESIAN_POINT('',(0.32,-0.32,10.5));
#7282 = ADVANCED_FACE('',(#7283),#7294,.T.);
#7283 = FACE_BOUND('',#7284,.T.);
#7284 = EDGE_LOOP('',(#7285,#7286,#7287,#7293));
#7285 = ORIENTED_EDGE('',*,*,#7122,.T.);
#7286 = ORIENTED_EDGE('',*,*,#7202,.T.);
#7287 = ORIENTED_EDGE('',*,*,#7288,.T.);
#7288 = EDGE_CURVE('',#7196,#7243,#7289,.T.);
#7289 = LINE('',#7290,#7291);
#7290 = CARTESIAN_POINT('',(0.14514,0.14514,-0.5));
#7291 = VECTOR('',#7292,1.);
#7292 = DIRECTION('',(0.,-1.,0.));
#7293 = ORIENTED_EDGE('',*,*,#7242,.T.);
#7294 = PLANE('',#7295);
#7295 = AXIS2_PLACEMENT_3D('',#7296,#7297,#7298);
#7296 = CARTESIAN_POINT('',(1.E-17,-1.E-17,-0.5));
#7297 = DIRECTION('',(-0.,-0.,-1.));
#7298 = DIRECTION('',(-1.,0.,0.));
#7299 = ADVANCED_FACE('',(#7300),#7311,.T.);
#7300 = FACE_BOUND('',#7301,.T.);
#7301 = EDGE_LOOP('',(#7302,#7303,#7304,#7310));
#7302 = ORIENTED_EDGE('',*,*,#7143,.T.);
#7303 = ORIENTED_EDGE('',*,*,#7263,.T.);
#7304 = ORIENTED_EDGE('',*,*,#7305,.T.);
#7305 = EDGE_CURVE('',#7264,#7218,#7306,.T.);
#7306 = LINE('',#7307,#7308);
#7307 = CARTESIAN_POINT('',(0.153217,-0.149879,11.));
#7308 = VECTOR('',#7309,1.);
#7309 = DIRECTION('',(0.,1.,0.));
#7310 = ORIENTED_EDGE('',*,*,#7217,.T.);
#7311 = PLANE('',#7312);
#7312 = AXIS2_PLACEMENT_3D('',#7313,#7314,#7315);
#7313 = CARTESIAN_POINT('',(0.,0.,11.));
#7314 = DIRECTION('',(0.,0.,1.));
#7315 = DIRECTION('',(0.,1.,0.));
#7316 = ADVANCED_FACE('',(#7317),#7323,.T.);
#7317 = FACE_BOUND('',#7318,.T.);
#7318 = EDGE_LOOP('',(#7319,#7320,#7321,#7322));
#7319 = ORIENTED_EDGE('',*,*,#7180,.F.);
#7320 = ORIENTED_EDGE('',*,*,#7250,.T.);
#7321 = ORIENTED_EDGE('',*,*,#7288,.F.);
#7322 = ORIENTED_EDGE('',*,*,#7195,.F.);
#7323 = B_SPLINE_SURFACE_WITH_KNOTS('',1,1,(
    (#7324,#7325)
    ,(#7326,#7327
    )),.UNSPECIFIED.,.F.,.F.,.F.,(2,2),(2,2),(0.,0.64),(0.,1.),
  .PIECEWISE_BEZIER_KNOTS.);
#7324 = CARTESIAN_POINT('',(0.32,0.32,0.));
#7325 = CARTESIAN_POINT('',(0.14514,0.14514,-0.5));
#7326 = CARTESIAN_POINT('',(0.32,-0.32,0.));
#7327 = CARTESIAN_POINT('',(0.14514,-0.14514,-0.5));
#7328 = ADVANCED_FACE('',(#7329),#7335,.F.);
#7329 = FACE_BOUND('',#7330,.F.);
#7330 = EDGE_LOOP('',(#7331,#7332,#7333,#7334));
#7331 = ORIENTED_EDGE('',*,*,#7305,.T.);
#7332 = ORIENTED_EDGE('',*,*,#7227,.T.);
#7333 = ORIENTED_EDGE('',*,*,#7173,.F.);
#7334 = ORIENTED_EDGE('',*,*,#7271,.F.);
#7335 = B_SPLINE_SURFACE_WITH_KNOTS('',1,1,(
    (#7336,#7337)
    ,(#7338,#7339
    )),.UNSPECIFIED.,.F.,.F.,.F.,(2,2),(2,2),(0.,0.64),(0.,1.),
  .PIECEWISE_BEZIER_KNOTS.);
#7336 = CARTESIAN_POINT('',(0.153217,-0.149879,11.));
#7337 = CARTESIAN_POINT('',(0.32,-0.32,10.5));
#7338 = CARTESIAN_POINT('',(0.153217,0.149879,11.));
#7339 = CARTESIAN_POINT('',(0.32,0.32,10.5));
#7340 = ( GEOMETRIC_REPRESENTATION_CONTEXT(3) 
GLOBAL_UNCERTAINTY_ASSIGNED_CONTEXT((#7344)) 
GLOBAL_UNIT_ASSIGNED_CONTEXT((#7341,#7342,#7343)) REPRESENTATION_CONTEXT
('Context #1','3D Context with UNIT and UNCERTAINTY') );
#7341 = ( LENGTH_UNIT() NAMED_UNIT(*) SI_UNIT(.MILLI.,.METRE.) );
#7342 = ( NAMED_UNIT(*) PLANE_ANGLE_UNIT() SI_UNIT($,.RADIAN.) );
#7343 = ( NAMED_UNIT(*) SI_UNIT($,.STERADIAN.) SOLID_ANGLE_UNIT() );
#7344 = UNCERTAINTY_MEASURE_WITH_UNIT(LENGTH_MEASURE(1.E-07),#7341,
  'distance_accuracy_value','confusion accuracy');
#7345 = CONTEXT_DEPENDENT_SHAPE_REPRESENTATION(#7346,#7348);
#7346 = ( REPRESENTATION_RELATIONSHIP('','',#7005,#10) 
REPRESENTATION_RELATIONSHIP_WITH_TRANSFORMATION(#7347) 
SHAPE_REPRESENTATION_RELATIONSHIP() );
#7347 = ITEM_DEFINED_TRANSFORMATION('','',#11,#35);
#7348 = PRODUCT_DEFINITION_SHAPE('Placement','Placement of an item',
  #7349);
#7349 = NEXT_ASSEMBLY_USAGE_OCCURRENCE('22','=>[0:1:1:6]','',#5,#7000,$
  );
#7350 = PRODUCT_RELATED_PRODUCT_CATEGORY('part',$,(#7002));
#7351 = SHAPE_DEFINITION_REPRESENTATION(#7352,#7358);
#7352 = PRODUCT_DEFINITION_SHAPE('','',#7353);
#7353 = PRODUCT_DEFINITION('design','',#7354,#7357);
#7354 = PRODUCT_DEFINITION_FORMATION('','',#7355);
#7355 = PRODUCT('Pin006','Pin006','',(#7356));
#7356 = PRODUCT_CONTEXT('',#2,'mechanical');
#7357 = PRODUCT_DEFINITION_CONTEXT('part definition',#2,'design');
#7358 = ADVANCED_BREP_SHAPE_REPRESENTATION('',(#11,#7359),#7693);
#7359 = MANIFOLD_SOLID_BREP('',#7360);
#7360 = CLOSED_SHELL('',(#7361,#7401,#7432,#7463,#7492,#7521,#7543,#7566
    ,#7589,#7612,#7635,#7652,#7669,#7681));
#7361 = ADVANCED_FACE('',(#7362),#7396,.F.);
#7362 = FACE_BOUND('',#7363,.F.);
#7363 = EDGE_LOOP('',(#7364,#7374,#7382,#7390));
#7364 = ORIENTED_EDGE('',*,*,#7365,.T.);
#7365 = EDGE_CURVE('',#7366,#7368,#7370,.T.);
#7366 = VERTEX_POINT('',#7367);
#7367 = CARTESIAN_POINT('',(-0.32,0.32,0.));
#7368 = VERTEX_POINT('',#7369);
#7369 = CARTESIAN_POINT('',(-0.32,0.32,10.5));
#7370 = LINE('',#7371,#7372);
#7371 = CARTESIAN_POINT('',(-0.32,0.32,0.));
#7372 = VECTOR('',#7373,1.);
#7373 = DIRECTION('',(0.,0.,1.));
#7374 = ORIENTED_EDGE('',*,*,#7375,.T.);
#7375 = EDGE_CURVE('',#7368,#7376,#7378,.T.);
#7376 = VERTEX_POINT('',#7377);
#7377 = CARTESIAN_POINT('',(-0.32,-0.32,10.5));
#7378 = LINE('',#7379,#7380);
#7379 = CARTESIAN_POINT('',(-0.32,0.32,10.5));
#7380 = VECTOR('',#7381,1.);
#7381 = DIRECTION('',(0.,-1.,0.));
#7382 = ORIENTED_EDGE('',*,*,#7383,.F.);
#7383 = EDGE_CURVE('',#7384,#7376,#7386,.T.);
#7384 = VERTEX_POINT('',#7385);
#7385 = CARTESIAN_POINT('',(-0.32,-0.32,0.));
#7386 = LINE('',#7387,#7388);
#7387 = CARTESIAN_POINT('',(-0.32,-0.32,0.));
#7388 = VECTOR('',#7389,1.);
#7389 = DIRECTION('',(0.,0.,1.));
#7390 = ORIENTED_EDGE('',*,*,#7391,.F.);
#7391 = EDGE_CURVE('',#7366,#7384,#7392,.T.);
#7392 = LINE('',#7393,#7394);
#7393 = CARTESIAN_POINT('',(-0.32,0.32,0.));
#7394 = VECTOR('',#7395,1.);
#7395 = DIRECTION('',(0.,-1.,0.));
#7396 = PLANE('',#7397);
#7397 = AXIS2_PLACEMENT_3D('',#7398,#7399,#7400);
#7398 = CARTESIAN_POINT('',(-0.32,0.32,0.));
#7399 = DIRECTION('',(1.,0.,0.));
#7400 = DIRECTION('',(0.,-1.,0.));
#7401 = ADVANCED_FACE('',(#7402),#7427,.F.);
#7402 = FACE_BOUND('',#7403,.F.);
#7403 = EDGE_LOOP('',(#7404,#7414,#7420,#7421));
#7404 = ORIENTED_EDGE('',*,*,#7405,.T.);
#7405 = EDGE_CURVE('',#7406,#7408,#7410,.T.);
#7406 = VERTEX_POINT('',#7407);
#7407 = CARTESIAN_POINT('',(0.32,0.32,0.));
#7408 = VERTEX_POINT('',#7409);
#7409 = CARTESIAN_POINT('',(0.32,0.32,10.5));
#7410 = LINE('',#7411,#7412);
#7411 = CARTESIAN_POINT('',(0.32,0.32,0.));
#7412 = VECTOR('',#7413,1.);
#7413 = DIRECTION('',(0.,0.,1.));
#7414 = ORIENTED_EDGE('',*,*,#7415,.T.);
#7415 = EDGE_CURVE('',#7408,#7368,#7416,.T.);
#7416 = LINE('',#7417,#7418);
#7417 = CARTESIAN_POINT('',(0.32,0.32,10.5));
#7418 = VECTOR('',#7419,1.);
#7419 = DIRECTION('',(-1.,0.,0.));
#7420 = ORIENTED_EDGE('',*,*,#7365,.F.);
#7421 = ORIENTED_EDGE('',*,*,#7422,.F.);
#7422 = EDGE_CURVE('',#7406,#7366,#7423,.T.);
#7423 = LINE('',#7424,#7425);
#7424 = CARTESIAN_POINT('',(0.32,0.32,0.));
#7425 = VECTOR('',#7426,1.);
#7426 = DIRECTION('',(-1.,0.,0.));
#7427 = PLANE('',#7428);
#7428 = AXIS2_PLACEMENT_3D('',#7429,#7430,#7431);
#7429 = CARTESIAN_POINT('',(0.32,0.32,0.));
#7430 = DIRECTION('',(0.,-1.,0.));
#7431 = DIRECTION('',(-1.,0.,0.));
#7432 = ADVANCED_FACE('',(#7433),#7458,.F.);
#7433 = FACE_BOUND('',#7434,.F.);
#7434 = EDGE_LOOP('',(#7435,#7436,#7444,#7452));
#7435 = ORIENTED_EDGE('',*,*,#7383,.T.);
#7436 = ORIENTED_EDGE('',*,*,#7437,.T.);
#7437 = EDGE_CURVE('',#7376,#7438,#7440,.T.);
#7438 = VERTEX_POINT('',#7439);
#7439 = CARTESIAN_POINT('',(0.32,-0.32,10.5));
#7440 = LINE('',#7441,#7442);
#7441 = CARTESIAN_POINT('',(-0.32,-0.32,10.5));
#7442 = VECTOR('',#7443,1.);
#7443 = DIRECTION('',(1.,0.,0.));
#7444 = ORIENTED_EDGE('',*,*,#7445,.F.);
#7445 = EDGE_CURVE('',#7446,#7438,#7448,.T.);
#7446 = VERTEX_POINT('',#7447);
#7447 = CARTESIAN_POINT('',(0.32,-0.32,0.));
#7448 = LINE('',#7449,#7450);
#7449 = CARTESIAN_POINT('',(0.32,-0.32,0.));
#7450 = VECTOR('',#7451,1.);
#7451 = DIRECTION('',(0.,0.,1.));
#7452 = ORIENTED_EDGE('',*,*,#7453,.F.);
#7453 = EDGE_CURVE('',#7384,#7446,#7454,.T.);
#7454 = LINE('',#7455,#7456);
#7455 = CARTESIAN_POINT('',(-0.32,-0.32,0.));
#7456 = VECTOR('',#7457,1.);
#7457 = DIRECTION('',(1.,0.,0.));
#7458 = PLANE('',#7459);
#7459 = AXIS2_PLACEMENT_3D('',#7460,#7461,#7462);
#7460 = CARTESIAN_POINT('',(-0.32,-0.32,0.));
#7461 = DIRECTION('',(0.,1.,0.));
#7462 = DIRECTION('',(1.,0.,0.));
#7463 = ADVANCED_FACE('',(#7464),#7487,.T.);
#7464 = FACE_BOUND('',#7465,.T.);
#7465 = EDGE_LOOP('',(#7466,#7467,#7474,#7482));
#7466 = ORIENTED_EDGE('',*,*,#7391,.F.);
#7467 = ORIENTED_EDGE('',*,*,#7468,.T.);
#7468 = EDGE_CURVE('',#7366,#7469,#7471,.T.);
#7469 = VERTEX_POINT('',#7470);
#7470 = CARTESIAN_POINT('',(-0.14514,0.14514,-0.5));
#7471 = B_SPLINE_CURVE_WITH_KNOTS('',1,(#7472,#7473),.UNSPECIFIED.,.F.,
  .F.,(2,2),(0.,1.),.PIECEWISE_BEZIER_KNOTS.);
#7472 = CARTESIAN_POINT('',(-0.32,0.32,0.));
#7473 = CARTESIAN_POINT('',(-0.14514,0.14514,-0.5));
#7474 = ORIENTED_EDGE('',*,*,#7475,.F.);
#7475 = EDGE_CURVE('',#7476,#7469,#7478,.T.);
#7476 = VERTEX_POINT('',#7477);
#7477 = CARTESIAN_POINT('',(-0.14514,-0.14514,-0.5));
#7478 = LINE('',#7479,#7480);
#7479 = CARTESIAN_POINT('',(-0.14514,-0.14514,-0.5));
#7480 = VECTOR('',#7481,1.);
#7481 = DIRECTION('',(0.,1.,0.));
#7482 = ORIENTED_EDGE('',*,*,#7483,.F.);
#7483 = EDGE_CURVE('',#7384,#7476,#7484,.T.);
#7484 = B_SPLINE_CURVE_WITH_KNOTS('',1,(#7485,#7486),.UNSPECIFIED.,.F.,
  .F.,(2,2),(0.,1.),.PIECEWISE_BEZIER_KNOTS.);
#7485 = CARTESIAN_POINT('',(-0.32,-0.32,0.));
#7486 = CARTESIAN_POINT('',(-0.14514,-0.14514,-0.5));
#7487 = B_SPLINE_SURFACE_WITH_KNOTS('',1,1,(
    (#7488,#7489)
    ,(#7490,#7491
    )),.UNSPECIFIED.,.F.,.F.,.F.,(2,2),(2,2),(0.,0.64),(0.,1.),
  .PIECEWISE_BEZIER_KNOTS.);
#7488 = CARTESIAN_POINT('',(-0.32,-0.32,0.));
#7489 = CARTESIAN_POINT('',(-0.14514,-0.14514,-0.5));
#7490 = CARTESIAN_POINT('',(-0.32,0.32,0.));
#7491 = CARTESIAN_POINT('',(-0.14514,0.14514,-0.5));
#7492 = ADVANCED_FACE('',(#7493),#7516,.F.);
#7493 = FACE_BOUND('',#7494,.F.);
#7494 = EDGE_LOOP('',(#7495,#7505,#7510,#7511));
#7495 = ORIENTED_EDGE('',*,*,#7496,.T.);
#7496 = EDGE_CURVE('',#7497,#7499,#7501,.T.);
#7497 = VERTEX_POINT('',#7498);
#7498 = CARTESIAN_POINT('',(-0.153217,0.149879,11.));
#7499 = VERTEX_POINT('',#7500);
#7500 = CARTESIAN_POINT('',(-0.153217,-0.149879,11.));
#7501 = LINE('',#7502,#7503);
#7502 = CARTESIAN_POINT('',(-0.153217,0.149879,11.));
#7503 = VECTOR('',#7504,1.);
#7504 = DIRECTION('',(0.,-1.,0.));
#7505 = ORIENTED_EDGE('',*,*,#7506,.T.);
#7506 = EDGE_CURVE('',#7499,#7376,#7507,.T.);
#7507 = B_SPLINE_CURVE_WITH_KNOTS('',1,(#7508,#7509),.UNSPECIFIED.,.F.,
  .F.,(2,2),(0.,1.),.PIECEWISE_BEZIER_KNOTS.);
#7508 = CARTESIAN_POINT('',(-0.153217,-0.149879,11.));
#7509 = CARTESIAN_POINT('',(-0.32,-0.32,10.5));
#7510 = ORIENTED_EDGE('',*,*,#7375,.F.);
#7511 = ORIENTED_EDGE('',*,*,#7512,.F.);
#7512 = EDGE_CURVE('',#7497,#7368,#7513,.T.);
#7513 = B_SPLINE_CURVE_WITH_KNOTS('',1,(#7514,#7515),.UNSPECIFIED.,.F.,
  .F.,(2,2),(0.,1.),.PIECEWISE_BEZIER_KNOTS.);
#7514 = CARTESIAN_POINT('',(-0.153217,0.149879,11.));
#7515 = CARTESIAN_POINT('',(-0.32,0.32,10.5));
#7516 = B_SPLINE_SURFACE_WITH_KNOTS('',1,1,(
    (#7517,#7518)
    ,(#7519,#7520
    )),.UNSPECIFIED.,.F.,.F.,.F.,(2,2),(2,2),(0.,0.64),(0.,1.),
  .PIECEWISE_BEZIER_KNOTS.);
#7517 = CARTESIAN_POINT('',(-0.153217,0.149879,11.));
#7518 = CARTESIAN_POINT('',(-0.32,0.32,10.5));
#7519 = CARTESIAN_POINT('',(-0.153217,-0.149879,11.));
#7520 = CARTESIAN_POINT('',(-0.32,-0.32,10.5));
#7521 = ADVANCED_FACE('',(#7522),#7538,.F.);
#7522 = FACE_BOUND('',#7523,.F.);
#7523 = EDGE_LOOP('',(#7524,#7525,#7531,#7532));
#7524 = ORIENTED_EDGE('',*,*,#7445,.T.);
#7525 = ORIENTED_EDGE('',*,*,#7526,.T.);
#7526 = EDGE_CURVE('',#7438,#7408,#7527,.T.);
#7527 = LINE('',#7528,#7529);
#7528 = CARTESIAN_POINT('',(0.32,-0.32,10.5));
#7529 = VECTOR('',#7530,1.);
#7530 = DIRECTION('',(0.,1.,0.));
#7531 = ORIENTED_EDGE('',*,*,#7405,.F.);
#7532 = ORIENTED_EDGE('',*,*,#7533,.F.);
#7533 = EDGE_CURVE('',#7446,#7406,#7534,.T.);
#7534 = LINE('',#7535,#7536);
#7535 = CARTESIAN_POINT('',(0.32,-0.32,0.));
#7536 = VECTOR('',#7537,1.);
#7537 = DIRECTION('',(0.,1.,0.));
#7538 = PLANE('',#7539);
#7539 = AXIS2_PLACEMENT_3D('',#7540,#7541,#7542);
#7540 = CARTESIAN_POINT('',(0.32,-0.32,0.));
#7541 = DIRECTION('',(-1.,0.,0.));
#7542 = DIRECTION('',(0.,1.,0.));
#7543 = ADVANCED_FACE('',(#7544),#7561,.T.);
#7544 = FACE_BOUND('',#7545,.T.);
#7545 = EDGE_LOOP('',(#7546,#7547,#7554,#7560));
#7546 = ORIENTED_EDGE('',*,*,#7422,.F.);
#7547 = ORIENTED_EDGE('',*,*,#7548,.T.);
#7548 = EDGE_CURVE('',#7406,#7549,#7551,.T.);
#7549 = VERTEX_POINT('',#7550);
#7550 = CARTESIAN_POINT('',(0.14514,0.14514,-0.5));
#7551 = B_SPLINE_CURVE_WITH_KNOTS('',1,(#7552,#7553),.UNSPECIFIED.,.F.,
  .F.,(2,2),(0.,1.),.PIECEWISE_BEZIER_KNOTS.);
#7552 = CARTESIAN_POINT('',(0.32,0.32,0.));
#7553 = CARTESIAN_POINT('',(0.14514,0.14514,-0.5));
#7554 = ORIENTED_EDGE('',*,*,#7555,.F.);
#7555 = EDGE_CURVE('',#7469,#7549,#7556,.T.);
#7556 = LINE('',#7557,#7558);
#7557 = CARTESIAN_POINT('',(-0.14514,0.14514,-0.5));
#7558 = VECTOR('',#7559,1.);
#7559 = DIRECTION('',(1.,0.,0.));
#7560 = ORIENTED_EDGE('',*,*,#7468,.F.);
#7561 = B_SPLINE_SURFACE_WITH_KNOTS('',1,1,(
    (#7562,#7563)
    ,(#7564,#7565
    )),.UNSPECIFIED.,.F.,.F.,.F.,(2,2),(2,2),(0.,0.64),(0.,1.),
  .PIECEWISE_BEZIER_KNOTS.);
#7562 = CARTESIAN_POINT('',(-0.32,0.32,0.));
#7563 = CARTESIAN_POINT('',(-0.14514,0.14514,-0.5));
#7564 = CARTESIAN_POINT('',(0.32,0.32,0.));
#7565 = CARTESIAN_POINT('',(0.14514,0.14514,-0.5));
#7566 = ADVANCED_FACE('',(#7567),#7584,.F.);
#7567 = FACE_BOUND('',#7568,.F.);
#7568 = EDGE_LOOP('',(#7569,#7577,#7578,#7579));
#7569 = ORIENTED_EDGE('',*,*,#7570,.T.);
#7570 = EDGE_CURVE('',#7571,#7497,#7573,.T.);
#7571 = VERTEX_POINT('',#7572);
#7572 = CARTESIAN_POINT('',(0.153217,0.149879,11.));
#7573 = LINE('',#7574,#7575);
#7574 = CARTESIAN_POINT('',(0.153217,0.149879,11.));
#7575 = VECTOR('',#7576,1.);
#7576 = DIRECTION('',(-1.,0.,0.));
#7577 = ORIENTED_EDGE('',*,*,#7512,.T.);
#7578 = ORIENTED_EDGE('',*,*,#7415,.F.);
#7579 = ORIENTED_EDGE('',*,*,#7580,.F.);
#7580 = EDGE_CURVE('',#7571,#7408,#7581,.T.);
#7581 = B_SPLINE_CURVE_WITH_KNOTS('',1,(#7582,#7583),.UNSPECIFIED.,.F.,
  .F.,(2,2),(0.,1.),.PIECEWISE_BEZIER_KNOTS.);
#7582 = CARTESIAN_POINT('',(0.153217,0.149879,11.));
#7583 = CARTESIAN_POINT('',(0.32,0.32,10.5));
#7584 = B_SPLINE_SURFACE_WITH_KNOTS('',1,1,(
    (#7585,#7586)
    ,(#7587,#7588
    )),.UNSPECIFIED.,.F.,.F.,.F.,(2,2),(2,2),(0.,0.64),(0.,1.),
  .PIECEWISE_BEZIER_KNOTS.);
#7585 = CARTESIAN_POINT('',(0.153217,0.149879,11.));
#7586 = CARTESIAN_POINT('',(0.32,0.32,10.5));
#7587 = CARTESIAN_POINT('',(-0.153217,0.149879,11.));
#7588 = CARTESIAN_POINT('',(-0.32,0.32,10.5));
#7589 = ADVANCED_FACE('',(#7590),#7607,.T.);
#7590 = FACE_BOUND('',#7591,.T.);
#7591 = EDGE_LOOP('',(#7592,#7593,#7594,#7602));
#7592 = ORIENTED_EDGE('',*,*,#7453,.F.);
#7593 = ORIENTED_EDGE('',*,*,#7483,.T.);
#7594 = ORIENTED_EDGE('',*,*,#7595,.F.);
#7595 = EDGE_CURVE('',#7596,#7476,#7598,.T.);
#7596 = VERTEX_POINT('',#7597);
#7597 = CARTESIAN_POINT('',(0.14514,-0.14514,-0.5));
#7598 = LINE('',#7599,#7600);
#7599 = CARTESIAN_POINT('',(0.14514,-0.14514,-0.5));
#7600 = VECTOR('',#7601,1.);
#7601 = DIRECTION('',(-1.,0.,0.));
#7602 = ORIENTED_EDGE('',*,*,#7603,.F.);
#7603 = EDGE_CURVE('',#7446,#7596,#7604,.T.);
#7604 = B_SPLINE_CURVE_WITH_KNOTS('',1,(#7605,#7606),.UNSPECIFIED.,.F.,
  .F.,(2,2),(0.,1.),.PIECEWISE_BEZIER_KNOTS.);
#7605 = CARTESIAN_POINT('',(0.32,-0.32,0.));
#7606 = CARTESIAN_POINT('',(0.14514,-0.14514,-0.5));
#7607 = B_SPLINE_SURFACE_WITH_KNOTS('',1,1,(
    (#7608,#7609)
    ,(#7610,#7611
    )),.UNSPECIFIED.,.F.,.F.,.F.,(2,2),(2,2),(0.,0.64),(0.,1.),
  .PIECEWISE_BEZIER_KNOTS.);
#7608 = CARTESIAN_POINT('',(0.32,-0.32,0.));
#7609 = CARTESIAN_POINT('',(0.14514,-0.14514,-0.5));
#7610 = CARTESIAN_POINT('',(-0.32,-0.32,0.));
#7611 = CARTESIAN_POINT('',(-0.14514,-0.14514,-0.5));
#7612 = ADVANCED_FACE('',(#7613),#7630,.F.);
#7613 = FACE_BOUND('',#7614,.F.);
#7614 = EDGE_LOOP('',(#7615,#7623,#7628,#7629));
#7615 = ORIENTED_EDGE('',*,*,#7616,.T.);
#7616 = EDGE_CURVE('',#7499,#7617,#7619,.T.);
#7617 = VERTEX_POINT('',#7618);
#7618 = CARTESIAN_POINT('',(0.153217,-0.149879,11.));
#7619 = LINE('',#7620,#7621);
#7620 = CARTESIAN_POINT('',(-0.153217,-0.149879,11.));
#7621 = VECTOR('',#7622,1.);
#7622 = DIRECTION('',(1.,0.,0.));
#7623 = ORIENTED_EDGE('',*,*,#7624,.T.);
#7624 = EDGE_CURVE('',#7617,#7438,#7625,.T.);
#7625 = B_SPLINE_CURVE_WITH_KNOTS('',1,(#7626,#7627),.UNSPECIFIED.,.F.,
  .F.,(2,2),(0.,1.),.PIECEWISE_BEZIER_KNOTS.);
#7626 = CARTESIAN_POINT('',(0.153217,-0.149879,11.));
#7627 = CARTESIAN_POINT('',(0.32,-0.32,10.5));
#7628 = ORIENTED_EDGE('',*,*,#7437,.F.);
#7629 = ORIENTED_EDGE('',*,*,#7506,.F.);
#7630 = B_SPLINE_SURFACE_WITH_KNOTS('',1,1,(
    (#7631,#7632)
    ,(#7633,#7634
    )),.UNSPECIFIED.,.F.,.F.,.F.,(2,2),(2,2),(0.,0.64),(0.,1.),
  .PIECEWISE_BEZIER_KNOTS.);
#7631 = CARTESIAN_POINT('',(-0.153217,-0.149879,11.));
#7632 = CARTESIAN_POINT('',(-0.32,-0.32,10.5));
#7633 = CARTESIAN_POINT('',(0.153217,-0.149879,11.));
#7634 = CARTESIAN_POINT('',(0.32,-0.32,10.5));
#7635 = ADVANCED_FACE('',(#7636),#7647,.T.);
#7636 = FACE_BOUND('',#7637,.T.);
#7637 = EDGE_LOOP('',(#7638,#7639,#7640,#7646));
#7638 = ORIENTED_EDGE('',*,*,#7475,.T.);
#7639 = ORIENTED_EDGE('',*,*,#7555,.T.);
#7640 = ORIENTED_EDGE('',*,*,#7641,.T.);
#7641 = EDGE_CURVE('',#7549,#7596,#7642,.T.);
#7642 = LINE('',#7643,#7644);
#7643 = CARTESIAN_POINT('',(0.14514,0.14514,-0.5));
#7644 = VECTOR('',#7645,1.);
#7645 = DIRECTION('',(0.,-1.,0.));
#7646 = ORIENTED_EDGE('',*,*,#7595,.T.);
#7647 = PLANE('',#7648);
#7648 = AXIS2_PLACEMENT_3D('',#7649,#7650,#7651);
#7649 = CARTESIAN_POINT('',(1.E-17,-1.E-17,-0.5));
#7650 = DIRECTION('',(-0.,-0.,-1.));
#7651 = DIRECTION('',(-1.,0.,0.));
#7652 = ADVANCED_FACE('',(#7653),#7664,.T.);
#7653 = FACE_BOUND('',#7654,.T.);
#7654 = EDGE_LOOP('',(#7655,#7656,#7657,#7663));
#7655 = ORIENTED_EDGE('',*,*,#7496,.T.);
#7656 = ORIENTED_EDGE('',*,*,#7616,.T.);
#7657 = ORIENTED_EDGE('',*,*,#7658,.T.);
#7658 = EDGE_CURVE('',#7617,#7571,#7659,.T.);
#7659 = LINE('',#7660,#7661);
#7660 = CARTESIAN_POINT('',(0.153217,-0.149879,11.));
#7661 = VECTOR('',#7662,1.);
#7662 = DIRECTION('',(0.,1.,0.));
#7663 = ORIENTED_EDGE('',*,*,#7570,.T.);
#7664 = PLANE('',#7665);
#7665 = AXIS2_PLACEMENT_3D('',#7666,#7667,#7668);
#7666 = CARTESIAN_POINT('',(0.,0.,11.));
#7667 = DIRECTION('',(0.,0.,1.));
#7668 = DIRECTION('',(0.,1.,0.));
#7669 = ADVANCED_FACE('',(#7670),#7676,.T.);
#7670 = FACE_BOUND('',#7671,.T.);
#7671 = EDGE_LOOP('',(#7672,#7673,#7674,#7675));
#7672 = ORIENTED_EDGE('',*,*,#7533,.F.);
#7673 = ORIENTED_EDGE('',*,*,#7603,.T.);
#7674 = ORIENTED_EDGE('',*,*,#7641,.F.);
#7675 = ORIENTED_EDGE('',*,*,#7548,.F.);
#7676 = B_SPLINE_SURFACE_WITH_KNOTS('',1,1,(
    (#7677,#7678)
    ,(#7679,#7680
    )),.UNSPECIFIED.,.F.,.F.,.F.,(2,2),(2,2),(0.,0.64),(0.,1.),
  .PIECEWISE_BEZIER_KNOTS.);
#7677 = CARTESIAN_POINT('',(0.32,0.32,0.));
#7678 = CARTESIAN_POINT('',(0.14514,0.14514,-0.5));
#7679 = CARTESIAN_POINT('',(0.32,-0.32,0.));
#7680 = CARTESIAN_POINT('',(0.14514,-0.14514,-0.5));
#7681 = ADVANCED_FACE('',(#7682),#7688,.F.);
#7682 = FACE_BOUND('',#7683,.F.);
#7683 = EDGE_LOOP('',(#7684,#7685,#7686,#7687));
#7684 = ORIENTED_EDGE('',*,*,#7658,.T.);
#7685 = ORIENTED_EDGE('',*,*,#7580,.T.);
#7686 = ORIENTED_EDGE('',*,*,#7526,.F.);
#7687 = ORIENTED_EDGE('',*,*,#7624,.F.);
#7688 = B_SPLINE_SURFACE_WITH_KNOTS('',1,1,(
    (#7689,#7690)
    ,(#7691,#7692
    )),.UNSPECIFIED.,.F.,.F.,.F.,(2,2),(2,2),(0.,0.64),(0.,1.),
  .PIECEWISE_BEZIER_KNOTS.);
#7689 = CARTESIAN_POINT('',(0.153217,-0.149879,11.));
#7690 = CARTESIAN_POINT('',(0.32,-0.32,10.5));
#7691 = CARTESIAN_POINT('',(0.153217,0.149879,11.));
#7692 = CARTESIAN_POINT('',(0.32,0.32,10.5));
#7693 = ( GEOMETRIC_REPRESENTATION_CONTEXT(3) 
GLOBAL_UNCERTAINTY_ASSIGNED_CONTEXT((#7697)) 
GLOBAL_UNIT_ASSIGNED_CONTEXT((#7694,#7695,#7696)) REPRESENTATION_CONTEXT
('Context #1','3D Context with UNIT and UNCERTAINTY') );
#7694 = ( LENGTH_UNIT() NAMED_UNIT(*) SI_UNIT(.MILLI.,.METRE.) );
#7695 = ( NAMED_UNIT(*) PLANE_ANGLE_UNIT() SI_UNIT($,.RADIAN.) );
#7696 = ( NAMED_UNIT(*) SI_UNIT($,.STERADIAN.) SOLID_ANGLE_UNIT() );
#7697 = UNCERTAINTY_MEASURE_WITH_UNIT(LENGTH_MEASURE(1.E-07),#7694,
  'distance_accuracy_value','confusion accuracy');
#7698 = CONTEXT_DEPENDENT_SHAPE_REPRESENTATION(#7699,#7701);
#7699 = ( REPRESENTATION_RELATIONSHIP('','',#7358,#10) 
REPRESENTATION_RELATIONSHIP_WITH_TRANSFORMATION(#7700) 
SHAPE_REPRESENTATION_RELATIONSHIP() );
#7700 = ITEM_DEFINED_TRANSFORMATION('','',#11,#39);
#7701 = PRODUCT_DEFINITION_SHAPE('Placement','Placement of an item',
  #7702);
#7702 = NEXT_ASSEMBLY_USAGE_OCCURRENCE('23','=>[0:1:1:7]','',#5,#7353,$
  );
#7703 = PRODUCT_RELATED_PRODUCT_CATEGORY('part',$,(#7355));
#7704 = SHAPE_DEFINITION_REPRESENTATION(#7705,#7711);
#7705 = PRODUCT_DEFINITION_SHAPE('','',#7706);
#7706 = PRODUCT_DEFINITION('design','',#7707,#7710);
#7707 = PRODUCT_DEFINITION_FORMATION('','',#7708);
#7708 = PRODUCT('Pin007','Pin007','',(#7709));
#7709 = PRODUCT_CONTEXT('',#2,'mechanical');
#7710 = PRODUCT_DEFINITION_CONTEXT('part definition',#2,'design');
#7711 = ADVANCED_BREP_SHAPE_REPRESENTATION('',(#11,#7712),#8046);
#7712 = MANIFOLD_SOLID_BREP('',#7713);
#7713 = CLOSED_SHELL('',(#7714,#7754,#7785,#7816,#7845,#7874,#7896,#7919
    ,#7942,#7965,#7988,#8005,#8022,#8034));
#7714 = ADVANCED_FACE('',(#7715),#7749,.F.);
#7715 = FACE_BOUND('',#7716,.F.);
#7716 = EDGE_LOOP('',(#7717,#7727,#7735,#7743));
#7717 = ORIENTED_EDGE('',*,*,#7718,.T.);
#7718 = EDGE_CURVE('',#7719,#7721,#7723,.T.);
#7719 = VERTEX_POINT('',#7720);
#7720 = CARTESIAN_POINT('',(-0.32,0.32,0.));
#7721 = VERTEX_POINT('',#7722);
#7722 = CARTESIAN_POINT('',(-0.32,0.32,10.5));
#7723 = LINE('',#7724,#7725);
#7724 = CARTESIAN_POINT('',(-0.32,0.32,0.));
#7725 = VECTOR('',#7726,1.);
#7726 = DIRECTION('',(0.,0.,1.));
#7727 = ORIENTED_EDGE('',*,*,#7728,.T.);
#7728 = EDGE_CURVE('',#7721,#7729,#7731,.T.);
#7729 = VERTEX_POINT('',#7730);
#7730 = CARTESIAN_POINT('',(-0.32,-0.32,10.5));
#7731 = LINE('',#7732,#7733);
#7732 = CARTESIAN_POINT('',(-0.32,0.32,10.5));
#7733 = VECTOR('',#7734,1.);
#7734 = DIRECTION('',(0.,-1.,0.));
#7735 = ORIENTED_EDGE('',*,*,#7736,.F.);
#7736 = EDGE_CURVE('',#7737,#7729,#7739,.T.);
#7737 = VERTEX_POINT('',#7738);
#7738 = CARTESIAN_POINT('',(-0.32,-0.32,0.));
#7739 = LINE('',#7740,#7741);
#7740 = CARTESIAN_POINT('',(-0.32,-0.32,0.));
#7741 = VECTOR('',#7742,1.);
#7742 = DIRECTION('',(0.,0.,1.));
#7743 = ORIENTED_EDGE('',*,*,#7744,.F.);
#7744 = EDGE_CURVE('',#7719,#7737,#7745,.T.);
#7745 = LINE('',#7746,#7747);
#7746 = CARTESIAN_POINT('',(-0.32,0.32,0.));
#7747 = VECTOR('',#7748,1.);
#7748 = DIRECTION('',(0.,-1.,0.));
#7749 = PLANE('',#7750);
#7750 = AXIS2_PLACEMENT_3D('',#7751,#7752,#7753);
#7751 = CARTESIAN_POINT('',(-0.32,0.32,0.));
#7752 = DIRECTION('',(1.,0.,0.));
#7753 = DIRECTION('',(0.,-1.,0.));
#7754 = ADVANCED_FACE('',(#7755),#7780,.F.);
#7755 = FACE_BOUND('',#7756,.F.);
#7756 = EDGE_LOOP('',(#7757,#7767,#7773,#7774));
#7757 = ORIENTED_EDGE('',*,*,#7758,.T.);
#7758 = EDGE_CURVE('',#7759,#7761,#7763,.T.);
#7759 = VERTEX_POINT('',#7760);
#7760 = CARTESIAN_POINT('',(0.32,0.32,0.));
#7761 = VERTEX_POINT('',#7762);
#7762 = CARTESIAN_POINT('',(0.32,0.32,10.5));
#7763 = LINE('',#7764,#7765);
#7764 = CARTESIAN_POINT('',(0.32,0.32,0.));
#7765 = VECTOR('',#7766,1.);
#7766 = DIRECTION('',(0.,0.,1.));
#7767 = ORIENTED_EDGE('',*,*,#7768,.T.);
#7768 = EDGE_CURVE('',#7761,#7721,#7769,.T.);
#7769 = LINE('',#7770,#7771);
#7770 = CARTESIAN_POINT('',(0.32,0.32,10.5));
#7771 = VECTOR('',#7772,1.);
#7772 = DIRECTION('',(-1.,0.,0.));
#7773 = ORIENTED_EDGE('',*,*,#7718,.F.);
#7774 = ORIENTED_EDGE('',*,*,#7775,.F.);
#7775 = EDGE_CURVE('',#7759,#7719,#7776,.T.);
#7776 = LINE('',#7777,#7778);
#7777 = CARTESIAN_POINT('',(0.32,0.32,0.));
#7778 = VECTOR('',#7779,1.);
#7779 = DIRECTION('',(-1.,0.,0.));
#7780 = PLANE('',#7781);
#7781 = AXIS2_PLACEMENT_3D('',#7782,#7783,#7784);
#7782 = CARTESIAN_POINT('',(0.32,0.32,0.));
#7783 = DIRECTION('',(0.,-1.,0.));
#7784 = DIRECTION('',(-1.,0.,0.));
#7785 = ADVANCED_FACE('',(#7786),#7811,.F.);
#7786 = FACE_BOUND('',#7787,.F.);
#7787 = EDGE_LOOP('',(#7788,#7789,#7797,#7805));
#7788 = ORIENTED_EDGE('',*,*,#7736,.T.);
#7789 = ORIENTED_EDGE('',*,*,#7790,.T.);
#7790 = EDGE_CURVE('',#7729,#7791,#7793,.T.);
#7791 = VERTEX_POINT('',#7792);
#7792 = CARTESIAN_POINT('',(0.32,-0.32,10.5));
#7793 = LINE('',#7794,#7795);
#7794 = CARTESIAN_POINT('',(-0.32,-0.32,10.5));
#7795 = VECTOR('',#7796,1.);
#7796 = DIRECTION('',(1.,0.,0.));
#7797 = ORIENTED_EDGE('',*,*,#7798,.F.);
#7798 = EDGE_CURVE('',#7799,#7791,#7801,.T.);
#7799 = VERTEX_POINT('',#7800);
#7800 = CARTESIAN_POINT('',(0.32,-0.32,0.));
#7801 = LINE('',#7802,#7803);
#7802 = CARTESIAN_POINT('',(0.32,-0.32,0.));
#7803 = VECTOR('',#7804,1.);
#7804 = DIRECTION('',(0.,0.,1.));
#7805 = ORIENTED_EDGE('',*,*,#7806,.F.);
#7806 = EDGE_CURVE('',#7737,#7799,#7807,.T.);
#7807 = LINE('',#7808,#7809);
#7808 = CARTESIAN_POINT('',(-0.32,-0.32,0.));
#7809 = VECTOR('',#7810,1.);
#7810 = DIRECTION('',(1.,0.,0.));
#7811 = PLANE('',#7812);
#7812 = AXIS2_PLACEMENT_3D('',#7813,#7814,#7815);
#7813 = CARTESIAN_POINT('',(-0.32,-0.32,0.));
#7814 = DIRECTION('',(0.,1.,0.));
#7815 = DIRECTION('',(1.,0.,0.));
#7816 = ADVANCED_FACE('',(#7817),#7840,.T.);
#7817 = FACE_BOUND('',#7818,.T.);
#7818 = EDGE_LOOP('',(#7819,#7820,#7827,#7835));
#7819 = ORIENTED_EDGE('',*,*,#7744,.F.);
#7820 = ORIENTED_EDGE('',*,*,#7821,.T.);
#7821 = EDGE_CURVE('',#7719,#7822,#7824,.T.);
#7822 = VERTEX_POINT('',#7823);
#7823 = CARTESIAN_POINT('',(-0.14514,0.14514,-0.5));
#7824 = B_SPLINE_CURVE_WITH_KNOTS('',1,(#7825,#7826),.UNSPECIFIED.,.F.,
  .F.,(2,2),(0.,1.),.PIECEWISE_BEZIER_KNOTS.);
#7825 = CARTESIAN_POINT('',(-0.32,0.32,0.));
#7826 = CARTESIAN_POINT('',(-0.14514,0.14514,-0.5));
#7827 = ORIENTED_EDGE('',*,*,#7828,.F.);
#7828 = EDGE_CURVE('',#7829,#7822,#7831,.T.);
#7829 = VERTEX_POINT('',#7830);
#7830 = CARTESIAN_POINT('',(-0.14514,-0.14514,-0.5));
#7831 = LINE('',#7832,#7833);
#7832 = CARTESIAN_POINT('',(-0.14514,-0.14514,-0.5));
#7833 = VECTOR('',#7834,1.);
#7834 = DIRECTION('',(0.,1.,0.));
#7835 = ORIENTED_EDGE('',*,*,#7836,.F.);
#7836 = EDGE_CURVE('',#7737,#7829,#7837,.T.);
#7837 = B_SPLINE_CURVE_WITH_KNOTS('',1,(#7838,#7839),.UNSPECIFIED.,.F.,
  .F.,(2,2),(0.,1.),.PIECEWISE_BEZIER_KNOTS.);
#7838 = CARTESIAN_POINT('',(-0.32,-0.32,0.));
#7839 = CARTESIAN_POINT('',(-0.14514,-0.14514,-0.5));
#7840 = B_SPLINE_SURFACE_WITH_KNOTS('',1,1,(
    (#7841,#7842)
    ,(#7843,#7844
    )),.UNSPECIFIED.,.F.,.F.,.F.,(2,2),(2,2),(0.,0.64),(0.,1.),
  .PIECEWISE_BEZIER_KNOTS.);
#7841 = CARTESIAN_POINT('',(-0.32,-0.32,0.));
#7842 = CARTESIAN_POINT('',(-0.14514,-0.14514,-0.5));
#7843 = CARTESIAN_POINT('',(-0.32,0.32,0.));
#7844 = CARTESIAN_POINT('',(-0.14514,0.14514,-0.5));
#7845 = ADVANCED_FACE('',(#7846),#7869,.F.);
#7846 = FACE_BOUND('',#7847,.F.);
#7847 = EDGE_LOOP('',(#7848,#7858,#7863,#7864));
#7848 = ORIENTED_EDGE('',*,*,#7849,.T.);
#7849 = EDGE_CURVE('',#7850,#7852,#7854,.T.);
#7850 = VERTEX_POINT('',#7851);
#7851 = CARTESIAN_POINT('',(-0.153217,0.149879,11.));
#7852 = VERTEX_POINT('',#7853);
#7853 = CARTESIAN_POINT('',(-0.153217,-0.149879,11.));
#7854 = LINE('',#7855,#7856);
#7855 = CARTESIAN_POINT('',(-0.153217,0.149879,11.));
#7856 = VECTOR('',#7857,1.);
#7857 = DIRECTION('',(0.,-1.,0.));
#7858 = ORIENTED_EDGE('',*,*,#7859,.T.);
#7859 = EDGE_CURVE('',#7852,#7729,#7860,.T.);
#7860 = B_SPLINE_CURVE_WITH_KNOTS('',1,(#7861,#7862),.UNSPECIFIED.,.F.,
  .F.,(2,2),(0.,1.),.PIECEWISE_BEZIER_KNOTS.);
#7861 = CARTESIAN_POINT('',(-0.153217,-0.149879,11.));
#7862 = CARTESIAN_POINT('',(-0.32,-0.32,10.5));
#7863 = ORIENTED_EDGE('',*,*,#7728,.F.);
#7864 = ORIENTED_EDGE('',*,*,#7865,.F.);
#7865 = EDGE_CURVE('',#7850,#7721,#7866,.T.);
#7866 = B_SPLINE_CURVE_WITH_KNOTS('',1,(#7867,#7868),.UNSPECIFIED.,.F.,
  .F.,(2,2),(0.,1.),.PIECEWISE_BEZIER_KNOTS.);
#7867 = CARTESIAN_POINT('',(-0.153217,0.149879,11.));
#7868 = CARTESIAN_POINT('',(-0.32,0.32,10.5));
#7869 = B_SPLINE_SURFACE_WITH_KNOTS('',1,1,(
    (#7870,#7871)
    ,(#7872,#7873
    )),.UNSPECIFIED.,.F.,.F.,.F.,(2,2),(2,2),(0.,0.64),(0.,1.),
  .PIECEWISE_BEZIER_KNOTS.);
#7870 = CARTESIAN_POINT('',(-0.153217,0.149879,11.));
#7871 = CARTESIAN_POINT('',(-0.32,0.32,10.5));
#7872 = CARTESIAN_POINT('',(-0.153217,-0.149879,11.));
#7873 = CARTESIAN_POINT('',(-0.32,-0.32,10.5));
#7874 = ADVANCED_FACE('',(#7875),#7891,.F.);
#7875 = FACE_BOUND('',#7876,.F.);
#7876 = EDGE_LOOP('',(#7877,#7878,#7884,#7885));
#7877 = ORIENTED_EDGE('',*,*,#7798,.T.);
#7878 = ORIENTED_EDGE('',*,*,#7879,.T.);
#7879 = EDGE_CURVE('',#7791,#7761,#7880,.T.);
#7880 = LINE('',#7881,#7882);
#7881 = CARTESIAN_POINT('',(0.32,-0.32,10.5));
#7882 = VECTOR('',#7883,1.);
#7883 = DIRECTION('',(0.,1.,0.));
#7884 = ORIENTED_EDGE('',*,*,#7758,.F.);
#7885 = ORIENTED_EDGE('',*,*,#7886,.F.);
#7886 = EDGE_CURVE('',#7799,#7759,#7887,.T.);
#7887 = LINE('',#7888,#7889);
#7888 = CARTESIAN_POINT('',(0.32,-0.32,0.));
#7889 = VECTOR('',#7890,1.);
#7890 = DIRECTION('',(0.,1.,0.));
#7891 = PLANE('',#7892);
#7892 = AXIS2_PLACEMENT_3D('',#7893,#7894,#7895);
#7893 = CARTESIAN_POINT('',(0.32,-0.32,0.));
#7894 = DIRECTION('',(-1.,0.,0.));
#7895 = DIRECTION('',(0.,1.,0.));
#7896 = ADVANCED_FACE('',(#7897),#7914,.T.);
#7897 = FACE_BOUND('',#7898,.T.);
#7898 = EDGE_LOOP('',(#7899,#7900,#7907,#7913));
#7899 = ORIENTED_EDGE('',*,*,#7775,.F.);
#7900 = ORIENTED_EDGE('',*,*,#7901,.T.);
#7901 = EDGE_CURVE('',#7759,#7902,#7904,.T.);
#7902 = VERTEX_POINT('',#7903);
#7903 = CARTESIAN_POINT('',(0.14514,0.14514,-0.5));
#7904 = B_SPLINE_CURVE_WITH_KNOTS('',1,(#7905,#7906),.UNSPECIFIED.,.F.,
  .F.,(2,2),(0.,1.),.PIECEWISE_BEZIER_KNOTS.);
#7905 = CARTESIAN_POINT('',(0.32,0.32,0.));
#7906 = CARTESIAN_POINT('',(0.14514,0.14514,-0.5));
#7907 = ORIENTED_EDGE('',*,*,#7908,.F.);
#7908 = EDGE_CURVE('',#7822,#7902,#7909,.T.);
#7909 = LINE('',#7910,#7911);
#7910 = CARTESIAN_POINT('',(-0.14514,0.14514,-0.5));
#7911 = VECTOR('',#7912,1.);
#7912 = DIRECTION('',(1.,0.,0.));
#7913 = ORIENTED_EDGE('',*,*,#7821,.F.);
#7914 = B_SPLINE_SURFACE_WITH_KNOTS('',1,1,(
    (#7915,#7916)
    ,(#7917,#7918
    )),.UNSPECIFIED.,.F.,.F.,.F.,(2,2),(2,2),(0.,0.64),(0.,1.),
  .PIECEWISE_BEZIER_KNOTS.);
#7915 = CARTESIAN_POINT('',(-0.32,0.32,0.));
#7916 = CARTESIAN_POINT('',(-0.14514,0.14514,-0.5));
#7917 = CARTESIAN_POINT('',(0.32,0.32,0.));
#7918 = CARTESIAN_POINT('',(0.14514,0.14514,-0.5));
#7919 = ADVANCED_FACE('',(#7920),#7937,.F.);
#7920 = FACE_BOUND('',#7921,.F.);
#7921 = EDGE_LOOP('',(#7922,#7930,#7931,#7932));
#7922 = ORIENTED_EDGE('',*,*,#7923,.T.);
#7923 = EDGE_CURVE('',#7924,#7850,#7926,.T.);
#7924 = VERTEX_POINT('',#7925);
#7925 = CARTESIAN_POINT('',(0.153217,0.149879,11.));
#7926 = LINE('',#7927,#7928);
#7927 = CARTESIAN_POINT('',(0.153217,0.149879,11.));
#7928 = VECTOR('',#7929,1.);
#7929 = DIRECTION('',(-1.,0.,0.));
#7930 = ORIENTED_EDGE('',*,*,#7865,.T.);
#7931 = ORIENTED_EDGE('',*,*,#7768,.F.);
#7932 = ORIENTED_EDGE('',*,*,#7933,.F.);
#7933 = EDGE_CURVE('',#7924,#7761,#7934,.T.);
#7934 = B_SPLINE_CURVE_WITH_KNOTS('',1,(#7935,#7936),.UNSPECIFIED.,.F.,
  .F.,(2,2),(0.,1.),.PIECEWISE_BEZIER_KNOTS.);
#7935 = CARTESIAN_POINT('',(0.153217,0.149879,11.));
#7936 = CARTESIAN_POINT('',(0.32,0.32,10.5));
#7937 = B_SPLINE_SURFACE_WITH_KNOTS('',1,1,(
    (#7938,#7939)
    ,(#7940,#7941
    )),.UNSPECIFIED.,.F.,.F.,.F.,(2,2),(2,2),(0.,0.64),(0.,1.),
  .PIECEWISE_BEZIER_KNOTS.);
#7938 = CARTESIAN_POINT('',(0.153217,0.149879,11.));
#7939 = CARTESIAN_POINT('',(0.32,0.32,10.5));
#7940 = CARTESIAN_POINT('',(-0.153217,0.149879,11.));
#7941 = CARTESIAN_POINT('',(-0.32,0.32,10.5));
#7942 = ADVANCED_FACE('',(#7943),#7960,.T.);
#7943 = FACE_BOUND('',#7944,.T.);
#7944 = EDGE_LOOP('',(#7945,#7946,#7947,#7955));
#7945 = ORIENTED_EDGE('',*,*,#7806,.F.);
#7946 = ORIENTED_EDGE('',*,*,#7836,.T.);
#7947 = ORIENTED_EDGE('',*,*,#7948,.F.);
#7948 = EDGE_CURVE('',#7949,#7829,#7951,.T.);
#7949 = VERTEX_POINT('',#7950);
#7950 = CARTESIAN_POINT('',(0.14514,-0.14514,-0.5));
#7951 = LINE('',#7952,#7953);
#7952 = CARTESIAN_POINT('',(0.14514,-0.14514,-0.5));
#7953 = VECTOR('',#7954,1.);
#7954 = DIRECTION('',(-1.,0.,0.));
#7955 = ORIENTED_EDGE('',*,*,#7956,.F.);
#7956 = EDGE_CURVE('',#7799,#7949,#7957,.T.);
#7957 = B_SPLINE_CURVE_WITH_KNOTS('',1,(#7958,#7959),.UNSPECIFIED.,.F.,
  .F.,(2,2),(0.,1.),.PIECEWISE_BEZIER_KNOTS.);
#7958 = CARTESIAN_POINT('',(0.32,-0.32,0.));
#7959 = CARTESIAN_POINT('',(0.14514,-0.14514,-0.5));
#7960 = B_SPLINE_SURFACE_WITH_KNOTS('',1,1,(
    (#7961,#7962)
    ,(#7963,#7964
    )),.UNSPECIFIED.,.F.,.F.,.F.,(2,2),(2,2),(0.,0.64),(0.,1.),
  .PIECEWISE_BEZIER_KNOTS.);
#7961 = CARTESIAN_POINT('',(0.32,-0.32,0.));
#7962 = CARTESIAN_POINT('',(0.14514,-0.14514,-0.5));
#7963 = CARTESIAN_POINT('',(-0.32,-0.32,0.));
#7964 = CARTESIAN_POINT('',(-0.14514,-0.14514,-0.5));
#7965 = ADVANCED_FACE('',(#7966),#7983,.F.);
#7966 = FACE_BOUND('',#7967,.F.);
#7967 = EDGE_LOOP('',(#7968,#7976,#7981,#7982));
#7968 = ORIENTED_EDGE('',*,*,#7969,.T.);
#7969 = EDGE_CURVE('',#7852,#7970,#7972,.T.);
#7970 = VERTEX_POINT('',#7971);
#7971 = CARTESIAN_POINT('',(0.153217,-0.149879,11.));
#7972 = LINE('',#7973,#7974);
#7973 = CARTESIAN_POINT('',(-0.153217,-0.149879,11.));
#7974 = VECTOR('',#7975,1.);
#7975 = DIRECTION('',(1.,0.,0.));
#7976 = ORIENTED_EDGE('',*,*,#7977,.T.);
#7977 = EDGE_CURVE('',#7970,#7791,#7978,.T.);
#7978 = B_SPLINE_CURVE_WITH_KNOTS('',1,(#7979,#7980),.UNSPECIFIED.,.F.,
  .F.,(2,2),(0.,1.),.PIECEWISE_BEZIER_KNOTS.);
#7979 = CARTESIAN_POINT('',(0.153217,-0.149879,11.));
#7980 = CARTESIAN_POINT('',(0.32,-0.32,10.5));
#7981 = ORIENTED_EDGE('',*,*,#7790,.F.);
#7982 = ORIENTED_EDGE('',*,*,#7859,.F.);
#7983 = B_SPLINE_SURFACE_WITH_KNOTS('',1,1,(
    (#7984,#7985)
    ,(#7986,#7987
    )),.UNSPECIFIED.,.F.,.F.,.F.,(2,2),(2,2),(0.,0.64),(0.,1.),
  .PIECEWISE_BEZIER_KNOTS.);
#7984 = CARTESIAN_POINT('',(-0.153217,-0.149879,11.));
#7985 = CARTESIAN_POINT('',(-0.32,-0.32,10.5));
#7986 = CARTESIAN_POINT('',(0.153217,-0.149879,11.));
#7987 = CARTESIAN_POINT('',(0.32,-0.32,10.5));
#7988 = ADVANCED_FACE('',(#7989),#8000,.T.);
#7989 = FACE_BOUND('',#7990,.T.);
#7990 = EDGE_LOOP('',(#7991,#7992,#7993,#7999));
#7991 = ORIENTED_EDGE('',*,*,#7828,.T.);
#7992 = ORIENTED_EDGE('',*,*,#7908,.T.);
#7993 = ORIENTED_EDGE('',*,*,#7994,.T.);
#7994 = EDGE_CURVE('',#7902,#7949,#7995,.T.);
#7995 = LINE('',#7996,#7997);
#7996 = CARTESIAN_POINT('',(0.14514,0.14514,-0.5));
#7997 = VECTOR('',#7998,1.);
#7998 = DIRECTION('',(0.,-1.,0.));
#7999 = ORIENTED_EDGE('',*,*,#7948,.T.);
#8000 = PLANE('',#8001);
#8001 = AXIS2_PLACEMENT_3D('',#8002,#8003,#8004);
#8002 = CARTESIAN_POINT('',(1.E-17,-1.E-17,-0.5));
#8003 = DIRECTION('',(-0.,-0.,-1.));
#8004 = DIRECTION('',(-1.,0.,0.));
#8005 = ADVANCED_FACE('',(#8006),#8017,.T.);
#8006 = FACE_BOUND('',#8007,.T.);
#8007 = EDGE_LOOP('',(#8008,#8009,#8010,#8016));
#8008 = ORIENTED_EDGE('',*,*,#7849,.T.);
#8009 = ORIENTED_EDGE('',*,*,#7969,.T.);
#8010 = ORIENTED_EDGE('',*,*,#8011,.T.);
#8011 = EDGE_CURVE('',#7970,#7924,#8012,.T.);
#8012 = LINE('',#8013,#8014);
#8013 = CARTESIAN_POINT('',(0.153217,-0.149879,11.));
#8014 = VECTOR('',#8015,1.);
#8015 = DIRECTION('',(0.,1.,0.));
#8016 = ORIENTED_EDGE('',*,*,#7923,.T.);
#8017 = PLANE('',#8018);
#8018 = AXIS2_PLACEMENT_3D('',#8019,#8020,#8021);
#8019 = CARTESIAN_POINT('',(0.,0.,11.));
#8020 = DIRECTION('',(0.,0.,1.));
#8021 = DIRECTION('',(0.,1.,0.));
#8022 = ADVANCED_FACE('',(#8023),#8029,.T.);
#8023 = FACE_BOUND('',#8024,.T.);
#8024 = EDGE_LOOP('',(#8025,#8026,#8027,#8028));
#8025 = ORIENTED_EDGE('',*,*,#7886,.F.);
#8026 = ORIENTED_EDGE('',*,*,#7956,.T.);
#8027 = ORIENTED_EDGE('',*,*,#7994,.F.);
#8028 = ORIENTED_EDGE('',*,*,#7901,.F.);
#8029 = B_SPLINE_SURFACE_WITH_KNOTS('',1,1,(
    (#8030,#8031)
    ,(#8032,#8033
    )),.UNSPECIFIED.,.F.,.F.,.F.,(2,2),(2,2),(0.,0.64),(0.,1.),
  .PIECEWISE_BEZIER_KNOTS.);
#8030 = CARTESIAN_POINT('',(0.32,0.32,0.));
#8031 = CARTESIAN_POINT('',(0.14514,0.14514,-0.5));
#8032 = CARTESIAN_POINT('',(0.32,-0.32,0.));
#8033 = CARTESIAN_POINT('',(0.14514,-0.14514,-0.5));
#8034 = ADVANCED_FACE('',(#8035),#8041,.F.);
#8035 = FACE_BOUND('',#8036,.F.);
#8036 = EDGE_LOOP('',(#8037,#8038,#8039,#8040));
#8037 = ORIENTED_EDGE('',*,*,#8011,.T.);
#8038 = ORIENTED_EDGE('',*,*,#7933,.T.);
#8039 = ORIENTED_EDGE('',*,*,#7879,.F.);
#8040 = ORIENTED_EDGE('',*,*,#7977,.F.);
#8041 = B_SPLINE_SURFACE_WITH_KNOTS('',1,1,(
    (#8042,#8043)
    ,(#8044,#8045
    )),.UNSPECIFIED.,.F.,.F.,.F.,(2,2),(2,2),(0.,0.64),(0.,1.),
  .PIECEWISE_BEZIER_KNOTS.);
#8042 = CARTESIAN_POINT('',(0.153217,-0.149879,11.));
#8043 = CARTESIAN_POINT('',(0.32,-0.32,10.5));
#8044 = CARTESIAN_POINT('',(0.153217,0.149879,11.));
#8045 = CARTESIAN_POINT('',(0.32,0.32,10.5));
#8046 = ( GEOMETRIC_REPRESENTATION_CONTEXT(3) 
GLOBAL_UNCERTAINTY_ASSIGNED_CONTEXT((#8050)) 
GLOBAL_UNIT_ASSIGNED_CONTEXT((#8047,#8048,#8049)) REPRESENTATION_CONTEXT
('Context #1','3D Context with UNIT and UNCERTAINTY') );
#8047 = ( LENGTH_UNIT() NAMED_UNIT(*) SI_UNIT(.MILLI.,.METRE.) );
#8048 = ( NAMED_UNIT(*) PLANE_ANGLE_UNIT() SI_UNIT($,.RADIAN.) );
#8049 = ( NAMED_UNIT(*) SI_UNIT($,.STERADIAN.) SOLID_ANGLE_UNIT() );
#8050 = UNCERTAINTY_MEASURE_WITH_UNIT(LENGTH_MEASURE(1.E-07),#8047,
  'distance_accuracy_value','confusion accuracy');
#8051 = CONTEXT_DEPENDENT_SHAPE_REPRESENTATION(#8052,#8054);
#8052 = ( REPRESENTATION_RELATIONSHIP('','',#7711,#10) 
REPRESENTATION_RELATIONSHIP_WITH_TRANSFORMATION(#8053) 
SHAPE_REPRESENTATION_RELATIONSHIP() );
#8053 = ITEM_DEFINED_TRANSFORMATION('','',#11,#43);
#8054 = PRODUCT_DEFINITION_SHAPE('Placement','Placement of an item',
  #8055);
#8055 = NEXT_ASSEMBLY_USAGE_OCCURRENCE('24','=>[0:1:1:8]','',#5,#7706,$
  );
#8056 = PRODUCT_RELATED_PRODUCT_CATEGORY('part',$,(#7708));
#8057 = SHAPE_DEFINITION_REPRESENTATION(#8058,#8064);
#8058 = PRODUCT_DEFINITION_SHAPE('','',#8059);
#8059 = PRODUCT_DEFINITION('design','',#8060,#8063);
#8060 = PRODUCT_DEFINITION_FORMATION('','',#8061);
#8061 = PRODUCT('Pin008','Pin008','',(#8062));
#8062 = PRODUCT_CONTEXT('',#2,'mechanical');
#8063 = PRODUCT_DEFINITION_CONTEXT('part definition',#2,'design');
#8064 = ADVANCED_BREP_SHAPE_REPRESENTATION('',(#11,#8065),#8399);
#8065 = MANIFOLD_SOLID_BREP('',#8066);
#8066 = CLOSED_SHELL('',(#8067,#8107,#8138,#8169,#8198,#8227,#8249,#8272
    ,#8295,#8318,#8341,#8358,#8375,#8387));
#8067 = ADVANCED_FACE('',(#8068),#8102,.F.);
#8068 = FACE_BOUND('',#8069,.F.);
#8069 = EDGE_LOOP('',(#8070,#8080,#8088,#8096));
#8070 = ORIENTED_EDGE('',*,*,#8071,.T.);
#8071 = EDGE_CURVE('',#8072,#8074,#8076,.T.);
#8072 = VERTEX_POINT('',#8073);
#8073 = CARTESIAN_POINT('',(-0.32,0.32,0.));
#8074 = VERTEX_POINT('',#8075);
#8075 = CARTESIAN_POINT('',(-0.32,0.32,10.5));
#8076 = LINE('',#8077,#8078);
#8077 = CARTESIAN_POINT('',(-0.32,0.32,0.));
#8078 = VECTOR('',#8079,1.);
#8079 = DIRECTION('',(0.,0.,1.));
#8080 = ORIENTED_EDGE('',*,*,#8081,.T.);
#8081 = EDGE_CURVE('',#8074,#8082,#8084,.T.);
#8082 = VERTEX_POINT('',#8083);
#8083 = CARTESIAN_POINT('',(-0.32,-0.32,10.5));
#8084 = LINE('',#8085,#8086);
#8085 = CARTESIAN_POINT('',(-0.32,0.32,10.5));
#8086 = VECTOR('',#8087,1.);
#8087 = DIRECTION('',(0.,-1.,0.));
#8088 = ORIENTED_EDGE('',*,*,#8089,.F.);
#8089 = EDGE_CURVE('',#8090,#8082,#8092,.T.);
#8090 = VERTEX_POINT('',#8091);
#8091 = CARTESIAN_POINT('',(-0.32,-0.32,0.));
#8092 = LINE('',#8093,#8094);
#8093 = CARTESIAN_POINT('',(-0.32,-0.32,0.));
#8094 = VECTOR('',#8095,1.);
#8095 = DIRECTION('',(0.,0.,1.));
#8096 = ORIENTED_EDGE('',*,*,#8097,.F.);
#8097 = EDGE_CURVE('',#8072,#8090,#8098,.T.);
#8098 = LINE('',#8099,#8100);
#8099 = CARTESIAN_POINT('',(-0.32,0.32,0.));
#8100 = VECTOR('',#8101,1.);
#8101 = DIRECTION('',(0.,-1.,0.));
#8102 = PLANE('',#8103);
#8103 = AXIS2_PLACEMENT_3D('',#8104,#8105,#8106);
#8104 = CARTESIAN_POINT('',(-0.32,0.32,0.));
#8105 = DIRECTION('',(1.,0.,0.));
#8106 = DIRECTION('',(0.,-1.,0.));
#8107 = ADVANCED_FACE('',(#8108),#8133,.F.);
#8108 = FACE_BOUND('',#8109,.F.);
#8109 = EDGE_LOOP('',(#8110,#8120,#8126,#8127));
#8110 = ORIENTED_EDGE('',*,*,#8111,.T.);
#8111 = EDGE_CURVE('',#8112,#8114,#8116,.T.);
#8112 = VERTEX_POINT('',#8113);
#8113 = CARTESIAN_POINT('',(0.32,0.32,0.));
#8114 = VERTEX_POINT('',#8115);
#8115 = CARTESIAN_POINT('',(0.32,0.32,10.5));
#8116 = LINE('',#8117,#8118);
#8117 = CARTESIAN_POINT('',(0.32,0.32,0.));
#8118 = VECTOR('',#8119,1.);
#8119 = DIRECTION('',(0.,0.,1.));
#8120 = ORIENTED_EDGE('',*,*,#8121,.T.);
#8121 = EDGE_CURVE('',#8114,#8074,#8122,.T.);
#8122 = LINE('',#8123,#8124);
#8123 = CARTESIAN_POINT('',(0.32,0.32,10.5));
#8124 = VECTOR('',#8125,1.);
#8125 = DIRECTION('',(-1.,0.,0.));
#8126 = ORIENTED_EDGE('',*,*,#8071,.F.);
#8127 = ORIENTED_EDGE('',*,*,#8128,.F.);
#8128 = EDGE_CURVE('',#8112,#8072,#8129,.T.);
#8129 = LINE('',#8130,#8131);
#8130 = CARTESIAN_POINT('',(0.32,0.32,0.));
#8131 = VECTOR('',#8132,1.);
#8132 = DIRECTION('',(-1.,0.,0.));
#8133 = PLANE('',#8134);
#8134 = AXIS2_PLACEMENT_3D('',#8135,#8136,#8137);
#8135 = CARTESIAN_POINT('',(0.32,0.32,0.));
#8136 = DIRECTION('',(0.,-1.,0.));
#8137 = DIRECTION('',(-1.,0.,0.));
#8138 = ADVANCED_FACE('',(#8139),#8164,.F.);
#8139 = FACE_BOUND('',#8140,.F.);
#8140 = EDGE_LOOP('',(#8141,#8142,#8150,#8158));
#8141 = ORIENTED_EDGE('',*,*,#8089,.T.);
#8142 = ORIENTED_EDGE('',*,*,#8143,.T.);
#8143 = EDGE_CURVE('',#8082,#8144,#8146,.T.);
#8144 = VERTEX_POINT('',#8145);
#8145 = CARTESIAN_POINT('',(0.32,-0.32,10.5));
#8146 = LINE('',#8147,#8148);
#8147 = CARTESIAN_POINT('',(-0.32,-0.32,10.5));
#8148 = VECTOR('',#8149,1.);
#8149 = DIRECTION('',(1.,0.,0.));
#8150 = ORIENTED_EDGE('',*,*,#8151,.F.);
#8151 = EDGE_CURVE('',#8152,#8144,#8154,.T.);
#8152 = VERTEX_POINT('',#8153);
#8153 = CARTESIAN_POINT('',(0.32,-0.32,0.));
#8154 = LINE('',#8155,#8156);
#8155 = CARTESIAN_POINT('',(0.32,-0.32,0.));
#8156 = VECTOR('',#8157,1.);
#8157 = DIRECTION('',(0.,0.,1.));
#8158 = ORIENTED_EDGE('',*,*,#8159,.F.);
#8159 = EDGE_CURVE('',#8090,#8152,#8160,.T.);
#8160 = LINE('',#8161,#8162);
#8161 = CARTESIAN_POINT('',(-0.32,-0.32,0.));
#8162 = VECTOR('',#8163,1.);
#8163 = DIRECTION('',(1.,0.,0.));
#8164 = PLANE('',#8165);
#8165 = AXIS2_PLACEMENT_3D('',#8166,#8167,#8168);
#8166 = CARTESIAN_POINT('',(-0.32,-0.32,0.));
#8167 = DIRECTION('',(0.,1.,0.));
#8168 = DIRECTION('',(1.,0.,0.));
#8169 = ADVANCED_FACE('',(#8170),#8193,.T.);
#8170 = FACE_BOUND('',#8171,.T.);
#8171 = EDGE_LOOP('',(#8172,#8173,#8180,#8188));
#8172 = ORIENTED_EDGE('',*,*,#8097,.F.);
#8173 = ORIENTED_EDGE('',*,*,#8174,.T.);
#8174 = EDGE_CURVE('',#8072,#8175,#8177,.T.);
#8175 = VERTEX_POINT('',#8176);
#8176 = CARTESIAN_POINT('',(-0.14514,0.14514,-0.5));
#8177 = B_SPLINE_CURVE_WITH_KNOTS('',1,(#8178,#8179),.UNSPECIFIED.,.F.,
  .F.,(2,2),(0.,1.),.PIECEWISE_BEZIER_KNOTS.);
#8178 = CARTESIAN_POINT('',(-0.32,0.32,0.));
#8179 = CARTESIAN_POINT('',(-0.14514,0.14514,-0.5));
#8180 = ORIENTED_EDGE('',*,*,#8181,.F.);
#8181 = EDGE_CURVE('',#8182,#8175,#8184,.T.);
#8182 = VERTEX_POINT('',#8183);
#8183 = CARTESIAN_POINT('',(-0.14514,-0.14514,-0.5));
#8184 = LINE('',#8185,#8186);
#8185 = CARTESIAN_POINT('',(-0.14514,-0.14514,-0.5));
#8186 = VECTOR('',#8187,1.);
#8187 = DIRECTION('',(0.,1.,0.));
#8188 = ORIENTED_EDGE('',*,*,#8189,.F.);
#8189 = EDGE_CURVE('',#8090,#8182,#8190,.T.);
#8190 = B_SPLINE_CURVE_WITH_KNOTS('',1,(#8191,#8192),.UNSPECIFIED.,.F.,
  .F.,(2,2),(0.,1.),.PIECEWISE_BEZIER_KNOTS.);
#8191 = CARTESIAN_POINT('',(-0.32,-0.32,0.));
#8192 = CARTESIAN_POINT('',(-0.14514,-0.14514,-0.5));
#8193 = B_SPLINE_SURFACE_WITH_KNOTS('',1,1,(
    (#8194,#8195)
    ,(#8196,#8197
    )),.UNSPECIFIED.,.F.,.F.,.F.,(2,2),(2,2),(0.,0.64),(0.,1.),
  .PIECEWISE_BEZIER_KNOTS.);
#8194 = CARTESIAN_POINT('',(-0.32,-0.32,0.));
#8195 = CARTESIAN_POINT('',(-0.14514,-0.14514,-0.5));
#8196 = CARTESIAN_POINT('',(-0.32,0.32,0.));
#8197 = CARTESIAN_POINT('',(-0.14514,0.14514,-0.5));
#8198 = ADVANCED_FACE('',(#8199),#8222,.F.);
#8199 = FACE_BOUND('',#8200,.F.);
#8200 = EDGE_LOOP('',(#8201,#8211,#8216,#8217));
#8201 = ORIENTED_EDGE('',*,*,#8202,.T.);
#8202 = EDGE_CURVE('',#8203,#8205,#8207,.T.);
#8203 = VERTEX_POINT('',#8204);
#8204 = CARTESIAN_POINT('',(-0.153217,0.149879,11.));
#8205 = VERTEX_POINT('',#8206);
#8206 = CARTESIAN_POINT('',(-0.153217,-0.149879,11.));
#8207 = LINE('',#8208,#8209);
#8208 = CARTESIAN_POINT('',(-0.153217,0.149879,11.));
#8209 = VECTOR('',#8210,1.);
#8210 = DIRECTION('',(0.,-1.,0.));
#8211 = ORIENTED_EDGE('',*,*,#8212,.T.);
#8212 = EDGE_CURVE('',#8205,#8082,#8213,.T.);
#8213 = B_SPLINE_CURVE_WITH_KNOTS('',1,(#8214,#8215),.UNSPECIFIED.,.F.,
  .F.,(2,2),(0.,1.),.PIECEWISE_BEZIER_KNOTS.);
#8214 = CARTESIAN_POINT('',(-0.153217,-0.149879,11.));
#8215 = CARTESIAN_POINT('',(-0.32,-0.32,10.5));
#8216 = ORIENTED_EDGE('',*,*,#8081,.F.);
#8217 = ORIENTED_EDGE('',*,*,#8218,.F.);
#8218 = EDGE_CURVE('',#8203,#8074,#8219,.T.);
#8219 = B_SPLINE_CURVE_WITH_KNOTS('',1,(#8220,#8221),.UNSPECIFIED.,.F.,
  .F.,(2,2),(0.,1.),.PIECEWISE_BEZIER_KNOTS.);
#8220 = CARTESIAN_POINT('',(-0.153217,0.149879,11.));
#8221 = CARTESIAN_POINT('',(-0.32,0.32,10.5));
#8222 = B_SPLINE_SURFACE_WITH_KNOTS('',1,1,(
    (#8223,#8224)
    ,(#8225,#8226
    )),.UNSPECIFIED.,.F.,.F.,.F.,(2,2),(2,2),(0.,0.64),(0.,1.),
  .PIECEWISE_BEZIER_KNOTS.);
#8223 = CARTESIAN_POINT('',(-0.153217,0.149879,11.));
#8224 = CARTESIAN_POINT('',(-0.32,0.32,10.5));
#8225 = CARTESIAN_POINT('',(-0.153217,-0.149879,11.));
#8226 = CARTESIAN_POINT('',(-0.32,-0.32,10.5));
#8227 = ADVANCED_FACE('',(#8228),#8244,.F.);
#8228 = FACE_BOUND('',#8229,.F.);
#8229 = EDGE_LOOP('',(#8230,#8231,#8237,#8238));
#8230 = ORIENTED_EDGE('',*,*,#8151,.T.);
#8231 = ORIENTED_EDGE('',*,*,#8232,.T.);
#8232 = EDGE_CURVE('',#8144,#8114,#8233,.T.);
#8233 = LINE('',#8234,#8235);
#8234 = CARTESIAN_POINT('',(0.32,-0.32,10.5));
#8235 = VECTOR('',#8236,1.);
#8236 = DIRECTION('',(0.,1.,0.));
#8237 = ORIENTED_EDGE('',*,*,#8111,.F.);
#8238 = ORIENTED_EDGE('',*,*,#8239,.F.);
#8239 = EDGE_CURVE('',#8152,#8112,#8240,.T.);
#8240 = LINE('',#8241,#8242);
#8241 = CARTESIAN_POINT('',(0.32,-0.32,0.));
#8242 = VECTOR('',#8243,1.);
#8243 = DIRECTION('',(0.,1.,0.));
#8244 = PLANE('',#8245);
#8245 = AXIS2_PLACEMENT_3D('',#8246,#8247,#8248);
#8246 = CARTESIAN_POINT('',(0.32,-0.32,0.));
#8247 = DIRECTION('',(-1.,0.,0.));
#8248 = DIRECTION('',(0.,1.,0.));
#8249 = ADVANCED_FACE('',(#8250),#8267,.T.);
#8250 = FACE_BOUND('',#8251,.T.);
#8251 = EDGE_LOOP('',(#8252,#8253,#8260,#8266));
#8252 = ORIENTED_EDGE('',*,*,#8128,.F.);
#8253 = ORIENTED_EDGE('',*,*,#8254,.T.);
#8254 = EDGE_CURVE('',#8112,#8255,#8257,.T.);
#8255 = VERTEX_POINT('',#8256);
#8256 = CARTESIAN_POINT('',(0.14514,0.14514,-0.5));
#8257 = B_SPLINE_CURVE_WITH_KNOTS('',1,(#8258,#8259),.UNSPECIFIED.,.F.,
  .F.,(2,2),(0.,1.),.PIECEWISE_BEZIER_KNOTS.);
#8258 = CARTESIAN_POINT('',(0.32,0.32,0.));
#8259 = CARTESIAN_POINT('',(0.14514,0.14514,-0.5));
#8260 = ORIENTED_EDGE('',*,*,#8261,.F.);
#8261 = EDGE_CURVE('',#8175,#8255,#8262,.T.);
#8262 = LINE('',#8263,#8264);
#8263 = CARTESIAN_POINT('',(-0.14514,0.14514,-0.5));
#8264 = VECTOR('',#8265,1.);
#8265 = DIRECTION('',(1.,0.,0.));
#8266 = ORIENTED_EDGE('',*,*,#8174,.F.);
#8267 = B_SPLINE_SURFACE_WITH_KNOTS('',1,1,(
    (#8268,#8269)
    ,(#8270,#8271
    )),.UNSPECIFIED.,.F.,.F.,.F.,(2,2),(2,2),(0.,0.64),(0.,1.),
  .PIECEWISE_BEZIER_KNOTS.);
#8268 = CARTESIAN_POINT('',(-0.32,0.32,0.));
#8269 = CARTESIAN_POINT('',(-0.14514,0.14514,-0.5));
#8270 = CARTESIAN_POINT('',(0.32,0.32,0.));
#8271 = CARTESIAN_POINT('',(0.14514,0.14514,-0.5));
#8272 = ADVANCED_FACE('',(#8273),#8290,.F.);
#8273 = FACE_BOUND('',#8274,.F.);
#8274 = EDGE_LOOP('',(#8275,#8283,#8284,#8285));
#8275 = ORIENTED_EDGE('',*,*,#8276,.T.);
#8276 = EDGE_CURVE('',#8277,#8203,#8279,.T.);
#8277 = VERTEX_POINT('',#8278);
#8278 = CARTESIAN_POINT('',(0.153217,0.149879,11.));
#8279 = LINE('',#8280,#8281);
#8280 = CARTESIAN_POINT('',(0.153217,0.149879,11.));
#8281 = VECTOR('',#8282,1.);
#8282 = DIRECTION('',(-1.,0.,0.));
#8283 = ORIENTED_EDGE('',*,*,#8218,.T.);
#8284 = ORIENTED_EDGE('',*,*,#8121,.F.);
#8285 = ORIENTED_EDGE('',*,*,#8286,.F.);
#8286 = EDGE_CURVE('',#8277,#8114,#8287,.T.);
#8287 = B_SPLINE_CURVE_WITH_KNOTS('',1,(#8288,#8289),.UNSPECIFIED.,.F.,
  .F.,(2,2),(0.,1.),.PIECEWISE_BEZIER_KNOTS.);
#8288 = CARTESIAN_POINT('',(0.153217,0.149879,11.));
#8289 = CARTESIAN_POINT('',(0.32,0.32,10.5));
#8290 = B_SPLINE_SURFACE_WITH_KNOTS('',1,1,(
    (#8291,#8292)
    ,(#8293,#8294
    )),.UNSPECIFIED.,.F.,.F.,.F.,(2,2),(2,2),(0.,0.64),(0.,1.),
  .PIECEWISE_BEZIER_KNOTS.);
#8291 = CARTESIAN_POINT('',(0.153217,0.149879,11.));
#8292 = CARTESIAN_POINT('',(0.32,0.32,10.5));
#8293 = CARTESIAN_POINT('',(-0.153217,0.149879,11.));
#8294 = CARTESIAN_POINT('',(-0.32,0.32,10.5));
#8295 = ADVANCED_FACE('',(#8296),#8313,.T.);
#8296 = FACE_BOUND('',#8297,.T.);
#8297 = EDGE_LOOP('',(#8298,#8299,#8300,#8308));
#8298 = ORIENTED_EDGE('',*,*,#8159,.F.);
#8299 = ORIENTED_EDGE('',*,*,#8189,.T.);
#8300 = ORIENTED_EDGE('',*,*,#8301,.F.);
#8301 = EDGE_CURVE('',#8302,#8182,#8304,.T.);
#8302 = VERTEX_POINT('',#8303);
#8303 = CARTESIAN_POINT('',(0.14514,-0.14514,-0.5));
#8304 = LINE('',#8305,#8306);
#8305 = CARTESIAN_POINT('',(0.14514,-0.14514,-0.5));
#8306 = VECTOR('',#8307,1.);
#8307 = DIRECTION('',(-1.,0.,0.));
#8308 = ORIENTED_EDGE('',*,*,#8309,.F.);
#8309 = EDGE_CURVE('',#8152,#8302,#8310,.T.);
#8310 = B_SPLINE_CURVE_WITH_KNOTS('',1,(#8311,#8312),.UNSPECIFIED.,.F.,
  .F.,(2,2),(0.,1.),.PIECEWISE_BEZIER_KNOTS.);
#8311 = CARTESIAN_POINT('',(0.32,-0.32,0.));
#8312 = CARTESIAN_POINT('',(0.14514,-0.14514,-0.5));
#8313 = B_SPLINE_SURFACE_WITH_KNOTS('',1,1,(
    (#8314,#8315)
    ,(#8316,#8317
    )),.UNSPECIFIED.,.F.,.F.,.F.,(2,2),(2,2),(0.,0.64),(0.,1.),
  .PIECEWISE_BEZIER_KNOTS.);
#8314 = CARTESIAN_POINT('',(0.32,-0.32,0.));
#8315 = CARTESIAN_POINT('',(0.14514,-0.14514,-0.5));
#8316 = CARTESIAN_POINT('',(-0.32,-0.32,0.));
#8317 = CARTESIAN_POINT('',(-0.14514,-0.14514,-0.5));
#8318 = ADVANCED_FACE('',(#8319),#8336,.F.);
#8319 = FACE_BOUND('',#8320,.F.);
#8320 = EDGE_LOOP('',(#8321,#8329,#8334,#8335));
#8321 = ORIENTED_EDGE('',*,*,#8322,.T.);
#8322 = EDGE_CURVE('',#8205,#8323,#8325,.T.);
#8323 = VERTEX_POINT('',#8324);
#8324 = CARTESIAN_POINT('',(0.153217,-0.149879,11.));
#8325 = LINE('',#8326,#8327);
#8326 = CARTESIAN_POINT('',(-0.153217,-0.149879,11.));
#8327 = VECTOR('',#8328,1.);
#8328 = DIRECTION('',(1.,0.,0.));
#8329 = ORIENTED_EDGE('',*,*,#8330,.T.);
#8330 = EDGE_CURVE('',#8323,#8144,#8331,.T.);
#8331 = B_SPLINE_CURVE_WITH_KNOTS('',1,(#8332,#8333),.UNSPECIFIED.,.F.,
  .F.,(2,2),(0.,1.),.PIECEWISE_BEZIER_KNOTS.);
#8332 = CARTESIAN_POINT('',(0.153217,-0.149879,11.));
#8333 = CARTESIAN_POINT('',(0.32,-0.32,10.5));
#8334 = ORIENTED_EDGE('',*,*,#8143,.F.);
#8335 = ORIENTED_EDGE('',*,*,#8212,.F.);
#8336 = B_SPLINE_SURFACE_WITH_KNOTS('',1,1,(
    (#8337,#8338)
    ,(#8339,#8340
    )),.UNSPECIFIED.,.F.,.F.,.F.,(2,2),(2,2),(0.,0.64),(0.,1.),
  .PIECEWISE_BEZIER_KNOTS.);
#8337 = CARTESIAN_POINT('',(-0.153217,-0.149879,11.));
#8338 = CARTESIAN_POINT('',(-0.32,-0.32,10.5));
#8339 = CARTESIAN_POINT('',(0.153217,-0.149879,11.));
#8340 = CARTESIAN_POINT('',(0.32,-0.32,10.5));
#8341 = ADVANCED_FACE('',(#8342),#8353,.T.);
#8342 = FACE_BOUND('',#8343,.T.);
#8343 = EDGE_LOOP('',(#8344,#8345,#8346,#8352));
#8344 = ORIENTED_EDGE('',*,*,#8181,.T.);
#8345 = ORIENTED_EDGE('',*,*,#8261,.T.);
#8346 = ORIENTED_EDGE('',*,*,#8347,.T.);
#8347 = EDGE_CURVE('',#8255,#8302,#8348,.T.);
#8348 = LINE('',#8349,#8350);
#8349 = CARTESIAN_POINT('',(0.14514,0.14514,-0.5));
#8350 = VECTOR('',#8351,1.);
#8351 = DIRECTION('',(0.,-1.,0.));
#8352 = ORIENTED_EDGE('',*,*,#8301,.T.);
#8353 = PLANE('',#8354);
#8354 = AXIS2_PLACEMENT_3D('',#8355,#8356,#8357);
#8355 = CARTESIAN_POINT('',(1.E-17,-1.E-17,-0.5));
#8356 = DIRECTION('',(-0.,-0.,-1.));
#8357 = DIRECTION('',(-1.,0.,0.));
#8358 = ADVANCED_FACE('',(#8359),#8370,.T.);
#8359 = FACE_BOUND('',#8360,.T.);
#8360 = EDGE_LOOP('',(#8361,#8362,#8363,#8369));
#8361 = ORIENTED_EDGE('',*,*,#8202,.T.);
#8362 = ORIENTED_EDGE('',*,*,#8322,.T.);
#8363 = ORIENTED_EDGE('',*,*,#8364,.T.);
#8364 = EDGE_CURVE('',#8323,#8277,#8365,.T.);
#8365 = LINE('',#8366,#8367);
#8366 = CARTESIAN_POINT('',(0.153217,-0.149879,11.));
#8367 = VECTOR('',#8368,1.);
#8368 = DIRECTION('',(0.,1.,0.));
#8369 = ORIENTED_EDGE('',*,*,#8276,.T.);
#8370 = PLANE('',#8371);
#8371 = AXIS2_PLACEMENT_3D('',#8372,#8373,#8374);
#8372 = CARTESIAN_POINT('',(0.,0.,11.));
#8373 = DIRECTION('',(0.,0.,1.));
#8374 = DIRECTION('',(0.,1.,0.));
#8375 = ADVANCED_FACE('',(#8376),#8382,.T.);
#8376 = FACE_BOUND('',#8377,.T.);
#8377 = EDGE_LOOP('',(#8378,#8379,#8380,#8381));
#8378 = ORIENTED_EDGE('',*,*,#8239,.F.);
#8379 = ORIENTED_EDGE('',*,*,#8309,.T.);
#8380 = ORIENTED_EDGE('',*,*,#8347,.F.);
#8381 = ORIENTED_EDGE('',*,*,#8254,.F.);
#8382 = B_SPLINE_SURFACE_WITH_KNOTS('',1,1,(
    (#8383,#8384)
    ,(#8385,#8386
    )),.UNSPECIFIED.,.F.,.F.,.F.,(2,2),(2,2),(0.,0.64),(0.,1.),
  .PIECEWISE_BEZIER_KNOTS.);
#8383 = CARTESIAN_POINT('',(0.32,0.32,0.));
#8384 = CARTESIAN_POINT('',(0.14514,0.14514,-0.5));
#8385 = CARTESIAN_POINT('',(0.32,-0.32,0.));
#8386 = CARTESIAN_POINT('',(0.14514,-0.14514,-0.5));
#8387 = ADVANCED_FACE('',(#8388),#8394,.F.);
#8388 = FACE_BOUND('',#8389,.F.);
#8389 = EDGE_LOOP('',(#8390,#8391,#8392,#8393));
#8390 = ORIENTED_EDGE('',*,*,#8364,.T.);
#8391 = ORIENTED_EDGE('',*,*,#8286,.T.);
#8392 = ORIENTED_EDGE('',*,*,#8232,.F.);
#8393 = ORIENTED_EDGE('',*,*,#8330,.F.);
#8394 = B_SPLINE_SURFACE_WITH_KNOTS('',1,1,(
    (#8395,#8396)
    ,(#8397,#8398
    )),.UNSPECIFIED.,.F.,.F.,.F.,(2,2),(2,2),(0.,0.64),(0.,1.),
  .PIECEWISE_BEZIER_KNOTS.);
#8395 = CARTESIAN_POINT('',(0.153217,-0.149879,11.));
#8396 = CARTESIAN_POINT('',(0.32,-0.32,10.5));
#8397 = CARTESIAN_POINT('',(0.153217,0.149879,11.));
#8398 = CARTESIAN_POINT('',(0.32,0.32,10.5));
#8399 = ( GEOMETRIC_REPRESENTATION_CONTEXT(3) 
GLOBAL_UNCERTAINTY_ASSIGNED_CONTEXT((#8403)) 
GLOBAL_UNIT_ASSIGNED_CONTEXT((#8400,#8401,#8402)) REPRESENTATION_CONTEXT
('Context #1','3D Context with UNIT and UNCERTAINTY') );
#8400 = ( LENGTH_UNIT() NAMED_UNIT(*) SI_UNIT(.MILLI.,.METRE.) );
#8401 = ( NAMED_UNIT(*) PLANE_ANGLE_UNIT() SI_UNIT($,.RADIAN.) );
#8402 = ( NAMED_UNIT(*) SI_UNIT($,.STERADIAN.) SOLID_ANGLE_UNIT() );
#8403 = UNCERTAINTY_MEASURE_WITH_UNIT(LENGTH_MEASURE(1.E-07),#8400,
  'distance_accuracy_value','confusion accuracy');
#8404 = CONTEXT_DEPENDENT_SHAPE_REPRESENTATION(#8405,#8407);
#8405 = ( REPRESENTATION_RELATIONSHIP('','',#8064,#10) 
REPRESENTATION_RELATIONSHIP_WITH_TRANSFORMATION(#8406) 
SHAPE_REPRESENTATION_RELATIONSHIP() );
#8406 = ITEM_DEFINED_TRANSFORMATION('','',#11,#47);
#8407 = PRODUCT_DEFINITION_SHAPE('Placement','Placement of an item',
  #8408);
#8408 = NEXT_ASSEMBLY_USAGE_OCCURRENCE('25','=>[0:1:1:9]','',#5,#8059,$
  );
#8409 = PRODUCT_RELATED_PRODUCT_CATEGORY('part',$,(#8061));
#8410 = MECHANICAL_DESIGN_GEOMETRIC_PRESENTATION_REPRESENTATION('',(
    #8411),#7693);
#8411 = STYLED_ITEM('color',(#8412),#7359);
#8412 = PRESENTATION_STYLE_ASSIGNMENT((#8413,#8419));
#8413 = SURFACE_STYLE_USAGE(.BOTH.,#8414);
#8414 = SURFACE_SIDE_STYLE('',(#8415));
#8415 = SURFACE_STYLE_FILL_AREA(#8416);
#8416 = FILL_AREA_STYLE('',(#8417));
#8417 = FILL_AREA_STYLE_COLOUR('',#8418);
#8418 = COLOUR_RGB('',0.800000010877,0.800000010877,0.800000010877);
#8419 = CURVE_STYLE('',#8420,POSITIVE_LENGTH_MEASURE(0.1),#8418);
#8420 = DRAUGHTING_PRE_DEFINED_CURVE_FONT('continuous');
#8421 = MECHANICAL_DESIGN_GEOMETRIC_PRESENTATION_REPRESENTATION('',(
    #8422),#6634);
#8422 = STYLED_ITEM('color',(#8423),#6300);
#8423 = PRESENTATION_STYLE_ASSIGNMENT((#8424,#8429));
#8424 = SURFACE_STYLE_USAGE(.BOTH.,#8425);
#8425 = SURFACE_SIDE_STYLE('',(#8426));
#8426 = SURFACE_STYLE_FILL_AREA(#8427);
#8427 = FILL_AREA_STYLE('',(#8428));
#8428 = FILL_AREA_STYLE_COLOUR('',#8418);
#8429 = CURVE_STYLE('',#8430,POSITIVE_LENGTH_MEASURE(0.1),#8418);
#8430 = DRAUGHTING_PRE_DEFINED_CURVE_FONT('continuous');
#8431 = MECHANICAL_DESIGN_GEOMETRIC_PRESENTATION_REPRESENTATION('',(
    #8432),#6987);
#8432 = STYLED_ITEM('color',(#8433),#6653);
#8433 = PRESENTATION_STYLE_ASSIGNMENT((#8434,#8439));
#8434 = SURFACE_STYLE_USAGE(.BOTH.,#8435);
#8435 = SURFACE_SIDE_STYLE('',(#8436));
#8436 = SURFACE_STYLE_FILL_AREA(#8437);
#8437 = FILL_AREA_STYLE('',(#8438));
#8438 = FILL_AREA_STYLE_COLOUR('',#8418);
#8439 = CURVE_STYLE('',#8440,POSITIVE_LENGTH_MEASURE(0.1),#8418);
#8440 = DRAUGHTING_PRE_DEFINED_CURVE_FONT('continuous');
#8441 = MECHANICAL_DESIGN_GEOMETRIC_PRESENTATION_REPRESENTATION('',(
    #8442),#8046);
#8442 = STYLED_ITEM('color',(#8443),#7712);
#8443 = PRESENTATION_STYLE_ASSIGNMENT((#8444,#8449));
#8444 = SURFACE_STYLE_USAGE(.BOTH.,#8445);
#8445 = SURFACE_SIDE_STYLE('',(#8446));
#8446 = SURFACE_STYLE_FILL_AREA(#8447);
#8447 = FILL_AREA_STYLE('',(#8448));
#8448 = FILL_AREA_STYLE_COLOUR('',#8418);
#8449 = CURVE_STYLE('',#8450,POSITIVE_LENGTH_MEASURE(0.1),#8418);
#8450 = DRAUGHTING_PRE_DEFINED_CURVE_FONT('continuous');
#8451 = MECHANICAL_DESIGN_GEOMETRIC_PRESENTATION_REPRESENTATION('',(
    #8452),#5928);
#8452 = STYLED_ITEM('color',(#8453),#5594);
#8453 = PRESENTATION_STYLE_ASSIGNMENT((#8454,#8459));
#8454 = SURFACE_STYLE_USAGE(.BOTH.,#8455);
#8455 = SURFACE_SIDE_STYLE('',(#8456));
#8456 = SURFACE_STYLE_FILL_AREA(#8457);
#8457 = FILL_AREA_STYLE('',(#8458));
#8458 = FILL_AREA_STYLE_COLOUR('',#8418);
#8459 = CURVE_STYLE('',#8460,POSITIVE_LENGTH_MEASURE(0.1),#8418);
#8460 = DRAUGHTING_PRE_DEFINED_CURVE_FONT('continuous');
#8461 = MECHANICAL_DESIGN_GEOMETRIC_PRESENTATION_REPRESENTATION('',(
    #8462),#5575);
#8462 = STYLED_ITEM('color',(#8463),#65);
#8463 = PRESENTATION_STYLE_ASSIGNMENT((#8464,#8470));
#8464 = SURFACE_STYLE_USAGE(.BOTH.,#8465);
#8465 = SURFACE_SIDE_STYLE('',(#8466));
#8466 = SURFACE_STYLE_FILL_AREA(#8467);
#8467 = FILL_AREA_STYLE('',(#8468));
#8468 = FILL_AREA_STYLE_COLOUR('',#8469);
#8469 = DRAUGHTING_PRE_DEFINED_COLOUR('yellow');
#8470 = CURVE_STYLE('',#8471,POSITIVE_LENGTH_MEASURE(0.1),#8469);
#8471 = DRAUGHTING_PRE_DEFINED_CURVE_FONT('continuous');
#8472 = MECHANICAL_DESIGN_GEOMETRIC_PRESENTATION_REPRESENTATION('',(
    #8473),#7340);
#8473 = STYLED_ITEM('color',(#8474),#7006);
#8474 = PRESENTATION_STYLE_ASSIGNMENT((#8475,#8480));
#8475 = SURFACE_STYLE_USAGE(.BOTH.,#8476);
#8476 = SURFACE_SIDE_STYLE('',(#8477));
#8477 = SURFACE_STYLE_FILL_AREA(#8478);
#8478 = FILL_AREA_STYLE('',(#8479));
#8479 = FILL_AREA_STYLE_COLOUR('',#8418);
#8480 = CURVE_STYLE('',#8481,POSITIVE_LENGTH_MEASURE(0.1),#8418);
#8481 = DRAUGHTING_PRE_DEFINED_CURVE_FONT('continuous');
#8482 = MECHANICAL_DESIGN_GEOMETRIC_PRESENTATION_REPRESENTATION('',(
    #8483),#6281);
#8483 = STYLED_ITEM('color',(#8484),#5947);
#8484 = PRESENTATION_STYLE_ASSIGNMENT((#8485,#8490));
#8485 = SURFACE_STYLE_USAGE(.BOTH.,#8486);
#8486 = SURFACE_SIDE_STYLE('',(#8487));
#8487 = SURFACE_STYLE_FILL_AREA(#8488);
#8488 = FILL_AREA_STYLE('',(#8489));
#8489 = FILL_AREA_STYLE_COLOUR('',#8418);
#8490 = CURVE_STYLE('',#8491,POSITIVE_LENGTH_MEASURE(0.1),#8418);
#8491 = DRAUGHTING_PRE_DEFINED_CURVE_FONT('continuous');
#8492 = MECHANICAL_DESIGN_GEOMETRIC_PRESENTATION_REPRESENTATION('',(
    #8493),#8399);
#8493 = STYLED_ITEM('color',(#8494),#8065);
#8494 = PRESENTATION_STYLE_ASSIGNMENT((#8495,#8500));
#8495 = SURFACE_STYLE_USAGE(.BOTH.,#8496);
#8496 = SURFACE_SIDE_STYLE('',(#8497));
#8497 = SURFACE_STYLE_FILL_AREA(#8498);
#8498 = FILL_AREA_STYLE('',(#8499));
#8499 = FILL_AREA_STYLE_COLOUR('',#8418);
#8500 = CURVE_STYLE('',#8501,POSITIVE_LENGTH_MEASURE(0.1),#8418);
#8501 = DRAUGHTING_PRE_DEFINED_CURVE_FONT('continuous');
ENDSEC;
END-ISO-10303-21;
