ISO-10303-21;
HEADER;
FILE_DESCRIPTION(('FreeCAD Model'),'2;1');
FILE_NAME('Open CASCADE Shape Model','2026-01-31T18:35:58',(''),(''),
  'Open CASCADE STEP processor 7.8','FreeCAD','Unknown');
FILE_SCHEMA(('AUTOMOTIVE_DESIGN { 1 0 10303 214 1 1 1 1 }'));
ENDSEC;
DATA;
#1 = APPLICATION_PROTOCOL_DEFINITION('international standard',
  'automotive_design',2000,#2);
#2 = APPLICATION_CONTEXT(
  'core data for automotive mechanical design processes');
#3 = SHAPE_DEFINITION_REPRESENTATION(#4,#10);
#4 = PRODUCT_DEFINITION_SHAPE('','',#5);
#5 = PRODUCT_DEFINITION('design','',#6,#9);
#6 = PRODUCT_DEFINITION_FORMATION('','',#7);
#7 = PRODUCT('SS_5GL_switch','SS_5GL_switch','',(#8));
#8 = PRODUCT_CONTEXT('',#2,'mechanical');
#9 = PRODUCT_DEFINITION_CONTEXT('part definition',#2,'design');
#10 = SHAPE_REPRESENTATION('',(#11,#15,#19,#23,#27,#31,#35),#39);
#11 = AXIS2_PLACEMENT_3D('',#12,#13,#14);
#12 = CARTESIAN_POINT('',(0.,0.,0.));
#13 = DIRECTION('',(0.,0.,1.));
#14 = DIRECTION('',(1.,0.,-0.));
#15 = AXIS2_PLACEMENT_3D('',#16,#17,#18);
#16 = CARTESIAN_POINT('',(0.,0.,0.));
#17 = DIRECTION('',(0.,0.,1.));
#18 = DIRECTION('',(1.,0.,0.));
#19 = AXIS2_PLACEMENT_3D('',#20,#21,#22);
#20 = CARTESIAN_POINT('',(0.,0.,0.));
#21 = DIRECTION('',(0.,0.,1.));
#22 = DIRECTION('',(1.,0.,0.));
#23 = AXIS2_PLACEMENT_3D('',#24,#25,#26);
#24 = CARTESIAN_POINT('',(8.8,0.,0.));
#25 = DIRECTION('',(0.,0.,1.));
#26 = DIRECTION('',(1.,0.,0.));
#27 = AXIS2_PLACEMENT_3D('',#28,#29,#30);
#28 = CARTESIAN_POINT('',(16.1,0.,0.));
#29 = DIRECTION('',(0.,0.,1.));
#30 = DIRECTION('',(1.,0.,0.));
#31 = AXIS2_PLACEMENT_3D('',#32,#33,#34);
#32 = CARTESIAN_POINT('',(0.,0.,0.));
#33 = DIRECTION('',(0.,0.,1.));
#34 = DIRECTION('',(1.,0.,0.));
#35 = AXIS2_PLACEMENT_3D('',#36,#37,#38);
#36 = CARTESIAN_POINT('',(0.,0.,0.));
#37 = DIRECTION('',(0.,0.,1.));
#38 = DIRECTION('',(1.,0.,0.));
#39 = ( GEOMETRIC_REPRESENTATION_CONTEXT(3) 
GLOBAL_UNCERTAINTY_ASSIGNED_CONTEXT((#43)) GLOBAL_UNIT_ASSIGNED_CONTEXT(
(#40,#41,#42)) REPRESENTATION_CONTEXT('Context #1',
  '3D Context with UNIT and UNCERTAINTY') );
#40 = ( LENGTH_UNIT() NAMED_UNIT(*) SI_UNIT(.MILLI.,.METRE.) );
#41 = ( NAMED_UNIT(*) PLANE_ANGLE_UNIT() SI_UNIT($,.RADIAN.) );
#42 = ( NAMED_UNIT(*) SI_UNIT($,.STERADIAN.) SOLID_ANGLE_UNIT() );
#43 = UNCERTAINTY_MEASURE_WITH_UNIT(LENGTH_MEASURE(2.E-06),#40,
  'distance_accuracy_value','confusion accuracy');
#44 = PRODUCT_RELATED_PRODUCT_CATEGORY('part',$,(#7));
#45 = SHAPE_DEFINITION_REPRESENTATION(#46,#52);
#46 = PRODUCT_DEFINITION_SHAPE('','',#47);
#47 = PRODUCT_DEFINITION('design','',#48,#51);
#48 = PRODUCT_DEFINITION_FORMATION('','',#49);
#49 = PRODUCT('switch body','switch body','',(#50));
#50 = PRODUCT_CONTEXT('',#2,'mechanical');
#51 = PRODUCT_DEFINITION_CONTEXT('part definition',#2,'design');
#52 = ADVANCED_BREP_SHAPE_REPRESENTATION('',(#11,#53),#1963);
#53 = MANIFOLD_SOLID_BREP('',#54);
#54 = CLOSED_SHELL('',(#55,#258,#290,#314,#345,#370,#394,#425,#456,#481,
    #505,#536,#561,#585,#610,#634,#658,#750,#775,#792,#816,#847,#903,
    #959,#976,#1064,#1104,#1166,#1199,#1239,#1276,#1309,#1331,#1355,
    #1372,#1386,#1417,#1441,#1465,#1482,#1502,#1514,#1538,#1563,#1580,
    #1604,#1629,#1646,#1670,#1725,#1737,#1759,#1776,#1793,#1805,#1835,
    #1847,#1863,#1875,#1900,#1920,#1929,#1954));
#55 = ADVANCED_FACE('',(#56,#208,#219),#253,.F.);
#56 = FACE_BOUND('',#57,.F.);
#57 = EDGE_LOOP('',(#58,#69,#77,#86,#94,#102,#110,#119,#127,#136,#144,
    #152,#161,#169,#177,#185,#194,#202));
#58 = ORIENTED_EDGE('',*,*,#59,.F.);
#59 = EDGE_CURVE('',#60,#62,#64,.T.);
#60 = VERTEX_POINT('',#61);
#61 = CARTESIAN_POINT('',(0.,-3.,1.));
#62 = VERTEX_POINT('',#63);
#63 = CARTESIAN_POINT('',(0.6,-3.,0.4));
#64 = CIRCLE('',#65,0.6);
#65 = AXIS2_PLACEMENT_3D('',#66,#67,#68);
#66 = CARTESIAN_POINT('',(0.6,-3.,1.));
#67 = DIRECTION('',(0.,-1.,2.22044604925E-16));
#68 = DIRECTION('',(1.,0.,0.));
#69 = ORIENTED_EDGE('',*,*,#70,.T.);
#70 = EDGE_CURVE('',#60,#71,#73,.T.);
#71 = VERTEX_POINT('',#72);
#72 = CARTESIAN_POINT('',(0.,-3.,9.5));
#73 = LINE('',#74,#75);
#74 = CARTESIAN_POINT('',(0.,-3.,1.));
#75 = VECTOR('',#76,1.);
#76 = DIRECTION('',(0.,2.22044604925E-16,1.));
#77 = ORIENTED_EDGE('',*,*,#78,.F.);
#78 = EDGE_CURVE('',#79,#71,#81,.T.);
#79 = VERTEX_POINT('',#80);
#80 = CARTESIAN_POINT('',(1.2,-3.,10.7));
#81 = CIRCLE('',#82,1.2);
#82 = AXIS2_PLACEMENT_3D('',#83,#84,#85);
#83 = CARTESIAN_POINT('',(1.2,-3.,9.5));
#84 = DIRECTION('',(0.,-1.,2.22044604925E-16));
#85 = DIRECTION('',(1.,0.,0.));
#86 = ORIENTED_EDGE('',*,*,#87,.T.);
#87 = EDGE_CURVE('',#79,#88,#90,.T.);
#88 = VERTEX_POINT('',#89);
#89 = CARTESIAN_POINT('',(9.1,-3.,10.7));
#90 = LINE('',#91,#92);
#91 = CARTESIAN_POINT('',(1.2,-3.,10.7));
#92 = VECTOR('',#93,1.);
#93 = DIRECTION('',(1.,0.,0.));
#94 = ORIENTED_EDGE('',*,*,#95,.T.);
#95 = EDGE_CURVE('',#88,#96,#98,.T.);
#96 = VERTEX_POINT('',#97);
#97 = CARTESIAN_POINT('',(9.9,-3.,9.9));
#98 = LINE('',#99,#100);
#99 = CARTESIAN_POINT('',(9.1,-3.,10.7));
#100 = VECTOR('',#101,1.);
#101 = DIRECTION('',(0.707106781187,-1.570092458684E-16,-0.707106781187)
  );
#102 = ORIENTED_EDGE('',*,*,#103,.T.);
#103 = EDGE_CURVE('',#96,#104,#106,.T.);
#104 = VERTEX_POINT('',#105);
#105 = CARTESIAN_POINT('',(18.6,-3.,9.9));
#106 = LINE('',#107,#108);
#107 = CARTESIAN_POINT('',(9.9,-3.,9.9));
#108 = VECTOR('',#109,1.);
#109 = DIRECTION('',(1.,0.,0.));
#110 = ORIENTED_EDGE('',*,*,#111,.F.);
#111 = EDGE_CURVE('',#112,#104,#114,.T.);
#112 = VERTEX_POINT('',#113);
#113 = CARTESIAN_POINT('',(19.8,-3.,8.7));
#114 = CIRCLE('',#115,1.2);
#115 = AXIS2_PLACEMENT_3D('',#116,#117,#118);
#116 = CARTESIAN_POINT('',(18.6,-3.,8.7));
#117 = DIRECTION('',(0.,-1.,2.22044604925E-16));
#118 = DIRECTION('',(1.,0.,0.));
#119 = ORIENTED_EDGE('',*,*,#120,.T.);
#120 = EDGE_CURVE('',#112,#121,#123,.T.);
#121 = VERTEX_POINT('',#122);
#122 = CARTESIAN_POINT('',(19.8,-3.,1.));
#123 = LINE('',#124,#125);
#124 = CARTESIAN_POINT('',(19.8,-3.,8.7));
#125 = VECTOR('',#126,1.);
#126 = DIRECTION('',(0.,-2.22044604925E-16,-1.));
#127 = ORIENTED_EDGE('',*,*,#128,.F.);
#128 = EDGE_CURVE('',#129,#121,#131,.T.);
#129 = VERTEX_POINT('',#130);
#130 = CARTESIAN_POINT('',(19.2,-3.,0.4));
#131 = CIRCLE('',#132,0.6);
#132 = AXIS2_PLACEMENT_3D('',#133,#134,#135);
#133 = CARTESIAN_POINT('',(19.2,-3.,1.));
#134 = DIRECTION('',(0.,-1.,2.22044604925E-16));
#135 = DIRECTION('',(1.,0.,0.));
#136 = ORIENTED_EDGE('',*,*,#137,.F.);
#137 = EDGE_CURVE('',#138,#129,#140,.T.);
#138 = VERTEX_POINT('',#139);
#139 = CARTESIAN_POINT('',(16.4,-3.,0.4));
#140 = LINE('',#141,#142);
#141 = CARTESIAN_POINT('',(16.4,-3.,0.4));
#142 = VECTOR('',#143,1.);
#143 = DIRECTION('',(1.,0.,0.));
#144 = ORIENTED_EDGE('',*,*,#145,.F.);
#145 = EDGE_CURVE('',#146,#138,#148,.T.);
#146 = VERTEX_POINT('',#147);
#147 = CARTESIAN_POINT('',(16.400000000033,-3.,2.899999999966));
#148 = LINE('',#149,#150);
#149 = CARTESIAN_POINT('',(16.400000000067,-3.,2.899999999966));
#150 = VECTOR('',#151,1.);
#151 = DIRECTION('',(-2.673061771966E-11,-2.22044604925E-16,-1.));
#152 = ORIENTED_EDGE('',*,*,#153,.T.);
#153 = EDGE_CURVE('',#146,#154,#156,.T.);
#154 = VERTEX_POINT('',#155);
#155 = CARTESIAN_POINT('',(12.8,-3.,2.900000000014));
#156 = CIRCLE('',#157,1.8);
#157 = AXIS2_PLACEMENT_3D('',#158,#159,#160);
#158 = CARTESIAN_POINT('',(14.6,-3.,2.900000000014));
#159 = DIRECTION('',(0.,-1.,2.22044604925E-16));
#160 = DIRECTION('',(1.,0.,0.));
#161 = ORIENTED_EDGE('',*,*,#162,.F.);
#162 = EDGE_CURVE('',#163,#154,#165,.T.);
#163 = VERTEX_POINT('',#164);
#164 = CARTESIAN_POINT('',(12.8,-3.,0.4));
#165 = LINE('',#166,#167);
#166 = CARTESIAN_POINT('',(12.8,-3.,0.4));
#167 = VECTOR('',#168,1.);
#168 = DIRECTION('',(0.,2.22044604925E-16,1.));
#169 = ORIENTED_EDGE('',*,*,#170,.F.);
#170 = EDGE_CURVE('',#171,#163,#173,.T.);
#171 = VERTEX_POINT('',#172);
#172 = CARTESIAN_POINT('',(6.9,-3.,0.4));
#173 = LINE('',#174,#175);
#174 = CARTESIAN_POINT('',(6.9,-3.,0.4));
#175 = VECTOR('',#176,1.);
#176 = DIRECTION('',(1.,0.,0.));
#177 = ORIENTED_EDGE('',*,*,#178,.F.);
#178 = EDGE_CURVE('',#179,#171,#181,.T.);
#179 = VERTEX_POINT('',#180);
#180 = CARTESIAN_POINT('',(6.900000000011,-3.,2.899999999984));
#181 = LINE('',#182,#183);
#182 = CARTESIAN_POINT('',(6.900000000022,-3.,2.899999999984));
#183 = VECTOR('',#184,1.);
#184 = DIRECTION('',(-8.807887752538E-12,-2.22044604925E-16,-1.));
#185 = ORIENTED_EDGE('',*,*,#186,.T.);
#186 = EDGE_CURVE('',#179,#187,#189,.T.);
#187 = VERTEX_POINT('',#188);
#188 = CARTESIAN_POINT('',(3.3,-3.,2.9));
#189 = CIRCLE('',#190,1.8);
#190 = AXIS2_PLACEMENT_3D('',#191,#192,#193);
#191 = CARTESIAN_POINT('',(5.1,-3.,2.9));
#192 = DIRECTION('',(0.,-1.,2.22044604925E-16));
#193 = DIRECTION('',(1.,0.,0.));
#194 = ORIENTED_EDGE('',*,*,#195,.F.);
#195 = EDGE_CURVE('',#196,#187,#198,.T.);
#196 = VERTEX_POINT('',#197);
#197 = CARTESIAN_POINT('',(3.3,-3.,0.4));
#198 = LINE('',#199,#200);
#199 = CARTESIAN_POINT('',(3.3,-3.,0.4));
#200 = VECTOR('',#201,1.);
#201 = DIRECTION('',(0.,2.22044604925E-16,1.));
#202 = ORIENTED_EDGE('',*,*,#203,.F.);
#203 = EDGE_CURVE('',#62,#196,#204,.T.);
#204 = LINE('',#205,#206);
#205 = CARTESIAN_POINT('',(0.6,-3.,0.4));
#206 = VECTOR('',#207,1.);
#207 = DIRECTION('',(1.,0.,0.));
#208 = FACE_BOUND('',#209,.F.);
#209 = EDGE_LOOP('',(#210));
#210 = ORIENTED_EDGE('',*,*,#211,.T.);
#211 = EDGE_CURVE('',#212,#212,#214,.T.);
#212 = VERTEX_POINT('',#213);
#213 = CARTESIAN_POINT('',(9.575,-3.,2.45));
#214 = CIRCLE('',#215,1.175);
#215 = AXIS2_PLACEMENT_3D('',#216,#217,#218);
#216 = CARTESIAN_POINT('',(8.4,-3.,2.45));
#217 = DIRECTION('',(0.,-1.,2.22044604925E-16));
#218 = DIRECTION('',(1.,0.,0.));
#219 = FACE_BOUND('',#220,.F.);
#220 = EDGE_LOOP('',(#221,#231,#239,#247));
#221 = ORIENTED_EDGE('',*,*,#222,.F.);
#222 = EDGE_CURVE('',#223,#225,#227,.T.);
#223 = VERTEX_POINT('',#224);
#224 = CARTESIAN_POINT('',(2.775,-3.,9.85));
#225 = VERTEX_POINT('',#226);
#226 = CARTESIAN_POINT('',(3.225,-3.,9.85));
#227 = LINE('',#228,#229);
#228 = CARTESIAN_POINT('',(2.775,-3.,9.85));
#229 = VECTOR('',#230,1.);
#230 = DIRECTION('',(1.,0.,0.));
#231 = ORIENTED_EDGE('',*,*,#232,.F.);
#232 = EDGE_CURVE('',#233,#223,#235,.T.);
#233 = VERTEX_POINT('',#234);
#234 = CARTESIAN_POINT('',(2.6,-3.,8.85));
#235 = LINE('',#236,#237);
#236 = CARTESIAN_POINT('',(2.6,-3.,8.85));
#237 = VECTOR('',#238,1.);
#238 = DIRECTION('',(0.172380331752,2.187207009187E-16,0.985030467156));
#239 = ORIENTED_EDGE('',*,*,#240,.F.);
#240 = EDGE_CURVE('',#241,#233,#243,.T.);
#241 = VERTEX_POINT('',#242);
#242 = CARTESIAN_POINT('',(3.4,-3.,8.85));
#243 = LINE('',#244,#245);
#244 = CARTESIAN_POINT('',(3.4,-3.,8.85));
#245 = VECTOR('',#246,1.);
#246 = DIRECTION('',(-1.,0.,0.));
#247 = ORIENTED_EDGE('',*,*,#248,.F.);
#248 = EDGE_CURVE('',#225,#241,#249,.T.);
#249 = LINE('',#250,#251);
#250 = CARTESIAN_POINT('',(3.225,-3.,9.85));
#251 = VECTOR('',#252,1.);
#252 = DIRECTION('',(0.172380331752,-2.187207009187E-16,-0.985030467156)
  );
#253 = PLANE('',#254);
#254 = AXIS2_PLACEMENT_3D('',#255,#256,#257);
#255 = CARTESIAN_POINT('',(9.315228943467,-3.,4.790971752071));
#256 = DIRECTION('',(0.,1.,0.));
#257 = DIRECTION('',(0.,0.,1.));
#258 = ADVANCED_FACE('',(#259),#285,.T.);
#259 = FACE_BOUND('',#260,.F.);
#260 = EDGE_LOOP('',(#261,#269,#270,#278));
#261 = ORIENTED_EDGE('',*,*,#262,.F.);
#262 = EDGE_CURVE('',#60,#263,#265,.T.);
#263 = VERTEX_POINT('',#264);
#264 = CARTESIAN_POINT('',(0.,3.,1.));
#265 = LINE('',#266,#267);
#266 = CARTESIAN_POINT('',(0.,-6.661338147751E-16,1.));
#267 = VECTOR('',#268,1.);
#268 = DIRECTION('',(0.,1.,6.661338147751E-16));
#269 = ORIENTED_EDGE('',*,*,#59,.T.);
#270 = ORIENTED_EDGE('',*,*,#271,.F.);
#271 = EDGE_CURVE('',#272,#62,#274,.T.);
#272 = VERTEX_POINT('',#273);
#273 = CARTESIAN_POINT('',(0.6,3.,0.4));
#274 = LINE('',#275,#276);
#275 = CARTESIAN_POINT('',(0.6,8.881784197001E-17,0.4));
#276 = VECTOR('',#277,1.);
#277 = DIRECTION('',(0.,-1.,2.22044604925E-16));
#278 = ORIENTED_EDGE('',*,*,#279,.F.);
#279 = EDGE_CURVE('',#263,#272,#280,.T.);
#280 = CIRCLE('',#281,0.6);
#281 = AXIS2_PLACEMENT_3D('',#282,#283,#284);
#282 = CARTESIAN_POINT('',(0.6,3.,1.));
#283 = DIRECTION('',(0.,-1.,-6.661338147751E-16));
#284 = DIRECTION('',(1.,0.,0.));
#285 = CYLINDRICAL_SURFACE('',#286,0.6);
#286 = AXIS2_PLACEMENT_3D('',#287,#288,#289);
#287 = CARTESIAN_POINT('',(0.6,2.22044604925E-16,1.));
#288 = DIRECTION('',(0.,1.,-2.22044604925E-16));
#289 = DIRECTION('',(1.,0.,0.));
#290 = ADVANCED_FACE('',(#291),#309,.T.);
#291 = FACE_BOUND('',#292,.T.);
#292 = EDGE_LOOP('',(#293,#294,#302,#308));
#293 = ORIENTED_EDGE('',*,*,#271,.F.);
#294 = ORIENTED_EDGE('',*,*,#295,.T.);
#295 = EDGE_CURVE('',#272,#296,#298,.T.);
#296 = VERTEX_POINT('',#297);
#297 = CARTESIAN_POINT('',(3.3,3.,0.4));
#298 = LINE('',#299,#300);
#299 = CARTESIAN_POINT('',(0.6,3.,0.4));
#300 = VECTOR('',#301,1.);
#301 = DIRECTION('',(1.,0.,0.));
#302 = ORIENTED_EDGE('',*,*,#303,.F.);
#303 = EDGE_CURVE('',#196,#296,#304,.T.);
#304 = LINE('',#305,#306);
#305 = CARTESIAN_POINT('',(3.3,-2.6645352591E-16,0.4));
#306 = VECTOR('',#307,1.);
#307 = DIRECTION('',(0.,1.,6.661338147751E-16));
#308 = ORIENTED_EDGE('',*,*,#203,.F.);
#309 = PLANE('',#310);
#310 = AXIS2_PLACEMENT_3D('',#311,#312,#313);
#311 = CARTESIAN_POINT('',(1.95,-8.881784197001E-17,0.4));
#312 = DIRECTION('',(0.,2.22044604925E-16,-1.));
#313 = DIRECTION('',(0.,1.,2.22044604925E-16));
#314 = ADVANCED_FACE('',(#315),#340,.T.);
#315 = FACE_BOUND('',#316,.T.);
#316 = EDGE_LOOP('',(#317,#325,#333,#339));
#317 = ORIENTED_EDGE('',*,*,#318,.T.);
#318 = EDGE_CURVE('',#196,#319,#321,.T.);
#319 = VERTEX_POINT('',#320);
#320 = CARTESIAN_POINT('',(3.3,-3.2,0.4));
#321 = LINE('',#322,#323);
#322 = CARTESIAN_POINT('',(3.3,-3.,0.4));
#323 = VECTOR('',#324,1.);
#324 = DIRECTION('',(0.,-1.,2.22044604925E-16));
#325 = ORIENTED_EDGE('',*,*,#326,.T.);
#326 = EDGE_CURVE('',#319,#327,#329,.T.);
#327 = VERTEX_POINT('',#328);
#328 = CARTESIAN_POINT('',(3.3,-3.2,2.9));
#329 = LINE('',#330,#331);
#330 = CARTESIAN_POINT('',(3.3,-3.2,0.4));
#331 = VECTOR('',#332,1.);
#332 = DIRECTION('',(0.,2.22044604925E-16,1.));
#333 = ORIENTED_EDGE('',*,*,#334,.F.);
#334 = EDGE_CURVE('',#187,#327,#335,.T.);
#335 = LINE('',#336,#337);
#336 = CARTESIAN_POINT('',(3.3,-3.,2.9));
#337 = VECTOR('',#338,1.);
#338 = DIRECTION('',(0.,-1.,2.22044604925E-16));
#339 = ORIENTED_EDGE('',*,*,#195,.F.);
#340 = PLANE('',#341);
#341 = AXIS2_PLACEMENT_3D('',#342,#343,#344);
#342 = CARTESIAN_POINT('',(3.3,-3.,0.4));
#343 = DIRECTION('',(-1.,0.,0.));
#344 = DIRECTION('',(0.,2.22044604925E-16,1.));
#345 = ADVANCED_FACE('',(#346),#365,.T.);
#346 = FACE_BOUND('',#347,.F.);
#347 = EDGE_LOOP('',(#348,#356,#363,#364));
#348 = ORIENTED_EDGE('',*,*,#349,.T.);
#349 = EDGE_CURVE('',#179,#350,#352,.T.);
#350 = VERTEX_POINT('',#351);
#351 = CARTESIAN_POINT('',(6.900000000011,-3.2,2.899999999984));
#352 = LINE('',#353,#354);
#353 = CARTESIAN_POINT('',(6.900000000011,-3.,2.899999999984));
#354 = VECTOR('',#355,1.);
#355 = DIRECTION('',(0.,-1.,2.22044604925E-16));
#356 = ORIENTED_EDGE('',*,*,#357,.T.);
#357 = EDGE_CURVE('',#350,#327,#358,.T.);
#358 = CIRCLE('',#359,1.8);
#359 = AXIS2_PLACEMENT_3D('',#360,#361,#362);
#360 = CARTESIAN_POINT('',(5.1,-3.2,2.9));
#361 = DIRECTION('',(0.,-1.,2.22044604925E-16));
#362 = DIRECTION('',(1.,0.,0.));
#363 = ORIENTED_EDGE('',*,*,#334,.F.);
#364 = ORIENTED_EDGE('',*,*,#186,.F.);
#365 = CYLINDRICAL_SURFACE('',#366,1.8);
#366 = AXIS2_PLACEMENT_3D('',#367,#368,#369);
#367 = CARTESIAN_POINT('',(5.1,-3.,2.9));
#368 = DIRECTION('',(0.,1.,-2.22044604925E-16));
#369 = DIRECTION('',(1.,0.,0.));
#370 = ADVANCED_FACE('',(#371),#389,.T.);
#371 = FACE_BOUND('',#372,.T.);
#372 = EDGE_LOOP('',(#373,#374,#382,#388));
#373 = ORIENTED_EDGE('',*,*,#349,.T.);
#374 = ORIENTED_EDGE('',*,*,#375,.T.);
#375 = EDGE_CURVE('',#350,#376,#378,.T.);
#376 = VERTEX_POINT('',#377);
#377 = CARTESIAN_POINT('',(6.9,-3.2,0.4));
#378 = LINE('',#379,#380);
#379 = CARTESIAN_POINT('',(6.900000000022,-3.2,2.899999999984));
#380 = VECTOR('',#381,1.);
#381 = DIRECTION('',(-8.807887752538E-12,-2.22044604925E-16,-1.));
#382 = ORIENTED_EDGE('',*,*,#383,.F.);
#383 = EDGE_CURVE('',#171,#376,#384,.T.);
#384 = LINE('',#385,#386);
#385 = CARTESIAN_POINT('',(6.9,-3.,0.4));
#386 = VECTOR('',#387,1.);
#387 = DIRECTION('',(0.,-1.,2.22044604925E-16));
#388 = ORIENTED_EDGE('',*,*,#178,.F.);
#389 = PLANE('',#390);
#390 = AXIS2_PLACEMENT_3D('',#391,#392,#393);
#391 = CARTESIAN_POINT('',(6.900000000022,-3.,2.899999999984));
#392 = DIRECTION('',(1.,-1.955743956236E-27,-8.807887752538E-12));
#393 = DIRECTION('',(-8.807887752538E-12,-2.22044604925E-16,-1.));
#394 = ADVANCED_FACE('',(#395),#420,.T.);
#395 = FACE_BOUND('',#396,.T.);
#396 = EDGE_LOOP('',(#397,#405,#413,#419));
#397 = ORIENTED_EDGE('',*,*,#398,.F.);
#398 = EDGE_CURVE('',#399,#171,#401,.T.);
#399 = VERTEX_POINT('',#400);
#400 = CARTESIAN_POINT('',(6.9,3.,0.4));
#401 = LINE('',#402,#403);
#402 = CARTESIAN_POINT('',(6.9,8.881784197001E-17,0.4));
#403 = VECTOR('',#404,1.);
#404 = DIRECTION('',(0.,-1.,2.22044604925E-16));
#405 = ORIENTED_EDGE('',*,*,#406,.T.);
#406 = EDGE_CURVE('',#399,#407,#409,.T.);
#407 = VERTEX_POINT('',#408);
#408 = CARTESIAN_POINT('',(12.8,3.,0.4));
#409 = LINE('',#410,#411);
#410 = CARTESIAN_POINT('',(6.9,3.,0.4));
#411 = VECTOR('',#412,1.);
#412 = DIRECTION('',(1.,0.,0.));
#413 = ORIENTED_EDGE('',*,*,#414,.F.);
#414 = EDGE_CURVE('',#163,#407,#415,.T.);
#415 = LINE('',#416,#417);
#416 = CARTESIAN_POINT('',(12.8,-2.6645352591E-16,0.4));
#417 = VECTOR('',#418,1.);
#418 = DIRECTION('',(0.,1.,6.661338147751E-16));
#419 = ORIENTED_EDGE('',*,*,#170,.F.);
#420 = PLANE('',#421);
#421 = AXIS2_PLACEMENT_3D('',#422,#423,#424);
#422 = CARTESIAN_POINT('',(9.85,-8.881784197001E-17,0.4));
#423 = DIRECTION('',(0.,2.22044604925E-16,-1.));
#424 = DIRECTION('',(0.,1.,2.22044604925E-16));
#425 = ADVANCED_FACE('',(#426),#451,.T.);
#426 = FACE_BOUND('',#427,.T.);
#427 = EDGE_LOOP('',(#428,#436,#444,#450));
#428 = ORIENTED_EDGE('',*,*,#429,.T.);
#429 = EDGE_CURVE('',#163,#430,#432,.T.);
#430 = VERTEX_POINT('',#431);
#431 = CARTESIAN_POINT('',(12.8,-3.2,0.4));
#432 = LINE('',#433,#434);
#433 = CARTESIAN_POINT('',(12.8,-3.,0.4));
#434 = VECTOR('',#435,1.);
#435 = DIRECTION('',(0.,-1.,2.22044604925E-16));
#436 = ORIENTED_EDGE('',*,*,#437,.T.);
#437 = EDGE_CURVE('',#430,#438,#440,.T.);
#438 = VERTEX_POINT('',#439);
#439 = CARTESIAN_POINT('',(12.8,-3.2,2.900000000014));
#440 = LINE('',#441,#442);
#441 = CARTESIAN_POINT('',(12.8,-3.2,0.4));
#442 = VECTOR('',#443,1.);
#443 = DIRECTION('',(0.,2.22044604925E-16,1.));
#444 = ORIENTED_EDGE('',*,*,#445,.F.);
#445 = EDGE_CURVE('',#154,#438,#446,.T.);
#446 = LINE('',#447,#448);
#447 = CARTESIAN_POINT('',(12.8,-3.,2.900000000014));
#448 = VECTOR('',#449,1.);
#449 = DIRECTION('',(0.,-1.,2.22044604925E-16));
#450 = ORIENTED_EDGE('',*,*,#162,.F.);
#451 = PLANE('',#452);
#452 = AXIS2_PLACEMENT_3D('',#453,#454,#455);
#453 = CARTESIAN_POINT('',(12.8,-3.,0.4));
#454 = DIRECTION('',(-1.,0.,0.));
#455 = DIRECTION('',(0.,2.22044604925E-16,1.));
#456 = ADVANCED_FACE('',(#457),#476,.T.);
#457 = FACE_BOUND('',#458,.F.);
#458 = EDGE_LOOP('',(#459,#467,#474,#475));
#459 = ORIENTED_EDGE('',*,*,#460,.T.);
#460 = EDGE_CURVE('',#146,#461,#463,.T.);
#461 = VERTEX_POINT('',#462);
#462 = CARTESIAN_POINT('',(16.400000000033,-3.2,2.899999999966));
#463 = LINE('',#464,#465);
#464 = CARTESIAN_POINT('',(16.400000000033,-3.,2.899999999966));
#465 = VECTOR('',#466,1.);
#466 = DIRECTION('',(0.,-1.,2.22044604925E-16));
#467 = ORIENTED_EDGE('',*,*,#468,.T.);
#468 = EDGE_CURVE('',#461,#438,#469,.T.);
#469 = CIRCLE('',#470,1.8);
#470 = AXIS2_PLACEMENT_3D('',#471,#472,#473);
#471 = CARTESIAN_POINT('',(14.6,-3.2,2.900000000014));
#472 = DIRECTION('',(0.,-1.,2.22044604925E-16));
#473 = DIRECTION('',(1.,0.,0.));
#474 = ORIENTED_EDGE('',*,*,#445,.F.);
#475 = ORIENTED_EDGE('',*,*,#153,.F.);
#476 = CYLINDRICAL_SURFACE('',#477,1.8);
#477 = AXIS2_PLACEMENT_3D('',#478,#479,#480);
#478 = CARTESIAN_POINT('',(14.6,-3.,2.900000000014));
#479 = DIRECTION('',(0.,1.,-2.22044604925E-16));
#480 = DIRECTION('',(1.,0.,0.));
#481 = ADVANCED_FACE('',(#482),#500,.T.);
#482 = FACE_BOUND('',#483,.T.);
#483 = EDGE_LOOP('',(#484,#485,#493,#499));
#484 = ORIENTED_EDGE('',*,*,#460,.T.);
#485 = ORIENTED_EDGE('',*,*,#486,.T.);
#486 = EDGE_CURVE('',#461,#487,#489,.T.);
#487 = VERTEX_POINT('',#488);
#488 = CARTESIAN_POINT('',(16.4,-3.2,0.4));
#489 = LINE('',#490,#491);
#490 = CARTESIAN_POINT('',(16.400000000067,-3.2,2.899999999966));
#491 = VECTOR('',#492,1.);
#492 = DIRECTION('',(-2.673061771966E-11,-2.22044604925E-16,-1.));
#493 = ORIENTED_EDGE('',*,*,#494,.F.);
#494 = EDGE_CURVE('',#138,#487,#495,.T.);
#495 = LINE('',#496,#497);
#496 = CARTESIAN_POINT('',(16.4,-3.,0.4));
#497 = VECTOR('',#498,1.);
#498 = DIRECTION('',(0.,-1.,2.22044604925E-16));
#499 = ORIENTED_EDGE('',*,*,#145,.F.);
#500 = PLANE('',#501);
#501 = AXIS2_PLACEMENT_3D('',#502,#503,#504);
#502 = CARTESIAN_POINT('',(16.400000000067,-3.,2.899999999966));
#503 = DIRECTION('',(1.,-5.935389450964E-27,-2.673061771966E-11));
#504 = DIRECTION('',(-2.673061771966E-11,-2.22044604925E-16,-1.));
#505 = ADVANCED_FACE('',(#506),#531,.T.);
#506 = FACE_BOUND('',#507,.T.);
#507 = EDGE_LOOP('',(#508,#516,#524,#530));
#508 = ORIENTED_EDGE('',*,*,#509,.F.);
#509 = EDGE_CURVE('',#510,#138,#512,.T.);
#510 = VERTEX_POINT('',#511);
#511 = CARTESIAN_POINT('',(16.4,3.,0.4));
#512 = LINE('',#513,#514);
#513 = CARTESIAN_POINT('',(16.4,8.881784197001E-17,0.4));
#514 = VECTOR('',#515,1.);
#515 = DIRECTION('',(0.,-1.,2.22044604925E-16));
#516 = ORIENTED_EDGE('',*,*,#517,.T.);
#517 = EDGE_CURVE('',#510,#518,#520,.T.);
#518 = VERTEX_POINT('',#519);
#519 = CARTESIAN_POINT('',(19.2,3.,0.4));
#520 = LINE('',#521,#522);
#521 = CARTESIAN_POINT('',(16.4,3.,0.4));
#522 = VECTOR('',#523,1.);
#523 = DIRECTION('',(1.,0.,0.));
#524 = ORIENTED_EDGE('',*,*,#525,.F.);
#525 = EDGE_CURVE('',#129,#518,#526,.T.);
#526 = LINE('',#527,#528);
#527 = CARTESIAN_POINT('',(19.2,-2.6645352591E-16,0.4));
#528 = VECTOR('',#529,1.);
#529 = DIRECTION('',(0.,1.,6.661338147751E-16));
#530 = ORIENTED_EDGE('',*,*,#137,.F.);
#531 = PLANE('',#532);
#532 = AXIS2_PLACEMENT_3D('',#533,#534,#535);
#533 = CARTESIAN_POINT('',(17.8,-8.881784197001E-17,0.4));
#534 = DIRECTION('',(0.,2.22044604925E-16,-1.));
#535 = DIRECTION('',(0.,1.,2.22044604925E-16));
#536 = ADVANCED_FACE('',(#537),#556,.T.);
#537 = FACE_BOUND('',#538,.F.);
#538 = EDGE_LOOP('',(#539,#540,#541,#549));
#539 = ORIENTED_EDGE('',*,*,#525,.F.);
#540 = ORIENTED_EDGE('',*,*,#128,.T.);
#541 = ORIENTED_EDGE('',*,*,#542,.F.);
#542 = EDGE_CURVE('',#543,#121,#545,.T.);
#543 = VERTEX_POINT('',#544);
#544 = CARTESIAN_POINT('',(19.8,3.,1.));
#545 = LINE('',#546,#547);
#546 = CARTESIAN_POINT('',(19.8,2.22044604925E-16,1.));
#547 = VECTOR('',#548,1.);
#548 = DIRECTION('',(0.,-1.,2.22044604925E-16));
#549 = ORIENTED_EDGE('',*,*,#550,.F.);
#550 = EDGE_CURVE('',#518,#543,#551,.T.);
#551 = CIRCLE('',#552,0.6);
#552 = AXIS2_PLACEMENT_3D('',#553,#554,#555);
#553 = CARTESIAN_POINT('',(19.2,3.,1.));
#554 = DIRECTION('',(0.,-1.,-6.661338147751E-16));
#555 = DIRECTION('',(1.,0.,0.));
#556 = CYLINDRICAL_SURFACE('',#557,0.6);
#557 = AXIS2_PLACEMENT_3D('',#558,#559,#560);
#558 = CARTESIAN_POINT('',(19.2,2.22044604925E-16,1.));
#559 = DIRECTION('',(0.,1.,-2.22044604925E-16));
#560 = DIRECTION('',(1.,0.,0.));
#561 = ADVANCED_FACE('',(#562),#580,.T.);
#562 = FACE_BOUND('',#563,.T.);
#563 = EDGE_LOOP('',(#564,#565,#566,#574));
#564 = ORIENTED_EDGE('',*,*,#120,.T.);
#565 = ORIENTED_EDGE('',*,*,#542,.F.);
#566 = ORIENTED_EDGE('',*,*,#567,.F.);
#567 = EDGE_CURVE('',#568,#543,#570,.T.);
#568 = VERTEX_POINT('',#569);
#569 = CARTESIAN_POINT('',(19.8,3.,8.7));
#570 = LINE('',#571,#572);
#571 = CARTESIAN_POINT('',(19.8,3.,8.7));
#572 = VECTOR('',#573,1.);
#573 = DIRECTION('',(0.,6.661338147751E-16,-1.));
#574 = ORIENTED_EDGE('',*,*,#575,.F.);
#575 = EDGE_CURVE('',#112,#568,#576,.T.);
#576 = LINE('',#577,#578);
#577 = CARTESIAN_POINT('',(19.8,-5.795364188543E-15,8.7));
#578 = VECTOR('',#579,1.);
#579 = DIRECTION('',(0.,1.,6.661338147751E-16));
#580 = PLANE('',#581);
#581 = AXIS2_PLACEMENT_3D('',#582,#583,#584);
#582 = CARTESIAN_POINT('',(19.8,-8.824247091345E-16,4.85));
#583 = DIRECTION('',(1.,0.,0.));
#584 = DIRECTION('',(0.,-1.,-2.22044604925E-16));
#585 = ADVANCED_FACE('',(#586),#605,.T.);
#586 = FACE_BOUND('',#587,.F.);
#587 = EDGE_LOOP('',(#588,#589,#590,#598));
#588 = ORIENTED_EDGE('',*,*,#575,.F.);
#589 = ORIENTED_EDGE('',*,*,#111,.T.);
#590 = ORIENTED_EDGE('',*,*,#591,.F.);
#591 = EDGE_CURVE('',#592,#104,#594,.T.);
#592 = VERTEX_POINT('',#593);
#593 = CARTESIAN_POINT('',(18.6,3.,9.9));
#594 = LINE('',#595,#596);
#595 = CARTESIAN_POINT('',(18.6,2.198241588758E-15,9.9));
#596 = VECTOR('',#597,1.);
#597 = DIRECTION('',(0.,-1.,2.22044604925E-16));
#598 = ORIENTED_EDGE('',*,*,#599,.F.);
#599 = EDGE_CURVE('',#568,#592,#600,.T.);
#600 = CIRCLE('',#601,1.2);
#601 = AXIS2_PLACEMENT_3D('',#602,#603,#604);
#602 = CARTESIAN_POINT('',(18.6,3.,8.7));
#603 = DIRECTION('',(0.,-1.,-6.661338147751E-16));
#604 = DIRECTION('',(1.,0.,0.));
#605 = CYLINDRICAL_SURFACE('',#606,1.2);
#606 = AXIS2_PLACEMENT_3D('',#607,#608,#609);
#607 = CARTESIAN_POINT('',(18.6,1.931788062848E-15,8.7));
#608 = DIRECTION('',(0.,1.,-2.22044604925E-16));
#609 = DIRECTION('',(1.,0.,0.));
#610 = ADVANCED_FACE('',(#611),#629,.T.);
#611 = FACE_BOUND('',#612,.T.);
#612 = EDGE_LOOP('',(#613,#614,#615,#623));
#613 = ORIENTED_EDGE('',*,*,#103,.T.);
#614 = ORIENTED_EDGE('',*,*,#591,.F.);
#615 = ORIENTED_EDGE('',*,*,#616,.F.);
#616 = EDGE_CURVE('',#617,#592,#619,.T.);
#617 = VERTEX_POINT('',#618);
#618 = CARTESIAN_POINT('',(9.9,3.,9.9));
#619 = LINE('',#620,#621);
#620 = CARTESIAN_POINT('',(9.9,3.,9.9));
#621 = VECTOR('',#622,1.);
#622 = DIRECTION('',(1.,0.,0.));
#623 = ORIENTED_EDGE('',*,*,#624,.F.);
#624 = EDGE_CURVE('',#96,#617,#625,.T.);
#625 = LINE('',#626,#627);
#626 = CARTESIAN_POINT('',(9.9,-6.594724766273E-15,9.9));
#627 = VECTOR('',#628,1.);
#628 = DIRECTION('',(0.,1.,6.661338147751E-16));
#629 = PLANE('',#630);
#630 = AXIS2_PLACEMENT_3D('',#631,#632,#633);
#631 = CARTESIAN_POINT('',(14.25,-2.349292340407E-15,9.9));
#632 = DIRECTION('',(0.,-2.22044604925E-16,1.));
#633 = DIRECTION('',(0.,-1.,-2.22044604925E-16));
#634 = ADVANCED_FACE('',(#635),#653,.T.);
#635 = FACE_BOUND('',#636,.T.);
#636 = EDGE_LOOP('',(#637,#645,#646,#647));
#637 = ORIENTED_EDGE('',*,*,#638,.T.);
#638 = EDGE_CURVE('',#639,#88,#641,.T.);
#639 = VERTEX_POINT('',#640);
#640 = CARTESIAN_POINT('',(9.1,3.,10.7));
#641 = LINE('',#642,#643);
#642 = CARTESIAN_POINT('',(9.1,2.375877272698E-15,10.7));
#643 = VECTOR('',#644,1.);
#644 = DIRECTION('',(0.,-1.,2.22044604925E-16));
#645 = ORIENTED_EDGE('',*,*,#95,.T.);
#646 = ORIENTED_EDGE('',*,*,#624,.T.);
#647 = ORIENTED_EDGE('',*,*,#648,.F.);
#648 = EDGE_CURVE('',#639,#617,#649,.T.);
#649 = LINE('',#650,#651);
#650 = CARTESIAN_POINT('',(9.1,3.,10.7));
#651 = VECTOR('',#652,1.);
#652 = DIRECTION('',(0.707106781187,4.710277376051E-16,-0.707106781187)
  );
#653 = PLANE('',#654);
#654 = AXIS2_PLACEMENT_3D('',#655,#656,#657);
#655 = CARTESIAN_POINT('',(9.5,-2.349332059539E-15,10.3));
#656 = DIRECTION('',(0.707106781187,-1.570092458684E-16,0.707106781187)
  );
#657 = DIRECTION('',(-0.707106781187,-1.570092458684E-16,0.707106781187)
  );
#658 = ADVANCED_FACE('',(#659,#677,#711),#745,.T.);
#659 = FACE_BOUND('',#660,.T.);
#660 = EDGE_LOOP('',(#661,#662,#670,#676));
#661 = ORIENTED_EDGE('',*,*,#638,.F.);
#662 = ORIENTED_EDGE('',*,*,#663,.F.);
#663 = EDGE_CURVE('',#664,#639,#666,.T.);
#664 = VERTEX_POINT('',#665);
#665 = CARTESIAN_POINT('',(1.2,3.,10.7));
#666 = LINE('',#667,#668);
#667 = CARTESIAN_POINT('',(1.2,3.,10.7));
#668 = VECTOR('',#669,1.);
#669 = DIRECTION('',(1.,0.,0.));
#670 = ORIENTED_EDGE('',*,*,#671,.F.);
#671 = EDGE_CURVE('',#79,#664,#672,.T.);
#672 = LINE('',#673,#674);
#673 = CARTESIAN_POINT('',(1.2,-7.127631818094E-15,10.7));
#674 = VECTOR('',#675,1.);
#675 = DIRECTION('',(0.,1.,6.661338147751E-16));
#676 = ORIENTED_EDGE('',*,*,#87,.T.);
#677 = FACE_BOUND('',#678,.T.);
#678 = EDGE_LOOP('',(#679,#689,#697,#705));
#679 = ORIENTED_EDGE('',*,*,#680,.F.);
#680 = EDGE_CURVE('',#681,#683,#685,.T.);
#681 = VERTEX_POINT('',#682);
#682 = CARTESIAN_POINT('',(2.7,2.25,10.7));
#683 = VERTEX_POINT('',#684);
#684 = CARTESIAN_POINT('',(2.7,-2.25,10.7));
#685 = LINE('',#686,#687);
#686 = CARTESIAN_POINT('',(2.7,2.375877272698E-15,10.7));
#687 = VECTOR('',#688,1.);
#688 = DIRECTION('',(0.,-1.,0.));
#689 = ORIENTED_EDGE('',*,*,#690,.T.);
#690 = EDGE_CURVE('',#681,#691,#693,.T.);
#691 = VERTEX_POINT('',#692);
#692 = CARTESIAN_POINT('',(3.3,2.25,10.7));
#693 = LINE('',#694,#695);
#694 = CARTESIAN_POINT('',(2.7,2.25,10.7));
#695 = VECTOR('',#696,1.);
#696 = DIRECTION('',(1.,0.,0.));
#697 = ORIENTED_EDGE('',*,*,#698,.T.);
#698 = EDGE_CURVE('',#691,#699,#701,.T.);
#699 = VERTEX_POINT('',#700);
#700 = CARTESIAN_POINT('',(3.3,-2.25,10.7));
#701 = LINE('',#702,#703);
#702 = CARTESIAN_POINT('',(3.3,2.25,10.7));
#703 = VECTOR('',#704,1.);
#704 = DIRECTION('',(0.,-1.,-4.440892098501E-16));
#705 = ORIENTED_EDGE('',*,*,#706,.F.);
#706 = EDGE_CURVE('',#683,#699,#707,.T.);
#707 = LINE('',#708,#709);
#708 = CARTESIAN_POINT('',(2.7,-2.25,10.7));
#709 = VECTOR('',#710,1.);
#710 = DIRECTION('',(1.,0.,0.));
#711 = FACE_BOUND('',#712,.T.);
#712 = EDGE_LOOP('',(#713,#723,#731,#739));
#713 = ORIENTED_EDGE('',*,*,#714,.F.);
#714 = EDGE_CURVE('',#715,#717,#719,.T.);
#715 = VERTEX_POINT('',#716);
#716 = CARTESIAN_POINT('',(6.,1.65,10.7));
#717 = VERTEX_POINT('',#718);
#718 = CARTESIAN_POINT('',(6.,-1.65,10.7));
#719 = LINE('',#720,#721);
#720 = CARTESIAN_POINT('',(6.,2.375877272698E-15,10.7));
#721 = VECTOR('',#722,1.);
#722 = DIRECTION('',(0.,-1.,0.));
#723 = ORIENTED_EDGE('',*,*,#724,.T.);
#724 = EDGE_CURVE('',#715,#725,#727,.T.);
#725 = VERTEX_POINT('',#726);
#726 = CARTESIAN_POINT('',(8.1,1.65,10.7));
#727 = LINE('',#728,#729);
#728 = CARTESIAN_POINT('',(6.,1.65,10.7));
#729 = VECTOR('',#730,1.);
#730 = DIRECTION('',(1.,0.,0.));
#731 = ORIENTED_EDGE('',*,*,#732,.T.);
#732 = EDGE_CURVE('',#725,#733,#735,.T.);
#733 = VERTEX_POINT('',#734);
#734 = CARTESIAN_POINT('',(8.1,-1.65,10.7));
#735 = LINE('',#736,#737);
#736 = CARTESIAN_POINT('',(8.1,1.65,10.7));
#737 = VECTOR('',#738,1.);
#738 = DIRECTION('',(0.,-1.,-4.440892098501E-16));
#739 = ORIENTED_EDGE('',*,*,#740,.F.);
#740 = EDGE_CURVE('',#717,#733,#741,.T.);
#741 = LINE('',#742,#743);
#742 = CARTESIAN_POINT('',(6.,-1.65,10.7));
#743 = VECTOR('',#744,1.);
#744 = DIRECTION('',(1.,0.,0.));
#745 = PLANE('',#746);
#746 = AXIS2_PLACEMENT_3D('',#747,#748,#749);
#747 = CARTESIAN_POINT('',(5.15,-2.50367272877E-15,10.7));
#748 = DIRECTION('',(0.,-2.22044604925E-16,1.));
#749 = DIRECTION('',(0.,-1.,-2.22044604925E-16));
#750 = ADVANCED_FACE('',(#751),#770,.T.);
#751 = FACE_BOUND('',#752,.F.);
#752 = EDGE_LOOP('',(#753,#754,#755,#763));
#753 = ORIENTED_EDGE('',*,*,#671,.F.);
#754 = ORIENTED_EDGE('',*,*,#78,.T.);
#755 = ORIENTED_EDGE('',*,*,#756,.F.);
#756 = EDGE_CURVE('',#757,#71,#759,.T.);
#757 = VERTEX_POINT('',#758);
#758 = CARTESIAN_POINT('',(0.,3.,9.5));
#759 = LINE('',#760,#761);
#760 = CARTESIAN_POINT('',(0.,2.109423746788E-15,9.5));
#761 = VECTOR('',#762,1.);
#762 = DIRECTION('',(0.,-1.,2.22044604925E-16));
#763 = ORIENTED_EDGE('',*,*,#764,.F.);
#764 = EDGE_CURVE('',#664,#757,#765,.T.);
#765 = CIRCLE('',#766,1.2);
#766 = AXIS2_PLACEMENT_3D('',#767,#768,#769);
#767 = CARTESIAN_POINT('',(1.2,3.,9.5));
#768 = DIRECTION('',(0.,-1.,-6.661338147751E-16));
#769 = DIRECTION('',(1.,0.,0.));
#770 = CYLINDRICAL_SURFACE('',#771,1.2);
#771 = AXIS2_PLACEMENT_3D('',#772,#773,#774);
#772 = CARTESIAN_POINT('',(1.2,2.109423746788E-15,9.5));
#773 = DIRECTION('',(0.,1.,-2.22044604925E-16));
#774 = DIRECTION('',(1.,0.,0.));
#775 = ADVANCED_FACE('',(#776),#787,.T.);
#776 = FACE_BOUND('',#777,.T.);
#777 = EDGE_LOOP('',(#778,#779,#780,#786));
#778 = ORIENTED_EDGE('',*,*,#70,.T.);
#779 = ORIENTED_EDGE('',*,*,#756,.F.);
#780 = ORIENTED_EDGE('',*,*,#781,.F.);
#781 = EDGE_CURVE('',#263,#757,#782,.T.);
#782 = LINE('',#783,#784);
#783 = CARTESIAN_POINT('',(0.,3.,1.));
#784 = VECTOR('',#785,1.);
#785 = DIRECTION('',(0.,-6.661338147751E-16,1.));
#786 = ORIENTED_EDGE('',*,*,#262,.F.);
#787 = PLANE('',#788);
#788 = AXIS2_PLACEMENT_3D('',#789,#790,#791);
#789 = CARTESIAN_POINT('',(0.,-9.819731235047E-16,5.25));
#790 = DIRECTION('',(-1.,0.,0.));
#791 = DIRECTION('',(0.,1.,2.22044604925E-16));
#792 = ADVANCED_FACE('',(#793),#811,.F.);
#793 = FACE_BOUND('',#794,.T.);
#794 = EDGE_LOOP('',(#795,#804,#809,#810));
#795 = ORIENTED_EDGE('',*,*,#796,.F.);
#796 = EDGE_CURVE('',#797,#797,#799,.T.);
#797 = VERTEX_POINT('',#798);
#798 = CARTESIAN_POINT('',(9.575,-2.7,2.45));
#799 = CIRCLE('',#800,1.175);
#800 = AXIS2_PLACEMENT_3D('',#801,#802,#803);
#801 = CARTESIAN_POINT('',(8.4,-2.7,2.45));
#802 = DIRECTION('',(0.,-1.,2.22044604925E-16));
#803 = DIRECTION('',(1.,0.,0.));
#804 = ORIENTED_EDGE('',*,*,#805,.F.);
#805 = EDGE_CURVE('',#212,#797,#806,.T.);
#806 = B_SPLINE_CURVE_WITH_KNOTS('',1,(#807,#808),.UNSPECIFIED.,.F.,.F.,
  (2,2),(-3.,3.),.PIECEWISE_BEZIER_KNOTS.);
#807 = CARTESIAN_POINT('',(9.575,-3.,2.45));
#808 = CARTESIAN_POINT('',(9.575,3.,2.45));
#809 = ORIENTED_EDGE('',*,*,#211,.T.);
#810 = ORIENTED_EDGE('',*,*,#805,.T.);
#811 = CYLINDRICAL_SURFACE('',#812,1.175);
#812 = AXIS2_PLACEMENT_3D('',#813,#814,#815);
#813 = CARTESIAN_POINT('',(8.4,5.440092820663E-16,2.45));
#814 = DIRECTION('',(0.,1.,-2.22044604925E-16));
#815 = DIRECTION('',(1.,0.,0.));
#816 = ADVANCED_FACE('',(#817),#842,.F.);
#817 = FACE_BOUND('',#818,.F.);
#818 = EDGE_LOOP('',(#819,#829,#835,#836));
#819 = ORIENTED_EDGE('',*,*,#820,.F.);
#820 = EDGE_CURVE('',#821,#823,#825,.T.);
#821 = VERTEX_POINT('',#822);
#822 = CARTESIAN_POINT('',(2.775,-2.25,9.85));
#823 = VERTEX_POINT('',#824);
#824 = CARTESIAN_POINT('',(3.225,-2.25,9.85));
#825 = LINE('',#826,#827);
#826 = CARTESIAN_POINT('',(2.7375,-2.25,9.85));
#827 = VECTOR('',#828,1.);
#828 = DIRECTION('',(1.,0.,0.));
#829 = ORIENTED_EDGE('',*,*,#830,.T.);
#830 = EDGE_CURVE('',#821,#223,#831,.T.);
#831 = LINE('',#832,#833);
#832 = CARTESIAN_POINT('',(2.775,2.187139358512E-15,9.85));
#833 = VECTOR('',#834,1.);
#834 = DIRECTION('',(0.,-1.,2.22044604925E-16));
#835 = ORIENTED_EDGE('',*,*,#222,.T.);
#836 = ORIENTED_EDGE('',*,*,#837,.F.);
#837 = EDGE_CURVE('',#823,#225,#838,.T.);
#838 = LINE('',#839,#840);
#839 = CARTESIAN_POINT('',(3.225,2.187139358512E-15,9.85));
#840 = VECTOR('',#841,1.);
#841 = DIRECTION('',(0.,-1.,2.22044604925E-16));
#842 = PLANE('',#843);
#843 = AXIS2_PLACEMENT_3D('',#844,#845,#846);
#844 = CARTESIAN_POINT('',(2.775,2.187139358512E-15,9.85));
#845 = DIRECTION('',(0.,2.22044604925E-16,1.));
#846 = DIRECTION('',(1.,0.,0.));
#847 = ADVANCED_FACE('',(#848),#898,.T.);
#848 = FACE_BOUND('',#849,.T.);
#849 = EDGE_LOOP('',(#850,#858,#859,#860,#868,#876,#884,#892));
#850 = ORIENTED_EDGE('',*,*,#851,.T.);
#851 = EDGE_CURVE('',#852,#821,#854,.T.);
#852 = VERTEX_POINT('',#853);
#853 = CARTESIAN_POINT('',(2.7,-2.25,9.421428571429));
#854 = LINE('',#855,#856);
#855 = CARTESIAN_POINT('',(2.75855063675,-2.25,9.756003638569));
#856 = VECTOR('',#857,1.);
#857 = DIRECTION('',(0.172380331752,0.,0.985030467156));
#858 = ORIENTED_EDGE('',*,*,#830,.T.);
#859 = ORIENTED_EDGE('',*,*,#232,.F.);
#860 = ORIENTED_EDGE('',*,*,#861,.F.);
#861 = EDGE_CURVE('',#862,#233,#864,.T.);
#862 = VERTEX_POINT('',#863);
#863 = CARTESIAN_POINT('',(2.6,3.,8.85));
#864 = LINE('',#865,#866);
#865 = CARTESIAN_POINT('',(2.6,1.965094753587E-15,8.85));
#866 = VECTOR('',#867,1.);
#867 = DIRECTION('',(0.,-1.,2.22044604925E-16));
#868 = ORIENTED_EDGE('',*,*,#869,.T.);
#869 = EDGE_CURVE('',#862,#870,#872,.T.);
#870 = VERTEX_POINT('',#871);
#871 = CARTESIAN_POINT('',(2.775,3.,9.85));
#872 = LINE('',#873,#874);
#873 = CARTESIAN_POINT('',(2.6,3.,8.85));
#874 = VECTOR('',#875,1.);
#875 = DIRECTION('',(0.172380331752,-6.561621027561E-16,0.985030467156)
  );
#876 = ORIENTED_EDGE('',*,*,#877,.F.);
#877 = EDGE_CURVE('',#878,#870,#880,.T.);
#878 = VERTEX_POINT('',#879);
#879 = CARTESIAN_POINT('',(2.775,2.25,9.85));
#880 = LINE('',#881,#882);
#881 = CARTESIAN_POINT('',(2.775,-6.561418075535E-15,9.85));
#882 = VECTOR('',#883,1.);
#883 = DIRECTION('',(0.,1.,6.661338147751E-16));
#884 = ORIENTED_EDGE('',*,*,#885,.F.);
#885 = EDGE_CURVE('',#886,#878,#888,.T.);
#886 = VERTEX_POINT('',#887);
#887 = CARTESIAN_POINT('',(2.7,2.25,9.421428571429));
#888 = LINE('',#889,#890);
#889 = CARTESIAN_POINT('',(2.75855063675,2.25,9.756003638569));
#890 = VECTOR('',#891,1.);
#891 = DIRECTION('',(0.172380331752,-4.374414018374E-16,0.985030467156)
  );
#892 = ORIENTED_EDGE('',*,*,#893,.F.);
#893 = EDGE_CURVE('',#852,#886,#894,.T.);
#894 = LINE('',#895,#896);
#895 = CARTESIAN_POINT('',(2.7,-6.275932154917E-15,9.421428571429));
#896 = VECTOR('',#897,1.);
#897 = DIRECTION('',(0.,1.,6.661338147751E-16));
#898 = PLANE('',#899);
#899 = AXIS2_PLACEMENT_3D('',#900,#901,#902);
#900 = CARTESIAN_POINT('',(2.667769768501,-2.021279300179E-15,
    9.237255820004));
#901 = DIRECTION('',(0.985030467156,3.827612266077E-17,-0.172380331752)
  );
#902 = DIRECTION('',(0.172380331752,-2.187207009187E-16,0.985030467156)
  );
#903 = ADVANCED_FACE('',(#904),#954,.T.);
#904 = FACE_BOUND('',#905,.T.);
#905 = EDGE_LOOP('',(#906,#914,#922,#930,#938,#946,#952,#953));
#906 = ORIENTED_EDGE('',*,*,#907,.T.);
#907 = EDGE_CURVE('',#823,#908,#910,.T.);
#908 = VERTEX_POINT('',#909);
#909 = CARTESIAN_POINT('',(3.3,-2.25,9.421428571429));
#910 = LINE('',#911,#912);
#911 = CARTESIAN_POINT('',(3.145034869618,-2.25,10.306943602183));
#912 = VECTOR('',#913,1.);
#913 = DIRECTION('',(0.172380331752,0.,-0.985030467156));
#914 = ORIENTED_EDGE('',*,*,#915,.F.);
#915 = EDGE_CURVE('',#916,#908,#918,.T.);
#916 = VERTEX_POINT('',#917);
#917 = CARTESIAN_POINT('',(3.3,2.25,9.421428571429));
#918 = LINE('',#919,#920);
#919 = CARTESIAN_POINT('',(3.3,1.125,9.421428571429));
#920 = VECTOR('',#921,1.);
#921 = DIRECTION('',(0.,-1.,-6.661338147751E-16));
#922 = ORIENTED_EDGE('',*,*,#923,.F.);
#923 = EDGE_CURVE('',#924,#916,#926,.T.);
#924 = VERTEX_POINT('',#925);
#925 = CARTESIAN_POINT('',(3.225,2.25,9.85));
#926 = LINE('',#927,#928);
#927 = CARTESIAN_POINT('',(3.145034869618,2.25,10.306943602183));
#928 = VECTOR('',#929,1.);
#929 = DIRECTION('',(0.172380331752,4.374414018374E-16,-0.985030467156)
  );
#930 = ORIENTED_EDGE('',*,*,#931,.T.);
#931 = EDGE_CURVE('',#924,#932,#934,.T.);
#932 = VERTEX_POINT('',#933);
#933 = CARTESIAN_POINT('',(3.225,3.,9.85));
#934 = LINE('',#935,#936);
#935 = CARTESIAN_POINT('',(3.225,-6.561418075535E-15,9.85));
#936 = VECTOR('',#937,1.);
#937 = DIRECTION('',(0.,1.,6.661338147751E-16));
#938 = ORIENTED_EDGE('',*,*,#939,.T.);
#939 = EDGE_CURVE('',#932,#940,#942,.T.);
#940 = VERTEX_POINT('',#941);
#941 = CARTESIAN_POINT('',(3.4,3.,8.85));
#942 = LINE('',#943,#944);
#943 = CARTESIAN_POINT('',(3.225,3.,9.85));
#944 = VECTOR('',#945,1.);
#945 = DIRECTION('',(0.172380331752,6.561621027561E-16,-0.985030467156)
  );
#946 = ORIENTED_EDGE('',*,*,#947,.F.);
#947 = EDGE_CURVE('',#241,#940,#948,.T.);
#948 = LINE('',#949,#950);
#949 = CARTESIAN_POINT('',(3.4,-5.89528426076E-15,8.85));
#950 = VECTOR('',#951,1.);
#951 = DIRECTION('',(0.,1.,6.661338147751E-16));
#952 = ORIENTED_EDGE('',*,*,#248,.F.);
#953 = ORIENTED_EDGE('',*,*,#837,.F.);
#954 = PLANE('',#955);
#955 = AXIS2_PLACEMENT_3D('',#956,#957,#958);
#956 = CARTESIAN_POINT('',(3.332230231499,-2.095788097592E-15,
    9.237255820004));
#957 = DIRECTION('',(-0.985030467156,3.827612266077E-17,-0.172380331752)
  );
#958 = DIRECTION('',(0.172380331752,2.187207009187E-16,-0.985030467156)
  );
#959 = ADVANCED_FACE('',(#960),#971,.T.);
#960 = FACE_BOUND('',#961,.T.);
#961 = EDGE_LOOP('',(#962,#963,#969,#970));
#962 = ORIENTED_EDGE('',*,*,#947,.T.);
#963 = ORIENTED_EDGE('',*,*,#964,.T.);
#964 = EDGE_CURVE('',#940,#862,#965,.T.);
#965 = LINE('',#966,#967);
#966 = CARTESIAN_POINT('',(3.4,3.,8.85));
#967 = VECTOR('',#968,1.);
#968 = DIRECTION('',(-1.,0.,0.));
#969 = ORIENTED_EDGE('',*,*,#861,.T.);
#970 = ORIENTED_EDGE('',*,*,#240,.F.);
#971 = PLANE('',#972);
#972 = AXIS2_PLACEMENT_3D('',#973,#974,#975);
#973 = CARTESIAN_POINT('',(3.,-1.932441135215E-15,8.85));
#974 = DIRECTION('',(0.,-2.22044604925E-16,1.));
#975 = DIRECTION('',(0.,-1.,-2.22044604925E-16));
#976 = ADVANCED_FACE('',(#977,#1037,#1048),#1059,.F.);
#977 = FACE_BOUND('',#978,.T.);
#978 = EDGE_LOOP('',(#979,#980,#981,#982,#983,#984,#985,#986,#987,#988,
    #989,#997,#1006,#1012,#1013,#1021,#1030,#1036));
#979 = ORIENTED_EDGE('',*,*,#279,.F.);
#980 = ORIENTED_EDGE('',*,*,#781,.T.);
#981 = ORIENTED_EDGE('',*,*,#764,.F.);
#982 = ORIENTED_EDGE('',*,*,#663,.T.);
#983 = ORIENTED_EDGE('',*,*,#648,.T.);
#984 = ORIENTED_EDGE('',*,*,#616,.T.);
#985 = ORIENTED_EDGE('',*,*,#599,.F.);
#986 = ORIENTED_EDGE('',*,*,#567,.T.);
#987 = ORIENTED_EDGE('',*,*,#550,.F.);
#988 = ORIENTED_EDGE('',*,*,#517,.F.);
#989 = ORIENTED_EDGE('',*,*,#990,.F.);
#990 = EDGE_CURVE('',#991,#510,#993,.T.);
#991 = VERTEX_POINT('',#992);
#992 = CARTESIAN_POINT('',(16.400000000033,3.,2.899999999966));
#993 = LINE('',#994,#995);
#994 = CARTESIAN_POINT('',(16.400000000067,3.,2.899999999966));
#995 = VECTOR('',#996,1.);
#996 = DIRECTION('',(-2.673061771966E-11,6.661338147751E-16,-1.));
#997 = ORIENTED_EDGE('',*,*,#998,.T.);
#998 = EDGE_CURVE('',#991,#999,#1001,.T.);
#999 = VERTEX_POINT('',#1000);
#1000 = CARTESIAN_POINT('',(12.8,3.,2.900000000014));
#1001 = CIRCLE('',#1002,1.8);
#1002 = AXIS2_PLACEMENT_3D('',#1003,#1004,#1005);
#1003 = CARTESIAN_POINT('',(14.6,3.,2.900000000014));
#1004 = DIRECTION('',(0.,-1.,-6.661338147751E-16));
#1005 = DIRECTION('',(1.,0.,0.));
#1006 = ORIENTED_EDGE('',*,*,#1007,.F.);
#1007 = EDGE_CURVE('',#407,#999,#1008,.T.);
#1008 = LINE('',#1009,#1010);
#1009 = CARTESIAN_POINT('',(12.8,3.,0.4));
#1010 = VECTOR('',#1011,1.);
#1011 = DIRECTION('',(0.,-6.661338147751E-16,1.));
#1012 = ORIENTED_EDGE('',*,*,#406,.F.);
#1013 = ORIENTED_EDGE('',*,*,#1014,.F.);
#1014 = EDGE_CURVE('',#1015,#399,#1017,.T.);
#1015 = VERTEX_POINT('',#1016);
#1016 = CARTESIAN_POINT('',(6.900000000011,3.,2.899999999984));
#1017 = LINE('',#1018,#1019);
#1018 = CARTESIAN_POINT('',(6.900000000022,3.,2.899999999984));
#1019 = VECTOR('',#1020,1.);
#1020 = DIRECTION('',(-8.807887752538E-12,6.661338147751E-16,-1.));
#1021 = ORIENTED_EDGE('',*,*,#1022,.T.);
#1022 = EDGE_CURVE('',#1015,#1023,#1025,.T.);
#1023 = VERTEX_POINT('',#1024);
#1024 = CARTESIAN_POINT('',(3.3,3.,2.9));
#1025 = CIRCLE('',#1026,1.8);
#1026 = AXIS2_PLACEMENT_3D('',#1027,#1028,#1029);
#1027 = CARTESIAN_POINT('',(5.1,3.,2.9));
#1028 = DIRECTION('',(0.,-1.,-6.661338147751E-16));
#1029 = DIRECTION('',(1.,0.,0.));
#1030 = ORIENTED_EDGE('',*,*,#1031,.F.);
#1031 = EDGE_CURVE('',#296,#1023,#1032,.T.);
#1032 = LINE('',#1033,#1034);
#1033 = CARTESIAN_POINT('',(3.3,3.,0.4));
#1034 = VECTOR('',#1035,1.);
#1035 = DIRECTION('',(0.,-6.661338147751E-16,1.));
#1036 = ORIENTED_EDGE('',*,*,#295,.F.);
#1037 = FACE_BOUND('',#1038,.T.);
#1038 = EDGE_LOOP('',(#1039));
#1039 = ORIENTED_EDGE('',*,*,#1040,.T.);
#1040 = EDGE_CURVE('',#1041,#1041,#1043,.T.);
#1041 = VERTEX_POINT('',#1042);
#1042 = CARTESIAN_POINT('',(9.575,3.,2.45));
#1043 = CIRCLE('',#1044,1.175);
#1044 = AXIS2_PLACEMENT_3D('',#1045,#1046,#1047);
#1045 = CARTESIAN_POINT('',(8.4,3.,2.45));
#1046 = DIRECTION('',(0.,-1.,-6.661338147751E-16));
#1047 = DIRECTION('',(1.,0.,0.));
#1048 = FACE_BOUND('',#1049,.T.);
#1049 = EDGE_LOOP('',(#1050,#1056,#1057,#1058));
#1050 = ORIENTED_EDGE('',*,*,#1051,.F.);
#1051 = EDGE_CURVE('',#870,#932,#1052,.T.);
#1052 = LINE('',#1053,#1054);
#1053 = CARTESIAN_POINT('',(2.775,3.,9.85));
#1054 = VECTOR('',#1055,1.);
#1055 = DIRECTION('',(1.,0.,0.));
#1056 = ORIENTED_EDGE('',*,*,#869,.F.);
#1057 = ORIENTED_EDGE('',*,*,#964,.F.);
#1058 = ORIENTED_EDGE('',*,*,#939,.F.);
#1059 = PLANE('',#1060);
#1060 = AXIS2_PLACEMENT_3D('',#1061,#1062,#1063);
#1061 = CARTESIAN_POINT('',(9.315228943467,3.,4.790971752071));
#1062 = DIRECTION('',(0.,-1.,-4.440892098501E-16));
#1063 = DIRECTION('',(0.,4.440892098501E-16,-1.));
#1064 = ADVANCED_FACE('',(#1065),#1099,.T.);
#1065 = FACE_BOUND('',#1066,.T.);
#1066 = EDGE_LOOP('',(#1067,#1068,#1076,#1084,#1092,#1098));
#1067 = ORIENTED_EDGE('',*,*,#303,.T.);
#1068 = ORIENTED_EDGE('',*,*,#1069,.T.);
#1069 = EDGE_CURVE('',#296,#1070,#1072,.T.);
#1070 = VERTEX_POINT('',#1071);
#1071 = CARTESIAN_POINT('',(3.3,3.2,0.4));
#1072 = LINE('',#1073,#1074);
#1073 = CARTESIAN_POINT('',(3.3,3.,0.4));
#1074 = VECTOR('',#1075,1.);
#1075 = DIRECTION('',(0.,1.,6.661338147751E-16));
#1076 = ORIENTED_EDGE('',*,*,#1077,.F.);
#1077 = EDGE_CURVE('',#1078,#1070,#1080,.T.);
#1078 = VERTEX_POINT('',#1079);
#1079 = CARTESIAN_POINT('',(3.7,3.2,2.165494392505E-15));
#1080 = LINE('',#1081,#1082);
#1081 = CARTESIAN_POINT('',(3.7,3.2,2.22044604925E-15));
#1082 = VECTOR('',#1083,1.);
#1083 = DIRECTION('',(-0.707106781187,-4.710277376051E-16,0.707106781187
    ));
#1084 = ORIENTED_EDGE('',*,*,#1085,.F.);
#1085 = EDGE_CURVE('',#1086,#1078,#1088,.T.);
#1086 = VERTEX_POINT('',#1087);
#1087 = CARTESIAN_POINT('',(3.7,-3.2,7.44408920985E-16));
#1088 = LINE('',#1089,#1090);
#1089 = CARTESIAN_POINT('',(3.7,3.,2.03226762955E-15));
#1090 = VECTOR('',#1091,1.);
#1091 = DIRECTION('',(0.,1.,6.661338147751E-16));
#1092 = ORIENTED_EDGE('',*,*,#1093,.T.);
#1093 = EDGE_CURVE('',#1086,#319,#1094,.T.);
#1094 = LINE('',#1095,#1096);
#1095 = CARTESIAN_POINT('',(3.7,-3.2,8.881784197001E-16));
#1096 = VECTOR('',#1097,1.);
#1097 = DIRECTION('',(-0.707106781187,1.570092458684E-16,0.707106781187)
  );
#1098 = ORIENTED_EDGE('',*,*,#318,.F.);
#1099 = PLANE('',#1100);
#1100 = AXIS2_PLACEMENT_3D('',#1101,#1102,#1103);
#1101 = CARTESIAN_POINT('',(3.5,-7.230122697596E-17,0.2));
#1102 = DIRECTION('',(-0.707106781187,1.570092458684E-16,-0.707106781187
    ));
#1103 = DIRECTION('',(-0.707106781187,-1.570092458684E-16,0.707106781187
    ));
#1104 = ADVANCED_FACE('',(#1105,#1125),#1161,.F.);
#1105 = FACE_BOUND('',#1106,.F.);
#1106 = EDGE_LOOP('',(#1107,#1115,#1121,#1122,#1123,#1124));
#1107 = ORIENTED_EDGE('',*,*,#1108,.T.);
#1108 = EDGE_CURVE('',#376,#1109,#1111,.T.);
#1109 = VERTEX_POINT('',#1110);
#1110 = CARTESIAN_POINT('',(6.5,-3.2,7.105427357601E-16));
#1111 = LINE('',#1112,#1113);
#1112 = CARTESIAN_POINT('',(6.9,-3.2,0.4));
#1113 = VECTOR('',#1114,1.);
#1114 = DIRECTION('',(-0.707106781187,-1.570092458684E-16,
    -0.707106781187));
#1115 = ORIENTED_EDGE('',*,*,#1116,.T.);
#1116 = EDGE_CURVE('',#1109,#1086,#1117,.T.);
#1117 = LINE('',#1118,#1119);
#1118 = CARTESIAN_POINT('',(6.5,-3.2,4.440892098501E-16));
#1119 = VECTOR('',#1120,1.);
#1120 = DIRECTION('',(-1.,2.685644185208E-33,1.209506615175E-17));
#1121 = ORIENTED_EDGE('',*,*,#1093,.T.);
#1122 = ORIENTED_EDGE('',*,*,#326,.T.);
#1123 = ORIENTED_EDGE('',*,*,#357,.F.);
#1124 = ORIENTED_EDGE('',*,*,#375,.T.);
#1125 = FACE_BOUND('',#1126,.F.);
#1126 = EDGE_LOOP('',(#1127,#1138,#1146,#1155));
#1127 = ORIENTED_EDGE('',*,*,#1128,.T.);
#1128 = EDGE_CURVE('',#1129,#1131,#1133,.T.);
#1129 = VERTEX_POINT('',#1130);
#1130 = CARTESIAN_POINT('',(4.673531947269,-3.2,4.075));
#1131 = VERTEX_POINT('',#1132);
#1132 = CARTESIAN_POINT('',(4.673531947269,-3.2,1.725));
#1133 = CIRCLE('',#1134,1.25);
#1134 = AXIS2_PLACEMENT_3D('',#1135,#1136,#1137);
#1135 = CARTESIAN_POINT('',(5.1,-3.2,2.9));
#1136 = DIRECTION('',(0.,-1.,2.22044604925E-16));
#1137 = DIRECTION('',(1.,0.,0.));
#1138 = ORIENTED_EDGE('',*,*,#1139,.F.);
#1139 = EDGE_CURVE('',#1140,#1131,#1142,.T.);
#1140 = VERTEX_POINT('',#1141);
#1141 = CARTESIAN_POINT('',(5.526468052731,-3.2,1.725));
#1142 = LINE('',#1143,#1144);
#1143 = CARTESIAN_POINT('',(5.526468052731,-3.2,1.725));
#1144 = VECTOR('',#1145,1.);
#1145 = DIRECTION('',(-1.,0.,0.));
#1146 = ORIENTED_EDGE('',*,*,#1147,.T.);
#1147 = EDGE_CURVE('',#1140,#1148,#1150,.T.);
#1148 = VERTEX_POINT('',#1149);
#1149 = CARTESIAN_POINT('',(5.526468052731,-3.2,4.075));
#1150 = CIRCLE('',#1151,1.25);
#1151 = AXIS2_PLACEMENT_3D('',#1152,#1153,#1154);
#1152 = CARTESIAN_POINT('',(5.1,-3.2,2.9));
#1153 = DIRECTION('',(0.,-1.,2.22044604925E-16));
#1154 = DIRECTION('',(1.,0.,0.));
#1155 = ORIENTED_EDGE('',*,*,#1156,.F.);
#1156 = EDGE_CURVE('',#1129,#1148,#1157,.T.);
#1157 = LINE('',#1158,#1159);
#1158 = CARTESIAN_POINT('',(4.673531947269,-3.2,4.075));
#1159 = VECTOR('',#1160,1.);
#1160 = DIRECTION('',(1.,0.,0.));
#1161 = PLANE('',#1162);
#1162 = AXIS2_PLACEMENT_3D('',#1163,#1164,#1165);
#1163 = CARTESIAN_POINT('',(9.676914832323,-3.2,2.343044880786));
#1164 = DIRECTION('',(0.,1.,0.));
#1165 = DIRECTION('',(0.,0.,1.));
#1166 = ADVANCED_FACE('',(#1167),#1194,.T.);
#1167 = FACE_BOUND('',#1168,.T.);
#1168 = EDGE_LOOP('',(#1169,#1177,#1185,#1191,#1192,#1193));
#1169 = ORIENTED_EDGE('',*,*,#1170,.F.);
#1170 = EDGE_CURVE('',#1171,#1109,#1173,.T.);
#1171 = VERTEX_POINT('',#1172);
#1172 = CARTESIAN_POINT('',(6.5,3.2,2.13162820728E-15));
#1173 = LINE('',#1174,#1175);
#1174 = CARTESIAN_POINT('',(6.5,-9.06459000745E-34,-4.082328417982E-18)
  );
#1175 = VECTOR('',#1176,1.);
#1176 = DIRECTION('',(0.,-1.,2.22044604925E-16));
#1177 = ORIENTED_EDGE('',*,*,#1178,.F.);
#1178 = EDGE_CURVE('',#1179,#1171,#1181,.T.);
#1179 = VERTEX_POINT('',#1180);
#1180 = CARTESIAN_POINT('',(6.9,3.2,0.4));
#1181 = LINE('',#1182,#1183);
#1182 = CARTESIAN_POINT('',(6.9,3.2,0.4));
#1183 = VECTOR('',#1184,1.);
#1184 = DIRECTION('',(-0.707106781187,4.710277376051E-16,-0.707106781187
    ));
#1185 = ORIENTED_EDGE('',*,*,#1186,.F.);
#1186 = EDGE_CURVE('',#399,#1179,#1187,.T.);
#1187 = LINE('',#1188,#1189);
#1188 = CARTESIAN_POINT('',(6.9,3.,0.4));
#1189 = VECTOR('',#1190,1.);
#1190 = DIRECTION('',(0.,1.,6.661338147751E-16));
#1191 = ORIENTED_EDGE('',*,*,#398,.T.);
#1192 = ORIENTED_EDGE('',*,*,#383,.T.);
#1193 = ORIENTED_EDGE('',*,*,#1108,.T.);
#1194 = PLANE('',#1195);
#1195 = AXIS2_PLACEMENT_3D('',#1196,#1197,#1198);
#1196 = CARTESIAN_POINT('',(6.7,-6.034738155126E-17,0.2));
#1197 = DIRECTION('',(0.707106781187,1.570092458684E-16,-0.707106781187)
  );
#1198 = DIRECTION('',(-0.707106781187,1.570092458684E-16,-0.707106781187
    ));
#1199 = ADVANCED_FACE('',(#1200),#1234,.T.);
#1200 = FACE_BOUND('',#1201,.T.);
#1201 = EDGE_LOOP('',(#1202,#1203,#1211,#1219,#1227,#1233));
#1202 = ORIENTED_EDGE('',*,*,#414,.T.);
#1203 = ORIENTED_EDGE('',*,*,#1204,.T.);
#1204 = EDGE_CURVE('',#407,#1205,#1207,.T.);
#1205 = VERTEX_POINT('',#1206);
#1206 = CARTESIAN_POINT('',(12.8,3.2,0.4));
#1207 = LINE('',#1208,#1209);
#1208 = CARTESIAN_POINT('',(12.8,3.,0.4));
#1209 = VECTOR('',#1210,1.);
#1210 = DIRECTION('',(0.,1.,6.661338147751E-16));
#1211 = ORIENTED_EDGE('',*,*,#1212,.F.);
#1212 = EDGE_CURVE('',#1213,#1205,#1215,.T.);
#1213 = VERTEX_POINT('',#1214);
#1214 = CARTESIAN_POINT('',(13.2,3.2,1.465494392505E-15));
#1215 = LINE('',#1216,#1217);
#1216 = CARTESIAN_POINT('',(13.2,3.2,1.7763568394E-15));
#1217 = VECTOR('',#1218,1.);
#1218 = DIRECTION('',(-0.707106781187,-4.710277376051E-16,0.707106781187
    ));
#1219 = ORIENTED_EDGE('',*,*,#1220,.F.);
#1220 = EDGE_CURVE('',#1221,#1213,#1223,.T.);
#1221 = VERTEX_POINT('',#1222);
#1222 = CARTESIAN_POINT('',(13.2,-3.2,4.440892098501E-17));
#1223 = LINE('',#1224,#1225);
#1224 = CARTESIAN_POINT('',(13.2,3.,1.33226762955E-15));
#1225 = VECTOR('',#1226,1.);
#1226 = DIRECTION('',(0.,1.,6.661338147751E-16));
#1227 = ORIENTED_EDGE('',*,*,#1228,.T.);
#1228 = EDGE_CURVE('',#1221,#430,#1229,.T.);
#1229 = LINE('',#1230,#1231);
#1230 = CARTESIAN_POINT('',(13.2,-3.2,0.));
#1231 = VECTOR('',#1232,1.);
#1232 = DIRECTION('',(-0.707106781187,1.570092458684E-16,0.707106781187)
  );
#1233 = ORIENTED_EDGE('',*,*,#429,.F.);
#1234 = PLANE('',#1235);
#1235 = AXIS2_PLACEMENT_3D('',#1236,#1237,#1238);
#1236 = CARTESIAN_POINT('',(13.,-6.433199669283E-17,0.2));
#1237 = DIRECTION('',(-0.707106781187,1.570092458684E-16,-0.707106781187
    ));
#1238 = DIRECTION('',(-0.707106781187,-1.570092458684E-16,0.707106781187
    ));
#1239 = ADVANCED_FACE('',(#1240,#1260),#1271,.F.);
#1240 = FACE_BOUND('',#1241,.F.);
#1241 = EDGE_LOOP('',(#1242,#1250,#1256,#1257,#1258,#1259));
#1242 = ORIENTED_EDGE('',*,*,#1243,.T.);
#1243 = EDGE_CURVE('',#487,#1244,#1246,.T.);
#1244 = VERTEX_POINT('',#1245);
#1245 = CARTESIAN_POINT('',(16.,-3.2,7.660538869914E-16));
#1246 = LINE('',#1247,#1248);
#1247 = CARTESIAN_POINT('',(16.4,-3.2,0.4));
#1248 = VECTOR('',#1249,1.);
#1249 = DIRECTION('',(-0.707106781187,-1.570092458684E-16,
    -0.707106781187));
#1250 = ORIENTED_EDGE('',*,*,#1251,.T.);
#1251 = EDGE_CURVE('',#1244,#1221,#1252,.T.);
#1252 = LINE('',#1253,#1254);
#1253 = CARTESIAN_POINT('',(16.,-3.2,8.881784197001E-16));
#1254 = VECTOR('',#1255,1.);
#1255 = DIRECTION('',(-1.,-5.722763263322E-32,-2.577303450023E-16));
#1256 = ORIENTED_EDGE('',*,*,#1228,.T.);
#1257 = ORIENTED_EDGE('',*,*,#437,.T.);
#1258 = ORIENTED_EDGE('',*,*,#468,.F.);
#1259 = ORIENTED_EDGE('',*,*,#486,.T.);
#1260 = FACE_BOUND('',#1261,.F.);
#1261 = EDGE_LOOP('',(#1262));
#1262 = ORIENTED_EDGE('',*,*,#1263,.T.);
#1263 = EDGE_CURVE('',#1264,#1264,#1266,.T.);
#1264 = VERTEX_POINT('',#1265);
#1265 = CARTESIAN_POINT('',(15.775,-3.2,2.900000000014));
#1266 = CIRCLE('',#1267,1.175);
#1267 = AXIS2_PLACEMENT_3D('',#1268,#1269,#1270);
#1268 = CARTESIAN_POINT('',(14.6,-3.2,2.900000000014));
#1269 = DIRECTION('',(0.,-1.,2.22044604925E-16));
#1270 = DIRECTION('',(1.,0.,0.));
#1271 = PLANE('',#1272);
#1272 = AXIS2_PLACEMENT_3D('',#1273,#1274,#1275);
#1273 = CARTESIAN_POINT('',(9.676914832323,-3.2,2.343044880786));
#1274 = DIRECTION('',(0.,1.,0.));
#1275 = DIRECTION('',(0.,0.,1.));
#1276 = ADVANCED_FACE('',(#1277),#1304,.T.);
#1277 = FACE_BOUND('',#1278,.T.);
#1278 = EDGE_LOOP('',(#1279,#1280,#1281,#1282,#1290,#1298));
#1279 = ORIENTED_EDGE('',*,*,#509,.T.);
#1280 = ORIENTED_EDGE('',*,*,#494,.T.);
#1281 = ORIENTED_EDGE('',*,*,#1243,.T.);
#1282 = ORIENTED_EDGE('',*,*,#1283,.F.);
#1283 = EDGE_CURVE('',#1284,#1244,#1286,.T.);
#1284 = VERTEX_POINT('',#1285);
#1285 = CARTESIAN_POINT('',(16.,3.2,2.187139358512E-15));
#1286 = LINE('',#1287,#1288);
#1287 = CARTESIAN_POINT('',(16.,-3.,7.216449660064E-16));
#1288 = VECTOR('',#1289,1.);
#1289 = DIRECTION('',(0.,-1.,2.22044604925E-16));
#1290 = ORIENTED_EDGE('',*,*,#1291,.F.);
#1291 = EDGE_CURVE('',#1292,#1284,#1294,.T.);
#1292 = VERTEX_POINT('',#1293);
#1293 = CARTESIAN_POINT('',(16.4,3.2,0.4));
#1294 = LINE('',#1295,#1296);
#1295 = CARTESIAN_POINT('',(16.4,3.2,0.4));
#1296 = VECTOR('',#1297,1.);
#1297 = DIRECTION('',(-0.707106781187,4.710277376051E-16,-0.707106781187
    ));
#1298 = ORIENTED_EDGE('',*,*,#1299,.F.);
#1299 = EDGE_CURVE('',#510,#1292,#1300,.T.);
#1300 = LINE('',#1301,#1302);
#1301 = CARTESIAN_POINT('',(16.4,3.,0.4));
#1302 = VECTOR('',#1303,1.);
#1303 = DIRECTION('',(0.,1.,6.661338147751E-16));
#1304 = PLANE('',#1305);
#1305 = AXIS2_PLACEMENT_3D('',#1306,#1307,#1308);
#1306 = CARTESIAN_POINT('',(16.2,-1.0816276325E-16,0.2));
#1307 = DIRECTION('',(0.707106781187,1.570092458684E-16,-0.707106781187)
  );
#1308 = DIRECTION('',(-0.707106781187,1.570092458684E-16,-0.707106781187
    ));
#1309 = ADVANCED_FACE('',(#1310),#1326,.T.);
#1310 = FACE_BOUND('',#1311,.T.);
#1311 = EDGE_LOOP('',(#1312,#1313,#1319,#1320));
#1312 = ORIENTED_EDGE('',*,*,#680,.T.);
#1313 = ORIENTED_EDGE('',*,*,#1314,.T.);
#1314 = EDGE_CURVE('',#683,#852,#1315,.T.);
#1315 = LINE('',#1316,#1317);
#1316 = CARTESIAN_POINT('',(2.7,-2.25,10.7));
#1317 = VECTOR('',#1318,1.);
#1318 = DIRECTION('',(0.,0.,-1.));
#1319 = ORIENTED_EDGE('',*,*,#893,.T.);
#1320 = ORIENTED_EDGE('',*,*,#1321,.F.);
#1321 = EDGE_CURVE('',#681,#886,#1322,.T.);
#1322 = LINE('',#1323,#1324);
#1323 = CARTESIAN_POINT('',(2.7,2.25,10.7));
#1324 = VECTOR('',#1325,1.);
#1325 = DIRECTION('',(0.,4.440892098501E-16,-1.));
#1326 = PLANE('',#1327);
#1327 = AXIS2_PLACEMENT_3D('',#1328,#1329,#1330);
#1328 = CARTESIAN_POINT('',(2.7,-2.157076291284E-15,10.060714285714));
#1329 = DIRECTION('',(1.,0.,0.));
#1330 = DIRECTION('',(0.,-1.,-2.22044604925E-16));
#1331 = ADVANCED_FACE('',(#1332),#1350,.F.);
#1332 = FACE_BOUND('',#1333,.T.);
#1333 = EDGE_LOOP('',(#1334,#1335,#1336,#1337,#1343,#1344));
#1334 = ORIENTED_EDGE('',*,*,#690,.F.);
#1335 = ORIENTED_EDGE('',*,*,#1321,.T.);
#1336 = ORIENTED_EDGE('',*,*,#885,.T.);
#1337 = ORIENTED_EDGE('',*,*,#1338,.T.);
#1338 = EDGE_CURVE('',#878,#924,#1339,.T.);
#1339 = LINE('',#1340,#1341);
#1340 = CARTESIAN_POINT('',(2.7375,2.25,9.85));
#1341 = VECTOR('',#1342,1.);
#1342 = DIRECTION('',(1.,0.,0.));
#1343 = ORIENTED_EDGE('',*,*,#923,.T.);
#1344 = ORIENTED_EDGE('',*,*,#1345,.F.);
#1345 = EDGE_CURVE('',#691,#916,#1346,.T.);
#1346 = LINE('',#1347,#1348);
#1347 = CARTESIAN_POINT('',(3.3,2.25,10.7));
#1348 = VECTOR('',#1349,1.);
#1349 = DIRECTION('',(0.,4.440892098501E-16,-1.));
#1350 = PLANE('',#1351);
#1351 = AXIS2_PLACEMENT_3D('',#1352,#1353,#1354);
#1352 = CARTESIAN_POINT('',(2.7,2.25,10.7));
#1353 = DIRECTION('',(0.,1.,4.440892098501E-16));
#1354 = DIRECTION('',(-1.,-0.,-0.));
#1355 = ADVANCED_FACE('',(#1356),#1367,.T.);
#1356 = FACE_BOUND('',#1357,.T.);
#1357 = EDGE_LOOP('',(#1358,#1359,#1360,#1361));
#1358 = ORIENTED_EDGE('',*,*,#698,.F.);
#1359 = ORIENTED_EDGE('',*,*,#1345,.T.);
#1360 = ORIENTED_EDGE('',*,*,#915,.T.);
#1361 = ORIENTED_EDGE('',*,*,#1362,.F.);
#1362 = EDGE_CURVE('',#699,#908,#1363,.T.);
#1363 = LINE('',#1364,#1365);
#1364 = CARTESIAN_POINT('',(3.3,-2.25,10.7));
#1365 = VECTOR('',#1366,1.);
#1366 = DIRECTION('',(0.,0.,-1.));
#1367 = PLANE('',#1368);
#1368 = AXIS2_PLACEMENT_3D('',#1369,#1370,#1371);
#1369 = CARTESIAN_POINT('',(3.3,-2.09943801312E-15,10.060714285714));
#1370 = DIRECTION('',(-1.,6.005891458564E-32,-2.704813053482E-16));
#1371 = DIRECTION('',(2.704813053482E-16,2.22044604925E-16,-1.));
#1372 = ADVANCED_FACE('',(#1373),#1381,.F.);
#1373 = FACE_BOUND('',#1374,.F.);
#1374 = EDGE_LOOP('',(#1375,#1376,#1377,#1378,#1379,#1380));
#1375 = ORIENTED_EDGE('',*,*,#706,.F.);
#1376 = ORIENTED_EDGE('',*,*,#1314,.T.);
#1377 = ORIENTED_EDGE('',*,*,#851,.T.);
#1378 = ORIENTED_EDGE('',*,*,#820,.T.);
#1379 = ORIENTED_EDGE('',*,*,#907,.T.);
#1380 = ORIENTED_EDGE('',*,*,#1362,.F.);
#1381 = PLANE('',#1382);
#1382 = AXIS2_PLACEMENT_3D('',#1383,#1384,#1385);
#1383 = CARTESIAN_POINT('',(2.7,-2.25,10.7));
#1384 = DIRECTION('',(0.,-1.,0.));
#1385 = DIRECTION('',(1.,0.,0.));
#1386 = ADVANCED_FACE('',(#1387),#1412,.T.);
#1387 = FACE_BOUND('',#1388,.T.);
#1388 = EDGE_LOOP('',(#1389,#1397,#1405,#1411));
#1389 = ORIENTED_EDGE('',*,*,#1390,.T.);
#1390 = EDGE_CURVE('',#717,#1391,#1393,.T.);
#1391 = VERTEX_POINT('',#1392);
#1392 = CARTESIAN_POINT('',(6.,-1.65,9.2));
#1393 = LINE('',#1394,#1395);
#1394 = CARTESIAN_POINT('',(6.,-1.65,10.7));
#1395 = VECTOR('',#1396,1.);
#1396 = DIRECTION('',(0.,0.,-1.));
#1397 = ORIENTED_EDGE('',*,*,#1398,.F.);
#1398 = EDGE_CURVE('',#1399,#1391,#1401,.T.);
#1399 = VERTEX_POINT('',#1400);
#1400 = CARTESIAN_POINT('',(6.,1.65,9.2));
#1401 = LINE('',#1402,#1403);
#1402 = CARTESIAN_POINT('',(6.,2.375877272698E-15,9.2));
#1403 = VECTOR('',#1404,1.);
#1404 = DIRECTION('',(0.,-1.,0.));
#1405 = ORIENTED_EDGE('',*,*,#1406,.F.);
#1406 = EDGE_CURVE('',#715,#1399,#1407,.T.);
#1407 = LINE('',#1408,#1409);
#1408 = CARTESIAN_POINT('',(6.,1.65,10.7));
#1409 = VECTOR('',#1410,1.);
#1410 = DIRECTION('',(0.,4.440892098501E-16,-1.));
#1411 = ORIENTED_EDGE('',*,*,#714,.T.);
#1412 = PLANE('',#1413);
#1413 = AXIS2_PLACEMENT_3D('',#1414,#1415,#1416);
#1414 = CARTESIAN_POINT('',(6.,-2.278732758043E-15,9.95));
#1415 = DIRECTION('',(1.,0.,0.));
#1416 = DIRECTION('',(0.,-1.,-2.22044604925E-16));
#1417 = ADVANCED_FACE('',(#1418),#1436,.F.);
#1418 = FACE_BOUND('',#1419,.T.);
#1419 = EDGE_LOOP('',(#1420,#1421,#1429,#1435));
#1420 = ORIENTED_EDGE('',*,*,#1406,.T.);
#1421 = ORIENTED_EDGE('',*,*,#1422,.T.);
#1422 = EDGE_CURVE('',#1399,#1423,#1425,.T.);
#1423 = VERTEX_POINT('',#1424);
#1424 = CARTESIAN_POINT('',(8.1,1.65,9.2));
#1425 = LINE('',#1426,#1427);
#1426 = CARTESIAN_POINT('',(6.,1.65,9.2));
#1427 = VECTOR('',#1428,1.);
#1428 = DIRECTION('',(1.,0.,0.));
#1429 = ORIENTED_EDGE('',*,*,#1430,.F.);
#1430 = EDGE_CURVE('',#725,#1423,#1431,.T.);
#1431 = LINE('',#1432,#1433);
#1432 = CARTESIAN_POINT('',(8.1,1.65,10.7));
#1433 = VECTOR('',#1434,1.);
#1434 = DIRECTION('',(0.,4.440892098501E-16,-1.));
#1435 = ORIENTED_EDGE('',*,*,#724,.F.);
#1436 = PLANE('',#1437);
#1437 = AXIS2_PLACEMENT_3D('',#1438,#1439,#1440);
#1438 = CARTESIAN_POINT('',(6.,1.65,10.7));
#1439 = DIRECTION('',(0.,1.,4.440892098501E-16));
#1440 = DIRECTION('',(-1.,-0.,-0.));
#1441 = ADVANCED_FACE('',(#1442),#1460,.T.);
#1442 = FACE_BOUND('',#1443,.T.);
#1443 = EDGE_LOOP('',(#1444,#1452,#1453,#1454));
#1444 = ORIENTED_EDGE('',*,*,#1445,.F.);
#1445 = EDGE_CURVE('',#733,#1446,#1448,.T.);
#1446 = VERTEX_POINT('',#1447);
#1447 = CARTESIAN_POINT('',(8.1,-1.65,9.2));
#1448 = LINE('',#1449,#1450);
#1449 = CARTESIAN_POINT('',(8.1,-1.65,10.7));
#1450 = VECTOR('',#1451,1.);
#1451 = DIRECTION('',(0.,0.,-1.));
#1452 = ORIENTED_EDGE('',*,*,#732,.F.);
#1453 = ORIENTED_EDGE('',*,*,#1430,.T.);
#1454 = ORIENTED_EDGE('',*,*,#1455,.T.);
#1455 = EDGE_CURVE('',#1423,#1446,#1456,.T.);
#1456 = LINE('',#1457,#1458);
#1457 = CARTESIAN_POINT('',(8.1,1.65,9.2));
#1458 = VECTOR('',#1459,1.);
#1459 = DIRECTION('',(0.,-1.,-4.440892098501E-16));
#1460 = PLANE('',#1461);
#1461 = AXIS2_PLACEMENT_3D('',#1462,#1463,#1464);
#1462 = CARTESIAN_POINT('',(8.1,-2.29220577704E-15,9.95));
#1463 = DIRECTION('',(-1.,0.,0.));
#1464 = DIRECTION('',(0.,1.,2.22044604925E-16));
#1465 = ADVANCED_FACE('',(#1466),#1477,.F.);
#1466 = FACE_BOUND('',#1467,.F.);
#1467 = EDGE_LOOP('',(#1468,#1469,#1475,#1476));
#1468 = ORIENTED_EDGE('',*,*,#1390,.T.);
#1469 = ORIENTED_EDGE('',*,*,#1470,.T.);
#1470 = EDGE_CURVE('',#1391,#1446,#1471,.T.);
#1471 = LINE('',#1472,#1473);
#1472 = CARTESIAN_POINT('',(6.,-1.65,9.2));
#1473 = VECTOR('',#1474,1.);
#1474 = DIRECTION('',(1.,0.,0.));
#1475 = ORIENTED_EDGE('',*,*,#1445,.F.);
#1476 = ORIENTED_EDGE('',*,*,#740,.F.);
#1477 = PLANE('',#1478);
#1478 = AXIS2_PLACEMENT_3D('',#1479,#1480,#1481);
#1479 = CARTESIAN_POINT('',(6.,-1.65,10.7));
#1480 = DIRECTION('',(0.,-1.,0.));
#1481 = DIRECTION('',(1.,0.,0.));
#1482 = ADVANCED_FACE('',(#1483,#1486),#1497,.F.);
#1483 = FACE_BOUND('',#1484,.F.);
#1484 = EDGE_LOOP('',(#1485));
#1485 = ORIENTED_EDGE('',*,*,#796,.F.);
#1486 = FACE_BOUND('',#1487,.F.);
#1487 = EDGE_LOOP('',(#1488));
#1488 = ORIENTED_EDGE('',*,*,#1489,.T.);
#1489 = EDGE_CURVE('',#1490,#1490,#1492,.T.);
#1490 = VERTEX_POINT('',#1491);
#1491 = CARTESIAN_POINT('',(9.475,-2.7,2.45));
#1492 = CIRCLE('',#1493,1.075);
#1493 = AXIS2_PLACEMENT_3D('',#1494,#1495,#1496);
#1494 = CARTESIAN_POINT('',(8.4,-2.7,2.45));
#1495 = DIRECTION('',(0.,-1.,2.22044604925E-16));
#1496 = DIRECTION('',(1.,0.,0.));
#1497 = PLANE('',#1498);
#1498 = AXIS2_PLACEMENT_3D('',#1499,#1500,#1501);
#1499 = CARTESIAN_POINT('',(8.4,-2.7,2.45));
#1500 = DIRECTION('',(0.,1.,0.));
#1501 = DIRECTION('',(0.,0.,1.));
#1502 = ADVANCED_FACE('',(#1503),#1509,.F.);
#1503 = FACE_BOUND('',#1504,.T.);
#1504 = EDGE_LOOP('',(#1505,#1506,#1507,#1508));
#1505 = ORIENTED_EDGE('',*,*,#1338,.F.);
#1506 = ORIENTED_EDGE('',*,*,#877,.T.);
#1507 = ORIENTED_EDGE('',*,*,#1051,.T.);
#1508 = ORIENTED_EDGE('',*,*,#931,.F.);
#1509 = PLANE('',#1510);
#1510 = AXIS2_PLACEMENT_3D('',#1511,#1512,#1513);
#1511 = CARTESIAN_POINT('',(2.775,-6.561418075535E-15,9.85));
#1512 = DIRECTION('',(0.,-6.661338147751E-16,1.));
#1513 = DIRECTION('',(-1.,-0.,-0.));
#1514 = ADVANCED_FACE('',(#1515),#1533,.T.);
#1515 = FACE_BOUND('',#1516,.F.);
#1516 = EDGE_LOOP('',(#1517,#1518,#1526,#1532));
#1517 = ORIENTED_EDGE('',*,*,#1069,.T.);
#1518 = ORIENTED_EDGE('',*,*,#1519,.T.);
#1519 = EDGE_CURVE('',#1070,#1520,#1522,.T.);
#1520 = VERTEX_POINT('',#1521);
#1521 = CARTESIAN_POINT('',(3.3,3.2,2.9));
#1522 = LINE('',#1523,#1524);
#1523 = CARTESIAN_POINT('',(3.3,3.2,0.4));
#1524 = VECTOR('',#1525,1.);
#1525 = DIRECTION('',(0.,-6.661338147751E-16,1.));
#1526 = ORIENTED_EDGE('',*,*,#1527,.F.);
#1527 = EDGE_CURVE('',#1023,#1520,#1528,.T.);
#1528 = LINE('',#1529,#1530);
#1529 = CARTESIAN_POINT('',(3.3,3.,2.9));
#1530 = VECTOR('',#1531,1.);
#1531 = DIRECTION('',(0.,1.,6.661338147751E-16));
#1532 = ORIENTED_EDGE('',*,*,#1031,.F.);
#1533 = PLANE('',#1534);
#1534 = AXIS2_PLACEMENT_3D('',#1535,#1536,#1537);
#1535 = CARTESIAN_POINT('',(3.3,3.,0.4));
#1536 = DIRECTION('',(-1.,0.,0.));
#1537 = DIRECTION('',(0.,6.661338147751E-16,-1.));
#1538 = ADVANCED_FACE('',(#1539),#1558,.T.);
#1539 = FACE_BOUND('',#1540,.T.);
#1540 = EDGE_LOOP('',(#1541,#1549,#1556,#1557));
#1541 = ORIENTED_EDGE('',*,*,#1542,.T.);
#1542 = EDGE_CURVE('',#1015,#1543,#1545,.T.);
#1543 = VERTEX_POINT('',#1544);
#1544 = CARTESIAN_POINT('',(6.900000000011,3.2,2.899999999984));
#1545 = LINE('',#1546,#1547);
#1546 = CARTESIAN_POINT('',(6.900000000011,3.,2.899999999984));
#1547 = VECTOR('',#1548,1.);
#1548 = DIRECTION('',(0.,1.,6.661338147751E-16));
#1549 = ORIENTED_EDGE('',*,*,#1550,.T.);
#1550 = EDGE_CURVE('',#1543,#1520,#1551,.T.);
#1551 = CIRCLE('',#1552,1.8);
#1552 = AXIS2_PLACEMENT_3D('',#1553,#1554,#1555);
#1553 = CARTESIAN_POINT('',(5.1,3.2,2.9));
#1554 = DIRECTION('',(0.,-1.,-6.661338147751E-16));
#1555 = DIRECTION('',(1.,0.,0.));
#1556 = ORIENTED_EDGE('',*,*,#1527,.F.);
#1557 = ORIENTED_EDGE('',*,*,#1022,.F.);
#1558 = CYLINDRICAL_SURFACE('',#1559,1.8);
#1559 = AXIS2_PLACEMENT_3D('',#1560,#1561,#1562);
#1560 = CARTESIAN_POINT('',(5.1,3.,2.9));
#1561 = DIRECTION('',(0.,-1.,-6.661338147751E-16));
#1562 = DIRECTION('',(1.,0.,0.));
#1563 = ADVANCED_FACE('',(#1564),#1575,.T.);
#1564 = FACE_BOUND('',#1565,.F.);
#1565 = EDGE_LOOP('',(#1566,#1567,#1573,#1574));
#1566 = ORIENTED_EDGE('',*,*,#1542,.T.);
#1567 = ORIENTED_EDGE('',*,*,#1568,.T.);
#1568 = EDGE_CURVE('',#1543,#1179,#1569,.T.);
#1569 = LINE('',#1570,#1571);
#1570 = CARTESIAN_POINT('',(6.900000000022,3.2,2.899999999984));
#1571 = VECTOR('',#1572,1.);
#1572 = DIRECTION('',(-8.807887752538E-12,6.661338147751E-16,-1.));
#1573 = ORIENTED_EDGE('',*,*,#1186,.F.);
#1574 = ORIENTED_EDGE('',*,*,#1014,.F.);
#1575 = PLANE('',#1576);
#1576 = AXIS2_PLACEMENT_3D('',#1577,#1578,#1579);
#1577 = CARTESIAN_POINT('',(6.900000000022,3.,2.899999999984));
#1578 = DIRECTION('',(1.,5.867231868709E-27,-8.807887752538E-12));
#1579 = DIRECTION('',(8.807887752538E-12,-6.661338147751E-16,1.));
#1580 = ADVANCED_FACE('',(#1581),#1599,.T.);
#1581 = FACE_BOUND('',#1582,.F.);
#1582 = EDGE_LOOP('',(#1583,#1584,#1592,#1598));
#1583 = ORIENTED_EDGE('',*,*,#1204,.T.);
#1584 = ORIENTED_EDGE('',*,*,#1585,.T.);
#1585 = EDGE_CURVE('',#1205,#1586,#1588,.T.);
#1586 = VERTEX_POINT('',#1587);
#1587 = CARTESIAN_POINT('',(12.8,3.2,2.900000000014));
#1588 = LINE('',#1589,#1590);
#1589 = CARTESIAN_POINT('',(12.8,3.2,0.4));
#1590 = VECTOR('',#1591,1.);
#1591 = DIRECTION('',(0.,-6.661338147751E-16,1.));
#1592 = ORIENTED_EDGE('',*,*,#1593,.F.);
#1593 = EDGE_CURVE('',#999,#1586,#1594,.T.);
#1594 = LINE('',#1595,#1596);
#1595 = CARTESIAN_POINT('',(12.8,3.,2.900000000014));
#1596 = VECTOR('',#1597,1.);
#1597 = DIRECTION('',(0.,1.,6.661338147751E-16));
#1598 = ORIENTED_EDGE('',*,*,#1007,.F.);
#1599 = PLANE('',#1600);
#1600 = AXIS2_PLACEMENT_3D('',#1601,#1602,#1603);
#1601 = CARTESIAN_POINT('',(12.8,3.,0.4));
#1602 = DIRECTION('',(-1.,0.,0.));
#1603 = DIRECTION('',(0.,6.661338147751E-16,-1.));
#1604 = ADVANCED_FACE('',(#1605),#1624,.T.);
#1605 = FACE_BOUND('',#1606,.T.);
#1606 = EDGE_LOOP('',(#1607,#1615,#1622,#1623));
#1607 = ORIENTED_EDGE('',*,*,#1608,.T.);
#1608 = EDGE_CURVE('',#991,#1609,#1611,.T.);
#1609 = VERTEX_POINT('',#1610);
#1610 = CARTESIAN_POINT('',(16.400000000033,3.2,2.899999999966));
#1611 = LINE('',#1612,#1613);
#1612 = CARTESIAN_POINT('',(16.400000000033,3.,2.899999999966));
#1613 = VECTOR('',#1614,1.);
#1614 = DIRECTION('',(0.,1.,6.661338147751E-16));
#1615 = ORIENTED_EDGE('',*,*,#1616,.T.);
#1616 = EDGE_CURVE('',#1609,#1586,#1617,.T.);
#1617 = CIRCLE('',#1618,1.8);
#1618 = AXIS2_PLACEMENT_3D('',#1619,#1620,#1621);
#1619 = CARTESIAN_POINT('',(14.6,3.2,2.900000000014));
#1620 = DIRECTION('',(0.,-1.,-6.661338147751E-16));
#1621 = DIRECTION('',(1.,0.,0.));
#1622 = ORIENTED_EDGE('',*,*,#1593,.F.);
#1623 = ORIENTED_EDGE('',*,*,#998,.F.);
#1624 = CYLINDRICAL_SURFACE('',#1625,1.8);
#1625 = AXIS2_PLACEMENT_3D('',#1626,#1627,#1628);
#1626 = CARTESIAN_POINT('',(14.6,3.,2.900000000014));
#1627 = DIRECTION('',(0.,-1.,-6.661338147751E-16));
#1628 = DIRECTION('',(1.,0.,0.));
#1629 = ADVANCED_FACE('',(#1630),#1641,.T.);
#1630 = FACE_BOUND('',#1631,.F.);
#1631 = EDGE_LOOP('',(#1632,#1633,#1639,#1640));
#1632 = ORIENTED_EDGE('',*,*,#1608,.T.);
#1633 = ORIENTED_EDGE('',*,*,#1634,.T.);
#1634 = EDGE_CURVE('',#1609,#1292,#1635,.T.);
#1635 = LINE('',#1636,#1637);
#1636 = CARTESIAN_POINT('',(16.400000000067,3.2,2.899999999966));
#1637 = VECTOR('',#1638,1.);
#1638 = DIRECTION('',(-2.673061771966E-11,6.661338147751E-16,-1.));
#1639 = ORIENTED_EDGE('',*,*,#1299,.F.);
#1640 = ORIENTED_EDGE('',*,*,#990,.F.);
#1641 = PLANE('',#1642);
#1642 = AXIS2_PLACEMENT_3D('',#1643,#1644,#1645);
#1643 = CARTESIAN_POINT('',(16.400000000067,3.,2.899999999966));
#1644 = DIRECTION('',(1.,1.780616835289E-26,-2.673061771966E-11));
#1645 = DIRECTION('',(2.673061771966E-11,-6.661338147751E-16,1.));
#1646 = ADVANCED_FACE('',(#1647),#1665,.F.);
#1647 = FACE_BOUND('',#1648,.T.);
#1648 = EDGE_LOOP('',(#1649,#1656,#1657,#1658));
#1649 = ORIENTED_EDGE('',*,*,#1650,.T.);
#1650 = EDGE_CURVE('',#1651,#1041,#1653,.T.);
#1651 = VERTEX_POINT('',#1652);
#1652 = CARTESIAN_POINT('',(9.575,2.7,2.45));
#1653 = B_SPLINE_CURVE_WITH_KNOTS('',1,(#1654,#1655),.UNSPECIFIED.,.F.,
  .F.,(2,2),(-3.,3.),.PIECEWISE_BEZIER_KNOTS.);
#1654 = CARTESIAN_POINT('',(9.575,-3.,2.45));
#1655 = CARTESIAN_POINT('',(9.575,3.,2.45));
#1656 = ORIENTED_EDGE('',*,*,#1040,.F.);
#1657 = ORIENTED_EDGE('',*,*,#1650,.F.);
#1658 = ORIENTED_EDGE('',*,*,#1659,.T.);
#1659 = EDGE_CURVE('',#1651,#1651,#1660,.T.);
#1660 = CIRCLE('',#1661,1.175);
#1661 = AXIS2_PLACEMENT_3D('',#1662,#1663,#1664);
#1662 = CARTESIAN_POINT('',(8.4,2.7,2.45));
#1663 = DIRECTION('',(0.,-1.,2.22044604925E-16));
#1664 = DIRECTION('',(1.,0.,0.));
#1665 = CYLINDRICAL_SURFACE('',#1666,1.175);
#1666 = AXIS2_PLACEMENT_3D('',#1667,#1668,#1669);
#1667 = CARTESIAN_POINT('',(8.4,5.440092820663E-16,2.45));
#1668 = DIRECTION('',(0.,1.,-2.22044604925E-16));
#1669 = DIRECTION('',(1.,0.,0.));
#1670 = ADVANCED_FACE('',(#1671,#1684),#1720,.F.);
#1671 = FACE_BOUND('',#1672,.T.);
#1672 = EDGE_LOOP('',(#1673,#1674,#1680,#1681,#1682,#1683));
#1673 = ORIENTED_EDGE('',*,*,#1178,.T.);
#1674 = ORIENTED_EDGE('',*,*,#1675,.T.);
#1675 = EDGE_CURVE('',#1171,#1078,#1676,.T.);
#1676 = LINE('',#1677,#1678);
#1677 = CARTESIAN_POINT('',(6.5,3.2,2.22044604925E-15));
#1678 = VECTOR('',#1679,1.);
#1679 = DIRECTION('',(-1.,-8.056932555624E-33,1.209506615175E-17));
#1680 = ORIENTED_EDGE('',*,*,#1077,.T.);
#1681 = ORIENTED_EDGE('',*,*,#1519,.T.);
#1682 = ORIENTED_EDGE('',*,*,#1550,.F.);
#1683 = ORIENTED_EDGE('',*,*,#1568,.T.);
#1684 = FACE_BOUND('',#1685,.T.);
#1685 = EDGE_LOOP('',(#1686,#1697,#1705,#1714));
#1686 = ORIENTED_EDGE('',*,*,#1687,.T.);
#1687 = EDGE_CURVE('',#1688,#1690,#1692,.T.);
#1688 = VERTEX_POINT('',#1689);
#1689 = CARTESIAN_POINT('',(4.673531947269,3.2,4.075));
#1690 = VERTEX_POINT('',#1691);
#1691 = CARTESIAN_POINT('',(4.673531947269,3.2,1.725));
#1692 = CIRCLE('',#1693,1.25);
#1693 = AXIS2_PLACEMENT_3D('',#1694,#1695,#1696);
#1694 = CARTESIAN_POINT('',(5.1,3.2,2.9));
#1695 = DIRECTION('',(0.,-1.,-6.661338147751E-16));
#1696 = DIRECTION('',(1.,0.,0.));
#1697 = ORIENTED_EDGE('',*,*,#1698,.F.);
#1698 = EDGE_CURVE('',#1699,#1690,#1701,.T.);
#1699 = VERTEX_POINT('',#1700);
#1700 = CARTESIAN_POINT('',(5.526468052731,3.2,1.725));
#1701 = LINE('',#1702,#1703);
#1702 = CARTESIAN_POINT('',(5.526468052731,3.2,1.725));
#1703 = VECTOR('',#1704,1.);
#1704 = DIRECTION('',(-1.,0.,0.));
#1705 = ORIENTED_EDGE('',*,*,#1706,.T.);
#1706 = EDGE_CURVE('',#1699,#1707,#1709,.T.);
#1707 = VERTEX_POINT('',#1708);
#1708 = CARTESIAN_POINT('',(5.526468052731,3.2,4.075));
#1709 = CIRCLE('',#1710,1.25);
#1710 = AXIS2_PLACEMENT_3D('',#1711,#1712,#1713);
#1711 = CARTESIAN_POINT('',(5.1,3.2,2.9));
#1712 = DIRECTION('',(0.,-1.,-6.661338147751E-16));
#1713 = DIRECTION('',(1.,0.,0.));
#1714 = ORIENTED_EDGE('',*,*,#1715,.F.);
#1715 = EDGE_CURVE('',#1688,#1707,#1716,.T.);
#1716 = LINE('',#1717,#1718);
#1717 = CARTESIAN_POINT('',(4.673531947269,3.2,4.075));
#1718 = VECTOR('',#1719,1.);
#1719 = DIRECTION('',(1.,0.,0.));
#1720 = PLANE('',#1721);
#1721 = AXIS2_PLACEMENT_3D('',#1722,#1723,#1724);
#1722 = CARTESIAN_POINT('',(9.676914832323,3.2,2.343044880786));
#1723 = DIRECTION('',(0.,-1.,-4.440892098501E-16));
#1724 = DIRECTION('',(0.,4.440892098501E-16,-1.));
#1725 = ADVANCED_FACE('',(#1726),#1732,.T.);
#1726 = FACE_BOUND('',#1727,.T.);
#1727 = EDGE_LOOP('',(#1728,#1729,#1730,#1731));
#1728 = ORIENTED_EDGE('',*,*,#1170,.T.);
#1729 = ORIENTED_EDGE('',*,*,#1116,.T.);
#1730 = ORIENTED_EDGE('',*,*,#1085,.T.);
#1731 = ORIENTED_EDGE('',*,*,#1675,.F.);
#1732 = PLANE('',#1733);
#1733 = AXIS2_PLACEMENT_3D('',#1734,#1735,#1736);
#1734 = CARTESIAN_POINT('',(5.1,-2.092344131341E-31,9.423080250237E-16)
  );
#1735 = DIRECTION('',(0.,2.22044604925E-16,-1.));
#1736 = DIRECTION('',(0.,1.,2.22044604925E-16));
#1737 = ADVANCED_FACE('',(#1738),#1754,.F.);
#1738 = FACE_BOUND('',#1739,.T.);
#1739 = EDGE_LOOP('',(#1740,#1746,#1747,#1753));
#1740 = ORIENTED_EDGE('',*,*,#1741,.T.);
#1741 = EDGE_CURVE('',#1688,#1129,#1742,.T.);
#1742 = LINE('',#1743,#1744);
#1743 = CARTESIAN_POINT('',(4.673531947269,-3.,4.075));
#1744 = VECTOR('',#1745,1.);
#1745 = DIRECTION('',(0.,-1.,2.22044604925E-16));
#1746 = ORIENTED_EDGE('',*,*,#1128,.T.);
#1747 = ORIENTED_EDGE('',*,*,#1748,.T.);
#1748 = EDGE_CURVE('',#1131,#1690,#1749,.T.);
#1749 = LINE('',#1750,#1751);
#1750 = CARTESIAN_POINT('',(4.673531947269,-1.149080830487E-15,1.725));
#1751 = VECTOR('',#1752,1.);
#1752 = DIRECTION('',(0.,1.,6.661338147751E-16));
#1753 = ORIENTED_EDGE('',*,*,#1687,.F.);
#1754 = CYLINDRICAL_SURFACE('',#1755,1.25);
#1755 = AXIS2_PLACEMENT_3D('',#1756,#1757,#1758);
#1756 = CARTESIAN_POINT('',(5.1,6.439293542826E-16,2.9));
#1757 = DIRECTION('',(0.,1.,-2.22044604925E-16));
#1758 = DIRECTION('',(1.,0.,0.));
#1759 = ADVANCED_FACE('',(#1760),#1771,.T.);
#1760 = FACE_BOUND('',#1761,.T.);
#1761 = EDGE_LOOP('',(#1762,#1763,#1769,#1770));
#1762 = ORIENTED_EDGE('',*,*,#1139,.F.);
#1763 = ORIENTED_EDGE('',*,*,#1764,.F.);
#1764 = EDGE_CURVE('',#1699,#1140,#1765,.T.);
#1765 = LINE('',#1766,#1767);
#1766 = CARTESIAN_POINT('',(5.526468052731,-3.,1.725));
#1767 = VECTOR('',#1768,1.);
#1768 = DIRECTION('',(0.,-1.,2.22044604925E-16));
#1769 = ORIENTED_EDGE('',*,*,#1698,.T.);
#1770 = ORIENTED_EDGE('',*,*,#1748,.F.);
#1771 = PLANE('',#1772);
#1772 = AXIS2_PLACEMENT_3D('',#1773,#1774,#1775);
#1773 = CARTESIAN_POINT('',(5.1,-4.442558311341E-16,1.725));
#1774 = DIRECTION('',(2.297152614227E-16,-2.22044604925E-16,1.));
#1775 = DIRECTION('',(1.,5.100703446786E-32,-2.297152614227E-16));
#1776 = ADVANCED_FACE('',(#1777),#1788,.F.);
#1777 = FACE_BOUND('',#1778,.T.);
#1778 = EDGE_LOOP('',(#1779,#1780,#1781,#1787));
#1779 = ORIENTED_EDGE('',*,*,#1764,.T.);
#1780 = ORIENTED_EDGE('',*,*,#1147,.T.);
#1781 = ORIENTED_EDGE('',*,*,#1782,.T.);
#1782 = EDGE_CURVE('',#1148,#1707,#1783,.T.);
#1783 = LINE('',#1784,#1785);
#1784 = CARTESIAN_POINT('',(5.526468052731,-2.714495295209E-15,4.075));
#1785 = VECTOR('',#1786,1.);
#1786 = DIRECTION('',(0.,1.,6.661338147751E-16));
#1787 = ORIENTED_EDGE('',*,*,#1706,.F.);
#1788 = CYLINDRICAL_SURFACE('',#1789,1.25);
#1789 = AXIS2_PLACEMENT_3D('',#1790,#1791,#1792);
#1790 = CARTESIAN_POINT('',(5.1,6.439293542826E-16,2.9));
#1791 = DIRECTION('',(0.,1.,-2.22044604925E-16));
#1792 = DIRECTION('',(1.,0.,0.));
#1793 = ADVANCED_FACE('',(#1794),#1800,.T.);
#1794 = FACE_BOUND('',#1795,.T.);
#1795 = EDGE_LOOP('',(#1796,#1797,#1798,#1799));
#1796 = ORIENTED_EDGE('',*,*,#1156,.F.);
#1797 = ORIENTED_EDGE('',*,*,#1741,.F.);
#1798 = ORIENTED_EDGE('',*,*,#1715,.T.);
#1799 = ORIENTED_EDGE('',*,*,#1782,.F.);
#1800 = PLANE('',#1801);
#1801 = AXIS2_PLACEMENT_3D('',#1802,#1803,#1804);
#1802 = CARTESIAN_POINT('',(5.1,-9.660606527079E-16,4.075));
#1803 = DIRECTION('',(-4.594305228455E-16,2.22044604925E-16,-1.));
#1804 = DIRECTION('',(-1.,-1.020140689357E-31,4.594305228455E-16));
#1805 = ADVANCED_FACE('',(#1806,#1819),#1830,.F.);
#1806 = FACE_BOUND('',#1807,.T.);
#1807 = EDGE_LOOP('',(#1808,#1809,#1815,#1816,#1817,#1818));
#1808 = ORIENTED_EDGE('',*,*,#1291,.T.);
#1809 = ORIENTED_EDGE('',*,*,#1810,.T.);
#1810 = EDGE_CURVE('',#1284,#1213,#1811,.T.);
#1811 = LINE('',#1812,#1813);
#1812 = CARTESIAN_POINT('',(16.,3.2,2.22044604925E-15));
#1813 = VECTOR('',#1814,1.);
#1814 = DIRECTION('',(-1.,1.716828978997E-31,-2.577303450023E-16));
#1815 = ORIENTED_EDGE('',*,*,#1212,.T.);
#1816 = ORIENTED_EDGE('',*,*,#1585,.T.);
#1817 = ORIENTED_EDGE('',*,*,#1616,.F.);
#1818 = ORIENTED_EDGE('',*,*,#1634,.T.);
#1819 = FACE_BOUND('',#1820,.T.);
#1820 = EDGE_LOOP('',(#1821));
#1821 = ORIENTED_EDGE('',*,*,#1822,.T.);
#1822 = EDGE_CURVE('',#1823,#1823,#1825,.T.);
#1823 = VERTEX_POINT('',#1824);
#1824 = CARTESIAN_POINT('',(15.775,3.2,2.900000000014));
#1825 = CIRCLE('',#1826,1.175);
#1826 = AXIS2_PLACEMENT_3D('',#1827,#1828,#1829);
#1827 = CARTESIAN_POINT('',(14.6,3.2,2.900000000014));
#1828 = DIRECTION('',(0.,-1.,-6.661338147751E-16));
#1829 = DIRECTION('',(1.,0.,0.));
#1830 = PLANE('',#1831);
#1831 = AXIS2_PLACEMENT_3D('',#1832,#1833,#1834);
#1832 = CARTESIAN_POINT('',(9.676914832323,3.2,2.343044880786));
#1833 = DIRECTION('',(0.,-1.,-4.440892098501E-16));
#1834 = DIRECTION('',(0.,4.440892098501E-16,-1.));
#1835 = ADVANCED_FACE('',(#1836),#1842,.T.);
#1836 = FACE_BOUND('',#1837,.T.);
#1837 = EDGE_LOOP('',(#1838,#1839,#1840,#1841));
#1838 = ORIENTED_EDGE('',*,*,#1283,.T.);
#1839 = ORIENTED_EDGE('',*,*,#1251,.T.);
#1840 = ORIENTED_EDGE('',*,*,#1220,.T.);
#1841 = ORIENTED_EDGE('',*,*,#1810,.F.);
#1842 = PLANE('',#1843);
#1843 = AXIS2_PLACEMENT_3D('',#1844,#1845,#1846);
#1844 = CARTESIAN_POINT('',(14.6,-1.379970673196E-31,6.214835409586E-16)
  );
#1845 = DIRECTION('',(2.577303450023E-16,2.22044604925E-16,-1.));
#1846 = DIRECTION('',(-1.,5.722763263322E-32,-2.577303450023E-16));
#1847 = ADVANCED_FACE('',(#1848),#1858,.F.);
#1848 = FACE_BOUND('',#1849,.T.);
#1849 = EDGE_LOOP('',(#1850,#1851,#1856,#1857));
#1850 = ORIENTED_EDGE('',*,*,#1822,.F.);
#1851 = ORIENTED_EDGE('',*,*,#1852,.F.);
#1852 = EDGE_CURVE('',#1264,#1823,#1853,.T.);
#1853 = B_SPLINE_CURVE_WITH_KNOTS('',1,(#1854,#1855),.UNSPECIFIED.,.F.,
  .F.,(2,2),(-3.2,3.2),.PIECEWISE_BEZIER_KNOTS.);
#1854 = CARTESIAN_POINT('',(15.775,-3.2,2.900000000014));
#1855 = CARTESIAN_POINT('',(15.775,3.2,2.900000000014));
#1856 = ORIENTED_EDGE('',*,*,#1263,.T.);
#1857 = ORIENTED_EDGE('',*,*,#1852,.T.);
#1858 = CYLINDRICAL_SURFACE('',#1859,1.175);
#1859 = AXIS2_PLACEMENT_3D('',#1860,#1861,#1862);
#1860 = CARTESIAN_POINT('',(14.6,6.439293542857E-16,2.900000000014));
#1861 = DIRECTION('',(0.,1.,-2.22044604925E-16));
#1862 = DIRECTION('',(1.,0.,0.));
#1863 = ADVANCED_FACE('',(#1864),#1870,.T.);
#1864 = FACE_BOUND('',#1865,.T.);
#1865 = EDGE_LOOP('',(#1866,#1867,#1868,#1869));
#1866 = ORIENTED_EDGE('',*,*,#1398,.T.);
#1867 = ORIENTED_EDGE('',*,*,#1470,.T.);
#1868 = ORIENTED_EDGE('',*,*,#1455,.F.);
#1869 = ORIENTED_EDGE('',*,*,#1422,.F.);
#1870 = PLANE('',#1871);
#1871 = AXIS2_PLACEMENT_3D('',#1872,#1873,#1874);
#1872 = CARTESIAN_POINT('',(7.05,-1.981131308387E-15,9.2));
#1873 = DIRECTION('',(0.,-2.22044604925E-16,1.));
#1874 = DIRECTION('',(0.,-1.,-2.22044604925E-16));
#1875 = ADVANCED_FACE('',(#1876),#1895,.T.);
#1876 = FACE_BOUND('',#1877,.T.);
#1877 = EDGE_LOOP('',(#1878,#1887,#1893,#1894));
#1878 = ORIENTED_EDGE('',*,*,#1879,.F.);
#1879 = EDGE_CURVE('',#1880,#1880,#1882,.T.);
#1880 = VERTEX_POINT('',#1881);
#1881 = CARTESIAN_POINT('',(9.475,-3.,2.45));
#1882 = CIRCLE('',#1883,1.075);
#1883 = AXIS2_PLACEMENT_3D('',#1884,#1885,#1886);
#1884 = CARTESIAN_POINT('',(8.4,-3.,2.45));
#1885 = DIRECTION('',(0.,-1.,2.22044604925E-16));
#1886 = DIRECTION('',(1.,0.,0.));
#1887 = ORIENTED_EDGE('',*,*,#1888,.T.);
#1888 = EDGE_CURVE('',#1880,#1490,#1889,.T.);
#1889 = LINE('',#1890,#1891);
#1890 = CARTESIAN_POINT('',(9.475,-3.,2.45));
#1891 = VECTOR('',#1892,1.);
#1892 = DIRECTION('',(-0.,1.,-2.22044604925E-16));
#1893 = ORIENTED_EDGE('',*,*,#1489,.T.);
#1894 = ORIENTED_EDGE('',*,*,#1888,.F.);
#1895 = CYLINDRICAL_SURFACE('',#1896,1.075);
#1896 = AXIS2_PLACEMENT_3D('',#1897,#1898,#1899);
#1897 = CARTESIAN_POINT('',(8.4,-3.,2.45));
#1898 = DIRECTION('',(0.,-1.,2.22044604925E-16));
#1899 = DIRECTION('',(1.,0.,0.));
#1900 = ADVANCED_FACE('',(#1901,#1904),#1915,.T.);
#1901 = FACE_BOUND('',#1902,.T.);
#1902 = EDGE_LOOP('',(#1903));
#1903 = ORIENTED_EDGE('',*,*,#1659,.F.);
#1904 = FACE_BOUND('',#1905,.T.);
#1905 = EDGE_LOOP('',(#1906));
#1906 = ORIENTED_EDGE('',*,*,#1907,.T.);
#1907 = EDGE_CURVE('',#1908,#1908,#1910,.T.);
#1908 = VERTEX_POINT('',#1909);
#1909 = CARTESIAN_POINT('',(9.475,2.7,2.45));
#1910 = CIRCLE('',#1911,1.075);
#1911 = AXIS2_PLACEMENT_3D('',#1912,#1913,#1914);
#1912 = CARTESIAN_POINT('',(8.4,2.7,2.45));
#1913 = DIRECTION('',(0.,-1.,2.22044604925E-16));
#1914 = DIRECTION('',(1.,0.,0.));
#1915 = PLANE('',#1916);
#1916 = AXIS2_PLACEMENT_3D('',#1917,#1918,#1919);
#1917 = CARTESIAN_POINT('',(8.4,2.7,2.45));
#1918 = DIRECTION('',(0.,1.,0.));
#1919 = DIRECTION('',(0.,0.,1.));
#1920 = ADVANCED_FACE('',(#1921),#1924,.F.);
#1921 = FACE_BOUND('',#1922,.T.);
#1922 = EDGE_LOOP('',(#1923));
#1923 = ORIENTED_EDGE('',*,*,#1879,.T.);
#1924 = PLANE('',#1925);
#1925 = AXIS2_PLACEMENT_3D('',#1926,#1927,#1928);
#1926 = CARTESIAN_POINT('',(8.4,-3.,2.45));
#1927 = DIRECTION('',(0.,1.,-2.385069998615E-16));
#1928 = DIRECTION('',(0.,2.385069998615E-16,1.));
#1929 = ADVANCED_FACE('',(#1930),#1949,.T.);
#1930 = FACE_BOUND('',#1931,.T.);
#1931 = EDGE_LOOP('',(#1932,#1933,#1941,#1948));
#1932 = ORIENTED_EDGE('',*,*,#1907,.F.);
#1933 = ORIENTED_EDGE('',*,*,#1934,.T.);
#1934 = EDGE_CURVE('',#1908,#1935,#1937,.T.);
#1935 = VERTEX_POINT('',#1936);
#1936 = CARTESIAN_POINT('',(9.475,3.,2.45));
#1937 = LINE('',#1938,#1939);
#1938 = CARTESIAN_POINT('',(9.475,-3.,2.45));
#1939 = VECTOR('',#1940,1.);
#1940 = DIRECTION('',(-0.,1.,-2.22044604925E-16));
#1941 = ORIENTED_EDGE('',*,*,#1942,.T.);
#1942 = EDGE_CURVE('',#1935,#1935,#1943,.T.);
#1943 = CIRCLE('',#1944,1.075);
#1944 = AXIS2_PLACEMENT_3D('',#1945,#1946,#1947);
#1945 = CARTESIAN_POINT('',(8.4,3.,2.45));
#1946 = DIRECTION('',(0.,-1.,2.22044604925E-16));
#1947 = DIRECTION('',(1.,0.,0.));
#1948 = ORIENTED_EDGE('',*,*,#1934,.F.);
#1949 = CYLINDRICAL_SURFACE('',#1950,1.075);
#1950 = AXIS2_PLACEMENT_3D('',#1951,#1952,#1953);
#1951 = CARTESIAN_POINT('',(8.4,-3.,2.45));
#1952 = DIRECTION('',(0.,-1.,2.22044604925E-16));
#1953 = DIRECTION('',(1.,0.,0.));
#1954 = ADVANCED_FACE('',(#1955),#1958,.T.);
#1955 = FACE_BOUND('',#1956,.F.);
#1956 = EDGE_LOOP('',(#1957));
#1957 = ORIENTED_EDGE('',*,*,#1942,.T.);
#1958 = PLANE('',#1959);
#1959 = AXIS2_PLACEMENT_3D('',#1960,#1961,#1962);
#1960 = CARTESIAN_POINT('',(8.4,3.,2.45));
#1961 = DIRECTION('',(0.,1.,-2.385069998615E-16));
#1962 = DIRECTION('',(0.,2.385069998615E-16,1.));
#1963 = ( GEOMETRIC_REPRESENTATION_CONTEXT(3) 
GLOBAL_UNCERTAINTY_ASSIGNED_CONTEXT((#1967)) 
GLOBAL_UNIT_ASSIGNED_CONTEXT((#1964,#1965,#1966)) REPRESENTATION_CONTEXT
('Context #1','3D Context with UNIT and UNCERTAINTY') );
#1964 = ( LENGTH_UNIT() NAMED_UNIT(*) SI_UNIT(.MILLI.,.METRE.) );
#1965 = ( NAMED_UNIT(*) PLANE_ANGLE_UNIT() SI_UNIT($,.RADIAN.) );
#1966 = ( NAMED_UNIT(*) SI_UNIT($,.STERADIAN.) SOLID_ANGLE_UNIT() );
#1967 = UNCERTAINTY_MEASURE_WITH_UNIT(LENGTH_MEASURE(2.E-06),#1964,
  'distance_accuracy_value','confusion accuracy');
#1968 = CONTEXT_DEPENDENT_SHAPE_REPRESENTATION(#1969,#1971);
#1969 = ( REPRESENTATION_RELATIONSHIP('','',#52,#10) 
REPRESENTATION_RELATIONSHIP_WITH_TRANSFORMATION(#1970) 
SHAPE_REPRESENTATION_RELATIONSHIP() );
#1970 = ITEM_DEFINED_TRANSFORMATION('','',#11,#15);
#1971 = PRODUCT_DEFINITION_SHAPE('Placement','Placement of an item',
  #1972);
#1972 = NEXT_ASSEMBLY_USAGE_OCCURRENCE('13','switch body','',#5,#47,$);
#1973 = PRODUCT_RELATED_PRODUCT_CATEGORY('part',$,(#49));
#1974 = SHAPE_DEFINITION_REPRESENTATION(#1975,#1981);
#1975 = PRODUCT_DEFINITION_SHAPE('','',#1976);
#1976 = PRODUCT_DEFINITION('design','',#1977,#1980);
#1977 = PRODUCT_DEFINITION_FORMATION('','',#1978);
#1978 = PRODUCT('switch leg 1','switch leg 1','',(#1979));
#1979 = PRODUCT_CONTEXT('',#2,'mechanical');
#1980 = PRODUCT_DEFINITION_CONTEXT('part definition',#2,'design');
#1981 = ADVANCED_BREP_SHAPE_REPRESENTATION('',(#11,#1982),#2237);
#1982 = MANIFOLD_SOLID_BREP('',#1983);
#1983 = CLOSED_SHELL('',(#1984,#2024,#2055,#2086,#2117,#2148,#2170,#2203
    ,#2220));
#1984 = ADVANCED_FACE('',(#1985),#2019,.F.);
#1985 = FACE_BOUND('',#1986,.F.);
#1986 = EDGE_LOOP('',(#1987,#1997,#2005,#2013));
#1987 = ORIENTED_EDGE('',*,*,#1988,.T.);
#1988 = EDGE_CURVE('',#1989,#1991,#1993,.T.);
#1989 = VERTEX_POINT('',#1990);
#1990 = CARTESIAN_POINT('',(1.6,1.6,0.4));
#1991 = VERTEX_POINT('',#1992);
#1992 = CARTESIAN_POINT('',(2.1,1.6,0.4));
#1993 = LINE('',#1994,#1995);
#1994 = CARTESIAN_POINT('',(1.6,1.6,0.4));
#1995 = VECTOR('',#1996,1.);
#1996 = DIRECTION('',(1.,-2.22044604925E-16,1.110223024625E-16));
#1997 = ORIENTED_EDGE('',*,*,#1998,.T.);
#1998 = EDGE_CURVE('',#1991,#1999,#2001,.T.);
#1999 = VERTEX_POINT('',#2000);
#2000 = CARTESIAN_POINT('',(2.1,-1.6,0.4));
#2001 = LINE('',#2002,#2003);
#2002 = CARTESIAN_POINT('',(2.1,1.6,0.4));
#2003 = VECTOR('',#2004,1.);
#2004 = DIRECTION('',(2.22044604925E-16,-1.,5.377642775528E-16));
#2005 = ORIENTED_EDGE('',*,*,#2006,.F.);
#2006 = EDGE_CURVE('',#2007,#1999,#2009,.T.);
#2007 = VERTEX_POINT('',#2008);
#2008 = CARTESIAN_POINT('',(1.6,-1.6,0.4));
#2009 = LINE('',#2010,#2011);
#2010 = CARTESIAN_POINT('',(1.6,-1.6,0.4));
#2011 = VECTOR('',#2012,1.);
#2012 = DIRECTION('',(1.,-2.22044604925E-16,1.110223024625E-16));
#2013 = ORIENTED_EDGE('',*,*,#2014,.F.);
#2014 = EDGE_CURVE('',#1989,#2007,#2015,.T.);
#2015 = LINE('',#2016,#2017);
#2016 = CARTESIAN_POINT('',(1.6,1.6,0.4));
#2017 = VECTOR('',#2018,1.);
#2018 = DIRECTION('',(2.22044604925E-16,-1.,5.377642775528E-16));
#2019 = PLANE('',#2020);
#2020 = AXIS2_PLACEMENT_3D('',#2021,#2022,#2023);
#2021 = CARTESIAN_POINT('',(1.6,1.6,0.4));
#2022 = DIRECTION('',(1.110223024625E-16,-3.157196726278E-16,-1.));
#2023 = DIRECTION('',(-1.887411345499E-32,-1.,3.157196726278E-16));
#2024 = ADVANCED_FACE('',(#2025),#2050,.F.);
#2025 = FACE_BOUND('',#2026,.F.);
#2026 = EDGE_LOOP('',(#2027,#2028,#2036,#2044));
#2027 = ORIENTED_EDGE('',*,*,#2006,.T.);
#2028 = ORIENTED_EDGE('',*,*,#2029,.T.);
#2029 = EDGE_CURVE('',#1999,#2030,#2032,.T.);
#2030 = VERTEX_POINT('',#2031);
#2031 = CARTESIAN_POINT('',(2.1,-1.6,-3.));
#2032 = LINE('',#2033,#2034);
#2033 = CARTESIAN_POINT('',(2.1,-1.6,0.4));
#2034 = VECTOR('',#2035,1.);
#2035 = DIRECTION('',(5.551115123126E-16,1.110223024625E-16,-1.));
#2036 = ORIENTED_EDGE('',*,*,#2037,.F.);
#2037 = EDGE_CURVE('',#2038,#2030,#2040,.T.);
#2038 = VERTEX_POINT('',#2039);
#2039 = CARTESIAN_POINT('',(1.6,-1.6,-3.));
#2040 = LINE('',#2041,#2042);
#2041 = CARTESIAN_POINT('',(1.6,-1.6,-3.));
#2042 = VECTOR('',#2043,1.);
#2043 = DIRECTION('',(1.,-2.22044604925E-16,1.110223024625E-16));
#2044 = ORIENTED_EDGE('',*,*,#2045,.F.);
#2045 = EDGE_CURVE('',#2007,#2038,#2046,.T.);
#2046 = LINE('',#2047,#2048);
#2047 = CARTESIAN_POINT('',(1.6,-1.6,0.4));
#2048 = VECTOR('',#2049,1.);
#2049 = DIRECTION('',(5.551115123126E-16,1.110223024625E-16,-1.));
#2050 = PLANE('',#2051);
#2051 = AXIS2_PLACEMENT_3D('',#2052,#2053,#2054);
#2052 = CARTESIAN_POINT('',(1.6,-1.6,0.4));
#2053 = DIRECTION('',(2.22044604925E-16,1.,-1.110223024625E-16));
#2054 = DIRECTION('',(3.330669073875E-16,-1.110223024625E-16,-1.));
#2055 = ADVANCED_FACE('',(#2056),#2081,.F.);
#2056 = FACE_BOUND('',#2057,.F.);
#2057 = EDGE_LOOP('',(#2058,#2059,#2067,#2075));
#2058 = ORIENTED_EDGE('',*,*,#2037,.T.);
#2059 = ORIENTED_EDGE('',*,*,#2060,.T.);
#2060 = EDGE_CURVE('',#2030,#2061,#2063,.T.);
#2061 = VERTEX_POINT('',#2062);
#2062 = CARTESIAN_POINT('',(2.1,-1.1,-3.5));
#2063 = LINE('',#2064,#2065);
#2064 = CARTESIAN_POINT('',(2.1,-1.6,-3.));
#2065 = VECTOR('',#2066,1.);
#2066 = DIRECTION('',(2.355138688026E-16,0.707106781187,-0.707106781187)
  );
#2067 = ORIENTED_EDGE('',*,*,#2068,.F.);
#2068 = EDGE_CURVE('',#2069,#2061,#2071,.T.);
#2069 = VERTEX_POINT('',#2070);
#2070 = CARTESIAN_POINT('',(1.6,-1.1,-3.5));
#2071 = LINE('',#2072,#2073);
#2072 = CARTESIAN_POINT('',(1.6,-1.1,-3.5));
#2073 = VECTOR('',#2074,1.);
#2074 = DIRECTION('',(1.,-2.22044604925E-16,1.110223024625E-16));
#2075 = ORIENTED_EDGE('',*,*,#2076,.F.);
#2076 = EDGE_CURVE('',#2038,#2069,#2077,.T.);
#2077 = LINE('',#2078,#2079);
#2078 = CARTESIAN_POINT('',(1.6,-1.6,-3.));
#2079 = VECTOR('',#2080,1.);
#2080 = DIRECTION('',(2.355138688026E-16,0.707106781187,-0.707106781187)
  );
#2081 = PLANE('',#2082);
#2082 = AXIS2_PLACEMENT_3D('',#2083,#2084,#2085);
#2083 = CARTESIAN_POINT('',(1.6,-1.6,-3.));
#2084 = DIRECTION('',(7.850462293419E-17,0.707106781187,0.707106781187)
  );
#2085 = DIRECTION('',(2.355138688026E-16,0.707106781187,-0.707106781187)
  );
#2086 = ADVANCED_FACE('',(#2087),#2112,.F.);
#2087 = FACE_BOUND('',#2088,.F.);
#2088 = EDGE_LOOP('',(#2089,#2090,#2098,#2106));
#2089 = ORIENTED_EDGE('',*,*,#2068,.T.);
#2090 = ORIENTED_EDGE('',*,*,#2091,.T.);
#2091 = EDGE_CURVE('',#2061,#2092,#2094,.T.);
#2092 = VERTEX_POINT('',#2093);
#2093 = CARTESIAN_POINT('',(2.1,1.1,-3.5));
#2094 = LINE('',#2095,#2096);
#2095 = CARTESIAN_POINT('',(2.1,-1.1,-3.5));
#2096 = VECTOR('',#2097,1.);
#2097 = DIRECTION('',(-2.22044604925E-16,1.,-5.551115123126E-16));
#2098 = ORIENTED_EDGE('',*,*,#2099,.F.);
#2099 = EDGE_CURVE('',#2100,#2092,#2102,.T.);
#2100 = VERTEX_POINT('',#2101);
#2101 = CARTESIAN_POINT('',(1.6,1.1,-3.5));
#2102 = LINE('',#2103,#2104);
#2103 = CARTESIAN_POINT('',(1.6,1.1,-3.5));
#2104 = VECTOR('',#2105,1.);
#2105 = DIRECTION('',(1.,-2.22044604925E-16,1.110223024625E-16));
#2106 = ORIENTED_EDGE('',*,*,#2107,.F.);
#2107 = EDGE_CURVE('',#2069,#2100,#2108,.T.);
#2108 = LINE('',#2109,#2110);
#2109 = CARTESIAN_POINT('',(1.6,-1.1,-3.5));
#2110 = VECTOR('',#2111,1.);
#2111 = DIRECTION('',(-2.22044604925E-16,1.,-5.551115123126E-16));
#2112 = PLANE('',#2113);
#2113 = AXIS2_PLACEMENT_3D('',#2114,#2115,#2116);
#2114 = CARTESIAN_POINT('',(1.6,-1.1,-3.5));
#2115 = DIRECTION('',(-1.110223024625E-16,3.330669073875E-16,1.));
#2116 = DIRECTION('',(2.465190328816E-32,1.,-3.330669073875E-16));
#2117 = ADVANCED_FACE('',(#2118),#2143,.F.);
#2118 = FACE_BOUND('',#2119,.F.);
#2119 = EDGE_LOOP('',(#2120,#2121,#2129,#2137));
#2120 = ORIENTED_EDGE('',*,*,#2099,.T.);
#2121 = ORIENTED_EDGE('',*,*,#2122,.T.);
#2122 = EDGE_CURVE('',#2092,#2123,#2125,.T.);
#2123 = VERTEX_POINT('',#2124);
#2124 = CARTESIAN_POINT('',(2.1,1.6,-3.));
#2125 = LINE('',#2126,#2127);
#2126 = CARTESIAN_POINT('',(2.1,1.1,-3.5));
#2127 = VECTOR('',#2128,1.);
#2128 = DIRECTION('',(-5.495323605393E-16,0.707106781187,0.707106781187)
  );
#2129 = ORIENTED_EDGE('',*,*,#2130,.F.);
#2130 = EDGE_CURVE('',#2131,#2123,#2133,.T.);
#2131 = VERTEX_POINT('',#2132);
#2132 = CARTESIAN_POINT('',(1.6,1.6,-3.));
#2133 = LINE('',#2134,#2135);
#2134 = CARTESIAN_POINT('',(1.6,1.6,-3.));
#2135 = VECTOR('',#2136,1.);
#2136 = DIRECTION('',(1.,-2.22044604925E-16,1.110223024625E-16));
#2137 = ORIENTED_EDGE('',*,*,#2138,.F.);
#2138 = EDGE_CURVE('',#2100,#2131,#2139,.T.);
#2139 = LINE('',#2140,#2141);
#2140 = CARTESIAN_POINT('',(1.6,1.1,-3.5));
#2141 = VECTOR('',#2142,1.);
#2142 = DIRECTION('',(-5.495323605393E-16,0.707106781187,0.707106781187)
  );
#2143 = PLANE('',#2144);
#2144 = AXIS2_PLACEMENT_3D('',#2145,#2146,#2147);
#2145 = CARTESIAN_POINT('',(1.6,1.1,-3.5));
#2146 = DIRECTION('',(-2.355138688026E-16,-0.707106781187,0.707106781187
    ));
#2147 = DIRECTION('',(-2.355138688026E-16,0.707106781187,0.707106781187)
  );
#2148 = ADVANCED_FACE('',(#2149),#2165,.F.);
#2149 = FACE_BOUND('',#2150,.F.);
#2150 = EDGE_LOOP('',(#2151,#2152,#2158,#2159));
#2151 = ORIENTED_EDGE('',*,*,#2130,.T.);
#2152 = ORIENTED_EDGE('',*,*,#2153,.T.);
#2153 = EDGE_CURVE('',#2123,#1991,#2154,.T.);
#2154 = LINE('',#2155,#2156);
#2155 = CARTESIAN_POINT('',(2.1,1.6,-3.));
#2156 = VECTOR('',#2157,1.);
#2157 = DIRECTION('',(-5.551115123126E-16,-1.110223024625E-16,1.));
#2158 = ORIENTED_EDGE('',*,*,#1988,.F.);
#2159 = ORIENTED_EDGE('',*,*,#2160,.F.);
#2160 = EDGE_CURVE('',#2131,#1989,#2161,.T.);
#2161 = LINE('',#2162,#2163);
#2162 = CARTESIAN_POINT('',(1.6,1.6,-3.));
#2163 = VECTOR('',#2164,1.);
#2164 = DIRECTION('',(-5.551115123126E-16,-1.110223024625E-16,1.));
#2165 = PLANE('',#2166);
#2166 = AXIS2_PLACEMENT_3D('',#2167,#2168,#2169);
#2167 = CARTESIAN_POINT('',(1.6,1.6,-3.));
#2168 = DIRECTION('',(-2.22044604925E-16,-1.,1.110223024625E-16));
#2169 = DIRECTION('',(-3.330669073875E-16,1.110223024625E-16,1.));
#2170 = ADVANCED_FACE('',(#2171),#2198,.F.);
#2171 = FACE_BOUND('',#2172,.T.);
#2172 = EDGE_LOOP('',(#2173,#2183,#2190,#2191));
#2173 = ORIENTED_EDGE('',*,*,#2174,.T.);
#2174 = EDGE_CURVE('',#2175,#2177,#2179,.T.);
#2175 = VERTEX_POINT('',#2176);
#2176 = CARTESIAN_POINT('',(1.6,0.8,-2.1));
#2177 = VERTEX_POINT('',#2178);
#2178 = CARTESIAN_POINT('',(2.1,0.8,-2.1));
#2179 = LINE('',#2180,#2181);
#2180 = CARTESIAN_POINT('',(1.6,0.8,-2.1));
#2181 = VECTOR('',#2182,1.);
#2182 = DIRECTION('',(1.,-2.22044604925E-16,1.110223024625E-16));
#2183 = ORIENTED_EDGE('',*,*,#2184,.T.);
#2184 = EDGE_CURVE('',#2177,#2177,#2185,.T.);
#2185 = CIRCLE('',#2186,0.8);
#2186 = AXIS2_PLACEMENT_3D('',#2187,#2188,#2189);
#2187 = CARTESIAN_POINT('',(2.1,-2.331468351713E-16,-2.1));
#2188 = DIRECTION('',(1.,2.22044604925E-16,5.551115123126E-16));
#2189 = DIRECTION('',(-2.22044604925E-16,1.,-5.551115123126E-16));
#2190 = ORIENTED_EDGE('',*,*,#2174,.F.);
#2191 = ORIENTED_EDGE('',*,*,#2192,.F.);
#2192 = EDGE_CURVE('',#2175,#2175,#2193,.T.);
#2193 = CIRCLE('',#2194,0.8);
#2194 = AXIS2_PLACEMENT_3D('',#2195,#2196,#2197);
#2195 = CARTESIAN_POINT('',(1.6,-1.221245327088E-16,-2.1));
#2196 = DIRECTION('',(1.,2.22044604925E-16,5.551115123126E-16));
#2197 = DIRECTION('',(-2.22044604925E-16,1.,-5.551115123126E-16));
#2198 = CYLINDRICAL_SURFACE('',#2199,0.8);
#2199 = AXIS2_PLACEMENT_3D('',#2200,#2201,#2202);
#2200 = CARTESIAN_POINT('',(1.6,-5.884182030513E-16,-2.1));
#2201 = DIRECTION('',(-1.,-8.628166150855E-32,-3.330669073875E-16));
#2202 = DIRECTION('',(2.465190328816E-32,1.,-3.330669073875E-16));
#2203 = ADVANCED_FACE('',(#2204,#2212),#2215,.F.);
#2204 = FACE_BOUND('',#2205,.F.);
#2205 = EDGE_LOOP('',(#2206,#2207,#2208,#2209,#2210,#2211));
#2206 = ORIENTED_EDGE('',*,*,#2014,.T.);
#2207 = ORIENTED_EDGE('',*,*,#2045,.T.);
#2208 = ORIENTED_EDGE('',*,*,#2076,.T.);
#2209 = ORIENTED_EDGE('',*,*,#2107,.T.);
#2210 = ORIENTED_EDGE('',*,*,#2138,.T.);
#2211 = ORIENTED_EDGE('',*,*,#2160,.T.);
#2212 = FACE_BOUND('',#2213,.T.);
#2213 = EDGE_LOOP('',(#2214));
#2214 = ORIENTED_EDGE('',*,*,#2192,.T.);
#2215 = PLANE('',#2216);
#2216 = AXIS2_PLACEMENT_3D('',#2217,#2218,#2219);
#2217 = CARTESIAN_POINT('',(1.6,-1.766866298091E-16,-1.608548319661));
#2218 = DIRECTION('',(1.,-4.440892098501E-16,-1.110223024625E-16));
#2219 = DIRECTION('',(-5.551115123126E-16,-1.110223024625E-16,1.));
#2220 = ADVANCED_FACE('',(#2221,#2229),#2232,.T.);
#2221 = FACE_BOUND('',#2222,.T.);
#2222 = EDGE_LOOP('',(#2223,#2224,#2225,#2226,#2227,#2228));
#2223 = ORIENTED_EDGE('',*,*,#1998,.T.);
#2224 = ORIENTED_EDGE('',*,*,#2029,.T.);
#2225 = ORIENTED_EDGE('',*,*,#2060,.T.);
#2226 = ORIENTED_EDGE('',*,*,#2091,.T.);
#2227 = ORIENTED_EDGE('',*,*,#2122,.T.);
#2228 = ORIENTED_EDGE('',*,*,#2153,.T.);
#2229 = FACE_BOUND('',#2230,.F.);
#2230 = EDGE_LOOP('',(#2231));
#2231 = ORIENTED_EDGE('',*,*,#2184,.T.);
#2232 = PLANE('',#2233);
#2233 = AXIS2_PLACEMENT_3D('',#2234,#2235,#2236);
#2234 = CARTESIAN_POINT('',(2.1,-2.877089322716E-16,-1.608548319661));
#2235 = DIRECTION('',(1.,-4.440892098501E-16,-1.110223024625E-16));
#2236 = DIRECTION('',(-5.551115123126E-16,-1.110223024625E-16,1.));
#2237 = ( GEOMETRIC_REPRESENTATION_CONTEXT(3) 
GLOBAL_UNCERTAINTY_ASSIGNED_CONTEXT((#2241)) 
GLOBAL_UNIT_ASSIGNED_CONTEXT((#2238,#2239,#2240)) REPRESENTATION_CONTEXT
('Context #1','3D Context with UNIT and UNCERTAINTY') );
#2238 = ( LENGTH_UNIT() NAMED_UNIT(*) SI_UNIT(.MILLI.,.METRE.) );
#2239 = ( NAMED_UNIT(*) PLANE_ANGLE_UNIT() SI_UNIT($,.RADIAN.) );
#2240 = ( NAMED_UNIT(*) SI_UNIT($,.STERADIAN.) SOLID_ANGLE_UNIT() );
#2241 = UNCERTAINTY_MEASURE_WITH_UNIT(LENGTH_MEASURE(1.E-07),#2238,
  'distance_accuracy_value','confusion accuracy');
#2242 = CONTEXT_DEPENDENT_SHAPE_REPRESENTATION(#2243,#2245);
#2243 = ( REPRESENTATION_RELATIONSHIP('','',#1981,#10) 
REPRESENTATION_RELATIONSHIP_WITH_TRANSFORMATION(#2244) 
SHAPE_REPRESENTATION_RELATIONSHIP() );
#2244 = ITEM_DEFINED_TRANSFORMATION('','',#11,#19);
#2245 = PRODUCT_DEFINITION_SHAPE('Placement','Placement of an item',
  #2246);
#2246 = NEXT_ASSEMBLY_USAGE_OCCURRENCE('14','switch leg 1','',#5,#1976,$
  );
#2247 = PRODUCT_RELATED_PRODUCT_CATEGORY('part',$,(#1978));
#2248 = SHAPE_DEFINITION_REPRESENTATION(#2249,#2255);
#2249 = PRODUCT_DEFINITION_SHAPE('','',#2250);
#2250 = PRODUCT_DEFINITION('design','',#2251,#2254);
#2251 = PRODUCT_DEFINITION_FORMATION('','',#2252);
#2252 = PRODUCT('switch leg 2','switch leg 2','',(#2253));
#2253 = PRODUCT_CONTEXT('',#2,'mechanical');
#2254 = PRODUCT_DEFINITION_CONTEXT('part definition',#2,'design');
#2255 = ADVANCED_BREP_SHAPE_REPRESENTATION('',(#11,#2256),#2511);
#2256 = MANIFOLD_SOLID_BREP('',#2257);
#2257 = CLOSED_SHELL('',(#2258,#2298,#2329,#2360,#2391,#2422,#2444,#2477
    ,#2494));
#2258 = ADVANCED_FACE('',(#2259),#2293,.F.);
#2259 = FACE_BOUND('',#2260,.F.);
#2260 = EDGE_LOOP('',(#2261,#2271,#2279,#2287));
#2261 = ORIENTED_EDGE('',*,*,#2262,.T.);
#2262 = EDGE_CURVE('',#2263,#2265,#2267,.T.);
#2263 = VERTEX_POINT('',#2264);
#2264 = CARTESIAN_POINT('',(1.6,1.6,0.4));
#2265 = VERTEX_POINT('',#2266);
#2266 = CARTESIAN_POINT('',(2.1,1.6,0.4));
#2267 = LINE('',#2268,#2269);
#2268 = CARTESIAN_POINT('',(1.6,1.6,0.4));
#2269 = VECTOR('',#2270,1.);
#2270 = DIRECTION('',(1.,-2.22044604925E-16,1.110223024625E-16));
#2271 = ORIENTED_EDGE('',*,*,#2272,.T.);
#2272 = EDGE_CURVE('',#2265,#2273,#2275,.T.);
#2273 = VERTEX_POINT('',#2274);
#2274 = CARTESIAN_POINT('',(2.1,-1.6,0.4));
#2275 = LINE('',#2276,#2277);
#2276 = CARTESIAN_POINT('',(2.1,1.6,0.4));
#2277 = VECTOR('',#2278,1.);
#2278 = DIRECTION('',(4.440892098501E-16,-1.,7.598088824778E-16));
#2279 = ORIENTED_EDGE('',*,*,#2280,.F.);
#2280 = EDGE_CURVE('',#2281,#2273,#2283,.T.);
#2281 = VERTEX_POINT('',#2282);
#2282 = CARTESIAN_POINT('',(1.6,-1.6,0.4));
#2283 = LINE('',#2284,#2285);
#2284 = CARTESIAN_POINT('',(1.6,-1.6,0.4));
#2285 = VECTOR('',#2286,1.);
#2286 = DIRECTION('',(1.,-2.22044604925E-16,1.110223024625E-16));
#2287 = ORIENTED_EDGE('',*,*,#2288,.F.);
#2288 = EDGE_CURVE('',#2263,#2281,#2289,.T.);
#2289 = LINE('',#2290,#2291);
#2290 = CARTESIAN_POINT('',(1.6,1.6,0.4));
#2291 = VECTOR('',#2292,1.);
#2292 = DIRECTION('',(4.440892098501E-16,-1.,7.598088824778E-16));
#2293 = PLANE('',#2294);
#2294 = AXIS2_PLACEMENT_3D('',#2295,#2296,#2297);
#2295 = CARTESIAN_POINT('',(1.6,1.6,0.4));
#2296 = DIRECTION('',(1.110223024625E-16,-3.157196726278E-16,-1.));
#2297 = DIRECTION('',(-1.887411345499E-32,-1.,3.157196726278E-16));
#2298 = ADVANCED_FACE('',(#2299),#2324,.F.);
#2299 = FACE_BOUND('',#2300,.F.);
#2300 = EDGE_LOOP('',(#2301,#2302,#2310,#2318));
#2301 = ORIENTED_EDGE('',*,*,#2280,.T.);
#2302 = ORIENTED_EDGE('',*,*,#2303,.T.);
#2303 = EDGE_CURVE('',#2273,#2304,#2306,.T.);
#2304 = VERTEX_POINT('',#2305);
#2305 = CARTESIAN_POINT('',(2.1,-1.6,-3.));
#2306 = LINE('',#2307,#2308);
#2307 = CARTESIAN_POINT('',(2.1,-1.6,0.4));
#2308 = VECTOR('',#2309,1.);
#2309 = DIRECTION('',(7.771561172376E-16,3.330669073875E-16,-1.));
#2310 = ORIENTED_EDGE('',*,*,#2311,.F.);
#2311 = EDGE_CURVE('',#2312,#2304,#2314,.T.);
#2312 = VERTEX_POINT('',#2313);
#2313 = CARTESIAN_POINT('',(1.6,-1.6,-3.));
#2314 = LINE('',#2315,#2316);
#2315 = CARTESIAN_POINT('',(1.6,-1.6,-3.));
#2316 = VECTOR('',#2317,1.);
#2317 = DIRECTION('',(1.,-2.22044604925E-16,1.110223024625E-16));
#2318 = ORIENTED_EDGE('',*,*,#2319,.F.);
#2319 = EDGE_CURVE('',#2281,#2312,#2320,.T.);
#2320 = LINE('',#2321,#2322);
#2321 = CARTESIAN_POINT('',(1.6,-1.6,0.4));
#2322 = VECTOR('',#2323,1.);
#2323 = DIRECTION('',(7.771561172376E-16,3.330669073875E-16,-1.));
#2324 = PLANE('',#2325);
#2325 = AXIS2_PLACEMENT_3D('',#2326,#2327,#2328);
#2326 = CARTESIAN_POINT('',(1.6,-1.6,0.4));
#2327 = DIRECTION('',(2.22044604925E-16,1.,-1.110223024625E-16));
#2328 = DIRECTION('',(3.330669073875E-16,-1.110223024625E-16,-1.));
#2329 = ADVANCED_FACE('',(#2330),#2355,.F.);
#2330 = FACE_BOUND('',#2331,.F.);
#2331 = EDGE_LOOP('',(#2332,#2333,#2341,#2349));
#2332 = ORIENTED_EDGE('',*,*,#2311,.T.);
#2333 = ORIENTED_EDGE('',*,*,#2334,.T.);
#2334 = EDGE_CURVE('',#2304,#2335,#2337,.T.);
#2335 = VERTEX_POINT('',#2336);
#2336 = CARTESIAN_POINT('',(2.1,-1.1,-3.5));
#2337 = LINE('',#2338,#2339);
#2338 = CARTESIAN_POINT('',(2.1,-1.6,-3.));
#2339 = VECTOR('',#2340,1.);
#2340 = DIRECTION('',(2.355138688026E-16,0.707106781187,-0.707106781187)
  );
#2341 = ORIENTED_EDGE('',*,*,#2342,.F.);
#2342 = EDGE_CURVE('',#2343,#2335,#2345,.T.);
#2343 = VERTEX_POINT('',#2344);
#2344 = CARTESIAN_POINT('',(1.6,-1.1,-3.5));
#2345 = LINE('',#2346,#2347);
#2346 = CARTESIAN_POINT('',(1.6,-1.1,-3.5));
#2347 = VECTOR('',#2348,1.);
#2348 = DIRECTION('',(1.,-2.22044604925E-16,1.110223024625E-16));
#2349 = ORIENTED_EDGE('',*,*,#2350,.F.);
#2350 = EDGE_CURVE('',#2312,#2343,#2351,.T.);
#2351 = LINE('',#2352,#2353);
#2352 = CARTESIAN_POINT('',(1.6,-1.6,-3.));
#2353 = VECTOR('',#2354,1.);
#2354 = DIRECTION('',(2.355138688026E-16,0.707106781187,-0.707106781187)
  );
#2355 = PLANE('',#2356);
#2356 = AXIS2_PLACEMENT_3D('',#2357,#2358,#2359);
#2357 = CARTESIAN_POINT('',(1.6,-1.6,-3.));
#2358 = DIRECTION('',(7.850462293419E-17,0.707106781187,0.707106781187)
  );
#2359 = DIRECTION('',(2.355138688026E-16,0.707106781187,-0.707106781187)
  );
#2360 = ADVANCED_FACE('',(#2361),#2386,.F.);
#2361 = FACE_BOUND('',#2362,.F.);
#2362 = EDGE_LOOP('',(#2363,#2364,#2372,#2380));
#2363 = ORIENTED_EDGE('',*,*,#2342,.T.);
#2364 = ORIENTED_EDGE('',*,*,#2365,.T.);
#2365 = EDGE_CURVE('',#2335,#2366,#2368,.T.);
#2366 = VERTEX_POINT('',#2367);
#2367 = CARTESIAN_POINT('',(2.1,1.1,-3.5));
#2368 = LINE('',#2369,#2370);
#2369 = CARTESIAN_POINT('',(2.1,-1.1,-3.5));
#2370 = VECTOR('',#2371,1.);
#2371 = DIRECTION('',(-4.440892098501E-16,1.,-7.771561172376E-16));
#2372 = ORIENTED_EDGE('',*,*,#2373,.F.);
#2373 = EDGE_CURVE('',#2374,#2366,#2376,.T.);
#2374 = VERTEX_POINT('',#2375);
#2375 = CARTESIAN_POINT('',(1.6,1.1,-3.5));
#2376 = LINE('',#2377,#2378);
#2377 = CARTESIAN_POINT('',(1.6,1.1,-3.5));
#2378 = VECTOR('',#2379,1.);
#2379 = DIRECTION('',(1.,-2.22044604925E-16,1.110223024625E-16));
#2380 = ORIENTED_EDGE('',*,*,#2381,.F.);
#2381 = EDGE_CURVE('',#2343,#2374,#2382,.T.);
#2382 = LINE('',#2383,#2384);
#2383 = CARTESIAN_POINT('',(1.6,-1.1,-3.5));
#2384 = VECTOR('',#2385,1.);
#2385 = DIRECTION('',(-4.440892098501E-16,1.,-7.771561172376E-16));
#2386 = PLANE('',#2387);
#2387 = AXIS2_PLACEMENT_3D('',#2388,#2389,#2390);
#2388 = CARTESIAN_POINT('',(1.6,-1.1,-3.5));
#2389 = DIRECTION('',(-1.110223024625E-16,3.330669073875E-16,1.));
#2390 = DIRECTION('',(2.465190328816E-32,1.,-3.330669073875E-16));
#2391 = ADVANCED_FACE('',(#2392),#2417,.F.);
#2392 = FACE_BOUND('',#2393,.F.);
#2393 = EDGE_LOOP('',(#2394,#2395,#2403,#2411));
#2394 = ORIENTED_EDGE('',*,*,#2373,.T.);
#2395 = ORIENTED_EDGE('',*,*,#2396,.T.);
#2396 = EDGE_CURVE('',#2366,#2397,#2399,.T.);
#2397 = VERTEX_POINT('',#2398);
#2398 = CARTESIAN_POINT('',(2.1,1.6,-3.));
#2399 = LINE('',#2400,#2401);
#2400 = CARTESIAN_POINT('',(2.1,1.1,-3.5));
#2401 = VECTOR('',#2402,1.);
#2402 = DIRECTION('',(-8.635508522761E-16,0.707106781187,0.707106781187)
  );
#2403 = ORIENTED_EDGE('',*,*,#2404,.F.);
#2404 = EDGE_CURVE('',#2405,#2397,#2407,.T.);
#2405 = VERTEX_POINT('',#2406);
#2406 = CARTESIAN_POINT('',(1.6,1.6,-3.));
#2407 = LINE('',#2408,#2409);
#2408 = CARTESIAN_POINT('',(1.6,1.6,-3.));
#2409 = VECTOR('',#2410,1.);
#2410 = DIRECTION('',(1.,-2.22044604925E-16,1.110223024625E-16));
#2411 = ORIENTED_EDGE('',*,*,#2412,.F.);
#2412 = EDGE_CURVE('',#2374,#2405,#2413,.T.);
#2413 = LINE('',#2414,#2415);
#2414 = CARTESIAN_POINT('',(1.6,1.1,-3.5));
#2415 = VECTOR('',#2416,1.);
#2416 = DIRECTION('',(-8.635508522761E-16,0.707106781187,0.707106781187)
  );
#2417 = PLANE('',#2418);
#2418 = AXIS2_PLACEMENT_3D('',#2419,#2420,#2421);
#2419 = CARTESIAN_POINT('',(1.6,1.1,-3.5));
#2420 = DIRECTION('',(-2.355138688026E-16,-0.707106781187,0.707106781187
    ));
#2421 = DIRECTION('',(-2.355138688026E-16,0.707106781187,0.707106781187)
  );
#2422 = ADVANCED_FACE('',(#2423),#2439,.F.);
#2423 = FACE_BOUND('',#2424,.F.);
#2424 = EDGE_LOOP('',(#2425,#2426,#2432,#2433));
#2425 = ORIENTED_EDGE('',*,*,#2404,.T.);
#2426 = ORIENTED_EDGE('',*,*,#2427,.T.);
#2427 = EDGE_CURVE('',#2397,#2265,#2428,.T.);
#2428 = LINE('',#2429,#2430);
#2429 = CARTESIAN_POINT('',(2.1,1.6,-3.));
#2430 = VECTOR('',#2431,1.);
#2431 = DIRECTION('',(-7.771561172376E-16,-3.330669073875E-16,1.));
#2432 = ORIENTED_EDGE('',*,*,#2262,.F.);
#2433 = ORIENTED_EDGE('',*,*,#2434,.F.);
#2434 = EDGE_CURVE('',#2405,#2263,#2435,.T.);
#2435 = LINE('',#2436,#2437);
#2436 = CARTESIAN_POINT('',(1.6,1.6,-3.));
#2437 = VECTOR('',#2438,1.);
#2438 = DIRECTION('',(-7.771561172376E-16,-3.330669073875E-16,1.));
#2439 = PLANE('',#2440);
#2440 = AXIS2_PLACEMENT_3D('',#2441,#2442,#2443);
#2441 = CARTESIAN_POINT('',(1.6,1.6,-3.));
#2442 = DIRECTION('',(-2.22044604925E-16,-1.,1.110223024625E-16));
#2443 = DIRECTION('',(-3.330669073875E-16,1.110223024625E-16,1.));
#2444 = ADVANCED_FACE('',(#2445),#2472,.F.);
#2445 = FACE_BOUND('',#2446,.T.);
#2446 = EDGE_LOOP('',(#2447,#2457,#2464,#2465));
#2447 = ORIENTED_EDGE('',*,*,#2448,.T.);
#2448 = EDGE_CURVE('',#2449,#2451,#2453,.T.);
#2449 = VERTEX_POINT('',#2450);
#2450 = CARTESIAN_POINT('',(1.6,0.8,-2.1));
#2451 = VERTEX_POINT('',#2452);
#2452 = CARTESIAN_POINT('',(2.1,0.8,-2.1));
#2453 = LINE('',#2454,#2455);
#2454 = CARTESIAN_POINT('',(1.6,0.8,-2.1));
#2455 = VECTOR('',#2456,1.);
#2456 = DIRECTION('',(1.,-2.22044604925E-16,1.110223024625E-16));
#2457 = ORIENTED_EDGE('',*,*,#2458,.T.);
#2458 = EDGE_CURVE('',#2451,#2451,#2459,.T.);
#2459 = CIRCLE('',#2460,0.8);
#2460 = AXIS2_PLACEMENT_3D('',#2461,#2462,#2463);
#2461 = CARTESIAN_POINT('',(2.1,2.331468351713E-16,-2.1));
#2462 = DIRECTION('',(1.,4.440892098501E-16,7.771561172376E-16));
#2463 = DIRECTION('',(-4.440892098501E-16,1.,-7.771561172376E-16));
#2464 = ORIENTED_EDGE('',*,*,#2448,.F.);
#2465 = ORIENTED_EDGE('',*,*,#2466,.F.);
#2466 = EDGE_CURVE('',#2449,#2449,#2467,.T.);
#2467 = CIRCLE('',#2468,0.8);
#2468 = AXIS2_PLACEMENT_3D('',#2469,#2470,#2471);
#2469 = CARTESIAN_POINT('',(1.6,3.441691376338E-16,-2.1));
#2470 = DIRECTION('',(1.,4.440892098501E-16,7.771561172376E-16));
#2471 = DIRECTION('',(-4.440892098501E-16,1.,-7.771561172376E-16));
#2472 = CYLINDRICAL_SURFACE('',#2473,0.8);
#2473 = AXIS2_PLACEMENT_3D('',#2474,#2475,#2476);
#2474 = CARTESIAN_POINT('',(1.6,-5.884182030513E-16,-2.1));
#2475 = DIRECTION('',(-1.,-8.628166150855E-32,-3.330669073875E-16));
#2476 = DIRECTION('',(2.465190328816E-32,1.,-3.330669073875E-16));
#2477 = ADVANCED_FACE('',(#2478,#2486),#2489,.F.);
#2478 = FACE_BOUND('',#2479,.F.);
#2479 = EDGE_LOOP('',(#2480,#2481,#2482,#2483,#2484,#2485));
#2480 = ORIENTED_EDGE('',*,*,#2288,.T.);
#2481 = ORIENTED_EDGE('',*,*,#2319,.T.);
#2482 = ORIENTED_EDGE('',*,*,#2350,.T.);
#2483 = ORIENTED_EDGE('',*,*,#2381,.T.);
#2484 = ORIENTED_EDGE('',*,*,#2412,.T.);
#2485 = ORIENTED_EDGE('',*,*,#2434,.T.);
#2486 = FACE_BOUND('',#2487,.T.);
#2487 = EDGE_LOOP('',(#2488));
#2488 = ORIENTED_EDGE('',*,*,#2466,.T.);
#2489 = PLANE('',#2490);
#2490 = AXIS2_PLACEMENT_3D('',#2491,#2492,#2493);
#2491 = CARTESIAN_POINT('',(1.6,1.804828463329E-16,-1.608548319661));
#2492 = DIRECTION('',(1.,-6.661338147751E-16,-3.330669073875E-16));
#2493 = DIRECTION('',(-7.771561172376E-16,-3.330669073875E-16,1.));
#2494 = ADVANCED_FACE('',(#2495,#2503),#2506,.T.);
#2495 = FACE_BOUND('',#2496,.T.);
#2496 = EDGE_LOOP('',(#2497,#2498,#2499,#2500,#2501,#2502));
#2497 = ORIENTED_EDGE('',*,*,#2272,.T.);
#2498 = ORIENTED_EDGE('',*,*,#2303,.T.);
#2499 = ORIENTED_EDGE('',*,*,#2334,.T.);
#2500 = ORIENTED_EDGE('',*,*,#2365,.T.);
#2501 = ORIENTED_EDGE('',*,*,#2396,.T.);
#2502 = ORIENTED_EDGE('',*,*,#2427,.T.);
#2503 = FACE_BOUND('',#2504,.F.);
#2504 = EDGE_LOOP('',(#2505));
#2505 = ORIENTED_EDGE('',*,*,#2458,.T.);
#2506 = PLANE('',#2507);
#2507 = AXIS2_PLACEMENT_3D('',#2508,#2509,#2510);
#2508 = CARTESIAN_POINT('',(2.1,6.946054387037E-17,-1.608548319661));
#2509 = DIRECTION('',(1.,-6.661338147751E-16,-3.330669073875E-16));
#2510 = DIRECTION('',(-7.771561172376E-16,-3.330669073875E-16,1.));
#2511 = ( GEOMETRIC_REPRESENTATION_CONTEXT(3) 
GLOBAL_UNCERTAINTY_ASSIGNED_CONTEXT((#2515)) 
GLOBAL_UNIT_ASSIGNED_CONTEXT((#2512,#2513,#2514)) REPRESENTATION_CONTEXT
('Context #1','3D Context with UNIT and UNCERTAINTY') );
#2512 = ( LENGTH_UNIT() NAMED_UNIT(*) SI_UNIT(.MILLI.,.METRE.) );
#2513 = ( NAMED_UNIT(*) PLANE_ANGLE_UNIT() SI_UNIT($,.RADIAN.) );
#2514 = ( NAMED_UNIT(*) SI_UNIT($,.STERADIAN.) SOLID_ANGLE_UNIT() );
#2515 = UNCERTAINTY_MEASURE_WITH_UNIT(LENGTH_MEASURE(1.E-07),#2512,
  'distance_accuracy_value','confusion accuracy');
#2516 = CONTEXT_DEPENDENT_SHAPE_REPRESENTATION(#2517,#2519);
#2517 = ( REPRESENTATION_RELATIONSHIP('','',#2255,#10) 
REPRESENTATION_RELATIONSHIP_WITH_TRANSFORMATION(#2518) 
SHAPE_REPRESENTATION_RELATIONSHIP() );
#2518 = ITEM_DEFINED_TRANSFORMATION('','',#11,#23);
#2519 = PRODUCT_DEFINITION_SHAPE('Placement','Placement of an item',
  #2520);
#2520 = NEXT_ASSEMBLY_USAGE_OCCURRENCE('15','switch leg 2','',#5,#2250,$
  );
#2521 = PRODUCT_RELATED_PRODUCT_CATEGORY('part',$,(#2252));
#2522 = SHAPE_DEFINITION_REPRESENTATION(#2523,#2529);
#2523 = PRODUCT_DEFINITION_SHAPE('','',#2524);
#2524 = PRODUCT_DEFINITION('design','',#2525,#2528);
#2525 = PRODUCT_DEFINITION_FORMATION('','',#2526);
#2526 = PRODUCT('switch leg 3','switch leg 3','',(#2527));
#2527 = PRODUCT_CONTEXT('',#2,'mechanical');
#2528 = PRODUCT_DEFINITION_CONTEXT('part definition',#2,'design');
#2529 = ADVANCED_BREP_SHAPE_REPRESENTATION('',(#11,#2530),#2785);
#2530 = MANIFOLD_SOLID_BREP('',#2531);
#2531 = CLOSED_SHELL('',(#2532,#2572,#2603,#2634,#2665,#2696,#2718,#2751
    ,#2768));
#2532 = ADVANCED_FACE('',(#2533),#2567,.F.);
#2533 = FACE_BOUND('',#2534,.F.);
#2534 = EDGE_LOOP('',(#2535,#2545,#2553,#2561));
#2535 = ORIENTED_EDGE('',*,*,#2536,.T.);
#2536 = EDGE_CURVE('',#2537,#2539,#2541,.T.);
#2537 = VERTEX_POINT('',#2538);
#2538 = CARTESIAN_POINT('',(1.6,1.6,0.4));
#2539 = VERTEX_POINT('',#2540);
#2540 = CARTESIAN_POINT('',(2.1,1.6,0.4));
#2541 = LINE('',#2542,#2543);
#2542 = CARTESIAN_POINT('',(1.6,1.6,0.4));
#2543 = VECTOR('',#2544,1.);
#2544 = DIRECTION('',(1.,-2.22044604925E-16,1.110223024625E-16));
#2545 = ORIENTED_EDGE('',*,*,#2546,.T.);
#2546 = EDGE_CURVE('',#2539,#2547,#2549,.T.);
#2547 = VERTEX_POINT('',#2548);
#2548 = CARTESIAN_POINT('',(2.1,-1.6,0.4));
#2549 = LINE('',#2550,#2551);
#2550 = CARTESIAN_POINT('',(2.1,1.6,0.4));
#2551 = VECTOR('',#2552,1.);
#2552 = DIRECTION('',(4.440892098501E-16,-1.,7.598088824778E-16));
#2553 = ORIENTED_EDGE('',*,*,#2554,.F.);
#2554 = EDGE_CURVE('',#2555,#2547,#2557,.T.);
#2555 = VERTEX_POINT('',#2556);
#2556 = CARTESIAN_POINT('',(1.6,-1.6,0.4));
#2557 = LINE('',#2558,#2559);
#2558 = CARTESIAN_POINT('',(1.6,-1.6,0.4));
#2559 = VECTOR('',#2560,1.);
#2560 = DIRECTION('',(1.,-2.22044604925E-16,1.110223024625E-16));
#2561 = ORIENTED_EDGE('',*,*,#2562,.F.);
#2562 = EDGE_CURVE('',#2537,#2555,#2563,.T.);
#2563 = LINE('',#2564,#2565);
#2564 = CARTESIAN_POINT('',(1.6,1.6,0.4));
#2565 = VECTOR('',#2566,1.);
#2566 = DIRECTION('',(4.440892098501E-16,-1.,7.598088824778E-16));
#2567 = PLANE('',#2568);
#2568 = AXIS2_PLACEMENT_3D('',#2569,#2570,#2571);
#2569 = CARTESIAN_POINT('',(1.6,1.6,0.4));
#2570 = DIRECTION('',(1.110223024625E-16,-3.157196726278E-16,-1.));
#2571 = DIRECTION('',(-1.887411345499E-32,-1.,3.157196726278E-16));
#2572 = ADVANCED_FACE('',(#2573),#2598,.F.);
#2573 = FACE_BOUND('',#2574,.F.);
#2574 = EDGE_LOOP('',(#2575,#2576,#2584,#2592));
#2575 = ORIENTED_EDGE('',*,*,#2554,.T.);
#2576 = ORIENTED_EDGE('',*,*,#2577,.T.);
#2577 = EDGE_CURVE('',#2547,#2578,#2580,.T.);
#2578 = VERTEX_POINT('',#2579);
#2579 = CARTESIAN_POINT('',(2.1,-1.6,-3.));
#2580 = LINE('',#2581,#2582);
#2581 = CARTESIAN_POINT('',(2.1,-1.6,0.4));
#2582 = VECTOR('',#2583,1.);
#2583 = DIRECTION('',(7.771561172376E-16,3.330669073875E-16,-1.));
#2584 = ORIENTED_EDGE('',*,*,#2585,.F.);
#2585 = EDGE_CURVE('',#2586,#2578,#2588,.T.);
#2586 = VERTEX_POINT('',#2587);
#2587 = CARTESIAN_POINT('',(1.6,-1.6,-3.));
#2588 = LINE('',#2589,#2590);
#2589 = CARTESIAN_POINT('',(1.6,-1.6,-3.));
#2590 = VECTOR('',#2591,1.);
#2591 = DIRECTION('',(1.,-2.22044604925E-16,1.110223024625E-16));
#2592 = ORIENTED_EDGE('',*,*,#2593,.F.);
#2593 = EDGE_CURVE('',#2555,#2586,#2594,.T.);
#2594 = LINE('',#2595,#2596);
#2595 = CARTESIAN_POINT('',(1.6,-1.6,0.4));
#2596 = VECTOR('',#2597,1.);
#2597 = DIRECTION('',(7.771561172376E-16,3.330669073875E-16,-1.));
#2598 = PLANE('',#2599);
#2599 = AXIS2_PLACEMENT_3D('',#2600,#2601,#2602);
#2600 = CARTESIAN_POINT('',(1.6,-1.6,0.4));
#2601 = DIRECTION('',(2.22044604925E-16,1.,-1.110223024625E-16));
#2602 = DIRECTION('',(3.330669073875E-16,-1.110223024625E-16,-1.));
#2603 = ADVANCED_FACE('',(#2604),#2629,.F.);
#2604 = FACE_BOUND('',#2605,.F.);
#2605 = EDGE_LOOP('',(#2606,#2607,#2615,#2623));
#2606 = ORIENTED_EDGE('',*,*,#2585,.T.);
#2607 = ORIENTED_EDGE('',*,*,#2608,.T.);
#2608 = EDGE_CURVE('',#2578,#2609,#2611,.T.);
#2609 = VERTEX_POINT('',#2610);
#2610 = CARTESIAN_POINT('',(2.1,-1.1,-3.5));
#2611 = LINE('',#2612,#2613);
#2612 = CARTESIAN_POINT('',(2.1,-1.6,-3.));
#2613 = VECTOR('',#2614,1.);
#2614 = DIRECTION('',(2.355138688026E-16,0.707106781187,-0.707106781187)
  );
#2615 = ORIENTED_EDGE('',*,*,#2616,.F.);
#2616 = EDGE_CURVE('',#2617,#2609,#2619,.T.);
#2617 = VERTEX_POINT('',#2618);
#2618 = CARTESIAN_POINT('',(1.6,-1.1,-3.5));
#2619 = LINE('',#2620,#2621);
#2620 = CARTESIAN_POINT('',(1.6,-1.1,-3.5));
#2621 = VECTOR('',#2622,1.);
#2622 = DIRECTION('',(1.,-2.22044604925E-16,1.110223024625E-16));
#2623 = ORIENTED_EDGE('',*,*,#2624,.F.);
#2624 = EDGE_CURVE('',#2586,#2617,#2625,.T.);
#2625 = LINE('',#2626,#2627);
#2626 = CARTESIAN_POINT('',(1.6,-1.6,-3.));
#2627 = VECTOR('',#2628,1.);
#2628 = DIRECTION('',(2.355138688026E-16,0.707106781187,-0.707106781187)
  );
#2629 = PLANE('',#2630);
#2630 = AXIS2_PLACEMENT_3D('',#2631,#2632,#2633);
#2631 = CARTESIAN_POINT('',(1.6,-1.6,-3.));
#2632 = DIRECTION('',(7.850462293419E-17,0.707106781187,0.707106781187)
  );
#2633 = DIRECTION('',(2.355138688026E-16,0.707106781187,-0.707106781187)
  );
#2634 = ADVANCED_FACE('',(#2635),#2660,.F.);
#2635 = FACE_BOUND('',#2636,.F.);
#2636 = EDGE_LOOP('',(#2637,#2638,#2646,#2654));
#2637 = ORIENTED_EDGE('',*,*,#2616,.T.);
#2638 = ORIENTED_EDGE('',*,*,#2639,.T.);
#2639 = EDGE_CURVE('',#2609,#2640,#2642,.T.);
#2640 = VERTEX_POINT('',#2641);
#2641 = CARTESIAN_POINT('',(2.1,1.1,-3.5));
#2642 = LINE('',#2643,#2644);
#2643 = CARTESIAN_POINT('',(2.1,-1.1,-3.5));
#2644 = VECTOR('',#2645,1.);
#2645 = DIRECTION('',(-4.440892098501E-16,1.,-7.771561172376E-16));
#2646 = ORIENTED_EDGE('',*,*,#2647,.F.);
#2647 = EDGE_CURVE('',#2648,#2640,#2650,.T.);
#2648 = VERTEX_POINT('',#2649);
#2649 = CARTESIAN_POINT('',(1.6,1.1,-3.5));
#2650 = LINE('',#2651,#2652);
#2651 = CARTESIAN_POINT('',(1.6,1.1,-3.5));
#2652 = VECTOR('',#2653,1.);
#2653 = DIRECTION('',(1.,-2.22044604925E-16,1.110223024625E-16));
#2654 = ORIENTED_EDGE('',*,*,#2655,.F.);
#2655 = EDGE_CURVE('',#2617,#2648,#2656,.T.);
#2656 = LINE('',#2657,#2658);
#2657 = CARTESIAN_POINT('',(1.6,-1.1,-3.5));
#2658 = VECTOR('',#2659,1.);
#2659 = DIRECTION('',(-4.440892098501E-16,1.,-7.771561172376E-16));
#2660 = PLANE('',#2661);
#2661 = AXIS2_PLACEMENT_3D('',#2662,#2663,#2664);
#2662 = CARTESIAN_POINT('',(1.6,-1.1,-3.5));
#2663 = DIRECTION('',(-1.110223024625E-16,3.330669073875E-16,1.));
#2664 = DIRECTION('',(2.465190328816E-32,1.,-3.330669073875E-16));
#2665 = ADVANCED_FACE('',(#2666),#2691,.F.);
#2666 = FACE_BOUND('',#2667,.F.);
#2667 = EDGE_LOOP('',(#2668,#2669,#2677,#2685));
#2668 = ORIENTED_EDGE('',*,*,#2647,.T.);
#2669 = ORIENTED_EDGE('',*,*,#2670,.T.);
#2670 = EDGE_CURVE('',#2640,#2671,#2673,.T.);
#2671 = VERTEX_POINT('',#2672);
#2672 = CARTESIAN_POINT('',(2.1,1.6,-3.));
#2673 = LINE('',#2674,#2675);
#2674 = CARTESIAN_POINT('',(2.1,1.1,-3.5));
#2675 = VECTOR('',#2676,1.);
#2676 = DIRECTION('',(-8.635508522761E-16,0.707106781187,0.707106781187)
  );
#2677 = ORIENTED_EDGE('',*,*,#2678,.F.);
#2678 = EDGE_CURVE('',#2679,#2671,#2681,.T.);
#2679 = VERTEX_POINT('',#2680);
#2680 = CARTESIAN_POINT('',(1.6,1.6,-3.));
#2681 = LINE('',#2682,#2683);
#2682 = CARTESIAN_POINT('',(1.6,1.6,-3.));
#2683 = VECTOR('',#2684,1.);
#2684 = DIRECTION('',(1.,-2.22044604925E-16,1.110223024625E-16));
#2685 = ORIENTED_EDGE('',*,*,#2686,.F.);
#2686 = EDGE_CURVE('',#2648,#2679,#2687,.T.);
#2687 = LINE('',#2688,#2689);
#2688 = CARTESIAN_POINT('',(1.6,1.1,-3.5));
#2689 = VECTOR('',#2690,1.);
#2690 = DIRECTION('',(-8.635508522761E-16,0.707106781187,0.707106781187)
  );
#2691 = PLANE('',#2692);
#2692 = AXIS2_PLACEMENT_3D('',#2693,#2694,#2695);
#2693 = CARTESIAN_POINT('',(1.6,1.1,-3.5));
#2694 = DIRECTION('',(-2.355138688026E-16,-0.707106781187,0.707106781187
    ));
#2695 = DIRECTION('',(-2.355138688026E-16,0.707106781187,0.707106781187)
  );
#2696 = ADVANCED_FACE('',(#2697),#2713,.F.);
#2697 = FACE_BOUND('',#2698,.F.);
#2698 = EDGE_LOOP('',(#2699,#2700,#2706,#2707));
#2699 = ORIENTED_EDGE('',*,*,#2678,.T.);
#2700 = ORIENTED_EDGE('',*,*,#2701,.T.);
#2701 = EDGE_CURVE('',#2671,#2539,#2702,.T.);
#2702 = LINE('',#2703,#2704);
#2703 = CARTESIAN_POINT('',(2.1,1.6,-3.));
#2704 = VECTOR('',#2705,1.);
#2705 = DIRECTION('',(-7.771561172376E-16,-3.330669073875E-16,1.));
#2706 = ORIENTED_EDGE('',*,*,#2536,.F.);
#2707 = ORIENTED_EDGE('',*,*,#2708,.F.);
#2708 = EDGE_CURVE('',#2679,#2537,#2709,.T.);
#2709 = LINE('',#2710,#2711);
#2710 = CARTESIAN_POINT('',(1.6,1.6,-3.));
#2711 = VECTOR('',#2712,1.);
#2712 = DIRECTION('',(-7.771561172376E-16,-3.330669073875E-16,1.));
#2713 = PLANE('',#2714);
#2714 = AXIS2_PLACEMENT_3D('',#2715,#2716,#2717);
#2715 = CARTESIAN_POINT('',(1.6,1.6,-3.));
#2716 = DIRECTION('',(-2.22044604925E-16,-1.,1.110223024625E-16));
#2717 = DIRECTION('',(-3.330669073875E-16,1.110223024625E-16,1.));
#2718 = ADVANCED_FACE('',(#2719),#2746,.F.);
#2719 = FACE_BOUND('',#2720,.T.);
#2720 = EDGE_LOOP('',(#2721,#2731,#2738,#2739));
#2721 = ORIENTED_EDGE('',*,*,#2722,.T.);
#2722 = EDGE_CURVE('',#2723,#2725,#2727,.T.);
#2723 = VERTEX_POINT('',#2724);
#2724 = CARTESIAN_POINT('',(1.6,0.8,-2.1));
#2725 = VERTEX_POINT('',#2726);
#2726 = CARTESIAN_POINT('',(2.1,0.8,-2.1));
#2727 = LINE('',#2728,#2729);
#2728 = CARTESIAN_POINT('',(1.6,0.8,-2.1));
#2729 = VECTOR('',#2730,1.);
#2730 = DIRECTION('',(1.,-2.22044604925E-16,1.110223024625E-16));
#2731 = ORIENTED_EDGE('',*,*,#2732,.T.);
#2732 = EDGE_CURVE('',#2725,#2725,#2733,.T.);
#2733 = CIRCLE('',#2734,0.8);
#2734 = AXIS2_PLACEMENT_3D('',#2735,#2736,#2737);
#2735 = CARTESIAN_POINT('',(2.1,2.331468351713E-16,-2.1));
#2736 = DIRECTION('',(1.,4.440892098501E-16,7.771561172376E-16));
#2737 = DIRECTION('',(-4.440892098501E-16,1.,-7.771561172376E-16));
#2738 = ORIENTED_EDGE('',*,*,#2722,.F.);
#2739 = ORIENTED_EDGE('',*,*,#2740,.F.);
#2740 = EDGE_CURVE('',#2723,#2723,#2741,.T.);
#2741 = CIRCLE('',#2742,0.8);
#2742 = AXIS2_PLACEMENT_3D('',#2743,#2744,#2745);
#2743 = CARTESIAN_POINT('',(1.6,3.441691376338E-16,-2.1));
#2744 = DIRECTION('',(1.,4.440892098501E-16,7.771561172376E-16));
#2745 = DIRECTION('',(-4.440892098501E-16,1.,-7.771561172376E-16));
#2746 = CYLINDRICAL_SURFACE('',#2747,0.8);
#2747 = AXIS2_PLACEMENT_3D('',#2748,#2749,#2750);
#2748 = CARTESIAN_POINT('',(1.6,-5.884182030513E-16,-2.1));
#2749 = DIRECTION('',(-1.,-8.628166150855E-32,-3.330669073875E-16));
#2750 = DIRECTION('',(2.465190328816E-32,1.,-3.330669073875E-16));
#2751 = ADVANCED_FACE('',(#2752,#2760),#2763,.F.);
#2752 = FACE_BOUND('',#2753,.F.);
#2753 = EDGE_LOOP('',(#2754,#2755,#2756,#2757,#2758,#2759));
#2754 = ORIENTED_EDGE('',*,*,#2562,.T.);
#2755 = ORIENTED_EDGE('',*,*,#2593,.T.);
#2756 = ORIENTED_EDGE('',*,*,#2624,.T.);
#2757 = ORIENTED_EDGE('',*,*,#2655,.T.);
#2758 = ORIENTED_EDGE('',*,*,#2686,.T.);
#2759 = ORIENTED_EDGE('',*,*,#2708,.T.);
#2760 = FACE_BOUND('',#2761,.T.);
#2761 = EDGE_LOOP('',(#2762));
#2762 = ORIENTED_EDGE('',*,*,#2740,.T.);
#2763 = PLANE('',#2764);
#2764 = AXIS2_PLACEMENT_3D('',#2765,#2766,#2767);
#2765 = CARTESIAN_POINT('',(1.6,1.804828463329E-16,-1.608548319661));
#2766 = DIRECTION('',(1.,-6.661338147751E-16,-3.330669073875E-16));
#2767 = DIRECTION('',(-7.771561172376E-16,-3.330669073875E-16,1.));
#2768 = ADVANCED_FACE('',(#2769,#2777),#2780,.T.);
#2769 = FACE_BOUND('',#2770,.T.);
#2770 = EDGE_LOOP('',(#2771,#2772,#2773,#2774,#2775,#2776));
#2771 = ORIENTED_EDGE('',*,*,#2546,.T.);
#2772 = ORIENTED_EDGE('',*,*,#2577,.T.);
#2773 = ORIENTED_EDGE('',*,*,#2608,.T.);
#2774 = ORIENTED_EDGE('',*,*,#2639,.T.);
#2775 = ORIENTED_EDGE('',*,*,#2670,.T.);
#2776 = ORIENTED_EDGE('',*,*,#2701,.T.);
#2777 = FACE_BOUND('',#2778,.F.);
#2778 = EDGE_LOOP('',(#2779));
#2779 = ORIENTED_EDGE('',*,*,#2732,.T.);
#2780 = PLANE('',#2781);
#2781 = AXIS2_PLACEMENT_3D('',#2782,#2783,#2784);
#2782 = CARTESIAN_POINT('',(2.1,6.946054387037E-17,-1.608548319661));
#2783 = DIRECTION('',(1.,-6.661338147751E-16,-3.330669073875E-16));
#2784 = DIRECTION('',(-7.771561172376E-16,-3.330669073875E-16,1.));
#2785 = ( GEOMETRIC_REPRESENTATION_CONTEXT(3) 
GLOBAL_UNCERTAINTY_ASSIGNED_CONTEXT((#2789)) 
GLOBAL_UNIT_ASSIGNED_CONTEXT((#2786,#2787,#2788)) REPRESENTATION_CONTEXT
('Context #1','3D Context with UNIT and UNCERTAINTY') );
#2786 = ( LENGTH_UNIT() NAMED_UNIT(*) SI_UNIT(.MILLI.,.METRE.) );
#2787 = ( NAMED_UNIT(*) PLANE_ANGLE_UNIT() SI_UNIT($,.RADIAN.) );
#2788 = ( NAMED_UNIT(*) SI_UNIT($,.STERADIAN.) SOLID_ANGLE_UNIT() );
#2789 = UNCERTAINTY_MEASURE_WITH_UNIT(LENGTH_MEASURE(1.E-07),#2786,
  'distance_accuracy_value','confusion accuracy');
#2790 = CONTEXT_DEPENDENT_SHAPE_REPRESENTATION(#2791,#2793);
#2791 = ( REPRESENTATION_RELATIONSHIP('','',#2529,#10) 
REPRESENTATION_RELATIONSHIP_WITH_TRANSFORMATION(#2792) 
SHAPE_REPRESENTATION_RELATIONSHIP() );
#2792 = ITEM_DEFINED_TRANSFORMATION('','',#11,#27);
#2793 = PRODUCT_DEFINITION_SHAPE('Placement','Placement of an item',
  #2794);
#2794 = NEXT_ASSEMBLY_USAGE_OCCURRENCE('16','switch leg 3','',#5,#2524,$
  );
#2795 = PRODUCT_RELATED_PRODUCT_CATEGORY('part',$,(#2526));
#2796 = SHAPE_DEFINITION_REPRESENTATION(#2797,#2803);
#2797 = PRODUCT_DEFINITION_SHAPE('','',#2798);
#2798 = PRODUCT_DEFINITION('design','',#2799,#2802);
#2799 = PRODUCT_DEFINITION_FORMATION('','',#2800);
#2800 = PRODUCT('button','button','',(#2801));
#2801 = PRODUCT_CONTEXT('',#2,'mechanical');
#2802 = PRODUCT_DEFINITION_CONTEXT('part definition',#2,'design');
#2803 = ADVANCED_BREP_SHAPE_REPRESENTATION('',(#11,#2804),#2956);
#2804 = MANIFOLD_SOLID_BREP('',#2805);
#2805 = CLOSED_SHELL('',(#2806,#2846,#2877,#2910,#2932,#2944));
#2806 = ADVANCED_FACE('',(#2807),#2841,.T.);
#2807 = FACE_BOUND('',#2808,.T.);
#2808 = EDGE_LOOP('',(#2809,#2819,#2827,#2835));
#2809 = ORIENTED_EDGE('',*,*,#2810,.T.);
#2810 = EDGE_CURVE('',#2811,#2813,#2815,.T.);
#2811 = VERTEX_POINT('',#2812);
#2812 = CARTESIAN_POINT('',(8.05,1.6,9.2));
#2813 = VERTEX_POINT('',#2814);
#2814 = CARTESIAN_POINT('',(8.05,-1.6,9.2));
#2815 = LINE('',#2816,#2817);
#2816 = CARTESIAN_POINT('',(8.05,1.6,9.2));
#2817 = VECTOR('',#2818,1.);
#2818 = DIRECTION('',(0.,-1.,2.22044604925E-16));
#2819 = ORIENTED_EDGE('',*,*,#2820,.T.);
#2820 = EDGE_CURVE('',#2813,#2821,#2823,.T.);
#2821 = VERTEX_POINT('',#2822);
#2822 = CARTESIAN_POINT('',(6.05,-1.6,9.2));
#2823 = LINE('',#2824,#2825);
#2824 = CARTESIAN_POINT('',(8.05,-1.6,9.2));
#2825 = VECTOR('',#2826,1.);
#2826 = DIRECTION('',(-1.,0.,0.));
#2827 = ORIENTED_EDGE('',*,*,#2828,.F.);
#2828 = EDGE_CURVE('',#2829,#2821,#2831,.T.);
#2829 = VERTEX_POINT('',#2830);
#2830 = CARTESIAN_POINT('',(6.05,1.6,9.2));
#2831 = LINE('',#2832,#2833);
#2832 = CARTESIAN_POINT('',(6.05,1.6,9.2));
#2833 = VECTOR('',#2834,1.);
#2834 = DIRECTION('',(0.,-1.,2.22044604925E-16));
#2835 = ORIENTED_EDGE('',*,*,#2836,.F.);
#2836 = EDGE_CURVE('',#2811,#2829,#2837,.T.);
#2837 = LINE('',#2838,#2839);
#2838 = CARTESIAN_POINT('',(8.05,1.6,9.2));
#2839 = VECTOR('',#2840,1.);
#2840 = DIRECTION('',(-1.,0.,0.));
#2841 = PLANE('',#2842);
#2842 = AXIS2_PLACEMENT_3D('',#2843,#2844,#2845);
#2843 = CARTESIAN_POINT('',(8.05,1.6,9.2));
#2844 = DIRECTION('',(-0.,-2.22044604925E-16,-1.));
#2845 = DIRECTION('',(-1.,0.,0.));
#2846 = ADVANCED_FACE('',(#2847),#2872,.T.);
#2847 = FACE_BOUND('',#2848,.T.);
#2848 = EDGE_LOOP('',(#2849,#2850,#2858,#2866));
#2849 = ORIENTED_EDGE('',*,*,#2828,.T.);
#2850 = ORIENTED_EDGE('',*,*,#2851,.T.);
#2851 = EDGE_CURVE('',#2821,#2852,#2854,.T.);
#2852 = VERTEX_POINT('',#2853);
#2853 = CARTESIAN_POINT('',(6.05,-1.6,10.7));
#2854 = LINE('',#2855,#2856);
#2855 = CARTESIAN_POINT('',(6.05,-1.6,9.2));
#2856 = VECTOR('',#2857,1.);
#2857 = DIRECTION('',(0.,2.22044604925E-16,1.));
#2858 = ORIENTED_EDGE('',*,*,#2859,.F.);
#2859 = EDGE_CURVE('',#2860,#2852,#2862,.T.);
#2860 = VERTEX_POINT('',#2861);
#2861 = CARTESIAN_POINT('',(6.05,1.6,10.7));
#2862 = LINE('',#2863,#2864);
#2863 = CARTESIAN_POINT('',(6.05,1.6,10.7));
#2864 = VECTOR('',#2865,1.);
#2865 = DIRECTION('',(0.,-1.,2.22044604925E-16));
#2866 = ORIENTED_EDGE('',*,*,#2867,.F.);
#2867 = EDGE_CURVE('',#2829,#2860,#2868,.T.);
#2868 = LINE('',#2869,#2870);
#2869 = CARTESIAN_POINT('',(6.05,1.6,9.2));
#2870 = VECTOR('',#2871,1.);
#2871 = DIRECTION('',(0.,2.22044604925E-16,1.));
#2872 = PLANE('',#2873);
#2873 = AXIS2_PLACEMENT_3D('',#2874,#2875,#2876);
#2874 = CARTESIAN_POINT('',(6.05,1.6,9.2));
#2875 = DIRECTION('',(-1.,0.,0.));
#2876 = DIRECTION('',(0.,2.22044604925E-16,1.));
#2877 = ADVANCED_FACE('',(#2878),#2905,.T.);
#2878 = FACE_BOUND('',#2879,.F.);
#2879 = EDGE_LOOP('',(#2880,#2890,#2897,#2898));
#2880 = ORIENTED_EDGE('',*,*,#2881,.T.);
#2881 = EDGE_CURVE('',#2882,#2884,#2886,.T.);
#2882 = VERTEX_POINT('',#2883);
#2883 = CARTESIAN_POINT('',(8.05,1.6,10.7));
#2884 = VERTEX_POINT('',#2885);
#2885 = CARTESIAN_POINT('',(8.05,-1.6,10.7));
#2886 = LINE('',#2887,#2888);
#2887 = CARTESIAN_POINT('',(8.05,1.6,10.7));
#2888 = VECTOR('',#2889,1.);
#2889 = DIRECTION('',(0.,-1.,2.22044604925E-16));
#2890 = ORIENTED_EDGE('',*,*,#2891,.T.);
#2891 = EDGE_CURVE('',#2884,#2852,#2892,.T.);
#2892 = CIRCLE('',#2893,1.);
#2893 = AXIS2_PLACEMENT_3D('',#2894,#2895,#2896);
#2894 = CARTESIAN_POINT('',(7.05,-1.6,10.7));
#2895 = DIRECTION('',(0.,-1.,2.22044604925E-16));
#2896 = DIRECTION('',(1.,0.,0.));
#2897 = ORIENTED_EDGE('',*,*,#2859,.F.);
#2898 = ORIENTED_EDGE('',*,*,#2899,.F.);
#2899 = EDGE_CURVE('',#2882,#2860,#2900,.T.);
#2900 = CIRCLE('',#2901,1.);
#2901 = AXIS2_PLACEMENT_3D('',#2902,#2903,#2904);
#2902 = CARTESIAN_POINT('',(7.05,1.6,10.7));
#2903 = DIRECTION('',(0.,-1.,2.22044604925E-16));
#2904 = DIRECTION('',(1.,0.,0.));
#2905 = CYLINDRICAL_SURFACE('',#2906,1.);
#2906 = AXIS2_PLACEMENT_3D('',#2907,#2908,#2909);
#2907 = CARTESIAN_POINT('',(7.05,1.6,10.7));
#2908 = DIRECTION('',(0.,1.,-2.22044604925E-16));
#2909 = DIRECTION('',(1.,0.,0.));
#2910 = ADVANCED_FACE('',(#2911),#2927,.T.);
#2911 = FACE_BOUND('',#2912,.T.);
#2912 = EDGE_LOOP('',(#2913,#2914,#2920,#2921));
#2913 = ORIENTED_EDGE('',*,*,#2881,.T.);
#2914 = ORIENTED_EDGE('',*,*,#2915,.T.);
#2915 = EDGE_CURVE('',#2884,#2813,#2916,.T.);
#2916 = LINE('',#2917,#2918);
#2917 = CARTESIAN_POINT('',(8.05,-1.6,10.7));
#2918 = VECTOR('',#2919,1.);
#2919 = DIRECTION('',(0.,-2.22044604925E-16,-1.));
#2920 = ORIENTED_EDGE('',*,*,#2810,.F.);
#2921 = ORIENTED_EDGE('',*,*,#2922,.F.);
#2922 = EDGE_CURVE('',#2882,#2811,#2923,.T.);
#2923 = LINE('',#2924,#2925);
#2924 = CARTESIAN_POINT('',(8.05,1.6,10.7));
#2925 = VECTOR('',#2926,1.);
#2926 = DIRECTION('',(0.,-2.22044604925E-16,-1.));
#2927 = PLANE('',#2928);
#2928 = AXIS2_PLACEMENT_3D('',#2929,#2930,#2931);
#2929 = CARTESIAN_POINT('',(8.05,1.6,10.7));
#2930 = DIRECTION('',(1.,0.,0.));
#2931 = DIRECTION('',(0.,-2.22044604925E-16,-1.));
#2932 = ADVANCED_FACE('',(#2933),#2939,.T.);
#2933 = FACE_BOUND('',#2934,.T.);
#2934 = EDGE_LOOP('',(#2935,#2936,#2937,#2938));
#2935 = ORIENTED_EDGE('',*,*,#2836,.T.);
#2936 = ORIENTED_EDGE('',*,*,#2867,.T.);
#2937 = ORIENTED_EDGE('',*,*,#2899,.F.);
#2938 = ORIENTED_EDGE('',*,*,#2922,.T.);
#2939 = PLANE('',#2940);
#2940 = AXIS2_PLACEMENT_3D('',#2941,#2942,#2943);
#2941 = CARTESIAN_POINT('',(7.05,1.6,10.260256350946));
#2942 = DIRECTION('',(0.,1.,-2.845996645179E-16));
#2943 = DIRECTION('',(0.,2.845996645179E-16,1.));
#2944 = ADVANCED_FACE('',(#2945),#2951,.F.);
#2945 = FACE_BOUND('',#2946,.F.);
#2946 = EDGE_LOOP('',(#2947,#2948,#2949,#2950));
#2947 = ORIENTED_EDGE('',*,*,#2820,.T.);
#2948 = ORIENTED_EDGE('',*,*,#2851,.T.);
#2949 = ORIENTED_EDGE('',*,*,#2891,.F.);
#2950 = ORIENTED_EDGE('',*,*,#2915,.T.);
#2951 = PLANE('',#2952);
#2952 = AXIS2_PLACEMENT_3D('',#2953,#2954,#2955);
#2953 = CARTESIAN_POINT('',(7.05,-1.6,10.260256350946));
#2954 = DIRECTION('',(0.,1.,-2.845996645179E-16));
#2955 = DIRECTION('',(0.,2.845996645179E-16,1.));
#2956 = ( GEOMETRIC_REPRESENTATION_CONTEXT(3) 
GLOBAL_UNCERTAINTY_ASSIGNED_CONTEXT((#2960)) 
GLOBAL_UNIT_ASSIGNED_CONTEXT((#2957,#2958,#2959)) REPRESENTATION_CONTEXT
('Context #1','3D Context with UNIT and UNCERTAINTY') );
#2957 = ( LENGTH_UNIT() NAMED_UNIT(*) SI_UNIT(.MILLI.,.METRE.) );
#2958 = ( NAMED_UNIT(*) PLANE_ANGLE_UNIT() SI_UNIT($,.RADIAN.) );
#2959 = ( NAMED_UNIT(*) SI_UNIT($,.STERADIAN.) SOLID_ANGLE_UNIT() );
#2960 = UNCERTAINTY_MEASURE_WITH_UNIT(LENGTH_MEASURE(1.E-07),#2957,
  'distance_accuracy_value','confusion accuracy');
#2961 = CONTEXT_DEPENDENT_SHAPE_REPRESENTATION(#2962,#2964);
#2962 = ( REPRESENTATION_RELATIONSHIP('','',#2803,#10) 
REPRESENTATION_RELATIONSHIP_WITH_TRANSFORMATION(#2963) 
SHAPE_REPRESENTATION_RELATIONSHIP() );
#2963 = ITEM_DEFINED_TRANSFORMATION('','',#11,#31);
#2964 = PRODUCT_DEFINITION_SHAPE('Placement','Placement of an item',
  #2965);
#2965 = NEXT_ASSEMBLY_USAGE_OCCURRENCE('17','button','',#5,#2798,$);
#2966 = PRODUCT_RELATED_PRODUCT_CATEGORY('part',$,(#2800));
#2967 = SHAPE_DEFINITION_REPRESENTATION(#2968,#2974);
#2968 = PRODUCT_DEFINITION_SHAPE('','',#2969);
#2969 = PRODUCT_DEFINITION('design','',#2970,#2973);
#2970 = PRODUCT_DEFINITION_FORMATION('','',#2971);
#2971 = PRODUCT('lever','lever','',(#2972));
#2972 = PRODUCT_CONTEXT('',#2,'mechanical');
#2973 = PRODUCT_DEFINITION_CONTEXT('part definition',#2,'design');
#2974 = ADVANCED_BREP_SHAPE_REPRESENTATION('',(#11,#2975),#3393);
#2975 = MANIFOLD_SOLID_BREP('',#2976);
#2976 = CLOSED_SHELL('',(#2977,#3017,#3050,#3081,#3131,#3181,#3198,#3215
    ,#3246,#3277,#3308,#3339,#3360,#3381));
#2977 = ADVANCED_FACE('',(#2978),#3012,.F.);
#2978 = FACE_BOUND('',#2979,.F.);
#2979 = EDGE_LOOP('',(#2980,#2990,#2998,#3006));
#2980 = ORIENTED_EDGE('',*,*,#2981,.T.);
#2981 = EDGE_CURVE('',#2982,#2984,#2986,.T.);
#2982 = VERTEX_POINT('',#2983);
#2983 = CARTESIAN_POINT('',(3.275728406574,1.8,10.989879697519));
#2984 = VERTEX_POINT('',#2985);
#2985 = CARTESIAN_POINT('',(3.275728406574,-1.8,10.989879697519));
#2986 = LINE('',#2987,#2988);
#2987 = CARTESIAN_POINT('',(3.275728406574,1.8,10.989879697519));
#2988 = VECTOR('',#2989,1.);
#2989 = DIRECTION('',(0.,-1.,2.22044604925E-16));
#2990 = ORIENTED_EDGE('',*,*,#2991,.T.);
#2991 = EDGE_CURVE('',#2984,#2992,#2994,.T.);
#2992 = VERTEX_POINT('',#2993);
#2993 = CARTESIAN_POINT('',(19.227170137598,-1.8,14.090525872388));
#2994 = LINE('',#2995,#2996);
#2995 = CARTESIAN_POINT('',(3.275728406574,-1.8,10.989879697519));
#2996 = VECTOR('',#2997,1.);
#2997 = DIRECTION('',(0.981627183448,4.236810799453E-17,0.190808995377)
  );
#2998 = ORIENTED_EDGE('',*,*,#2999,.F.);
#2999 = EDGE_CURVE('',#3000,#2992,#3002,.T.);
#3000 = VERTEX_POINT('',#3001);
#3001 = CARTESIAN_POINT('',(19.227170137598,1.8,14.090525872388));
#3002 = LINE('',#3003,#3004);
#3003 = CARTESIAN_POINT('',(19.227170137598,1.8,14.090525872388));
#3004 = VECTOR('',#3005,1.);
#3005 = DIRECTION('',(0.,-1.,2.22044604925E-16));
#3006 = ORIENTED_EDGE('',*,*,#3007,.F.);
#3007 = EDGE_CURVE('',#2982,#3000,#3008,.T.);
#3008 = LINE('',#3009,#3010);
#3009 = CARTESIAN_POINT('',(3.275728406574,1.8,10.989879697519));
#3010 = VECTOR('',#3011,1.);
#3011 = DIRECTION('',(0.981627183448,4.236810799453E-17,0.190808995377)
  );
#3012 = PLANE('',#3013);
#3013 = AXIS2_PLACEMENT_3D('',#3014,#3015,#3016);
#3014 = CARTESIAN_POINT('',(3.275728406574,1.8,10.989879697519));
#3015 = DIRECTION('',(-0.190808995377,2.179650201323E-16,0.981627183448)
  );
#3016 = DIRECTION('',(0.981627183448,4.236810799453E-17,0.190808995377)
  );
#3017 = ADVANCED_FACE('',(#3018),#3045,.F.);
#3018 = FACE_BOUND('',#3019,.T.);
#3019 = EDGE_LOOP('',(#3020,#3021,#3030,#3038));
#3020 = ORIENTED_EDGE('',*,*,#2981,.T.);
#3021 = ORIENTED_EDGE('',*,*,#3022,.T.);
#3022 = EDGE_CURVE('',#2984,#3023,#3025,.T.);
#3023 = VERTEX_POINT('',#3024);
#3024 = CARTESIAN_POINT('',(3.038482950153,-1.8,10.638148843872));
#3025 = CIRCLE('',#3026,0.3);
#3026 = AXIS2_PLACEMENT_3D('',#3027,#3028,#3029);
#3027 = CARTESIAN_POINT('',(3.332971105187,-1.8,10.695391542485));
#3028 = DIRECTION('',(0.,-1.,2.22044604925E-16));
#3029 = DIRECTION('',(1.,0.,0.));
#3030 = ORIENTED_EDGE('',*,*,#3031,.F.);
#3031 = EDGE_CURVE('',#3032,#3023,#3034,.T.);
#3032 = VERTEX_POINT('',#3033);
#3033 = CARTESIAN_POINT('',(3.038482950153,1.8,10.638148843872));
#3034 = LINE('',#3035,#3036);
#3035 = CARTESIAN_POINT('',(3.038482950153,1.8,10.638148843872));
#3036 = VECTOR('',#3037,1.);
#3037 = DIRECTION('',(0.,-1.,2.22044604925E-16));
#3038 = ORIENTED_EDGE('',*,*,#3039,.F.);
#3039 = EDGE_CURVE('',#2982,#3032,#3040,.T.);
#3040 = CIRCLE('',#3041,0.3);
#3041 = AXIS2_PLACEMENT_3D('',#3042,#3043,#3044);
#3042 = CARTESIAN_POINT('',(3.332971105187,1.8,10.695391542485));
#3043 = DIRECTION('',(0.,-1.,2.22044604925E-16));
#3044 = DIRECTION('',(1.,0.,0.));
#3045 = CYLINDRICAL_SURFACE('',#3046,0.3);
#3046 = AXIS2_PLACEMENT_3D('',#3047,#3048,#3049);
#3047 = CARTESIAN_POINT('',(3.332971105187,1.8,10.695391542485));
#3048 = DIRECTION('',(0.,1.,-2.22044604925E-16));
#3049 = DIRECTION('',(1.,0.,0.));
#3050 = ADVANCED_FACE('',(#3051),#3076,.F.);
#3051 = FACE_BOUND('',#3052,.F.);
#3052 = EDGE_LOOP('',(#3053,#3054,#3062,#3070));
#3053 = ORIENTED_EDGE('',*,*,#2999,.T.);
#3054 = ORIENTED_EDGE('',*,*,#3055,.T.);
#3055 = EDGE_CURVE('',#2992,#3056,#3058,.T.);
#3056 = VERTEX_POINT('',#3057);
#3057 = CARTESIAN_POINT('',(19.169927438985,-1.8,14.385014027422));
#3058 = LINE('',#3059,#3060);
#3059 = CARTESIAN_POINT('',(19.227170137598,-1.8,14.090525872388));
#3060 = VECTOR('',#3061,1.);
#3061 = DIRECTION('',(-0.190808995377,2.179650201323E-16,0.981627183448)
  );
#3062 = ORIENTED_EDGE('',*,*,#3063,.F.);
#3063 = EDGE_CURVE('',#3064,#3056,#3066,.T.);
#3064 = VERTEX_POINT('',#3065);
#3065 = CARTESIAN_POINT('',(19.169927438985,1.8,14.385014027422));
#3066 = LINE('',#3067,#3068);
#3067 = CARTESIAN_POINT('',(19.169927438985,1.8,14.385014027422));
#3068 = VECTOR('',#3069,1.);
#3069 = DIRECTION('',(0.,-1.,2.22044604925E-16));
#3070 = ORIENTED_EDGE('',*,*,#3071,.F.);
#3071 = EDGE_CURVE('',#3000,#3064,#3072,.T.);
#3072 = LINE('',#3073,#3074);
#3073 = CARTESIAN_POINT('',(19.227170137598,1.8,14.090525872388));
#3074 = VECTOR('',#3075,1.);
#3075 = DIRECTION('',(-0.190808995377,2.179650201323E-16,0.981627183448)
  );
#3076 = PLANE('',#3077);
#3077 = AXIS2_PLACEMENT_3D('',#3078,#3079,#3080);
#3078 = CARTESIAN_POINT('',(19.227170137598,1.8,14.090525872388));
#3079 = DIRECTION('',(-0.981627183448,-4.236810799453E-17,
    -0.190808995377));
#3080 = DIRECTION('',(-0.190808995377,2.179650201323E-16,0.981627183448)
  );
#3081 = ADVANCED_FACE('',(#3082),#3126,.T.);
#3082 = FACE_BOUND('',#3083,.T.);
#3083 = EDGE_LOOP('',(#3084,#3085,#3086,#3094,#3102,#3110,#3119,#3125));
#3084 = ORIENTED_EDGE('',*,*,#3007,.F.);
#3085 = ORIENTED_EDGE('',*,*,#3039,.T.);
#3086 = ORIENTED_EDGE('',*,*,#3087,.F.);
#3087 = EDGE_CURVE('',#3088,#3032,#3090,.T.);
#3088 = VERTEX_POINT('',#3089);
#3089 = CARTESIAN_POINT('',(3.200670596223,1.8,9.803765737941));
#3090 = LINE('',#3091,#3092);
#3091 = CARTESIAN_POINT('',(3.334236892986,1.8,9.116626709528));
#3092 = VECTOR('',#3093,1.);
#3093 = DIRECTION('',(-0.190808995377,2.179650201323E-16,0.981627183448)
  );
#3094 = ORIENTED_EDGE('',*,*,#3095,.F.);
#3095 = EDGE_CURVE('',#3096,#3088,#3098,.T.);
#3096 = VERTEX_POINT('',#3097);
#3097 = CARTESIAN_POINT('',(2.906182441188,1.8,9.746523039328));
#3098 = LINE('',#3099,#3100);
#3099 = CARTESIAN_POINT('',(6.685834958562,1.8,10.481213064088));
#3100 = VECTOR('',#3101,1.);
#3101 = DIRECTION('',(0.981627183448,0.,0.190808995377));
#3102 = ORIENTED_EDGE('',*,*,#3103,.F.);
#3103 = EDGE_CURVE('',#3104,#3096,#3106,.T.);
#3104 = VERTEX_POINT('',#3105);
#3105 = CARTESIAN_POINT('',(2.743994795118,1.8,10.580906145259));
#3106 = LINE('',#3107,#3108);
#3107 = CARTESIAN_POINT('',(2.743994795118,1.8,10.580906145259));
#3108 = VECTOR('',#3109,1.);
#3109 = DIRECTION('',(0.190808995377,-2.179650201323E-16,-0.981627183448
    ));
#3110 = ORIENTED_EDGE('',*,*,#3111,.F.);
#3111 = EDGE_CURVE('',#3112,#3104,#3114,.T.);
#3112 = VERTEX_POINT('',#3113);
#3113 = CARTESIAN_POINT('',(3.218485707961,1.8,11.284367852553));
#3114 = CIRCLE('',#3115,0.6);
#3115 = AXIS2_PLACEMENT_3D('',#3116,#3117,#3118);
#3116 = CARTESIAN_POINT('',(3.332971105187,1.8,10.695391542485));
#3117 = DIRECTION('',(0.,-1.,2.22044604925E-16));
#3118 = DIRECTION('',(1.,0.,0.));
#3119 = ORIENTED_EDGE('',*,*,#3120,.F.);
#3120 = EDGE_CURVE('',#3064,#3112,#3121,.T.);
#3121 = LINE('',#3122,#3123);
#3122 = CARTESIAN_POINT('',(19.169927438985,1.8,14.385014027422));
#3123 = VECTOR('',#3124,1.);
#3124 = DIRECTION('',(-0.981627183448,-4.236810799453E-17,
    -0.190808995377));
#3125 = ORIENTED_EDGE('',*,*,#3071,.F.);
#3126 = PLANE('',#3127);
#3127 = AXIS2_PLACEMENT_3D('',#3128,#3129,#3130);
#3128 = CARTESIAN_POINT('',(10.240739111898,1.8,12.372133187639));
#3129 = DIRECTION('',(0.,1.,0.));
#3130 = DIRECTION('',(0.,0.,1.));
#3131 = ADVANCED_FACE('',(#3132),#3176,.F.);
#3132 = FACE_BOUND('',#3133,.F.);
#3133 = EDGE_LOOP('',(#3134,#3135,#3136,#3144,#3152,#3160,#3169,#3175));
#3134 = ORIENTED_EDGE('',*,*,#2991,.F.);
#3135 = ORIENTED_EDGE('',*,*,#3022,.T.);
#3136 = ORIENTED_EDGE('',*,*,#3137,.F.);
#3137 = EDGE_CURVE('',#3138,#3023,#3140,.T.);
#3138 = VERTEX_POINT('',#3139);
#3139 = CARTESIAN_POINT('',(3.200670596223,-1.8,9.803765737941));
#3140 = LINE('',#3141,#3142);
#3141 = CARTESIAN_POINT('',(3.334236892986,-1.8,9.116626709528));
#3142 = VECTOR('',#3143,1.);
#3143 = DIRECTION('',(-0.190808995377,2.179650201323E-16,0.981627183448)
  );
#3144 = ORIENTED_EDGE('',*,*,#3145,.F.);
#3145 = EDGE_CURVE('',#3146,#3138,#3148,.T.);
#3146 = VERTEX_POINT('',#3147);
#3147 = CARTESIAN_POINT('',(2.906182441188,-1.8,9.746523039328));
#3148 = LINE('',#3149,#3150);
#3149 = CARTESIAN_POINT('',(6.685834958562,-1.8,10.481213064088));
#3150 = VECTOR('',#3151,1.);
#3151 = DIRECTION('',(0.981627183448,0.,0.190808995377));
#3152 = ORIENTED_EDGE('',*,*,#3153,.F.);
#3153 = EDGE_CURVE('',#3154,#3146,#3156,.T.);
#3154 = VERTEX_POINT('',#3155);
#3155 = CARTESIAN_POINT('',(2.743994795118,-1.8,10.580906145259));
#3156 = LINE('',#3157,#3158);
#3157 = CARTESIAN_POINT('',(2.743994795118,-1.8,10.580906145259));
#3158 = VECTOR('',#3159,1.);
#3159 = DIRECTION('',(0.190808995377,-2.179650201323E-16,-0.981627183448
    ));
#3160 = ORIENTED_EDGE('',*,*,#3161,.F.);
#3161 = EDGE_CURVE('',#3162,#3154,#3164,.T.);
#3162 = VERTEX_POINT('',#3163);
#3163 = CARTESIAN_POINT('',(3.218485707961,-1.8,11.284367852553));
#3164 = CIRCLE('',#3165,0.6);
#3165 = AXIS2_PLACEMENT_3D('',#3166,#3167,#3168);
#3166 = CARTESIAN_POINT('',(3.332971105187,-1.8,10.695391542485));
#3167 = DIRECTION('',(0.,-1.,2.22044604925E-16));
#3168 = DIRECTION('',(1.,0.,0.));
#3169 = ORIENTED_EDGE('',*,*,#3170,.F.);
#3170 = EDGE_CURVE('',#3056,#3162,#3171,.T.);
#3171 = LINE('',#3172,#3173);
#3172 = CARTESIAN_POINT('',(19.169927438985,-1.8,14.385014027422));
#3173 = VECTOR('',#3174,1.);
#3174 = DIRECTION('',(-0.981627183448,-4.236810799453E-17,
    -0.190808995377));
#3175 = ORIENTED_EDGE('',*,*,#3055,.F.);
#3176 = PLANE('',#3177);
#3177 = AXIS2_PLACEMENT_3D('',#3178,#3179,#3180);
#3178 = CARTESIAN_POINT('',(10.240739111898,-1.8,12.372133187639));
#3179 = DIRECTION('',(0.,1.,0.));
#3180 = DIRECTION('',(0.,0.,1.));
#3181 = ADVANCED_FACE('',(#3182),#3193,.F.);
#3182 = FACE_BOUND('',#3183,.F.);
#3183 = EDGE_LOOP('',(#3184,#3185,#3186,#3192));
#3184 = ORIENTED_EDGE('',*,*,#3063,.T.);
#3185 = ORIENTED_EDGE('',*,*,#3170,.T.);
#3186 = ORIENTED_EDGE('',*,*,#3187,.F.);
#3187 = EDGE_CURVE('',#3112,#3162,#3188,.T.);
#3188 = LINE('',#3189,#3190);
#3189 = CARTESIAN_POINT('',(3.218485707961,1.8,11.284367852553));
#3190 = VECTOR('',#3191,1.);
#3191 = DIRECTION('',(0.,-1.,2.22044604925E-16));
#3192 = ORIENTED_EDGE('',*,*,#3120,.F.);
#3193 = PLANE('',#3194);
#3194 = AXIS2_PLACEMENT_3D('',#3195,#3196,#3197);
#3195 = CARTESIAN_POINT('',(19.169927438985,1.8,14.385014027422));
#3196 = DIRECTION('',(0.190808995377,-2.179650201323E-16,-0.981627183448
    ));
#3197 = DIRECTION('',(-0.981627183448,-4.236810799453E-17,
    -0.190808995377));
#3198 = ADVANCED_FACE('',(#3199),#3210,.T.);
#3199 = FACE_BOUND('',#3200,.F.);
#3200 = EDGE_LOOP('',(#3201,#3202,#3203,#3209));
#3201 = ORIENTED_EDGE('',*,*,#3187,.T.);
#3202 = ORIENTED_EDGE('',*,*,#3161,.T.);
#3203 = ORIENTED_EDGE('',*,*,#3204,.F.);
#3204 = EDGE_CURVE('',#3104,#3154,#3205,.T.);
#3205 = LINE('',#3206,#3207);
#3206 = CARTESIAN_POINT('',(2.743994795118,1.8,10.580906145259));
#3207 = VECTOR('',#3208,1.);
#3208 = DIRECTION('',(0.,-1.,2.22044604925E-16));
#3209 = ORIENTED_EDGE('',*,*,#3111,.F.);
#3210 = CYLINDRICAL_SURFACE('',#3211,0.6);
#3211 = AXIS2_PLACEMENT_3D('',#3212,#3213,#3214);
#3212 = CARTESIAN_POINT('',(3.332971105187,1.8,10.695391542485));
#3213 = DIRECTION('',(0.,1.,-2.22044604925E-16));
#3214 = DIRECTION('',(1.,0.,0.));
#3215 = ADVANCED_FACE('',(#3216),#3241,.T.);
#3216 = FACE_BOUND('',#3217,.T.);
#3217 = EDGE_LOOP('',(#3218,#3228,#3234,#3235));
#3218 = ORIENTED_EDGE('',*,*,#3219,.F.);
#3219 = EDGE_CURVE('',#3220,#3222,#3224,.T.);
#3220 = VERTEX_POINT('',#3221);
#3221 = CARTESIAN_POINT('',(2.906182441188,2.9,9.746523039328));
#3222 = VERTEX_POINT('',#3223);
#3223 = CARTESIAN_POINT('',(3.200670596223,2.9,9.803765737941));
#3224 = LINE('',#3225,#3226);
#3225 = CARTESIAN_POINT('',(2.906182441188,2.9,9.746523039328));
#3226 = VECTOR('',#3227,1.);
#3227 = DIRECTION('',(0.981627183448,4.236810799453E-17,0.190808995377)
  );
#3228 = ORIENTED_EDGE('',*,*,#3229,.T.);
#3229 = EDGE_CURVE('',#3220,#3096,#3230,.T.);
#3230 = LINE('',#3231,#3232);
#3231 = CARTESIAN_POINT('',(2.906182441188,2.9,9.746523039328));
#3232 = VECTOR('',#3233,1.);
#3233 = DIRECTION('',(0.,-1.,2.22044604925E-16));
#3234 = ORIENTED_EDGE('',*,*,#3095,.T.);
#3235 = ORIENTED_EDGE('',*,*,#3236,.F.);
#3236 = EDGE_CURVE('',#3222,#3088,#3237,.T.);
#3237 = LINE('',#3238,#3239);
#3238 = CARTESIAN_POINT('',(3.200670596223,2.9,9.803765737941));
#3239 = VECTOR('',#3240,1.);
#3240 = DIRECTION('',(0.,-1.,2.22044604925E-16));
#3241 = PLANE('',#3242);
#3242 = AXIS2_PLACEMENT_3D('',#3243,#3244,#3245);
#3243 = CARTESIAN_POINT('',(2.906182441188,2.9,9.746523039328));
#3244 = DIRECTION('',(-0.190808995377,2.179650201323E-16,0.981627183448)
  );
#3245 = DIRECTION('',(0.981627183448,4.236810799453E-17,0.190808995377)
  );
#3246 = ADVANCED_FACE('',(#3247),#3272,.T.);
#3247 = FACE_BOUND('',#3248,.T.);
#3248 = EDGE_LOOP('',(#3249,#3250,#3258,#3266));
#3249 = ORIENTED_EDGE('',*,*,#3145,.F.);
#3250 = ORIENTED_EDGE('',*,*,#3251,.T.);
#3251 = EDGE_CURVE('',#3146,#3252,#3254,.T.);
#3252 = VERTEX_POINT('',#3253);
#3253 = CARTESIAN_POINT('',(2.906182441188,-2.9,9.746523039328));
#3254 = LINE('',#3255,#3256);
#3255 = CARTESIAN_POINT('',(2.906182441188,2.9,9.746523039328));
#3256 = VECTOR('',#3257,1.);
#3257 = DIRECTION('',(0.,-1.,2.22044604925E-16));
#3258 = ORIENTED_EDGE('',*,*,#3259,.T.);
#3259 = EDGE_CURVE('',#3252,#3260,#3262,.T.);
#3260 = VERTEX_POINT('',#3261);
#3261 = CARTESIAN_POINT('',(3.200670596223,-2.9,9.803765737941));
#3262 = LINE('',#3263,#3264);
#3263 = CARTESIAN_POINT('',(2.906182441188,-2.9,9.746523039328));
#3264 = VECTOR('',#3265,1.);
#3265 = DIRECTION('',(0.981627183448,4.236810799453E-17,0.190808995377)
  );
#3266 = ORIENTED_EDGE('',*,*,#3267,.F.);
#3267 = EDGE_CURVE('',#3138,#3260,#3268,.T.);
#3268 = LINE('',#3269,#3270);
#3269 = CARTESIAN_POINT('',(3.200670596223,2.9,9.803765737941));
#3270 = VECTOR('',#3271,1.);
#3271 = DIRECTION('',(0.,-1.,2.22044604925E-16));
#3272 = PLANE('',#3273);
#3273 = AXIS2_PLACEMENT_3D('',#3274,#3275,#3276);
#3274 = CARTESIAN_POINT('',(2.906182441188,2.9,9.746523039328));
#3275 = DIRECTION('',(-0.190808995377,2.179650201323E-16,0.981627183448)
  );
#3276 = DIRECTION('',(0.981627183448,4.236810799453E-17,0.190808995377)
  );
#3277 = ADVANCED_FACE('',(#3278),#3303,.T.);
#3278 = FACE_BOUND('',#3279,.T.);
#3279 = EDGE_LOOP('',(#3280,#3288,#3289,#3297));
#3280 = ORIENTED_EDGE('',*,*,#3281,.T.);
#3281 = EDGE_CURVE('',#3282,#3220,#3284,.T.);
#3282 = VERTEX_POINT('',#3283);
#3283 = CARTESIAN_POINT('',(3.039748737952,2.9,9.059384010915));
#3284 = LINE('',#3285,#3286);
#3285 = CARTESIAN_POINT('',(3.039748737952,2.9,9.059384010915));
#3286 = VECTOR('',#3287,1.);
#3287 = DIRECTION('',(-0.190808995377,2.179650201323E-16,0.981627183448)
  );
#3288 = ORIENTED_EDGE('',*,*,#3219,.T.);
#3289 = ORIENTED_EDGE('',*,*,#3290,.T.);
#3290 = EDGE_CURVE('',#3222,#3291,#3293,.T.);
#3291 = VERTEX_POINT('',#3292);
#3292 = CARTESIAN_POINT('',(3.334236892986,2.9,9.116626709528));
#3293 = LINE('',#3294,#3295);
#3294 = CARTESIAN_POINT('',(3.200670596223,2.9,9.803765737941));
#3295 = VECTOR('',#3296,1.);
#3296 = DIRECTION('',(0.190808995377,-2.179650201323E-16,-0.981627183448
    ));
#3297 = ORIENTED_EDGE('',*,*,#3298,.T.);
#3298 = EDGE_CURVE('',#3291,#3282,#3299,.T.);
#3299 = LINE('',#3300,#3301);
#3300 = CARTESIAN_POINT('',(3.334236892986,2.9,9.116626709528));
#3301 = VECTOR('',#3302,1.);
#3302 = DIRECTION('',(-0.981627183448,-4.236810799453E-17,
    -0.190808995377));
#3303 = PLANE('',#3304);
#3304 = AXIS2_PLACEMENT_3D('',#3305,#3306,#3307);
#3305 = CARTESIAN_POINT('',(3.120209667087,2.9,9.431574874428));
#3306 = DIRECTION('',(0.,1.,0.));
#3307 = DIRECTION('',(0.,0.,1.));
#3308 = ADVANCED_FACE('',(#3309),#3334,.F.);
#3309 = FACE_BOUND('',#3310,.F.);
#3310 = EDGE_LOOP('',(#3311,#3319,#3320,#3328));
#3311 = ORIENTED_EDGE('',*,*,#3312,.T.);
#3312 = EDGE_CURVE('',#3313,#3252,#3315,.T.);
#3313 = VERTEX_POINT('',#3314);
#3314 = CARTESIAN_POINT('',(3.039748737952,-2.9,9.059384010915));
#3315 = LINE('',#3316,#3317);
#3316 = CARTESIAN_POINT('',(3.039748737952,-2.9,9.059384010915));
#3317 = VECTOR('',#3318,1.);
#3318 = DIRECTION('',(-0.190808995377,2.179650201323E-16,0.981627183448)
  );
#3319 = ORIENTED_EDGE('',*,*,#3259,.T.);
#3320 = ORIENTED_EDGE('',*,*,#3321,.T.);
#3321 = EDGE_CURVE('',#3260,#3322,#3324,.T.);
#3322 = VERTEX_POINT('',#3323);
#3323 = CARTESIAN_POINT('',(3.334236892986,-2.9,9.116626709528));
#3324 = LINE('',#3325,#3326);
#3325 = CARTESIAN_POINT('',(3.200670596223,-2.9,9.803765737941));
#3326 = VECTOR('',#3327,1.);
#3327 = DIRECTION('',(0.190808995377,-2.179650201323E-16,-0.981627183448
    ));
#3328 = ORIENTED_EDGE('',*,*,#3329,.T.);
#3329 = EDGE_CURVE('',#3322,#3313,#3330,.T.);
#3330 = LINE('',#3331,#3332);
#3331 = CARTESIAN_POINT('',(3.334236892986,-2.9,9.116626709528));
#3332 = VECTOR('',#3333,1.);
#3333 = DIRECTION('',(-0.981627183448,-4.236810799453E-17,
    -0.190808995377));
#3334 = PLANE('',#3335);
#3335 = AXIS2_PLACEMENT_3D('',#3336,#3337,#3338);
#3336 = CARTESIAN_POINT('',(3.120209667087,-2.9,9.431574874428));
#3337 = DIRECTION('',(0.,1.,0.));
#3338 = DIRECTION('',(0.,0.,1.));
#3339 = ADVANCED_FACE('',(#3340),#3355,.T.);
#3340 = FACE_BOUND('',#3341,.T.);
#3341 = EDGE_LOOP('',(#3342,#3343,#3344,#3345,#3346,#3347,#3353,#3354));
#3342 = ORIENTED_EDGE('',*,*,#3087,.T.);
#3343 = ORIENTED_EDGE('',*,*,#3031,.T.);
#3344 = ORIENTED_EDGE('',*,*,#3137,.F.);
#3345 = ORIENTED_EDGE('',*,*,#3267,.T.);
#3346 = ORIENTED_EDGE('',*,*,#3321,.T.);
#3347 = ORIENTED_EDGE('',*,*,#3348,.F.);
#3348 = EDGE_CURVE('',#3291,#3322,#3349,.T.);
#3349 = LINE('',#3350,#3351);
#3350 = CARTESIAN_POINT('',(3.334236892986,2.9,9.116626709528));
#3351 = VECTOR('',#3352,1.);
#3352 = DIRECTION('',(0.,-1.,2.22044604925E-16));
#3353 = ORIENTED_EDGE('',*,*,#3290,.F.);
#3354 = ORIENTED_EDGE('',*,*,#3236,.T.);
#3355 = PLANE('',#3356);
#3356 = AXIS2_PLACEMENT_3D('',#3357,#3358,#3359);
#3357 = CARTESIAN_POINT('',(3.210632902614,2.335819255561E-15,
    9.752514114588));
#3358 = DIRECTION('',(0.981627183448,-4.236810799453E-17,0.190808995377)
  );
#3359 = DIRECTION('',(-0.190808995377,-2.179650201323E-16,0.981627183448
    ));
#3360 = ADVANCED_FACE('',(#3361),#3376,.T.);
#3361 = FACE_BOUND('',#3362,.T.);
#3362 = EDGE_LOOP('',(#3363,#3364,#3365,#3366,#3372,#3373,#3374,#3375));
#3363 = ORIENTED_EDGE('',*,*,#3103,.T.);
#3364 = ORIENTED_EDGE('',*,*,#3229,.F.);
#3365 = ORIENTED_EDGE('',*,*,#3281,.F.);
#3366 = ORIENTED_EDGE('',*,*,#3367,.T.);
#3367 = EDGE_CURVE('',#3282,#3313,#3368,.T.);
#3368 = LINE('',#3369,#3370);
#3369 = CARTESIAN_POINT('',(3.039748737952,2.9,9.059384010915));
#3370 = VECTOR('',#3371,1.);
#3371 = DIRECTION('',(0.,-1.,2.22044604925E-16));
#3372 = ORIENTED_EDGE('',*,*,#3312,.T.);
#3373 = ORIENTED_EDGE('',*,*,#3251,.F.);
#3374 = ORIENTED_EDGE('',*,*,#3153,.F.);
#3375 = ORIENTED_EDGE('',*,*,#3204,.F.);
#3376 = PLANE('',#3377);
#3377 = AXIS2_PLACEMENT_3D('',#3378,#3379,#3380);
#3378 = CARTESIAN_POINT('',(2.91614474758,2.2881093873E-15,
    9.695271415975));
#3379 = DIRECTION('',(-0.981627183448,4.236810799453E-17,-0.190808995377
    ));
#3380 = DIRECTION('',(0.190808995377,2.179650201323E-16,-0.981627183448)
  );
#3381 = ADVANCED_FACE('',(#3382),#3388,.T.);
#3382 = FACE_BOUND('',#3383,.T.);
#3383 = EDGE_LOOP('',(#3384,#3385,#3386,#3387));
#3384 = ORIENTED_EDGE('',*,*,#3367,.F.);
#3385 = ORIENTED_EDGE('',*,*,#3298,.F.);
#3386 = ORIENTED_EDGE('',*,*,#3348,.T.);
#3387 = ORIENTED_EDGE('',*,*,#3329,.T.);
#3388 = PLANE('',#3389);
#3389 = AXIS2_PLACEMENT_3D('',#3390,#3391,#3392);
#3390 = CARTESIAN_POINT('',(3.186992815469,2.040741612223E-15,
    9.088005360221));
#3391 = DIRECTION('',(0.190808995377,-2.144767708548E-16,-0.981627183448
    ));
#3392 = DIRECTION('',(-0.981627183448,4.236810799453E-17,-0.190808995377
    ));
#3393 = ( GEOMETRIC_REPRESENTATION_CONTEXT(3) 
GLOBAL_UNCERTAINTY_ASSIGNED_CONTEXT((#3397)) 
GLOBAL_UNIT_ASSIGNED_CONTEXT((#3394,#3395,#3396)) REPRESENTATION_CONTEXT
('Context #1','3D Context with UNIT and UNCERTAINTY') );
#3394 = ( LENGTH_UNIT() NAMED_UNIT(*) SI_UNIT(.MILLI.,.METRE.) );
#3395 = ( NAMED_UNIT(*) PLANE_ANGLE_UNIT() SI_UNIT($,.RADIAN.) );
#3396 = ( NAMED_UNIT(*) SI_UNIT($,.STERADIAN.) SOLID_ANGLE_UNIT() );
#3397 = UNCERTAINTY_MEASURE_WITH_UNIT(LENGTH_MEASURE(1.E-06),#3394,
  'distance_accuracy_value','confusion accuracy');
#3398 = CONTEXT_DEPENDENT_SHAPE_REPRESENTATION(#3399,#3401);
#3399 = ( REPRESENTATION_RELATIONSHIP('','',#2974,#10) 
REPRESENTATION_RELATIONSHIP_WITH_TRANSFORMATION(#3400) 
SHAPE_REPRESENTATION_RELATIONSHIP() );
#3400 = ITEM_DEFINED_TRANSFORMATION('','',#11,#35);
#3401 = PRODUCT_DEFINITION_SHAPE('Placement','Placement of an item',
  #3402);
#3402 = NEXT_ASSEMBLY_USAGE_OCCURRENCE('18','lever','',#5,#2969,$);
#3403 = PRODUCT_RELATED_PRODUCT_CATEGORY('part',$,(#2971));
#3404 = MECHANICAL_DESIGN_GEOMETRIC_PRESENTATION_REPRESENTATION('',(
    #3405),#2237);
#3405 = STYLED_ITEM('color',(#3406),#1982);
#3406 = PRESENTATION_STYLE_ASSIGNMENT((#3407,#3413));
#3407 = SURFACE_STYLE_USAGE(.BOTH.,#3408);
#3408 = SURFACE_SIDE_STYLE('',(#3409));
#3409 = SURFACE_STYLE_FILL_AREA(#3410);
#3410 = FILL_AREA_STYLE('',(#3411));
#3411 = FILL_AREA_STYLE_COLOUR('',#3412);
#3412 = COLOUR_RGB('',0.678431390124,0.709803936702,0.741176476869);
#3413 = CURVE_STYLE('',#3414,POSITIVE_LENGTH_MEASURE(0.1),#3415);
#3414 = DRAUGHTING_PRE_DEFINED_CURVE_FONT('continuous');
#3415 = COLOUR_RGB('',9.803921802644E-02,9.803921802644E-02,
  9.803921802644E-02);
#3416 = MECHANICAL_DESIGN_GEOMETRIC_PRESENTATION_REPRESENTATION('',(
    #3417),#2511);
#3417 = STYLED_ITEM('color',(#3418),#2256);
#3418 = PRESENTATION_STYLE_ASSIGNMENT((#3419,#3424));
#3419 = SURFACE_STYLE_USAGE(.BOTH.,#3420);
#3420 = SURFACE_SIDE_STYLE('',(#3421));
#3421 = SURFACE_STYLE_FILL_AREA(#3422);
#3422 = FILL_AREA_STYLE('',(#3423));
#3423 = FILL_AREA_STYLE_COLOUR('',#3412);
#3424 = CURVE_STYLE('',#3425,POSITIVE_LENGTH_MEASURE(0.1),#3415);
#3425 = DRAUGHTING_PRE_DEFINED_CURVE_FONT('continuous');
#3426 = MECHANICAL_DESIGN_GEOMETRIC_PRESENTATION_REPRESENTATION('',(
    #3427),#1963);
#3427 = STYLED_ITEM('color',(#3428),#53);
#3428 = PRESENTATION_STYLE_ASSIGNMENT((#3429,#3434));
#3429 = SURFACE_STYLE_USAGE(.BOTH.,#3430);
#3430 = SURFACE_SIDE_STYLE('',(#3431));
#3431 = SURFACE_STYLE_FILL_AREA(#3432);
#3432 = FILL_AREA_STYLE('',(#3433));
#3433 = FILL_AREA_STYLE_COLOUR('',#3412);
#3434 = CURVE_STYLE('',#3435,POSITIVE_LENGTH_MEASURE(0.1),#3415);
#3435 = DRAUGHTING_PRE_DEFINED_CURVE_FONT('continuous');
#3436 = MECHANICAL_DESIGN_GEOMETRIC_PRESENTATION_REPRESENTATION('',(
    #3437),#2785);
#3437 = STYLED_ITEM('color',(#3438),#2530);
#3438 = PRESENTATION_STYLE_ASSIGNMENT((#3439,#3444));
#3439 = SURFACE_STYLE_USAGE(.BOTH.,#3440);
#3440 = SURFACE_SIDE_STYLE('',(#3441));
#3441 = SURFACE_STYLE_FILL_AREA(#3442);
#3442 = FILL_AREA_STYLE('',(#3443));
#3443 = FILL_AREA_STYLE_COLOUR('',#3412);
#3444 = CURVE_STYLE('',#3445,POSITIVE_LENGTH_MEASURE(0.1),#3415);
#3445 = DRAUGHTING_PRE_DEFINED_CURVE_FONT('continuous');
#3446 = MECHANICAL_DESIGN_GEOMETRIC_PRESENTATION_REPRESENTATION('',(
    #3447),#3393);
#3447 = STYLED_ITEM('color',(#3448),#2975);
#3448 = PRESENTATION_STYLE_ASSIGNMENT((#3449,#3454));
#3449 = SURFACE_STYLE_USAGE(.BOTH.,#3450);
#3450 = SURFACE_SIDE_STYLE('',(#3451));
#3451 = SURFACE_STYLE_FILL_AREA(#3452);
#3452 = FILL_AREA_STYLE('',(#3453));
#3453 = FILL_AREA_STYLE_COLOUR('',#3412);
#3454 = CURVE_STYLE('',#3455,POSITIVE_LENGTH_MEASURE(0.1),#3415);
#3455 = DRAUGHTING_PRE_DEFINED_CURVE_FONT('continuous');
#3456 = MECHANICAL_DESIGN_GEOMETRIC_PRESENTATION_REPRESENTATION('',(
    #3457),#2956);
#3457 = STYLED_ITEM('color',(#3458),#2804);
#3458 = PRESENTATION_STYLE_ASSIGNMENT((#3459,#3464));
#3459 = SURFACE_STYLE_USAGE(.BOTH.,#3460);
#3460 = SURFACE_SIDE_STYLE('',(#3461));
#3461 = SURFACE_STYLE_FILL_AREA(#3462);
#3462 = FILL_AREA_STYLE('',(#3463));
#3463 = FILL_AREA_STYLE_COLOUR('',#3412);
#3464 = CURVE_STYLE('',#3465,POSITIVE_LENGTH_MEASURE(0.1),#3415);
#3465 = DRAUGHTING_PRE_DEFINED_CURVE_FONT('continuous');
ENDSEC;
END-ISO-10303-21;
