ISO-10303-21;
HEADER;
FILE_DESCRIPTION (( 'STEP AP214' ),
    '1' );
FILE_NAME ('User Library-IHLP.STEP',
    '2026-08-28T18:57:17',
    ( '' ),
    ( '' ),
    'SwSTEP 2.0',
    'SolidWorks 2022',
    '' );
FILE_SCHEMA (( 'AUTOMOTIVE_DESIGN' ));
ENDSEC;

DATA;
#1 = ORIENTED_EDGE ( 'NONE', *, *, #6936, .T. ) ;
#2 = SHAPE_DEFINITION_REPRESENTATION ( #4501, #6946 ) ;
#3 = ORIENTED_EDGE ( 'NONE', *, *, #1006, .F. ) ;
#4 = FACE_OUTER_BOUND ( 'NONE', #2175, .T. ) ;
#5 = FILL_AREA_STYLE_COLOUR ( '', #4320 ) ;
#6 = VECTOR ( 'NONE', #1321, 1000.000000000000000 ) ;
#7 = FACE_BOUND ( 'NONE', #3169, .T. ) ;
#8 = EDGE_CURVE ( 'NONE', #2463, #5158, #3266, .T. ) ;
#9 = CARTESIAN_POINT ( 'NONE',  ( -3.399999999999999467, 1.351261177893192666, 2.290000000000000036 ) ) ;
#10 = STYLED_ITEM ( 'NONE', ( #3794 ), #7066 ) ;
#11 = VERTEX_POINT ( 'NONE', #1164 ) ;
#12 = CARTESIAN_POINT ( 'NONE',  ( -0.4556399999589790806, 3.020000000000000462, -1.536086600314615191 ) ) ;
#13 = CARTESIAN_POINT ( 'NONE',  ( -0.3738166516540089024, 3.000000000000000888, -0.7631222124181722410 ) ) ;
#14 = CARTESIAN_POINT ( 'NONE',  ( -1.910579855588545817, 3.000000000000000000, -0.7635388514647974967 ) ) ;
#15 = UNCERTAINTY_MEASURE_WITH_UNIT (LENGTH_MEASURE( 1.000000000000000082E-05 ), #1620, 'distance_accuracy_value', 'NONE');
#16 =( NAMED_UNIT ( * ) SI_UNIT ( $, .STERADIAN. ) SOLID_ANGLE_UNIT ( ) );
#17 = EDGE_CURVE ( 'NONE', #2465, #1764, #6533, .T. ) ;
#18 = DIRECTION ( 'NONE',  ( -0.0000000000000000000, 1.000000000000000000, -0.0000000000000000000 ) ) ;
#19 = EDGE_LOOP ( 'NONE', ( #2606, #6899, #2674, #5321 ) ) ;
#20 = EDGE_CURVE ( 'NONE', #1575, #5533, #6001, .T. ) ;
#21 = EDGE_CURVE ( 'NONE', #159, #761, #1024, .T. ) ;
#22 = CARTESIAN_POINT ( 'NONE',  ( -1.937362318168113884, 3.000000000000000444, -1.536086600314615191 ) ) ;
#23 =( NAMED_UNIT ( * ) PLANE_ANGLE_UNIT ( ) SI_UNIT ( $, .RADIAN. ) );
#24 = CARTESIAN_POINT ( 'NONE',  ( -0.1960368498876611243, 3.000000000000002220, -1.707754741635870932 ) ) ;
#25 =( NAMED_UNIT ( * ) SI_UNIT ( $, .STERADIAN. ) SOLID_ANGLE_UNIT ( ) );
#26 = CARTESIAN_POINT ( 'NONE',  ( -2.084715772774904607, 3.020000000000000906, -1.741259688068000910 ) ) ;
#27 = VERTEX_POINT ( 'NONE', #3840 ) ;
#28 = CARTESIAN_POINT ( 'NONE',  ( -0.7326941055806012182, 2.999999999999999556, -0.9475634840590850816 ) ) ;
#29 = EDGE_LOOP ( 'NONE', ( #5961, #404, #3023, #6613 ) ) ;
#30 = CARTESIAN_POINT ( 'NONE',  ( -1.738905686193399802, 3.020000000000000018, -0.9393473058409254062 ) ) ;
#31 = CARTESIAN_POINT ( 'NONE',  ( -0.04591302346992675448, 3.000000000000000000, -1.392978393604722420 ) ) ;
#33 = CARTESIAN_POINT ( 'NONE',  ( -2.150106701838768508, 3.000000000000000000, -1.954890135931789619 ) ) ;
#32 = APPLICATION_CONTEXT ( 'automotive_design' ) ;
#34 = FILL_AREA_STYLE_COLOUR ( '', #1022 ) ;
#35 = CARTESIAN_POINT ( 'NONE',  ( -0.3829216105862539021, 3.000000000000000000, -0.9109572817329495420 ) ) ;
#36 = ORIENTED_EDGE ( 'NONE', *, *, #3510, .F. ) ;
#37 =( NAMED_UNIT ( * ) SI_UNIT ( $, .STERADIAN. ) SOLID_ANGLE_UNIT ( ) );
#38 = SURFACE_STYLE_FILL_AREA ( #2279 ) ;
#39 = ORIENTED_EDGE ( 'NONE', *, *, #2775, .T. ) ;
#40 = CARTESIAN_POINT ( 'NONE',  ( -1.745984538153606103, 3.020000000000000018, -1.875621304611893470 ) ) ;
#41 =( NAMED_UNIT ( * ) PLANE_ANGLE_UNIT ( ) SI_UNIT ( $, .RADIAN. ) );
#42 = AXIS2_PLACEMENT_3D ( 'NONE', #2748, #2673, #4927 ) ;
#43 = EDGE_CURVE ( 'NONE', #761, #2600, #6932, .T. ) ;
#44 = CARTESIAN_POINT ( 'NONE',  ( -1.875891902797027999, 3.000000000000000000, -1.405268571614174844 ) ) ;
#45 = DIRECTION ( 'NONE',  ( -1.000000000000000000, -0.0000000000000000000, 1.275531967630005245E-16 ) ) ;
#46 = CARTESIAN_POINT ( 'NONE',  ( -0.5005364397142632038, 3.000000000000001332, -2.051979699773587296 ) ) ;
#47 = ORIENTED_EDGE ( 'NONE', *, *, #813, .T. ) ;
#48 = CARTESIAN_POINT ( 'NONE',  ( -1.986644719492195010, 3.000000000000000888, -0.7761373993735662946 ) ) ;
#49 = EDGE_CURVE ( 'NONE', #5252, #5633, #2649, .T. ) ;
#50 = VECTOR ( 'NONE', #6199, 1000.000000000000000 ) ;
#51 = ORIENTED_EDGE ( 'NONE', *, *, #3110, .F. ) ;
#52 =( NAMED_UNIT ( * ) PLANE_ANGLE_UNIT ( ) SI_UNIT ( $, .RADIAN. ) );
#53 = PLANE ( 'NONE',  #113 ) ;
#54 = CARTESIAN_POINT ( 'NONE',  ( 0.03452842018045929051, 3.020000000000000018, -1.151802878258184615 ) ) ;
#55 = LINE ( 'NONE', #3770, #6739 ) ;
#56 = ADVANCED_FACE ( 'NONE', ( #135 ), #3810, .T. ) ;
#57 = CARTESIAN_POINT ( 'NONE',  ( -1.613352067104278031, 3.000000000000000444, -1.968232976005762636 ) ) ;
#58 = VECTOR ( 'NONE', #2917, 1000.000000000000000 ) ;
#59 = DIRECTION ( 'NONE',  ( -0.0000000000000000000, -1.000000000000000000, -0.0000000000000000000 ) ) ;
#60 = ORIENTED_EDGE ( 'NONE', *, *, #1470, .F. ) ;
#61 = DIRECTION ( 'NONE',  ( 0.0000000000000000000, 0.0000000000000000000, -1.000000000000000000 ) ) ;
#62 = ORIENTED_EDGE ( 'NONE', *, *, #888, .F. ) ;
#63 = LINE ( 'NONE', #601, #1767 ) ;
#64 = CARTESIAN_POINT ( 'NONE',  ( -0.4477701702628951730, 3.020000000000000018, -1.535226642933064101 ) ) ;
#65 = LINE ( 'NONE', #4412, #7073 ) ;
#66 = CARTESIAN_POINT ( 'NONE',  ( 0.7021008906236357872, 3.020000000000000018, -0.8044998634685897043 ) ) ;
#67 = B_SPLINE_CURVE_WITH_KNOTS ( 'NONE', 3,
 ( #5212, #6282, #1412, #5859, #6860, #2991, #1451, #4120, #5756, #4186, #3594, #6389, #6821, #2049, #2592 ),
 .UNSPECIFIED., .F., .F.,
 ( 4, 1, 1, 1, 1, 1, 1, 1, 1, 1, 1, 1, 4 ),
 ( 0.0000000000000000000, 0.1277971582348367829, 0.2467952527166551724, 0.3622843155839157170, 0.4776524647273049373, 0.5362368417287132205, 0.5955904355162854324, 0.6563437591396387161, 0.7190851405078755310, 0.7843491651281224719, 0.8528755346365586298, 0.9245512555167009205, 1.000000000000000000 ),
 .UNSPECIFIED. ) ;
#68 = CARTESIAN_POINT ( 'NONE',  ( -1.455492853760782745, 3.020000000000000906, -1.252974633896040801 ) ) ;
#69 = CARTESIAN_POINT ( 'NONE',  ( -3.400000000000000355, 2.151261177893192489, -2.290000000000000480 ) ) ;
#70 = ORIENTED_EDGE ( 'NONE', *, *, #2765, .T. ) ;
#71 = SHAPE_REPRESENTATION_RELATIONSHIP ( 'NONE' , 'NONE' ,  #3950, #1402 ) ;
#72 = ORIENTED_EDGE ( 'NONE', *, *, #716, .F. ) ;
#73 = CARTESIAN_POINT ( 'NONE',  ( 3.599999999999999645, 1.360000000000000098, -2.291797999708434563 ) ) ;
#74 = ORIENTED_EDGE ( 'NONE', *, *, #554, .F. ) ;
#75 = CARTESIAN_POINT ( 'NONE',  ( -1.852046931774274707, 3.020000000000000462, -1.914890272204889943 ) ) ;
#76 = CARTESIAN_POINT ( 'NONE',  ( -1.512734878220719281, 3.000000000000000000, -1.736966025442937545 ) ) ;
#77 = CARTESIAN_POINT ( 'NONE',  ( 2.059862266794638241, 3.020000000000000018, -1.536573371643473296 ) ) ;
#78 = UNCERTAINTY_MEASURE_WITH_UNIT (LENGTH_MEASURE( 1.000000000000000082E-05 ), #1000, 'distance_accuracy_value', 'NONE');
#79 = CARTESIAN_POINT ( 'NONE',  ( -0.4364282498549171829, 3.020000000000000462, -1.534772667437316329 ) ) ;
#80 = VERTEX_POINT ( 'NONE', #5064 ) ;
#81 = CARTESIAN_POINT ( 'NONE',  ( 0.2416655054921800772, 3.000000000000000000, -0.9914744840939667681 ) ) ;
#82 = VERTEX_POINT ( 'NONE', #4014 ) ;
#83 = CARTESIAN_POINT ( 'NONE',  ( -0.08491907478694998845, 3.000000000000000888, -0.8793496920310616138 ) ) ;
#84 = CARTESIAN_POINT ( 'NONE',  ( -2.055718408960824028, 3.000000000000001332, -0.8014251924854066678 ) ) ;
#85 = UNCERTAINTY_MEASURE_WITH_UNIT (LENGTH_MEASURE( 1.000000000000000082E-05 ), #918, 'distance_accuracy_value', 'NONE');
#86 = CARTESIAN_POINT ( 'NONE',  ( -55.74906976069122777, 0.2000000000000000111, -19.21036380780025254 ) ) ;
#87 = DIRECTION ( 'NONE',  ( -0.9950371902099890420, 0.0000000000000000000, 0.09950371902099917898 ) ) ;
#88 = VERTEX_POINT ( 'NONE', #1739 ) ;
#89 = SURFACE_STYLE_USAGE ( .BOTH. , #5058 ) ;
#90 = CARTESIAN_POINT ( 'NONE',  ( -0.7867567981705563263, 3.019999999999999574, -1.111914769944495118 ) ) ;
#91 = FACE_OUTER_BOUND ( 'NONE', #2494, .T. ) ;
#92 = CARTESIAN_POINT ( 'NONE',  ( -0.2052620057194592951, 3.000000000000001332, -1.663721632383340365 ) ) ;
#93 = B_SPLINE_CURVE_WITH_KNOTS ( 'NONE', 3,
 ( #458, #1454, #5798, #358, #1952, #4156, #1987, #4815, #6393, #4189, #426, #3628, #4670, #3597, #988, #4780, #2558, #1518, #2626 ),
 .UNSPECIFIED., .F., .F.,
 ( 4, 1, 1, 1, 1, 1, 1, 1, 1, 1, 1, 1, 1, 1, 1, 1, 4 ),
 ( 0.0000000000000000000, 0.07537085109579096109, 0.1503358761237572339, 0.2252900779090946659, 0.3019756111850402935, 0.3776729863361335537, 0.4510033123941088462, 0.5227906109976394600, 0.5956547792065487457, 0.6343964396512066228, 0.6758689473700093542, 0.7207897720536116104, 0.7693020043902744076, 0.8214539220298131550, 0.8774671605108845807, 0.9367565102922555953, 1.000000000000000000 ),
 .UNSPECIFIED. ) ;
#94 = CARTESIAN_POINT ( 'NONE',  ( -1.035291020131108963, 3.020000000000000018, -0.9438844443598192191 ) ) ;
#95 =( NAMED_UNIT ( * ) PLANE_ANGLE_UNIT ( ) SI_UNIT ( $, .RADIAN. ) );
#96 = ADVANCED_FACE ( 'NONE', ( #5030 ), #175, .F. ) ;
#97 = ORIENTED_EDGE ( 'NONE', *, *, #8, .T. ) ;
#98 = CARTESIAN_POINT ( 'NONE',  ( -0.1815987617265829857, 3.019999999999999574, -1.321111070178176083 ) ) ;
#99 = CARTESIAN_POINT ( 'NONE',  ( 3.100000000000001421, 0.0000000000000000000, 3.399999999999999911 ) ) ;
#100 = CARTESIAN_POINT ( 'NONE',  ( 0.03465372377756255340, 3.000000000000000000, -1.175755038520549300 ) ) ;
#101 = LINE ( 'NONE', #3913, #2008 ) ;
#102 = DIRECTION ( 'NONE',  ( -0.0000000000000000000, -1.000000000000000000, -0.0000000000000000000 ) ) ;
#103 = PRESENTATION_LAYER_ASSIGNMENT (  '', '', ( #457 ) ) ;
#104 = AXIS2_PLACEMENT_3D ( 'NONE', #480, #1533, #4204 ) ;
#105 = CARTESIAN_POINT ( 'NONE',  ( -55.74906976069122777, 0.0000000000000000000, -16.03036380780025283 ) ) ;
#106 = ORIENTED_EDGE ( 'NONE', *, *, #283, .T. ) ;
#107 = EDGE_CURVE ( 'NONE', #6820, #4928, #6701, .T. ) ;
#108 = ORIENTED_EDGE ( 'NONE', *, *, #5927, .F. ) ;
#109 = FACE_OUTER_BOUND ( 'NONE', #1643, .T. ) ;
#110 = PRESENTATION_LAYER_ASSIGNMENT (  '', '', ( #2262 ) ) ;
#111 = EDGE_LOOP ( 'NONE', ( #5110, #3079, #5300, #610 ) ) ;
#112 = DIRECTION ( 'NONE',  ( 3.474367539376219065E-31, 1.000000000000000000, 0.0000000000000000000 ) ) ;
#113 = AXIS2_PLACEMENT_3D ( 'NONE', #2226, #4328, #4401 ) ;
#114 = ADVANCED_FACE ( 'NONE', ( #1846 ), #2735, .T. ) ;
#115 = CARTESIAN_POINT ( 'NONE',  ( -1.581152089410471140, 3.000000000000000000, -1.555872507903556690 ) ) ;
#116 = PRODUCT_DEFINITION_SHAPE ( 'NONE', 'NONE',  #158 ) ;
#117 = CARTESIAN_POINT ( 'NONE',  ( -1.611516366101327868, 3.020000000000000018, -1.166914522465256621 ) ) ;
#118 = VECTOR ( 'NONE', #1935, 1000.000000000000000 ) ;
#119 = SURFACE_STYLE_FILL_AREA ( #6654 ) ;
#120 = ORIENTED_EDGE ( 'NONE', *, *, #6652, .T. ) ;
#121 = CARTESIAN_POINT ( 'NONE',  ( -0.7539542369837454183, 3.000000000000000444, -1.807900982554947689 ) ) ;
#122 = VERTEX_POINT ( 'NONE', #2598 ) ;
#123 = PRESENTATION_LAYER_ASSIGNMENT (  '', '', ( #3872 ) ) ;
#124 = CARTESIAN_POINT ( 'NONE',  ( -0.7539542369837454183, 3.020000000000000462, -1.807900982554947689 ) ) ;
#125 = CARTESIAN_POINT ( 'NONE',  ( -2.270059618638720966, 3.000000000000000444, -1.124983838807602332 ) ) ;
#126 = VECTOR ( 'NONE', #6507, 1000.000000000000000 ) ;
#127 = CARTESIAN_POINT ( 'NONE',  ( -2.194608622693443145, 3.000000000000001332, -0.9174277886334085697 ) ) ;
#128 = APPLICATION_CONTEXT ( 'automotive_design' ) ;
#129 = DIRECTION ( 'NONE',  ( 1.000000000000000000, -3.474367539376219065E-31, -6.195440985631453345E-16 ) ) ;
#130 = ORIENTED_EDGE ( 'NONE', *, *, #4194, .F. ) ;
#131 = PLANE ( 'NONE',  #2459 ) ;
#132 = CARTESIAN_POINT ( 'NONE',  ( -0.1299869473198594916, 3.000000000000000444, -1.175412358679482461 ) ) ;
#133 =( LENGTH_UNIT ( ) NAMED_UNIT ( * ) SI_UNIT ( .MILLI., .METRE. ) );
#134 = CARTESIAN_POINT ( 'NONE',  ( 0.4458218859580466154, 3.020000000000000462, -0.9645510872279650094 ) ) ;
#135 = FACE_OUTER_BOUND ( 'NONE', #1840, .T. ) ;
#136 = PRODUCT_DEFINITION_FORMATION_WITH_SPECIFIED_SOURCE ( 'ANY', '', #1826, .NOT_KNOWN. ) ;
#137 = CARTESIAN_POINT ( 'NONE',  ( -0.1838148714737567468, 3.000000000000000444, -0.8079146238642841427 ) ) ;
#138 = ORIENTED_EDGE ( 'NONE', *, *, #2669, .T. ) ;
#139 = CARTESIAN_POINT ( 'NONE',  ( -0.2748091917595948397, 3.020000000000000462, -1.389287256132888171 ) ) ;
#140 = CARTESIAN_POINT ( 'NONE',  ( -1.611516366101327868, 3.000000000000000444, -1.166914522465256621 ) ) ;
#141 = PRESENTATION_STYLE_ASSIGNMENT (( #2304 ) ) ;
#142 = CARTESIAN_POINT ( 'NONE',  ( -1.941816966202114303, 3.020000000000000018, -1.536573371643473296 ) ) ;
#143 = CARTESIAN_POINT ( 'NONE',  ( 0.0000000000000000000, 2.149999999999999911, 0.0000000000000000000 ) ) ;
#144 = EDGE_CURVE ( 'NONE', #864, #7028, #1521, .T. ) ;
#145 = FACE_OUTER_BOUND ( 'NONE', #5291, .T. ) ;
#147 = ORIENTED_EDGE ( 'NONE', *, *, #1194, .T. ) ;
#146 = B_SPLINE_CURVE_WITH_KNOTS ( 'NONE', 3,
 ( #891, #1524, #5353, #5804, #6365 ),
 .UNSPECIFIED., .F., .F.,
 ( 4, 1, 4 ),
 ( 0.0000000000000000000, 0.5660412240200385359, 1.000000000000000000 ),
 .UNSPECIFIED. ) ;
#148 = DIRECTION ( 'NONE',  ( -0.0000000000000000000, -0.0000000000000000000, -1.000000000000000000 ) ) ;
#149 = ORIENTED_EDGE ( 'NONE', *, *, #2355, .F. ) ;
#150 = CARTESIAN_POINT ( 'NONE',  ( 3.600000000000000089, 0.2000000000000000111, -1.590000000000000302 ) ) ;
#151 = DIRECTION ( 'NONE',  ( 0.0000000000000000000, 0.0000000000000000000, 1.000000000000000000 ) ) ;
#152 = CARTESIAN_POINT ( 'NONE',  ( -2.061040613975312574, 3.000000000000000444, -1.015309225000133875 ) ) ;
#153 = CARTESIAN_POINT ( 'NONE',  ( -0.1826099314732211876, 2.999999999999998668, -1.003235697412466543 ) ) ;
#154 = ADVANCED_FACE ( 'NONE', ( #5181 ), #822, .T. ) ;
#155 = DIRECTION ( 'NONE',  ( -1.000000000000000000, 0.0000000000000000000, 0.0000000000000000000 ) ) ;
#156 = FILL_AREA_STYLE_COLOUR ( '', #2637 ) ;
#157 = ADVANCED_FACE ( 'NONE', ( #461 ), #4397, .T. ) ;
#158 = PRODUCT_DEFINITION ( 'UNKNOWN', '', #1962, #5376 ) ;
#159 = VERTEX_POINT ( 'NONE', #3763 ) ;
#160 = LINE ( 'NONE', #1151, #6795 ) ;
#161 =( GEOMETRIC_REPRESENTATION_CONTEXT ( 3 ) GLOBAL_UNCERTAINTY_ASSIGNED_CONTEXT ( ( #6659 ) ) GLOBAL_UNIT_ASSIGNED_CONTEXT ( ( #2517, #1479, #3659 ) ) REPRESENTATION_CONTEXT ( 'NONE', 'WORKASPACE' ) );
#162 = EDGE_LOOP ( 'NONE', ( #4724, #3593, #2817, #1347 ) ) ;
#163 = CARTESIAN_POINT ( 'NONE',  ( -0.4670730662265412669, 3.000000000000002665, -2.058426746749671299 ) ) ;
#164 = CARTESIAN_POINT ( 'NONE',  ( -2.245996682965457847, 3.000000000000000444, -1.013085924912182190 ) ) ;
#165 = UNCERTAINTY_MEASURE_WITH_UNIT (LENGTH_MEASURE( 1.000000000000000082E-05 ), #6660, 'distance_accuracy_value', 'NONE');
#166 = CARTESIAN_POINT ( 'NONE',  ( 0.3970405541377209357, 3.020000000000000018, -1.207301745374776525 ) ) ;
#167 = SURFACE_STYLE_FILL_AREA ( #737 ) ;
#168 = ORIENTED_EDGE ( 'NONE', *, *, #2946, .F. ) ;
#169 = CARTESIAN_POINT ( 'NONE',  ( -1.855538969863144150, 3.020000000000000018, -0.7631222124181720190 ) ) ;
#170 = CARTESIAN_POINT ( 'NONE',  ( -1.545796612280712967, 3.000000000000002665, -1.411344646737302755 ) ) ;
#171 = VECTOR ( 'NONE', #323, 1000.000000000000000 ) ;
#172 = CARTESIAN_POINT ( 'NONE',  ( -0.2571833679842651654, 3.019999999999999574, -0.9393473058409250731 ) ) ;
#173 = CARTESIAN_POINT ( 'NONE',  ( -2.223125289055032816, 3.019999999999999574, -1.841755062513199981 ) ) ;
#174 = CARTESIAN_POINT ( 'NONE',  ( -1.855281850698480506, 3.000000000000000000, -0.9110907622462384170 ) ) ;
#175 = PLANE ( 'NONE',  #5192 ) ;
#176 = VECTOR ( 'NONE', #949, 1000.000000000000000 ) ;
#177 =( NAMED_UNIT ( * ) PLANE_ANGLE_UNIT ( ) SI_UNIT ( $, .RADIAN. ) );
#178 = ORIENTED_EDGE ( 'NONE', *, *, #4947, .F. ) ;
#179 = CARTESIAN_POINT ( 'NONE',  ( -0.2147743888557331060, 3.020000000000000018, -1.354462825955624838 ) ) ;
#180 = CARTESIAN_POINT ( 'NONE',  ( -1.628256491133993400, 3.020000000000000906, -1.066794057876733426 ) ) ;
#181 = CARTESIAN_POINT ( 'NONE',  ( -0.1957700307887894342, 3.020000000000000018, -1.738089500630947359 ) ) ;
#182 = CARTESIAN_POINT ( 'NONE',  ( 3.099999999999999201, 3.000000000000000000, -2.900000000000000355 ) ) ;
#183 = EDGE_CURVE ( 'NONE', #346, #3289, #5897, .T. ) ;
#184 = CARTESIAN_POINT ( 'NONE',  ( -1.794656513820714894, 3.000000000000000888, -1.902367855215597148 ) ) ;
#185 = ORIENTED_EDGE ( 'NONE', *, *, #2581, .F. ) ;
#186 = ORIENTED_EDGE ( 'NONE', *, *, #4111, .T. ) ;
#187 = LINE ( 'NONE', #5589, #2788 ) ;
#188 = PRESENTATION_LAYER_ASSIGNMENT (  '', '', ( #3252 ) ) ;
#189 = VERTEX_POINT ( 'NONE', #2187 ) ;
#190 = LINE ( 'NONE', #273, #6673 ) ;
#191 = CARTESIAN_POINT ( 'NONE',  ( -0.3829216105862539021, 3.020000000000000018, -0.9109572817329495420 ) ) ;
#192 = CARTESIAN_POINT ( 'NONE',  ( -0.3072501053399334658, 3.000000000000000000, -1.560743116897136185 ) ) ;
#193 = CARTESIAN_POINT ( 'NONE',  ( -1.952559891934862124, 3.000000000000001776, -0.9242756092754117470 ) ) ;
#194 = CARTESIAN_POINT ( 'NONE',  ( -0.1391808996543904553, 2.999999999999999556, -1.090317141010583191 ) ) ;
#195 = VECTOR ( 'NONE', #3695, 1000.000000000000000 ) ;
#196 = B_SPLINE_CURVE_WITH_KNOTS ( 'NONE', 3,
 ( #4750, #6357, #1488, #6999, #5317, #2087, #5862 ),
 .UNSPECIFIED., .F., .F.,
 ( 4, 1, 1, 1, 4 ),
 ( 0.0000000000000000000, 0.2094025526291386219, 0.4444010364151497749, 0.7082720668673807562, 0.9999999999999998890 ),
 .UNSPECIFIED. ) ;
#197 = CARTESIAN_POINT ( 'NONE',  ( -55.34906976069122919, 1.560000000000000275, -19.91036380780025539 ) ) ;
#198 = EDGE_LOOP ( 'NONE', ( #3993, #6836, #147, #333 ) ) ;
#199 = CARTESIAN_POINT ( 'NONE',  ( -1.715437105946455487, 3.020000000000000018, -1.368066662903413722 ) ) ;
#200 = EDGE_CURVE ( 'NONE', #27, #6362, #4357, .T. ) ;
#201 = ORIENTED_EDGE ( 'NONE', *, *, #6954, .T. ) ;
#202 = CARTESIAN_POINT ( 'NONE',  ( -0.7263330666383522871, 3.000000000000002220, -1.873243738275924386 ) ) ;
#203 = CARTESIAN_POINT ( 'NONE',  ( -0.2167330484003285318, 3.000000000000000444, -1.820283394106908093 ) ) ;
#204 = CARTESIAN_POINT ( 'NONE',  ( -1.512734878220719281, 3.000000000000000444, -1.736966025442937545 ) ) ;
#205 = CARTESIAN_POINT ( 'NONE',  ( 0.3973235309365747425, 2.999999999999999556, -1.178833930040721789 ) ) ;
#206 = ORIENTED_EDGE ( 'NONE', *, *, #1470, .T. ) ;
#207 = LINE ( 'NONE', #2838, #2920 ) ;
#208 = CARTESIAN_POINT ( 'NONE',  ( -1.455492853760782745, 3.020000000000000906, -1.252974633896040801 ) ) ;
#209 = LINE ( 'NONE', #3971, #7067 ) ;
#210 = ADVANCED_FACE ( 'NONE', ( #2660 ), #4323, .T. ) ;
#211 = DIRECTION ( 'NONE',  ( 0.0000000000000000000, 6.195440985631453345E-16, 1.000000000000000000 ) ) ;
#212 = CARTESIAN_POINT ( 'NONE',  ( -1.611516366101327868, 3.000000000000000000, -1.166914522465256621 ) ) ;
#213 = CARTESIAN_POINT ( 'NONE',  ( -0.05702799176460332520, 3.000000000000000444, -0.9092310487208885572 ) ) ;
#214 = VERTEX_POINT ( 'NONE', #6459 ) ;
#215 =( LENGTH_UNIT ( ) NAMED_UNIT ( * ) SI_UNIT ( .MILLI., .METRE. ) );
#216 = DIRECTION ( 'NONE',  ( 1.000000000000000000, 0.0000000000000000000, 0.0000000000000000000 ) ) ;
#217 = VECTOR ( 'NONE', #6027, 1000.000000000000000 ) ;
#218 = CARTESIAN_POINT ( 'NONE',  ( -0.3841127569600500391, 3.020000000000000462, -1.915118964585510675 ) ) ;
#219 = LINE ( 'NONE', #1241, #2588 ) ;
#220 = PLANE ( 'NONE',  #4584 ) ;
#221 = CARTESIAN_POINT ( 'NONE',  ( -0.03264721491507743129, 3.020000000000000018, -1.779189300928328832 ) ) ;
#222 = ORIENTED_EDGE ( 'NONE', *, *, #3812, .F. ) ;
#223 = CARTESIAN_POINT ( 'NONE',  ( -0.1999273309507519081, 3.019999999999999574, -1.685043697489151837 ) ) ;
#224 = EDGE_LOOP ( 'NONE', ( #4496, #4650, #5010, #1166 ) ) ;
#225 = SURFACE_STYLE_FILL_AREA ( #6761 ) ;
#226 = ORIENTED_EDGE ( 'NONE', *, *, #2355, .T. ) ;
#227 = CARTESIAN_POINT ( 'NONE',  ( -1.612086657879786999, 3.019999999999999574, -1.192037697719342537 ) ) ;
#228 = LINE ( 'NONE', #2467, #6610 ) ;
#229 = CARTESIAN_POINT ( 'NONE',  ( 0.9897294814213749570, 3.020000000000000018, -0.7792486312254709446 ) ) ;
#230 = AXIS2_PLACEMENT_3D ( 'NONE', #4797, #5401, #442 ) ;
#231 = FILL_AREA_STYLE_COLOUR ( '', #1376 ) ;
#232 = CARTESIAN_POINT ( 'NONE',  ( -0.2795705151471239436, 3.000000000000000888, -0.9290547804331498183 ) ) ;
#233 = CARTESIAN_POINT ( 'NONE',  ( 3.600000000000000977, 1.360000000000000098, 1.589999999999999414 ) ) ;
#234 = AXIS2_PLACEMENT_3D ( 'NONE', #2016, #4223, #4747 ) ;
#235 = EDGE_LOOP ( 'NONE', ( #2790, #2935, #2654, #5125 ) ) ;
#236 = CARTESIAN_POINT ( 'NONE',  ( -1.611709265528993962, 3.020000000000000018, -1.175412358679482461 ) ) ;
#237 = ORIENTED_EDGE ( 'NONE', *, *, #5117, .T. ) ;
#238 = CARTESIAN_POINT ( 'NONE',  ( -0.7642464824551392644, 3.020000000000000018, -1.771836712023810989 ) ) ;
#239 = STYLED_ITEM ( 'NONE', ( #4367 ), #5723 ) ;
#240 = DIRECTION ( 'NONE',  ( 1.000000000000000000, 0.0000000000000000000, 0.0000000000000000000 ) ) ;
#241 = MECHANICAL_DESIGN_GEOMETRIC_PRESENTATION_REPRESENTATION (  '', ( #4211 ), #809 ) ;
#242 = CARTESIAN_POINT ( 'NONE',  ( -1.918150568064052042, 3.020000000000000462, -1.534772667437316329 ) ) ;
#243 = DIRECTION ( 'NONE',  ( -0.0000000000000000000, -0.0000000000000000000, -1.000000000000000000 ) ) ;
#244 = EDGE_CURVE ( 'NONE', #5269, #4960, #4871, .T. ) ;
#245 = UNCERTAINTY_MEASURE_WITH_UNIT (LENGTH_MEASURE( 1.000000000000000082E-05 ), #3831, 'distance_accuracy_value', 'NONE');
#246 = VECTOR ( 'NONE', #5596, 1000.000000000000000 ) ;
#247 =( LENGTH_UNIT ( ) NAMED_UNIT ( * ) SI_UNIT ( .MILLI., .METRE. ) );
#248 = VECTOR ( 'NONE', #6744, 1000.000000000000000 ) ;
#249 = ORIENTED_EDGE ( 'NONE', *, *, #6078, .T. ) ;
#250 = CARTESIAN_POINT ( 'NONE',  ( -55.74906976069122777, 0.0000000000000000000, -19.21036380780025254 ) ) ;
#251 = CARTESIAN_POINT ( 'NONE',  ( -1.527635341679061565, 3.020000000000000018, -1.392978393604721754 ) ) ;
#252 = CARTESIAN_POINT ( 'NONE',  ( -0.1564961924606383115, 3.000000000000001332, -1.044569058784599269 ) ) ;
#253 = CARTESIAN_POINT ( 'NONE',  ( -1.878020588612554276, 3.000000000000000000, -2.063407973673387463 ) ) ;
#254 = AXIS2_PLACEMENT_3D ( 'NONE', #1667, #1129, #541 ) ;
#255 = EDGE_CURVE ( 'NONE', #6222, #1393, #5679, .T. ) ;
#256 = CARTESIAN_POINT ( 'NONE',  ( -1.664332249682355380, 3.000000000000000444, -1.003235697412466543 ) ) ;
#257 = CARTESIAN_POINT ( 'NONE',  ( 0.7021008906236357872, 3.000000000000000000, -0.8044998634685897043 ) ) ;
#258 = ADVANCED_FACE ( 'NONE', ( #778 ), #3475, .F. ) ;
#259 = EDGE_CURVE ( 'NONE', #438, #3694, #2952, .T. ) ;
#260 = DIRECTION ( 'NONE',  ( -0.0000000000000000000, -1.000000000000000000, -0.0000000000000000000 ) ) ;
#261 = ORIENTED_EDGE ( 'NONE', *, *, #6562, .F. ) ;
#262 = CARTESIAN_POINT ( 'NONE',  ( -0.1974668901743991400, 3.020000000000000462, -1.338470141058727414 ) ) ;
#263 = CIRCLE ( 'NONE', #1725, 0.5000000000000000000 ) ;
#264 = CARTESIAN_POINT ( 'NONE',  ( -0.2642622199444707443, 3.000000000000002220, -1.875621304611893692 ) ) ;
#265 = DIRECTION ( 'NONE',  ( -1.000000000000000000, 0.0000000000000000000, -0.0000000000000000000 ) ) ;
#266 = DIRECTION ( 'NONE',  ( -1.000000000000000000, 0.0000000000000000000, 0.0000000000000000000 ) ) ;
#267 = LINE ( 'NONE', #6709, #5267 ) ;
#268 = ORIENTED_EDGE ( 'NONE', *, *, #5530, .F. ) ;
#269 = DIRECTION ( 'NONE',  ( -0.0000000000000000000, -1.000000000000000000, -0.0000000000000000000 ) ) ;
#270 = ORIENTED_EDGE ( 'NONE', *, *, #1128, .F. ) ;
#271 = CARTESIAN_POINT ( 'NONE',  ( -1.677502508581933505, 3.000000000000000000, -1.723485027828418392 ) ) ;
#272 = VERTEX_POINT ( 'NONE', #5131 ) ;
#273 = CARTESIAN_POINT ( 'NONE',  ( 1.434246176884115043, 3.020000000000000018, -1.388401139822559527 ) ) ;
#274 = LINE ( 'NONE', #5232, #1577 ) ;
#275 =( LENGTH_UNIT ( ) NAMED_UNIT ( * ) SI_UNIT ( .MILLI., .METRE. ) );
#276 =( NAMED_UNIT ( * ) PLANE_ANGLE_UNIT ( ) SI_UNIT ( $, .RADIAN. ) );
#277 = CARTESIAN_POINT ( 'NONE',  ( 3.099999999999999201, 0.0000000000000000000, -3.400000000000000355 ) ) ;
#278 = SURFACE_SIDE_STYLE ('',( #4583 ) ) ;
#279 = VERTEX_POINT ( 'NONE', #2291 ) ;
#280 = CARTESIAN_POINT ( 'NONE',  ( -0.3962982704034199166, 3.000000000000000000, -2.063407973673387463 ) ) ;
#281 = B_SPLINE_CURVE_WITH_KNOTS ( 'NONE', 3,
 ( #6559, #4884, #5461, #2158, #4848, #3864, #5388, #561, #1087, #4324, #1555 ),
 .UNSPECIFIED., .F., .F.,
 ( 4, 1, 1, 1, 1, 1, 1, 1, 4 ),
 ( 0.0000000000000000000, 0.1775769699460470197, 0.3395782688209963984, 0.4876271483371432125, 0.6186165648933792394, 0.7372525701187148117, 0.8390841169167242430, 0.9269903762738797015, 1.000000000000000000 ),
 .UNSPECIFIED. ) ;
#282 = CARTESIAN_POINT ( 'NONE',  ( -2.231880883045649355, 3.000000000000001776, -0.9792504244827749948 ) ) ;
#283 = EDGE_CURVE ( 'NONE', #2600, #5554, #4472, .T. ) ;
#284 = CARTESIAN_POINT ( 'NONE',  ( -1.695599090470115922, 3.020000000000000018, -1.644306830553906140 ) ) ;
#285 = DIRECTION ( 'NONE',  ( -6.195440985631453345E-16, -0.0000000000000000000, -1.000000000000000000 ) ) ;
#286 = CIRCLE ( 'NONE', #4247, 0.5000000000000000000 ) ;
#287 = CARTESIAN_POINT ( 'NONE',  ( -1.513288406080768089, 3.000000000000000444, -1.723634456796558023 ) ) ;
#288 = ORIENTED_EDGE ( 'NONE', *, *, #507, .T. ) ;
#289 = CARTESIAN_POINT ( 'NONE',  ( -2.330000000000000515, 0.2000000000000000111, -1.590000000000000302 ) ) ;
#290 = ADVANCED_FACE ( 'NONE', ( #4984 ), #1417, .T. ) ;
#291 = CARTESIAN_POINT ( 'NONE',  ( -1.687917673133986662, 3.000000000000001776, -1.482295002000742601 ) ) ;
#292 = CARTESIAN_POINT ( 'NONE',  ( -0.1683156460689147760, 3.020000000000000018, -1.023282998499520868 ) ) ;
#293 = PLANE ( 'NONE',  #5732 ) ;
#294 = MECHANICAL_DESIGN_GEOMETRIC_PRESENTATION_REPRESENTATION (  '', ( #4025 ), #4485 ) ;
#295 = B_SPLINE_SURFACE_WITH_KNOTS ( 'NONE', 3, 1, ( 
 ( #6819, #3623 ),
 ( #5173, #287 ),
 ( #2444, #4633 ),
 ( #6279, #1375 ),
 ( #1650, #5488 ),
 ( #6481, #7059 ),
 ( #3756, #3217 ),
 ( #525, #2181 ),
 ( #6017, #4316 ),
 ( #2147, #4942 ),
 ( #3856, #490 ) ),
 .UNSPECIFIED., .F., .F., .F.,
 ( 4, 1, 1, 1, 1, 1, 1, 1, 4 ),
 ( 2, 2 ),
 ( 0.0000000000000000000, 0.1219512022493429854, 0.2407868053279231813, 0.3585498723707452595, 0.4790658414002762489, 0.6015185447735338364, 0.7275505189308981713, 0.8599320866628441529, 1.000000000000000000 ),
 ( 0.0000000000000000000, 1.000000000000000000 ),
 .UNSPECIFIED. ) ;
#296 = SURFACE_STYLE_FILL_AREA ( #3521 ) ;
#297 = DIRECTION ( 'NONE',  ( 2.182042108146928133E-15, -0.0000000000000000000, -1.000000000000000000 ) ) ;
#298 = ORIENTED_EDGE ( 'NONE', *, *, #1842, .F. ) ;
#299 = PRESENTATION_LAYER_ASSIGNMENT (  '', '', ( #3915 ) ) ;
#300 =( GEOMETRIC_REPRESENTATION_CONTEXT ( 3 ) GLOBAL_UNCERTAINTY_ASSIGNED_CONTEXT ( ( #15 ) ) GLOBAL_UNIT_ASSIGNED_CONTEXT ( ( #1620, #4883, #6558 ) ) REPRESENTATION_CONTEXT ( 'NONE', 'WORKASPACE' ) );
#301 = EDGE_CURVE ( 'NONE', #2571, #2377, #3556, .T. ) ;
#302 = CARTESIAN_POINT ( 'NONE',  ( -0.3911534012429715435, 3.020000000000000018, -1.915235741852474138 ) ) ;
#303 = DIRECTION ( 'NONE',  ( 0.0000000000000000000, 1.000000000000000000, 0.0000000000000000000 ) ) ;
#304 = PRESENTATION_LAYER_ASSIGNMENT (  '', '', ( #1647 ) ) ;
#305 = CARTESIAN_POINT ( 'NONE',  ( -0.1008727082872894337, 3.019999999999999574, -1.935775245845977821 ) ) ;
#306 = CARTESIAN_POINT ( 'NONE',  ( -0.3915852403139746807, 3.019999999999999130, -1.536484756256768058 ) ) ;
#307 = ORIENTED_EDGE ( 'NONE', *, *, #1564, .F. ) ;
#308 = PRESENTATION_STYLE_ASSIGNMENT (( #6800 ) ) ;
#309 = ORIENTED_EDGE ( 'NONE', *, *, #3049, .F. ) ;
#310 = CARTESIAN_POINT ( 'NONE',  ( 0.3314067506918776385, 3.019999999999999574, -0.8291915615292611008 ) ) ;
#311 = DIRECTION ( 'NONE',  ( -0.0000000000000000000, -1.000000000000000000, -0.0000000000000000000 ) ) ;
#312 = PRESENTATION_LAYER_ASSIGNMENT (  '', '', ( #6567 ) ) ;
#313 = CARTESIAN_POINT ( 'NONE',  ( 3.399999999999999467, 2.160000000000000142, -2.291797999708434563 ) ) ;
#314 = DIRECTION ( 'NONE',  ( 0.0000000000000000000, 0.0000000000000000000, 1.000000000000000000 ) ) ;
#315 = B_SPLINE_SURFACE_WITH_KNOTS ( 'NONE', 3, 1, ( 
 ( #1638, #6577 ),
 ( #4306, #3815 ),
 ( #6984, #3710 ),
 ( #3273, #4862 ),
 ( #5475, #576 ),
 ( #1066, #4240 ),
 ( #1537, #1676 ),
 ( #2755, #6506 ),
 ( #1602, #3782 ),
 ( #3246, #5436 ),
 ( #4932, #3846 ),
 ( #6037, #1139 ),
 ( #3313, #6444 ),
 ( #2932, #184 ),
 ( #1747, #4529 ),
 ( #1815, #5070 ),
 ( #3914, #2238 ),
 ( #4414, #2382 ),
 ( #5108, #677 ) ),
 .UNSPECIFIED., .F., .F., .F.,
 ( 4, 1, 1, 1, 1, 1, 1, 1, 1, 1, 1, 1, 1, 1, 1, 1, 4 ),
 ( 2, 2 ),
 ( 0.0000000000000000000, 0.06509335070708806292, 0.1273042315324056650, 0.1881220215801463758, 0.2471305161007631979, 0.3060769160082426055, 0.3656782273658531479, 0.4261033481625817743, 0.4878414950797359539, 0.5503167167998647136, 0.6118052235137849681, 0.6727373158544538434, 0.7348834089993241392, 0.7976802029336794719, 0.8624746871088684319, 0.9297754033859679801, 1.000000000000000000 ),
 ( 0.0000000000000000000, 1.000000000000000000 ),
 .UNSPECIFIED. ) ;
#316 = CARTESIAN_POINT ( 'NONE',  ( -55.74906976069122777, 2.360000000000000320, -19.91036380780025539 ) ) ;
#317 = VECTOR ( 'NONE', #5795, 1000.000000000000000 ) ;
#318 = ORIENTED_EDGE ( 'NONE', *, *, #4280, .T. ) ;
#319 = PRESENTATION_STYLE_ASSIGNMENT (( #6378 ) ) ;
#320 = MECHANICAL_DESIGN_GEOMETRIC_PRESENTATION_REPRESENTATION (  '', ( #4640 ), #6359 ) ;
#321 = CARTESIAN_POINT ( 'NONE',  ( -0.3829216105862539021, 3.020000000000000018, -0.9109572817329495420 ) ) ;
#322 = CARTESIAN_POINT ( 'NONE',  ( -0.2362429091723549368, 3.020000000000000018, -0.9520666836456233018 ) ) ;
#323 = DIRECTION ( 'NONE',  ( -1.000000000000000000, 0.0000000000000000000, -1.707404996040164018E-16 ) ) ;
#324 = EDGE_CURVE ( 'NONE', #5765, #3006, #1373, .T. ) ;
#325 = ORIENTED_EDGE ( 'NONE', *, *, #7042, .T. ) ;
#326 = DIRECTION ( 'NONE',  ( 0.0000000000000000000, 0.0000000000000000000, -1.000000000000000000 ) ) ;
#327 = FACE_OUTER_BOUND ( 'NONE', #1220, .T. ) ;
#328 = CARTESIAN_POINT ( 'NONE',  ( -1.566641392996084958, 3.020000000000001794, -0.8793496920310615028 ) ) ;
#329 = CARTESIAN_POINT ( 'NONE',  ( -2.235676555192880333, 3.000000000000000444, -1.807900982554947911 ) ) ;
#330 = DIRECTION ( 'NONE',  ( -0.0000000000000000000, -1.000000000000000000, -0.0000000000000000000 ) ) ;
#331 = CARTESIAN_POINT ( 'NONE',  ( 0.8155748824734234681, 3.019999999999999130, -1.099760146781523007 ) ) ;
#332 = PRESENTATION_STYLE_ASSIGNMENT (( #1385 ) ) ;
#333 = ORIENTED_EDGE ( 'NONE', *, *, #6486, .T. ) ;
#334 = ADVANCED_FACE ( 'NONE', ( #5172 ), #4665, .T. ) ;
#335 = ORIENTED_EDGE ( 'NONE', *, *, #6786, .F. ) ;
#336 = CARTESIAN_POINT ( 'NONE',  ( 0.2880753654570256672, 3.020000000000000906, -0.8734585606997788965 ) ) ;
#337 = ORIENTED_EDGE ( 'NONE', *, *, #940, .T. ) ;
#338 = CARTESIAN_POINT ( 'NONE',  ( -2.048771699394464463, 3.019999999999999130, -0.9964751504194176990 ) ) ;
#339 = EDGE_LOOP ( 'NONE', ( #769, #3887, #4776, #4683 ) ) ;
#340 = CARTESIAN_POINT ( 'NONE',  ( -0.5397472235380863514, 3.020000000000000018, -0.9648386158327396656 ) ) ;
#341 = CARTESIAN_POINT ( 'NONE',  ( -0.3205370087895423881, 3.020000000000000462, -1.402219522957758091 ) ) ;
#342 = CARTESIAN_POINT ( 'NONE',  ( 0.2324047410033726613, 3.000000000000000000, -1.717672766091256298 ) ) ;
#343 = CARTESIAN_POINT ( 'NONE',  ( -1.613352067104278031, 3.000000000000000000, -1.968232976005762636 ) ) ;
#344 = ADVANCED_FACE ( 'NONE', ( #6240 ), #5276, .T. ) ;
#345 = EDGE_CURVE ( 'NONE', #6226, #4151, #6424, .T. ) ;
#346 = VERTEX_POINT ( 'NONE', #4249 ) ;
#347 = CARTESIAN_POINT ( 'NONE',  ( -1.958795034431594084, 2.999999999999999112, -1.388401139822559527 ) ) ;
#348 = AXIS2_PLACEMENT_3D ( 'NONE', #1414, #425, #1453 ) ;
#349 = CARTESIAN_POINT ( 'NONE',  ( -1.680380902298467927, 3.000000000000000888, -1.769562455291811220 ) ) ;
#350 = COLOUR_RGB ( '',1.000000000000000000, 1.000000000000000000, 1.000000000000000000 ) ;
#351 = FACE_OUTER_BOUND ( 'NONE', #6729, .T. ) ;
#352 = AXIS2_PLACEMENT_3D ( 'NONE', #910, #3118, #3089 ) ;
#353 = FILL_AREA_STYLE_COLOUR ( '', #1990 ) ;
#354 = ORIENTED_EDGE ( 'NONE', *, *, #4648, .F. ) ;
#355 = VECTOR ( 'NONE', #2191, 1000.000000000000000 ) ;
#356 = CARTESIAN_POINT ( 'NONE',  ( -1.687917673133986884, 3.000000000000000444, -1.482295002000742823 ) ) ;
#357 = CARTESIAN_POINT ( 'NONE',  ( -2.231880883045649355, 3.020000000000001350, -0.9792504244827749948 ) ) ;
#358 = CARTESIAN_POINT ( 'NONE',  ( 0.6514262304221941635, 3.000000000000000888, -0.9191859382882995311 ) ) ;
#359 = COLOUR_RGB ( '',1.000000000000000000, 1.000000000000000000, 1.000000000000000000 ) ;
#360 = CARTESIAN_POINT ( 'NONE',  ( -0.4084026577478603870, 3.020000000000000018, -2.063198722536307539 ) ) ;
#361 = VECTOR ( 'NONE', #1976, 1000.000000000000000 ) ;
#362 = CARTESIAN_POINT ( 'NONE',  ( 0.8246654449114056984, 2.999999999999999112, -1.196835763433007793 ) ) ;
#363 = VERTEX_POINT ( 'NONE', #3180 ) ;
#364 =( NAMED_UNIT ( * ) PLANE_ANGLE_UNIT ( ) SI_UNIT ( $, .RADIAN. ) );
#365 = CARTESIAN_POINT ( 'NONE',  ( -0.6056899898030867480, 3.000000000000002220, -0.8192007842939864615 ) ) ;
#366 = CARTESIAN_POINT ( 'NONE',  ( -0.6072379059818034941, 3.000000000000000000, -1.717672766091256298 ) ) ;
#367 =( GEOMETRIC_REPRESENTATION_CONTEXT ( 3 ) GLOBAL_UNCERTAINTY_ASSIGNED_CONTEXT ( ( #6383 ) ) GLOBAL_UNIT_ASSIGNED_CONTEXT ( ( #4722, #397, #5289 ) ) REPRESENTATION_CONTEXT ( 'NONE', 'WORKASPACE' ) );
#368 = DIRECTION ( 'NONE',  ( -0.09950371902099787447, 0.0000000000000000000, 0.9950371902099892640 ) ) ;
#369 = EDGE_LOOP ( 'NONE', ( #4903, #5980, #654, #106 ) ) ;
#370 = CARTESIAN_POINT ( 'NONE',  ( 0.5398106733401639712, 3.000000000000000000, -0.7627850499120361061 ) ) ;
#371 = ORIENTED_EDGE ( 'NONE', *, *, #6233, .T. ) ;
#372 = CARTESIAN_POINT ( 'NONE',  ( -3.399999999999999467, 2.151261177893192933, 2.290000000000000036 ) ) ;
#373 = ORIENTED_EDGE ( 'NONE', *, *, #3416, .T. ) ;
#374 = FILL_AREA_STYLE_COLOUR ( '', #3082 ) ;
#375 = CARTESIAN_POINT ( 'NONE',  ( -1.612086657879786999, 2.999999999999999556, -1.192037697719342537 ) ) ;
#376 = EDGE_CURVE ( 'NONE', #4244, #346, #1613, .T. ) ;
#377 = AXIS2_PLACEMENT_3D ( 'NONE', #1642, #6111, #1714 ) ;
#378 = FILL_AREA_STYLE ('',( #6950 ) ) ;
#379 = VERTEX_POINT ( 'NONE', #1113 ) ;
#380 = CARTESIAN_POINT ( 'NONE',  ( 0.5515282643318784039, 3.020000000000000462, -0.9123026530699512859 ) ) ;
#381 = PRESENTATION_STYLE_ASSIGNMENT (( #5272 ) ) ;
#382 = LINE ( 'NONE', #415, #6964 ) ;
#383 = EDGE_CURVE ( 'NONE', #1751, #695, #4348, .T. ) ;
#384 = CARTESIAN_POINT ( 'NONE',  ( -0.2030423927851601473, 3.020000000000000462, -1.787291463098428235 ) ) ;
#385 = CARTESIAN_POINT ( 'NONE',  ( -0.3032768100729138494, 3.020000000000000018, -0.9206333661622514430 ) ) ;
#386 = FACE_OUTER_BOUND ( 'NONE', #6337, .T. ) ;
#387 = DIRECTION ( 'NONE',  ( -1.000000000000000000, 0.0000000000000000000, 0.0000000000000000000 ) ) ;
#388 = ORIENTED_EDGE ( 'NONE', *, *, #5575, .F. ) ;
#389 = CARTESIAN_POINT ( 'NONE',  ( -0.2337147877373208227, 3.000000000000000000, -1.368066662903413722 ) ) ;
#390 = CARTESIAN_POINT ( 'NONE',  ( -1.447193898028675152, 3.019999999999999130, -1.151802878258184393 ) ) ;
#391 = CARTESIAN_POINT ( 'NONE',  ( 1.253146782436332041, 3.020000000000000018, -2.063407973673387463 ) ) ;
#392 = CARTESIAN_POINT ( 'NONE',  ( 0.5954053489924360232, 3.020000000000000462, -0.9114256439812392641 ) ) ;
#393 = ORIENTED_EDGE ( 'NONE', *, *, #5851, .F. ) ;
#394 = CARTESIAN_POINT ( 'NONE',  ( -1.918150568064052042, 3.000000000000000444, -1.534772667437316329 ) ) ;
#395 = MECHANICAL_DESIGN_GEOMETRIC_PRESENTATION_REPRESENTATION (  '', ( #6207 ), #6446 ) ;
#396 = FILL_AREA_STYLE ('',( #930 ) ) ;
#397 =( NAMED_UNIT ( * ) PLANE_ANGLE_UNIT ( ) SI_UNIT ( $, .RADIAN. ) );
#398 = VERTEX_POINT ( 'NONE', #1649 ) ;
#399 = VECTOR ( 'NONE', #5774, 1000.000000000000000 ) ;
#400 = VECTOR ( 'NONE', #1668, 1000.000000000000000 ) ;
#401 =( NAMED_UNIT ( * ) SI_UNIT ( $, .STERADIAN. ) SOLID_ANGLE_UNIT ( ) );
#402 = ORIENTED_EDGE ( 'NONE', *, *, #3416, .F. ) ;
#403 = DIRECTION ( 'NONE',  ( -0.0000000000000000000, -1.000000000000000000, -0.0000000000000000000 ) ) ;
#404 = ORIENTED_EDGE ( 'NONE', *, *, #5789, .F. ) ;
#405 = CARTESIAN_POINT ( 'NONE',  ( -0.1299849339599210007, 3.000000000000000444, -1.527427375831621914 ) ) ;
#406 = CARTESIAN_POINT ( 'NONE',  ( -3.600000000000000089, 2.151261177893192933, -1.590000000000000302 ) ) ;
#407 = ADVANCED_FACE ( 'NONE', ( #3690 ), #7023, .T. ) ;
#408 = CARTESIAN_POINT ( 'NONE',  ( -1.958795034431594084, 3.000000000000000000, -1.388401139822559527 ) ) ;
#409 = COLOUR_RGB ( '',1.000000000000000000, 1.000000000000000000, 1.000000000000000000 ) ;
#410 = CARTESIAN_POINT ( 'NONE',  ( 0.2401640273592220987, 2.999999999999999556, -1.000376071160774982 ) ) ;
#411 = ORIENTED_EDGE ( 'NONE', *, *, #2239, .T. ) ;
#412 =( LENGTH_UNIT ( ) NAMED_UNIT ( * ) SI_UNIT ( .MILLI., .METRE. ) );
#413 = CARTESIAN_POINT ( 'NONE',  ( -1.745984538153606103, 3.000000000000000000, -1.875621304611893470 ) ) ;
#414 = VECTOR ( 'NONE', #6215, 1000.000000000000000 ) ;
#415 = CARTESIAN_POINT ( 'NONE',  ( 2.059862266794638241, 3.020000000000000018, -2.063407973673387463 ) ) ;
#416 = CARTESIAN_POINT ( 'NONE',  ( 0.0000000000000000000, 1.560000000000000275, 0.0000000000000000000 ) ) ;
#417 = EDGE_CURVE ( 'NONE', #3495, #4193, #4979, .T. ) ;
#418 = FILL_AREA_STYLE_COLOUR ( '', #1409 ) ;
#419 = CARTESIAN_POINT ( 'NONE',  ( -55.74906976069122777, 0.0000000000000000000, -16.03036380780025283 ) ) ;
#420 = CARTESIAN_POINT ( 'NONE',  ( -0.5078282283202395497, 3.020000000000002238, -0.9409544661237363439 ) ) ;
#421 = AXIS2_PLACEMENT_3D ( 'NONE', #1387, #1459, #858 ) ;
#422 = ORIENTED_EDGE ( 'NONE', *, *, #255, .F. ) ;
#423 = CARTESIAN_POINT ( 'NONE',  ( -3.400000000000000355, 2.151261177893192489, -2.290000000000000480 ) ) ;
#424 = CARTESIAN_POINT ( 'NONE',  ( -1.527635341679061565, 3.000000000000000000, -1.392978393604721754 ) ) ;
#425 = DIRECTION ( 'NONE',  ( 0.0000000000000000000, 0.0000000000000000000, 1.000000000000000000 ) ) ;
#426 = CARTESIAN_POINT ( 'NONE',  ( 0.8060998283484014371, 3.000000000000000444, -1.061782395318177752 ) ) ;
#427 = AXIS2_PLACEMENT_3D ( 'NONE', #4798, #6949, #1437 ) ;
#428 = CARTESIAN_POINT ( 'NONE',  ( -1.872875719452105958, 3.020000000000000018, -1.915235741852474138 ) ) ;
#429 = CARTESIAN_POINT ( 'NONE',  ( 0.7665957868548317622, 2.999999999999998668, -0.9885310998577181429 ) ) ;
#430 = FACE_OUTER_BOUND ( 'NONE', #2402, .T. ) ;
#431 = EDGE_LOOP ( 'NONE', ( #648, #5123, #5260, #701, #5687, #3537, #1286, #2729, #6876, #6927, #6909, #1920, #1989, #138, #3066, #7071, #6801 ) ) ;
#432 = EDGE_CURVE ( 'NONE', #950, #1027, #5521, .T. ) ;
#433 = FACE_OUTER_BOUND ( 'NONE', #5258, .T. ) ;
#434 = LINE ( 'NONE', #366, #6705 ) ;
#435 = FILL_AREA_STYLE ('',( #7040 ) ) ;
#436 = CARTESIAN_POINT ( 'NONE',  ( -1.971681439494508803, 3.000000000000001776, -0.9316458022749664059 ) ) ;
#437 = CARTESIAN_POINT ( 'NONE',  ( -1.886654082497556617, 3.000000000000000444, -1.914698500756816912 ) ) ;
#438 = VERTEX_POINT ( 'NONE', #2427 ) ;
#439 = CARTESIAN_POINT ( 'NONE',  ( 0.3913860562521925268, 3.020000000000000462, -0.7936815248060263839 ) ) ;
#440 = ORIENTED_EDGE ( 'NONE', *, *, #498, .F. ) ;
#441 = SURFACE_SIDE_STYLE ('',( #4172 ) ) ;
#442 = DIRECTION ( 'NONE',  ( 1.000000000000000000, 0.0000000000000000000, -0.0000000000000000000 ) ) ;
#443 = LINE ( 'NONE', #938, #2584 ) ;
#444 = PRESENTATION_STYLE_ASSIGNMENT (( #1469 ) ) ;
#445 =( NAMED_UNIT ( * ) SI_UNIT ( $, .STERADIAN. ) SOLID_ANGLE_UNIT ( ) );
#446 = ORIENTED_EDGE ( 'NONE', *, *, #3933, .F. ) ;
#447 = CARTESIAN_POINT ( 'NONE',  ( 0.5840565481200197251, 3.020000000000000018, -0.9109572817329495420 ) ) ;
#448 = CARTESIAN_POINT ( 'NONE',  ( 0.2416655054921800772, 3.000000000000000000, -0.9914744840939667681 ) ) ;
#449 =( LENGTH_UNIT ( ) NAMED_UNIT ( * ) SI_UNIT ( .MILLI., .METRE. ) );
#450 = LINE ( 'NONE', #3754, #5947 ) ;
#451 = UNCERTAINTY_MEASURE_WITH_UNIT (LENGTH_MEASURE( 1.000000000000000082E-05 ), #3011, 'distance_accuracy_value', 'NONE');
#452 = DIRECTION ( 'NONE',  ( -1.000000000000000000, -0.0000000000000000000, 1.275531967630005245E-16 ) ) ;
#453 =( NAMED_UNIT ( * ) PLANE_ANGLE_UNIT ( ) SI_UNIT ( $, .RADIAN. ) );
#454 = CARTESIAN_POINT ( 'NONE',  ( -0.5078282283202395497, 3.000000000000003553, -0.9409544661237363439 ) ) ;
#455 = ORIENTED_EDGE ( 'NONE', *, *, #1006, .T. ) ;
#456 = DIRECTION ( 'NONE',  ( 0.0000000000000000000, 1.000000000000000000, 0.0000000000000000000 ) ) ;
#457 = STYLED_ITEM ( 'NONE', ( #4621 ), #4781 ) ;
#458 = CARTESIAN_POINT ( 'NONE',  ( 0.5840565481200197251, 2.999999999999999556, -0.9109572817329495420 ) ) ;
#459 = VECTOR ( 'NONE', #5700, 1000.000000000000000 ) ;
#460 = EDGE_CURVE ( 'NONE', #5773, #2944, #5695, .T. ) ;
#461 = FACE_OUTER_BOUND ( 'NONE', #6976, .T. ) ;
#462 = PRESENTATION_LAYER_ASSIGNMENT (  '', '', ( #3531 ) ) ;
#463 = CARTESIAN_POINT ( 'NONE',  ( 0.03108130030042716846, 3.020000000000000462, -1.224932125661505333 ) ) ;
#464 =( GEOMETRIC_REPRESENTATION_CONTEXT ( 3 ) GLOBAL_UNCERTAINTY_ASSIGNED_CONTEXT ( ( #1873 ) ) GLOBAL_UNIT_ASSIGNED_CONTEXT ( ( #2623, #6997, #3560 ) ) REPRESENTATION_CONTEXT ( 'NONE', 'WORKASPACE' ) );
#465 =( LENGTH_UNIT ( ) NAMED_UNIT ( * ) SI_UNIT ( .MILLI., .METRE. ) );
#466 = CARTESIAN_POINT ( 'NONE',  ( -0.3888382101207695785, 3.000000000000001332, -0.7627850499120361061 ) ) ;
#467 = LINE ( 'NONE', #1993, #1798 ) ;
#468 = CARTESIAN_POINT ( 'NONE',  ( -0.3915852403139746807, 3.019999999999999130, -1.536484756256768058 ) ) ;
#469 = CARTESIAN_POINT ( 'NONE',  ( -2.048771699394464463, 3.000000000000001332, -0.9964751504194176990 ) ) ;
#470 = EDGE_CURVE ( 'NONE', #3639, #6727, #4391, .T. ) ;
#471 = EDGE_CURVE ( 'NONE', #1811, #2639, #6184, .T. ) ;
#472 = CARTESIAN_POINT ( 'NONE',  ( -1.958795034431594084, 2.999999999999999112, -1.388401139822559527 ) ) ;
#473 = VERTEX_POINT ( 'NONE', #4941 ) ;
#474 = CARTESIAN_POINT ( 'NONE',  ( 0.4261012807534146352, 2.999999999999999556, -0.7798017264119558867 ) ) ;
#475 = EDGE_LOOP ( 'NONE', ( #1175, #6319, #5382, #4221 ) ) ;
#476 = CARTESIAN_POINT ( 'NONE',  ( -0.5971310307912647275, 3.020000000000000018, -1.763761206651437874 ) ) ;
#477 =( GEOMETRIC_REPRESENTATION_CONTEXT ( 3 ) GLOBAL_UNCERTAINTY_ASSIGNED_CONTEXT ( ( #4874 ) ) GLOBAL_UNIT_ASSIGNED_CONTEXT ( ( #2604, #3804, #2095 ) ) REPRESENTATION_CONTEXT ( 'NONE', 'WORKASPACE' ) );
#478 =( LENGTH_UNIT ( ) NAMED_UNIT ( * ) SI_UNIT ( .MILLI., .METRE. ) );
#479 = AXIS2_PLACEMENT_3D ( 'NONE', #5702, #5742, #4655 ) ;
#480 = CARTESIAN_POINT ( 'NONE',  ( -55.74906976069122777, 2.360000000000000320, -15.33036380780025354 ) ) ;
#481 = CARTESIAN_POINT ( 'NONE',  ( -0.3888382101207695785, 3.020000000000000018, -0.7627850499120361061 ) ) ;
#482 = LINE ( 'NONE', #3743, #2387 ) ;
#483 = AXIS2_PLACEMENT_3D ( 'NONE', #3783, #2717, #2822 ) ;
#484 = CARTESIAN_POINT ( 'NONE',  ( 0.2368008971931841733, 3.019999999999999574, -1.020314554001693574 ) ) ;
#485 = ORIENTED_EDGE ( 'NONE', *, *, #6003, .T. ) ;
#486 = SURFACE_STYLE_FILL_AREA ( #5370 ) ;
#487 = COLOUR_RGB ( '',1.000000000000000000, 1.000000000000000000, 1.000000000000000000 ) ;
#488 = CARTESIAN_POINT ( 'NONE',  ( 0.0000000000000000000, 0.0000000000000000000, 0.0000000000000000000 ) ) ;
#489 = CARTESIAN_POINT ( 'NONE',  ( -0.2795994149715619881, 3.019999999999999130, -1.886070645818263447 ) ) ;
#490 = CARTESIAN_POINT ( 'NONE',  ( -1.687917673133986884, 3.000000000000000444, -1.482295002000742823 ) ) ;
#491 = LINE ( 'NONE', #2653, #3350 ) ;
#492 = ORIENTED_EDGE ( 'NONE', *, *, #3889, .T. ) ;
#493 = CARTESIAN_POINT ( 'NONE',  ( -0.2519204306478595723, 2.999999999999999112, -2.039386842767528574 ) ) ;
#494 = CARTESIAN_POINT ( 'NONE',  ( 0.03391259658246126296, 3.000000000000000444, -1.124631477816143477 ) ) ;
#495 = EDGE_CURVE ( 'NONE', #3703, #5042, #1894, .T. ) ;
#496 = CARTESIAN_POINT ( 'NONE',  ( -2.117590087129299192, 3.000000000000000888, -0.8396064748795863952 ) ) ;
#497 = CARTESIAN_POINT ( 'NONE',  ( -55.34906976069122919, 2.360000000000000320, -19.91036380780025539 ) ) ;
#498 = EDGE_CURVE ( 'NONE', #681, #6149, #4064, .T. ) ;
#499 = CARTESIAN_POINT ( 'NONE',  ( -1.476391370369928735, 2.999999999999999556, -1.009768632962657620 ) ) ;
#500 = CARTESIAN_POINT ( 'NONE',  ( -0.7836468285197749628, 3.000000000000002665, -1.086198636167389875 ) ) ;
#501 = CARTESIAN_POINT ( 'NONE',  ( 3.600000000000001421, 0.2000000000000000111, -1.590000000000000302 ) ) ;
#502 = DIRECTION ( 'NONE',  ( 1.000000000000000000, 0.0000000000000000000, -0.0000000000000000000 ) ) ;
#503 = CARTESIAN_POINT ( 'NONE',  ( -2.035662126050466370, 3.020000000000000462, -0.9796307649470453738 ) ) ;
#504 = CARTESIAN_POINT ( 'NONE',  ( -1.677370691355067445, 3.020000000000000018, -1.731563912824466867 ) ) ;
#505 = CARTESIAN_POINT ( 'NONE',  ( -0.5811567311302046068, 2.999999999999999556, -1.804004510402034356 ) ) ;
#506 = CARTESIAN_POINT ( 'NONE',  ( -0.7867567981705563263, 2.999999999999999556, -1.111914769944495118 ) ) ;
#507 = EDGE_CURVE ( 'NONE', #5807, #4101, #830, .T. ) ;
#508 = VERTEX_POINT ( 'NONE', #615 ) ;
#509 = CARTESIAN_POINT ( 'NONE',  ( 3.600000000000001421, 0.2000000000000000111, 1.590000000000000080 ) ) ;
#510 = CARTESIAN_POINT ( 'NONE',  ( -1.717965227381488935, 3.020000000000000462, -0.9520666836456226356 ) ) ;
#511 = CARTESIAN_POINT ( 'NONE',  ( -3.400000000000000355, 2.151261177893192489, -2.290000000000000480 ) ) ;
#512 = CARTESIAN_POINT ( 'NONE',  ( -0.7326941055806012182, 3.019999999999999574, -0.9475634840590850816 ) ) ;
#513 = DIRECTION ( 'NONE',  ( -6.195440985631453345E-16, 0.0000000000000000000, -1.000000000000000000 ) ) ;
#514 =( GEOMETRIC_REPRESENTATION_CONTEXT ( 3 ) GLOBAL_UNCERTAINTY_ASSIGNED_CONTEXT ( ( #1658 ) ) GLOBAL_UNIT_ASSIGNED_CONTEXT ( ( #3601, #6967, #2599 ) ) REPRESENTATION_CONTEXT ( 'NONE', 'WORKASPACE' ) );
#515 = LINE ( 'NONE', #1604, #6 ) ;
#516 = ORIENTED_EDGE ( 'NONE', *, *, #3360, .F. ) ;
#517 = ORIENTED_EDGE ( 'NONE', *, *, #5569, .T. ) ;
#518 = ORIENTED_EDGE ( 'NONE', *, *, #17, .T. ) ;
#519 = AXIS2_PLACEMENT_3D ( 'NONE', #1448, #3592, #4743 ) ;
#520 = EDGE_CURVE ( 'NONE', #3573, #882, #6587, .T. ) ;
#521 = B_SPLINE_SURFACE_WITH_KNOTS ( 'NONE', 3, 1, ( 
 ( #5952, #2766 ),
 ( #4392, #6519 ),
 ( #3824, #1686 ),
 ( #3156, #5988 ),
 ( #3287, #4809 ),
 ( #1614, #6453 ),
 ( #6993, #2082 ),
 ( #5917, #1546 ),
 ( #3719, #3181 ),
 ( #5380, #6148 ),
 ( #3992, #1247 ),
 ( #5195, #3005 ),
 ( #5043, #3496 ),
 ( #1355, #271 ),
 ( #5113, #2429 ) ),
 .UNSPECIFIED., .F., .F., .F.,
 ( 4, 1, 1, 1, 1, 1, 1, 1, 1, 1, 1, 1, 4 ),
 ( 2, 2 ),
 ( 0.0000000000000000000, 0.1297890756576318971, 0.2546053700922403240, 0.3784354924817366350, 0.5029195826750438858, 0.5650179669759702872, 0.6248477746307946612, 0.6834480871906740695, 0.7427645197557700696, 0.8027569578129467587, 0.8652203742489509297, 0.9307788121001255854, 0.9999999999999998890 ),
 ( 0.0000000000000000000, 1.000000000000000000 ),
 .UNSPECIFIED. ) ;
#522 = CARTESIAN_POINT ( 'NONE',  ( -0.1316297488951431449, 3.019999999999999574, -1.968232976005763080 ) ) ;
#523 = PRODUCT_DEFINITION_CONTEXT ( 'detailed design', #4503, 'design' ) ;
#524 = CARTESIAN_POINT ( 'NONE',  ( 0.7057139002973876751, 3.020000000000000018, -0.8078778666939409048 ) ) ;
#525 = CARTESIAN_POINT ( 'NONE',  ( -1.611707252169055193, 3.020000000000000462, -1.527427375831621914 ) ) ;
#526 = LINE ( 'NONE', #4839, #7025 ) ;
#527 = LINE ( 'NONE', #2150, #1442 ) ;
#528 = LINE ( 'NONE', #6523, #5845 ) ;
#529 = MECHANICAL_DESIGN_GEOMETRIC_PRESENTATION_REPRESENTATION (  '', ( #973 ), #4753 ) ;
#530 = CARTESIAN_POINT ( 'NONE',  ( -1.870560528329904271, 3.020000000000000018, -0.7627850499120361061 ) ) ;
#531 = UNCERTAINTY_MEASURE_WITH_UNIT (LENGTH_MEASURE( 1.000000000000000082E-05 ), #3707, 'distance_accuracy_value', 'NONE');
#532 = SURFACE_STYLE_USAGE ( .BOTH. , #5459 ) ;
#533 = DIRECTION ( 'NONE',  ( 0.0000000000000000000, 0.0000000000000000000, -1.000000000000000000 ) ) ;
#534 = EDGE_CURVE ( 'NONE', #2278, #5995, #4698, .T. ) ;
#535 = CARTESIAN_POINT ( 'NONE',  ( -55.34906976069122919, 1.560000000000000275, -19.91036380780025539 ) ) ;
#536 = VERTEX_POINT ( 'NONE', #3457 ) ;
#537 = CARTESIAN_POINT ( 'NONE',  ( -1.741829563118048485, 2.999999999999999556, -0.7785085495972525749 ) ) ;
#538 = CARTESIAN_POINT ( 'NONE',  ( 0.03484176524215466808, 3.020000000000000018, -1.165628305175144597 ) ) ;
#539 = CARTESIAN_POINT ( 'NONE',  ( -2.245968800664273068, 2.999999999999999112, -1.771836712023810101 ) ) ;
#540 = CIRCLE ( 'NONE', #5096, 0.5000000000000000000 ) ;
#541 = DIRECTION ( 'NONE',  ( 0.0000000000000000000, 0.0000000000000000000, -1.000000000000000000 ) ) ;
#542 = CARTESIAN_POINT ( 'NONE',  ( -0.5602583706561239385, 3.000000000000000000, -1.838138938650642373 ) ) ;
#543 = DIRECTION ( 'NONE',  ( 0.0000000000000000000, 0.0000000000000000000, -1.000000000000000000 ) ) ;
#544 = VERTEX_POINT ( 'NONE', #4026 ) ;
#545 = DIRECTION ( 'NONE',  ( 1.000000000000000000, 0.0000000000000000000, 1.707404996040164018E-16 ) ) ;
#546 = CARTESIAN_POINT ( 'NONE',  ( -1.855281850698480506, 3.020000000000000018, -0.9110907622462384170 ) ) ;
#547 = CARTESIAN_POINT ( 'NONE',  ( -55.74906976069122777, 1.560000000000000275, -15.33036380780025354 ) ) ;
#548 = LINE ( 'NONE', #5912, #1709 ) ;
#549 = CARTESIAN_POINT ( 'NONE',  ( 0.0000000000000000000, 2.360000000000000320, 0.0000000000000000000 ) ) ;
#550 = ORIENTED_EDGE ( 'NONE', *, *, #6202, .F. ) ;
#551 = DIRECTION ( 'NONE',  ( 0.0000000000000000000, 0.0000000000000000000, 1.000000000000000000 ) ) ;
#552 = ORIENTED_EDGE ( 'NONE', *, *, #5535, .T. ) ;
#553 = CARTESIAN_POINT ( 'NONE',  ( -54.94906976069123061, 2.560000000000000053, -19.91036380780025539 ) ) ;
#554 = EDGE_CURVE ( 'NONE', #7046, #5252, #3321, .T. ) ;
#555 = CARTESIAN_POINT ( 'NONE',  ( -3.600000000000000533, 1.351261177893192666, -2.290000000000000036 ) ) ;
#556 = CARTESIAN_POINT ( 'NONE',  ( 0.3314067506918776385, 2.999999999999999556, -0.8291915615292611008 ) ) ;
#557 = ORIENTED_EDGE ( 'NONE', *, *, #2866, .T. ) ;
#558 = CARTESIAN_POINT ( 'NONE',  ( -0.2601072449089140148, 2.999999999999999112, -0.7785085495972525749 ) ) ;
#559 = CARTESIAN_POINT ( 'NONE',  ( -2.171541609723354416, 3.020000000000000018, -0.8892942258499481056 ) ) ;
#560 = PRESENTATION_STYLE_ASSIGNMENT (( #532 ) ) ;
#561 = CARTESIAN_POINT ( 'NONE',  ( 0.4024067804108388824, 3.020000000000000018, -1.069675277076434172 ) ) ;
#562 = EDGE_LOOP ( 'NONE', ( #2064, #6995, #5755, #6615 ) ) ;
#563 = CARTESIAN_POINT ( 'NONE',  ( -0.2061953549248518314, 3.020000000000000018, -1.482295002000742601 ) ) ;
#564 = LINE ( 'NONE', #501, #217 ) ;
#565 = CARTESIAN_POINT ( 'NONE',  ( -0.1957801903727988402, 3.000000000000001332, -1.723485027828418392 ) ) ;
#566 = STYLED_ITEM ( 'NONE', ( #444 ), #5390 ) ;
#567 = DIRECTION ( 'NONE',  ( -0.0000000000000000000, -1.000000000000000000, -0.0000000000000000000 ) ) ;
#568 = AXIS2_PLACEMENT_3D ( 'NONE', #5964, #2259, #6066 ) ;
#569 = CARTESIAN_POINT ( 'NONE',  ( -2.235676555192880333, 3.020000000000000462, -1.807900982554947911 ) ) ;
#570 = CARTESIAN_POINT ( 'NONE',  ( -1.512734878220719281, 3.020000000000000018, -1.736966025442937545 ) ) ;
#571 = ORIENTED_EDGE ( 'NONE', *, *, #432, .T. ) ;
#572 =( NAMED_UNIT ( * ) SI_UNIT ( $, .STERADIAN. ) SOLID_ANGLE_UNIT ( ) );
#573 = CARTESIAN_POINT ( 'NONE',  ( -0.1285808750434294934, 3.000000000000000444, -1.454894656635153938 ) ) ;
#574 = CARTESIAN_POINT ( 'NONE',  ( -55.34906976069122919, 1.560000000000000275, -15.33036380780025354 ) ) ;
#575 =( GEOMETRIC_REPRESENTATION_CONTEXT ( 3 ) GLOBAL_UNCERTAINTY_ASSIGNED_CONTEXT ( ( #6889 ) ) GLOBAL_UNIT_ASSIGNED_CONTEXT ( ( #1566, #2172, #1033 ) ) REPRESENTATION_CONTEXT ( 'NONE', 'WORKASPACE' ) );
#576 = CARTESIAN_POINT ( 'NONE',  ( -1.684764710994294035, 2.999999999999999112, -1.787291463098427791 ) ) ;
#577 = CARTESIAN_POINT ( 'NONE',  ( 3.600000000000001421, 2.160000000000000142, 2.289999999999999147 ) ) ;
#578 = ORIENTED_EDGE ( 'NONE', *, *, #3025, .F. ) ;
#579 =( LENGTH_UNIT ( ) NAMED_UNIT ( * ) SI_UNIT ( .MILLI., .METRE. ) );
#580 = COLOUR_RGB ( '',1.000000000000000000, 1.000000000000000000, 1.000000000000000000 ) ;
#581 = VECTOR ( 'NONE', #6636, 1000.000000000000000 ) ;
#582 = CARTESIAN_POINT ( 'NONE',  ( -1.831920367632432267, 3.019999999999999130, -1.912176249954232299 ) ) ;
#583 = EDGE_CURVE ( 'NONE', #1393, #6096, #5657, .T. ) ;
#584 = DIRECTION ( 'NONE',  ( 0.0000000000000000000, 0.0000000000000000000, -1.000000000000000000 ) ) ;
#585 = VECTOR ( 'NONE', #5932, 1000.000000000000000 ) ;
#586 = CARTESIAN_POINT ( 'NONE',  ( -0.2982058286670728475, 3.000000000000001776, -2.053311126813548437 ) ) ;
#587 = SURFACE_STYLE_FILL_AREA ( #4393 ) ;
#588 = VERTEX_POINT ( 'NONE', #5111 ) ;
#589 = ADVANCED_FACE ( 'NONE', ( #6908 ), #1578, .T. ) ;
#590 = UNCERTAINTY_MEASURE_WITH_UNIT (LENGTH_MEASURE( 1.000000000000000082E-05 ), #7069, 'distance_accuracy_value', 'NONE');
#591 = CARTESIAN_POINT ( 'NONE',  ( -3.399999999999999911, 0.2000000000000000111, 1.589999999999999858 ) ) ;
#592 = ORIENTED_EDGE ( 'NONE', *, *, #3987, .F. ) ;
#593 = SURFACE_STYLE_USAGE ( .BOTH. , #5499 ) ;
#594 = CARTESIAN_POINT ( 'NONE',  ( -0.7752657497774753104, 3.000000000000000444, -1.048779485120968635 ) ) ;
#595 = CARTESIAN_POINT ( 'NONE',  ( -2.245968800664273068, 3.019999999999999130, -1.771836712023810101 ) ) ;
#596 = CARTESIAN_POINT ( 'NONE',  ( -1.689835053868970149, 3.000000000000000444, -2.020085302194129628 ) ) ;
#597 = DIRECTION ( 'NONE',  ( -1.000000000000000000, -0.0000000000000000000, -0.0000000000000000000 ) ) ;
#598 = ORIENTED_EDGE ( 'NONE', *, *, #107, .F. ) ;
#599 = CARTESIAN_POINT ( 'NONE',  ( -1.523125921494410617, 3.020000000000000462, -1.820725840425060582 ) ) ;
#600 = EDGE_LOOP ( 'NONE', ( #5471, #4974, #3886, #1116 ) ) ;
#601 = CARTESIAN_POINT ( 'NONE',  ( -1.199926833265457349, 3.000000000000000000, -0.7792486312254709446 ) ) ;
#602 = B_SPLINE_CURVE_WITH_KNOTS ( 'NONE', 3,
 ( #4373, #4446, #1632, #6002, #3307, #2266, #6639, #4335, #3337, #3808, #5507, #599, #1702, #5469, #570 ),
 .UNSPECIFIED., .F., .F.,
 ( 4, 1, 1, 1, 1, 1, 1, 1, 1, 1, 1, 1, 4 ),
 ( 0.0000000000000000000, 0.09205398927685827515, 0.1810079047848999201, 0.2691300759875089876, 0.3571374727068740151, 0.4435490135848204063, 0.5264334456319725852, 0.6074529357589962819, 0.6883846385144208879, 0.7678538499318543487, 0.8455305897600619014, 0.9225294439554589943, 1.000000000000000000 ),
 .UNSPECIFIED. ) ;
#603 = PLANE ( 'NONE',  #4159 ) ;
#604 = CARTESIAN_POINT ( 'NONE',  ( -2.088960224190938408, 3.000000000000000000, -1.717672766091256298 ) ) ;
#605 = DIRECTION ( 'NONE',  ( 0.0000000000000000000, 0.0000000000000000000, -1.000000000000000000 ) ) ;
#606 = LINE ( 'NONE', #2787, #1941 ) ;
#607 = DIRECTION ( 'NONE',  ( -1.000000000000000000, 0.0000000000000000000, 0.0000000000000000000 ) ) ;
#608 = ORIENTED_EDGE ( 'NONE', *, *, #4519, .F. ) ;
#609 = PRESENTATION_LAYER_ASSIGNMENT (  '', '', ( #5984 ) ) ;
#610 = ORIENTED_EDGE ( 'NONE', *, *, #6556, .T. ) ;
#611 = DIRECTION ( 'NONE',  ( -1.000000000000000000, 0.0000000000000000000, 0.0000000000000000000 ) ) ;
#612 = DIRECTION ( 'NONE',  ( -1.000000000000000000, 0.0000000000000000000, -0.0000000000000000000 ) ) ;
#613 = COLOUR_RGB ( '',1.000000000000000000, 1.000000000000000000, 1.000000000000000000 ) ;
#614 = CARTESIAN_POINT ( 'NONE',  ( -0.3465964745662698521, 3.000000000000002220, -2.061796266670198996 ) ) ;
#615 = CARTESIAN_POINT ( 'NONE',  ( 3.400000000000000799, 1.360000000000000098, 1.589999999999999414 ) ) ;
#616 =( GEOMETRIC_REPRESENTATION_CONTEXT ( 3 ) GLOBAL_UNCERTAINTY_ASSIGNED_CONTEXT ( ( #2222 ) ) GLOBAL_UNIT_ASSIGNED_CONTEXT ( ( #948, #6958, #2045 ) ) REPRESENTATION_CONTEXT ( 'NONE', 'WORKASPACE' ) );
#617 = ORIENTED_EDGE ( 'NONE', *, *, #4998, .T. ) ;
#618 = CARTESIAN_POINT ( 'NONE',  ( -0.7094564748736669202, 3.000000000000000444, -1.902743854191271122 ) ) ;
#619 = EDGE_LOOP ( 'NONE', ( #4236, #1792, #3141, #3098 ) ) ;
#620 = CARTESIAN_POINT ( 'NONE',  ( 0.03452842018045929051, 3.020000000000000018, -1.151802878258184615 ) ) ;
#621 = CARTESIAN_POINT ( 'NONE',  ( -2.021938509982363907, 3.020000000000000462, -0.7875309464302363560 ) ) ;
#622 = PRESENTATION_LAYER_ASSIGNMENT (  '', '', ( #1880 ) ) ;
#623 = EDGE_CURVE ( 'NONE', #473, #787, #3607, .T. ) ;
#624 = PRODUCT_DEFINITION_SHAPE ( 'NONE', 'NONE',  #1945 ) ;
#625 = CARTESIAN_POINT ( 'NONE',  ( 0.4024067804108388824, 3.000000000000000000, -1.069675277076434172 ) ) ;
#626 = FACE_OUTER_BOUND ( 'NONE', #19, .T. ) ;
#627 = VECTOR ( 'NONE', #1071, 1000.000000000000114 ) ;
#628 = ORIENTED_EDGE ( 'NONE', *, *, #1244, .T. ) ;
#629 = CARTESIAN_POINT ( 'NONE',  ( -1.538750309973737407, 3.019999999999997797, -0.9092310487208882241 ) ) ;
#630 = SURFACE_STYLE_USAGE ( .BOTH. , #4887 ) ;
#631 = PLANE ( 'NONE',  #3514 ) ;
#632 =( NAMED_UNIT ( * ) SI_UNIT ( $, .STERADIAN. ) SOLID_ANGLE_UNIT ( ) );
#633 = EDGE_CURVE ( 'NONE', #5545, #379, #1560, .T. ) ;
#634 = STYLED_ITEM ( 'NONE', ( #1878 ), #2545 ) ;
#635 = CARTESIAN_POINT ( 'NONE',  ( 0.5515282643318784039, 3.020000000000000462, -0.9123026530699512859 ) ) ;
#636 = ORIENTED_EDGE ( 'NONE', *, *, #798, .F. ) ;
#637 = EDGE_CURVE ( 'NONE', #189, #2199, #286, .T. ) ;
#638 = CARTESIAN_POINT ( 'NONE',  ( -0.5739960907516892252, 3.000000000000000000, -0.8014251924854067788 ) ) ;
#639 = ORIENTED_EDGE ( 'NONE', *, *, #5763, .T. ) ;
#640 = PRESENTATION_STYLE_ASSIGNMENT (( #3447 ) ) ;
#641 = CARTESIAN_POINT ( 'NONE',  ( -1.680381694333421327, 3.019999999999999574, -0.9842560978625050083 ) ) ;
#642 = CARTESIAN_POINT ( 'NONE',  ( -0.02915363715317644683, 3.000000000000000444, -1.373102610874840535 ) ) ;
#643 = CARTESIAN_POINT ( 'NONE',  ( -2.044503099626454823, 3.000000000000000000, -2.030280888219688329 ) ) ;
#644 = CARTESIAN_POINT ( 'NONE',  ( -55.74906976069122777, 1.560000000000000275, -19.91036380780025539 ) ) ;
#645 = PLANE ( 'NONE',  #5951 ) ;
#646 = ORIENTED_EDGE ( 'NONE', *, *, #3239, .T. ) ;
#647 = APPLICATION_PROTOCOL_DEFINITION ( 'draft international standard', 'automotive_design', 1998, #3683 ) ;
#648 = ORIENTED_EDGE ( 'NONE', *, *, #674, .T. ) ;
#649 = EDGE_LOOP ( 'NONE', ( #3858, #3004, #6617, #3765 ) ) ;
#650 = CARTESIAN_POINT ( 'NONE',  ( -1.684764710994294035, 3.019999999999999130, -1.787291463098427791 ) ) ;
#651 = DIRECTION ( 'NONE',  ( 0.0000000000000000000, 0.0000000000000000000, 1.000000000000000000 ) ) ;
#652 = PLANE ( 'NONE',  #3748 ) ;
#653 = FACE_BOUND ( 'NONE', #3936, .T. ) ;
#654 = ORIENTED_EDGE ( 'NONE', *, *, #43, .T. ) ;
#655 = CARTESIAN_POINT ( 'NONE',  ( 0.3593229839756680311, 3.000000000000000444, -0.8100630109221991226 ) ) ;
#656 = ORIENTED_EDGE ( 'NONE', *, *, #2707, .F. ) ;
#657 = CARTESIAN_POINT ( 'NONE',  ( -0.5916283776728237243, 3.019999999999999574, -2.015436186200724844 ) ) ;
#658 = UNCERTAINTY_MEASURE_WITH_UNIT (LENGTH_MEASURE( 1.000000000000000082E-05 ), #1346, 'distance_accuracy_value', 'NONE');
#659 =( NAMED_UNIT ( * ) PLANE_ANGLE_UNIT ( ) SI_UNIT ( $, .RADIAN. ) );
#660 = CARTESIAN_POINT ( 'NONE',  ( 0.6514262304221941635, 3.020000000000000906, -0.9191859382882995311 ) ) ;
#661 = ORIENTED_EDGE ( 'NONE', *, *, #6276, .T. ) ;
#662 = ORIENTED_EDGE ( 'NONE', *, *, #3933, .T. ) ;
#663 = CARTESIAN_POINT ( 'NONE',  ( -55.74906976069122777, 2.360000000000000320, -19.91036380780025539 ) ) ;
#664 = ADVANCED_FACE ( 'NONE', ( #4684 ), #6875, .T. ) ;
#665 = CARTESIAN_POINT ( 'NONE',  ( -1.634691518408449840, 3.020000000000000018, -1.465957174887511094 ) ) ;
#666 = CARTESIAN_POINT ( 'NONE',  ( -0.1986593761242874123, 3.020000000000000906, -0.9842560978625056745 ) ) ;
#667 = DIRECTION ( 'NONE',  ( 1.000000000000000000, -0.0000000000000000000, -8.673617379884020681E-16 ) ) ;
#668 = PRESENTATION_LAYER_ASSIGNMENT (  '', '', ( #5000 ) ) ;
#669 = CARTESIAN_POINT ( 'NONE',  ( -0.1656857917439017169, 3.000000000000000000, -1.502186620824422114 ) ) ;
#670 = CARTESIAN_POINT ( 'NONE',  ( 0.7367491345493075716, 3.020000000000000018, -0.8287507247245767816 ) ) ;
#671 = ORIENTED_EDGE ( 'NONE', *, *, #6309, .F. ) ;
#672 = CARTESIAN_POINT ( 'NONE',  ( -0.3451941959339976940, 3.000000000000000000, -1.405323339558132156 ) ) ;
#673 = SURFACE_STYLE_FILL_AREA ( #6105 ) ;
#674 = EDGE_CURVE ( 'NONE', #5145, #4000, #4606, .T. ) ;
#675 = DIRECTION ( 'NONE',  ( -1.000000000000000000, 0.0000000000000000000, -2.182042108146928133E-15 ) ) ;
#676 = CARTESIAN_POINT ( 'NONE',  ( 0.7367491345493075716, 3.020000000000000018, -0.8287507247245767816 ) ) ;
#677 = CARTESIAN_POINT ( 'NONE',  ( -1.872875719452105958, 3.000000000000000000, -1.915235741852474138 ) ) ;
#678 = ADVANCED_FACE ( 'NONE', ( #3776 ), #6603, .T. ) ;
#679 = PRODUCT_RELATED_PRODUCT_CATEGORY ( 'part', '', ( #1705 ) ) ;
#680 = DIRECTION ( 'NONE',  ( 0.0000000000000000000, 0.0000000000000000000, 1.000000000000000000 ) ) ;
#681 = VERTEX_POINT ( 'NONE', #4892 ) ;
#682 =( GEOMETRIC_REPRESENTATION_CONTEXT ( 3 ) GLOBAL_UNCERTAINTY_ASSIGNED_CONTEXT ( ( #5949 ) ) GLOBAL_UNIT_ASSIGNED_CONTEXT ( ( #2771, #3292, #1047 ) ) REPRESENTATION_CONTEXT ( 'NONE', 'WORKASPACE' ) );
#683 = ORIENTED_EDGE ( 'NONE', *, *, #6452, .T. ) ;
#684 = CARTESIAN_POINT ( 'NONE',  ( -1.852296242810312465, 3.020000000000000018, -1.405893694968084029 ) ) ;
#685 = PRESENTATION_LAYER_ASSIGNMENT (  '', '', ( #2844 ) ) ;
#686 = CARTESIAN_POINT ( 'NONE',  ( -0.4398606538960616597, 3.020000000000000462, -1.534910053988282730 ) ) ;
#687 = CARTESIAN_POINT ( 'NONE',  ( -2.048771699394464463, 2.999999999999999112, -0.9964751504194176990 ) ) ;
#688 = CARTESIAN_POINT ( 'NONE',  ( -0.2571833679842651654, 2.999999999999999556, -0.9393473058409250731 ) ) ;
#689 = PRESENTATION_LAYER_ASSIGNMENT (  '', '', ( #5944 ) ) ;
#690 = CARTESIAN_POINT ( 'NONE',  ( -0.03101256001158438080, 3.020000000000000018, -1.736966025442937545 ) ) ;
#691 = VECTOR ( 'NONE', #5787, 1000.000000000000000 ) ;
#692 = CARTESIAN_POINT ( 'NONE',  ( 0.0000000000000000000, 0.0000000000000000000, 0.0000000000000000000 ) ) ;
#693 = ORIENTED_EDGE ( 'NONE', *, *, #6923, .T. ) ;
#694 = CARTESIAN_POINT ( 'NONE',  ( 0.4629144379006353560, 3.000000000000000000, -0.7701276156296047448 ) ) ;
#695 = VERTEX_POINT ( 'NONE', #5544 ) ;
#696 = VECTOR ( 'NONE', #4510, 1000.000000000000000 ) ;
#697 = CARTESIAN_POINT ( 'NONE',  ( -0.5916283776728237243, 3.000000000000002220, -2.015436186200724844 ) ) ;
#698 = CARTESIAN_POINT ( 'NONE',  ( -0.1956483731459326414, 3.000000000000000444, -1.731563912824466867 ) ) ;
#699 = FILL_AREA_STYLE_COLOUR ( '', #3698 ) ;
#700 = EDGE_CURVE ( 'NONE', #6750, #2825, #2167, .T. ) ;
#701 = ORIENTED_EDGE ( 'NONE', *, *, #5228, .T. ) ;
#702 = PLANE ( 'NONE',  #4759 ) ;
#703 = SURFACE_SIDE_STYLE ('',( #6205 ) ) ;
#704 =( NAMED_UNIT ( * ) PLANE_ANGLE_UNIT ( ) SI_UNIT ( $, .RADIAN. ) );
#705 = AXIS2_PLACEMENT_3D ( 'NONE', #6544, #5441, #1750 ) ;
#706 = CARTESIAN_POINT ( 'NONE',  ( -2.208055384847487534, 3.000000000000000444, -1.873243738275925052 ) ) ;
#707 = CARTESIAN_POINT ( 'NONE',  ( -3.600000000000000533, 0.2000000000000000111, -1.590000000000000302 ) ) ;
#708 = CARTESIAN_POINT ( 'NONE',  ( -0.3738166516540089024, 3.000000000000000888, -0.7631222124181722410 ) ) ;
#709 = CARTESIAN_POINT ( 'NONE',  ( -0.1297940478921935925, 2.999999999999999556, -1.166914522465256621 ) ) ;
#710 = CARTESIAN_POINT ( 'NONE',  ( -1.620903217863525203, 3.000000000000000444, -1.090317141010583413 ) ) ;
#711 = CARTESIAN_POINT ( 'NONE',  ( -55.74906976069122777, 2.360000000000000320, -19.91036380780025539 ) ) ;
#712 = DIRECTION ( 'NONE',  ( 0.0000000000000000000, -1.000000000000000000, 0.0000000000000000000 ) ) ;
#713 = CARTESIAN_POINT ( 'NONE',  ( -0.03101256001158438080, 3.020000000000000018, -1.736966025442937545 ) ) ;
#714 = EDGE_CURVE ( 'NONE', #2600, #5336, #602, .T. ) ;
#715 = ORIENTED_EDGE ( 'NONE', *, *, #940, .F. ) ;
#716 = EDGE_CURVE ( 'NONE', #80, #1819, #4250, .T. ) ;
#717 = ORIENTED_EDGE ( 'NONE', *, *, #2734, .T. ) ;
#718 = ORIENTED_EDGE ( 'NONE', *, *, #5429, .T. ) ;
#719 = CARTESIAN_POINT ( 'NONE',  ( 0.2880753654570256672, 3.020000000000000906, -0.8734585606997788965 ) ) ;
#720 = CARTESIAN_POINT ( 'NONE',  ( -0.5793182957661777710, 3.019999999999999574, -1.015309225000133653 ) ) ;
#721 = CARTESIAN_POINT ( 'NONE',  ( -0.3705739246011776622, 3.020000000000000018, -1.405893694968084029 ) ) ;
#722 = CARTESIAN_POINT ( 'NONE',  ( -1.556231424240767547, 3.000000000000000000, -1.587794194115607960 ) ) ;
#723 = FILL_AREA_STYLE ('',( #3957 ) ) ;
#724 = SURFACE_STYLE_USAGE ( .BOTH. , #1257 ) ;
#725 = EDGE_CURVE ( 'NONE', #4417, #1898, #4407, .T. ) ;
#726 = ORIENTED_EDGE ( 'NONE', *, *, #7016, .T. ) ;
#727 = CARTESIAN_POINT ( 'NONE',  ( -1.620602870220630098, 3.000000000000001332, -1.239604617066078607 ) ) ;
#728 = PRESENTATION_LAYER_ASSIGNMENT (  '', '', ( #4944 ) ) ;
#729 = VERTEX_POINT ( 'NONE', #1026 ) ;
#730 = CLOSED_SHELL ( 'NONE', ( #96, #4658, #3816, #258, #3412, #2504, #1573, #6136, #4563, #2154, #3162, #3481 ) ) ;
#731 = LINE ( 'NONE', #6628, #2513 ) ;
#732 = CARTESIAN_POINT ( 'NONE',  ( -0.2089675462711467480, 2.999999999999998668, -1.804228030044987774 ) ) ;
#733 = CARTESIAN_POINT ( 'NONE',  ( -3.600000000000000089, 1.351261177893192666, 1.589999999999999858 ) ) ;
#734 = PRESENTATION_LAYER_ASSIGNMENT (  '', '', ( #3230 ) ) ;
#735 = UNCERTAINTY_MEASURE_WITH_UNIT (LENGTH_MEASURE( 1.000000000000000082E-05 ), #449, 'distance_accuracy_value', 'NONE');
#736 = CARTESIAN_POINT ( 'NONE',  ( -2.268479116379690907, 3.000000000000000000, -1.111914769944495340 ) ) ;
#737 = FILL_AREA_STYLE ('',( #699 ) ) ;
#738 = ORIENTED_EDGE ( 'NONE', *, *, #4467, .T. ) ;
#739 = CARTESIAN_POINT ( 'NONE',  ( -1.855538969863144150, 3.000000000000000444, -0.7631222124181720190 ) ) ;
#740 = CARTESIAN_POINT ( 'NONE',  ( -1.447068594431571986, 3.020000000000000462, -1.175755038520549300 ) ) ;
#741 = PRESENTATION_LAYER_ASSIGNMENT (  '', '', ( #3807 ) ) ;
#742 = CARTESIAN_POINT ( 'NONE',  ( -0.2166058027103659189, 3.000000000000001776, -0.9670024162672197221 ) ) ;
#743 = CARTESIAN_POINT ( 'NONE',  ( -2.014131104583468446, 3.000000000000000444, -2.042248344519796532 ) ) ;
#744 = CARTESIAN_POINT ( 'NONE',  ( 0.4065585620845507675, 3.020000000000000018, -1.042665932240428139 ) ) ;
#745 = SURFACE_SIDE_STYLE ('',( #4481 ) ) ;
#746 = COLOUR_RGB ( '',1.000000000000000000, 1.000000000000000000, 1.000000000000000000 ) ;
#747 = CARTESIAN_POINT ( 'NONE',  ( -55.34906976069122919, 1.560000000000000275, -16.03036380780025283 ) ) ;
#748 = ORIENTED_EDGE ( 'NONE', *, *, #633, .T. ) ;
#749 = PRODUCT ( 'Right', 'Right', '', ( #6043 ) ) ;
#750 = DIRECTION ( 'NONE',  ( -6.195440985631453345E-16, -0.0000000000000000000, -1.000000000000000000 ) ) ;
#751 = CARTESIAN_POINT ( 'NONE',  ( -0.2167330484003285318, 3.000000000000002220, -1.820283394106908093 ) ) ;
#752 = DIRECTION ( 'NONE',  ( 0.0000000000000000000, 0.0000000000000000000, -1.000000000000000000 ) ) ;
#753 = CARTESIAN_POINT ( 'NONE',  ( 2.240961661242421687, 3.000000000000000000, -0.7792486312254709446 ) ) ;
#754 = EDGE_CURVE ( 'NONE', #5794, #5145, #2378, .T. ) ;
#755 = CARTESIAN_POINT ( 'NONE',  ( -0.2081127356598356515, 3.020000000000000462, -2.020085302194129628 ) ) ;
#756 = ORIENTED_EDGE ( 'NONE', *, *, #2860, .T. ) ;
#757 = CONTEXT_DEPENDENT_SHAPE_REPRESENTATION ( #1862, #811 ) ;
#758 = DIRECTION ( 'NONE',  ( -6.195440985631453345E-16, -0.0000000000000000000, -1.000000000000000000 ) ) ;
#759 = ORIENTED_EDGE ( 'NONE', *, *, #1670, .F. ) ;
#760 =( GEOMETRIC_REPRESENTATION_CONTEXT ( 3 ) GLOBAL_UNCERTAINTY_ASSIGNED_CONTEXT ( ( #5958 ) ) GLOBAL_UNIT_ASSIGNED_CONTEXT ( ( #4164, #364, #2601 ) ) REPRESENTATION_CONTEXT ( 'NONE', 'WORKASPACE' ) );
#761 = VERTEX_POINT ( 'NONE', #6828 ) ;
#762 = CARTESIAN_POINT ( 'NONE',  ( -3.399999999999999911, 1.351261177893192666, 1.589999999999999858 ) ) ;
#763 = DIRECTION ( 'NONE',  ( 0.0000000000000000000, -1.000000000000000000, 0.0000000000000000000 ) ) ;
#764 = EDGE_CURVE ( 'NONE', #5158, #2571, #1885, .T. ) ;
#765 = CARTESIAN_POINT ( 'NONE',  ( -2.071480897853275049, 3.000000000000000000, -1.036624395013399980 ) ) ;
#766 = DIRECTION ( 'NONE',  ( 6.195440985631457289E-16, -0.0000000000000000000, 1.000000000000000000 ) ) ;
#767 = STYLED_ITEM ( 'NONE', ( #4570 ), #3155 ) ;
#768 = PLANE ( 'NONE',  #6056 ) ;
#769 = ORIENTED_EDGE ( 'NONE', *, *, #3110, .T. ) ;
#770 = CARTESIAN_POINT ( 'NONE',  ( -1.663321079935717428, 3.020000000000000018, -1.321111070178176083 ) ) ;
#771 = EDGE_CURVE ( 'NONE', #6947, #4685, #1809, .T. ) ;
#772 = CARTESIAN_POINT ( 'NONE',  ( -0.4321701329309213802, 3.000000000000003553, -2.062787849101243243 ) ) ;
#773 = DIRECTION ( 'NONE',  ( 0.0000000000000000000, -0.0000000000000000000, 1.000000000000000000 ) ) ;
#774 = CARTESIAN_POINT ( 'NONE',  ( -1.864643928795388428, 3.000000000000002220, -0.9109572817329495420 ) ) ;
#775 = EDGE_CURVE ( 'NONE', #2377, #2463, #6176, .T. ) ;
#776 = ADVANCED_FACE ( 'NONE', ( #6668 ), #3445, .T. ) ;
#777 = DIRECTION ( 'NONE',  ( -0.0000000000000000000, -0.0000000000000000000, -1.000000000000000000 ) ) ;
#778 = FACE_OUTER_BOUND ( 'NONE', #6952, .T. ) ;
#779 = FACE_OUTER_BOUND ( 'NONE', #2241, .T. ) ;
#780 = VERTEX_POINT ( 'NONE', #747 ) ;
#781 = CARTESIAN_POINT ( 'NONE',  ( -54.37906976069123033, 0.0000000000000000000, -19.21036380780025254 ) ) ;
#782 = CARTESIAN_POINT ( 'NONE',  ( -1.678696004426587951, 3.000000000000001332, -1.479966713092396136 ) ) ;
#783 = CARTESIAN_POINT ( 'NONE',  ( -1.718935763698464347, 3.000000000000000444, -1.610104445450003974 ) ) ;
#784 = CARTESIAN_POINT ( 'NONE',  ( -3.099999999999999645, 3.000000000000000000, 3.399999999999999911 ) ) ;
#785 = SURFACE_STYLE_USAGE ( .BOTH. , #3977 ) ;
#786 = SURFACE_STYLE_USAGE ( .BOTH. , #3409 ) ;
#787 = VERTEX_POINT ( 'NONE', #2453 ) ;
#788 = CARTESIAN_POINT ( 'NONE',  ( -0.1559748108900966823, 2.999999999999999112, -1.282589565623013961 ) ) ;
#789 = CARTESIAN_POINT ( 'NONE',  ( -1.698328120919500694, 3.020000000000000018, -0.9670024162672201662 ) ) ;
#790 = DIRECTION ( 'NONE',  ( -0.0000000000000000000, -1.000000000000000000, -0.0000000000000000000 ) ) ;
#791 = CARTESIAN_POINT ( 'NONE',  ( -0.1054215600619964610, 2.999999999999999556, -1.442365052313585361 ) ) ;
#792 = CARTESIAN_POINT ( 'NONE',  ( 0.8250936682870266825, 3.020000000000000018, -0.9325657322068328092 ) ) ;
#793 = ORIENTED_EDGE ( 'NONE', *, *, #2025, .F. ) ;
#794 = CARTESIAN_POINT ( 'NONE',  ( -1.826081205314979528, 2.999999999999999556, -0.7637833990548450469 ) ) ;
#795 = ORIENTED_EDGE ( 'NONE', *, *, #2486, .F. ) ;
#796 = CARTESIAN_POINT ( 'NONE',  ( 0.3593229839756680311, 3.020000000000000462, -0.8100630109221991226 ) ) ;
#797 = DIRECTION ( 'NONE',  ( -0.0000000000000000000, -1.000000000000000000, -0.0000000000000000000 ) ) ;
#798 = EDGE_CURVE ( 'NONE', #4151, #80, #2924, .T. ) ;
#799 = CARTESIAN_POINT ( 'NONE',  ( -0.2748091917595948397, 3.020000000000000462, -1.389287256132888171 ) ) ;
#800 = PLANE ( 'NONE',  #3523 ) ;
#801 = CARTESIAN_POINT ( 'NONE',  ( -0.3552753784723763353, 2.999999999999999556, -0.9113514499095941579 ) ) ;
#802 = CARTESIAN_POINT ( 'NONE',  ( -0.03155855312498864751, 3.020000000000000462, -1.751069074099343537 ) ) ;
#803 = EDGE_CURVE ( 'NONE', #214, #6159, #1847, .T. ) ;
#804 = ORIENTED_EDGE ( 'NONE', *, *, #5187, .T. ) ;
#805 = CARTESIAN_POINT ( 'NONE',  ( -1.637697129099231041, 3.000000000000001332, -1.282589565623014183 ) ) ;
#806 = CARTESIAN_POINT ( 'NONE',  ( -0.6683843836296341490, 3.000000000000001776, -1.954890135931790063 ) ) ;
#807 = VECTOR ( 'NONE', #4623, 1000.000000000000000 ) ;
#808 = CARTESIAN_POINT ( 'NONE',  ( -2.265369146728909211, 3.020000000000000462, -1.086198636167389653 ) ) ;
#809 =( GEOMETRIC_REPRESENTATION_CONTEXT ( 3 ) GLOBAL_UNCERTAINTY_ASSIGNED_CONTEXT ( ( #3513 ) ) GLOBAL_UNIT_ASSIGNED_CONTEXT ( ( #3326, #5492, #2185 ) ) REPRESENTATION_CONTEXT ( 'NONE', 'WORKASPACE' ) );
#810 = CARTESIAN_POINT ( 'NONE',  ( -1.686984323928594875, 3.020000000000001350, -1.663721632383341698 ) ) ;
#811 = PRODUCT_DEFINITION_SHAPE ( 'NONE', 'NONE',  #7086 ) ;
#812 = UNCERTAINTY_MEASURE_WITH_UNIT (LENGTH_MEASURE( 1.000000000000000082E-05 ), #6751, 'distance_accuracy_value', 'NONE');
#813 = EDGE_CURVE ( 'NONE', #5807, #1044, #6211, .T. ) ;
#814 = PRESENTATION_STYLE_ASSIGNMENT (( #5714 ) ) ;
#815 = STYLED_ITEM ( 'NONE', ( #3473 ), #5759 ) ;
#816 = EDGE_LOOP ( 'NONE', ( #39, #6024, #6647, #4109, #4667, #6250, #3797, #3446 ) ) ;
#817 = CARTESIAN_POINT ( 'NONE',  ( -0.3962982704034199166, 3.000000000000000000, -2.063407973673387463 ) ) ;
#818 = CARTESIAN_POINT ( 'NONE',  ( -0.1337977100993564816, 3.000000000000001776, -1.114844987330205983 ) ) ;
#819 = FACE_OUTER_BOUND ( 'NONE', #6680, .T. ) ;
#820 =( GEOMETRIC_REPRESENTATION_CONTEXT ( 3 ) GLOBAL_UNCERTAINTY_ASSIGNED_CONTEXT ( ( #3154 ) ) GLOBAL_UNIT_ASSIGNED_CONTEXT ( ( #3583, #4769, #445 ) ) REPRESENTATION_CONTEXT ( 'NONE', 'WORKASPACE' ) );
#821 = CARTESIAN_POINT ( 'NONE',  ( -0.7094564748736669202, 3.020000000000000462, -1.902743854191271122 ) ) ;
#822 = PLANE ( 'NONE',  #3468 ) ;
#823 = DIRECTION ( 'NONE',  ( -0.0000000000000000000, 1.000000000000000000, -0.0000000000000000000 ) ) ;
#824 = ORIENTED_EDGE ( 'NONE', *, *, #1944, .T. ) ;
#825 = MECHANICAL_DESIGN_GEOMETRIC_PRESENTATION_REPRESENTATION (  '', ( #6752 ), #6882 ) ;
#826 = CARTESIAN_POINT ( 'NONE',  ( -1.664332249682355380, 3.020000000000000462, -1.003235697412466543 ) ) ;
#827 = LINE ( 'NONE', #1890, #2718 ) ;
#828 = PLANE ( 'NONE',  #1591 ) ;
#829 = CARTESIAN_POINT ( 'NONE',  ( -55.74906976069122777, 0.2000000000000000111, -16.03036380780025283 ) ) ;
#830 = LINE ( 'NONE', #3003, #2435 ) ;
#831 = ORIENTED_EDGE ( 'NONE', *, *, #5910, .F. ) ;
#832 = CARTESIAN_POINT ( 'NONE',  ( 1.253146782436332041, 3.000000000000000000, -0.7792486312254709446 ) ) ;
#833 = EDGE_LOOP ( 'NONE', ( #2582, #5369, #2768, #5776 ) ) ;
#834 = CARTESIAN_POINT ( 'NONE',  ( -1.756531509968729310, 3.020000000000000018, -1.389287256132887949 ) ) ;
#835 = LINE ( 'NONE', #2977, #5358 ) ;
#836 = CARTESIAN_POINT ( 'NONE',  ( -0.2536472057960069693, 3.020000000000000018, -1.379807217455032209 ) ) ;
#837 =( NAMED_UNIT ( * ) PLANE_ANGLE_UNIT ( ) SI_UNIT ( $, .RADIAN. ) );
#838 = ORIENTED_EDGE ( 'NONE', *, *, #6125, .T. ) ;
#839 = FILL_AREA_STYLE ('',( #5746 ) ) ;
#840 = CARTESIAN_POINT ( 'NONE',  ( -1.677370691355067445, 3.020000000000000018, -1.731563912824466867 ) ) ;
#841 = CARTESIAN_POINT ( 'NONE',  ( -1.828318792775404322, 3.020000000000000462, -2.061796266670198108 ) ) ;
#842 = CARTESIAN_POINT ( 'NONE',  ( -1.523125921494410617, 3.000000000000000888, -1.820725840425060582 ) ) ;
#843 = AXIS2_PLACEMENT_3D ( 'NONE', #5290, #4301, #3238 ) ;
#844 = CARTESIAN_POINT ( 'NONE',  ( 0.7984349951365734555, 3.019999999999999574, -1.040026712436762146 ) ) ;
#845 = VERTEX_POINT ( 'NONE', #2417 ) ;
#846 = PLANE ( 'NONE',  #3359 ) ;
#847 = FACE_OUTER_BOUND ( 'NONE', #5728, .T. ) ;
#848 = CARTESIAN_POINT ( 'NONE',  ( -1.757269906701359075, 3.000000000000000444, -1.578444247848852289 ) ) ;
#849 = ADVANCED_FACE ( 'NONE', ( #4603 ), #4056, .F. ) ;
#850 = VECTOR ( 'NONE', #297, 1000.000000000000000 ) ;
#851 = B_SPLINE_SURFACE_WITH_KNOTS ( 'NONE', 3, 1, ( 
 ( #1114, #2983 ),
 ( #236, #4586 ),
 ( #875, #5239 ),
 ( #1939, #4543 ),
 ( #5203, #727 ),
 ( #2945, #5671 ),
 ( #6728, #805 ),
 ( #4628, #5707 ),
 ( #770, #5087 ),
 ( #6158, #1295 ),
 ( #4110, #3506 ),
 ( #199, #1907 ),
 ( #5165, #3999 ),
 ( #3961, #6194 ),
 ( #3053, #2357 ),
 ( #5124, #6688 ),
 ( #2474, #2401 ),
 ( #6769, #6235 ),
 ( #1259, #1869 ) ),
 .UNSPECIFIED., .F., .F., .F.,
 ( 4, 1, 1, 1, 1, 1, 1, 1, 1, 1, 1, 1, 1, 1, 1, 1, 4 ),
 ( 2, 2 ),
 ( 0.0000000000000000000, 0.06705099218804688732, 0.1311799203918659340, 0.1937216912651207323, 0.2544994837594227177, 0.3147627139698848664, 0.3751170680683991732, 0.4360228218750034079, 0.4982967466743267737, 0.5605706714736498064, 0.6216191234624545148, 0.6819734775609680444, 0.7428529083782503539, 0.8042715696802852365, 0.8674725557694041855, 0.9322728234051279594, 1.000000000000000000 ),
 ( 0.0000000000000000000, 1.000000000000000000 ),
 .UNSPECIFIED. ) ;
#852 = CARTESIAN_POINT ( 'NONE',  ( -2.041980688865258742, 3.020000000000000462, -1.838138938650643039 ) ) ;
#853 = CARTESIAN_POINT ( 'NONE',  ( 0.7984349951365734555, 3.019999999999999574, -1.040026712436762146 ) ) ;
#854 = CARTESIAN_POINT ( 'NONE',  ( 0.03465372377756255340, 3.020000000000000018, -1.175755038520549300 ) ) ;
#855 = ORIENTED_EDGE ( 'NONE', *, *, #3187, .T. ) ;
#856 = STYLED_ITEM ( 'NONE', ( #308 ), #1218 ) ;
#857 = MECHANICAL_DESIGN_GEOMETRIC_PRESENTATION_REPRESENTATION (  '', ( #6790 ), #2906 ) ;
#858 = DIRECTION ( 'NONE',  ( 1.000000000000000000, 0.0000000000000000000, -0.0000000000000000000 ) ) ;
#859 = SURFACE_STYLE_FILL_AREA ( #6290 ) ;
#860 = PLANE ( 'NONE',  #1897 ) ;
#861 = ADVANCED_FACE ( 'NONE', ( #430 ), #4716, .T. ) ;
#862 = SURFACE_SIDE_STYLE ('',( #5769 ) ) ;
#863 = EDGE_CURVE ( 'NONE', #2613, #3632, #6060, .T. ) ;
#864 = VERTEX_POINT ( 'NONE', #5218 ) ;
#865 = CARTESIAN_POINT ( 'NONE',  ( -1.958795034431594084, 3.020000000000000018, -1.388401139822559527 ) ) ;
#866 = ORIENTED_EDGE ( 'NONE', *, *, #244, .F. ) ;
#867 = CARTESIAN_POINT ( 'NONE',  ( -1.872625481476457798, 3.020000000000000462, -0.9110797281047692264 ) ) ;
#868 = ORIENTED_EDGE ( 'NONE', *, *, #2645, .F. ) ;
#869 = CARTESIAN_POINT ( 'NONE',  ( -0.5670493811853304367, 3.020000000000000462, -0.9964751504194179210 ) ) ;
#870 =( GEOMETRIC_REPRESENTATION_CONTEXT ( 3 ) GLOBAL_UNCERTAINTY_ASSIGNED_CONTEXT ( ( #3932 ) ) GLOBAL_UNIT_ASSIGNED_CONTEXT ( ( #2539, #6913, #7010 ) ) REPRESENTATION_CONTEXT ( 'NONE', 'WORKASPACE' ) );
#871 = LINE ( 'NONE', #2501, #6465 ) ;
#872 = DIRECTION ( 'NONE',  ( 0.0000000000000000000, -3.730475583511136925E-13, 1.000000000000000000 ) ) ;
#873 = LINE ( 'NONE', #4209, #5034 ) ;
#874 = VERTEX_POINT ( 'NONE', #591 ) ;
#875 = CARTESIAN_POINT ( 'NONE',  ( -1.612086657879786999, 3.019999999999999574, -1.192037697719342537 ) ) ;
#876 = CARTESIAN_POINT ( 'NONE',  ( -1.732075564480170637, 3.000000000000000444, -1.863214182657017659 ) ) ;
#877 = VECTOR ( 'NONE', #2204, 1000.000000000000000 ) ;
#878 = LINE ( 'NONE', #2078, #5831 ) ;
#879 =( NAMED_UNIT ( * ) SI_UNIT ( $, .STERADIAN. ) SOLID_ANGLE_UNIT ( ) );
#880 = SURFACE_STYLE_USAGE ( .BOTH. , #3591 ) ;
#881 = CARTESIAN_POINT ( 'NONE',  ( 1.253146782436332041, 3.020000000000000018, -2.063407973673387463 ) ) ;
#882 = VERTEX_POINT ( 'NONE', #535 ) ;
#883 = CARTESIAN_POINT ( 'NONE',  ( -55.74906976069122777, 2.560000000000000053, -19.91036380780025539 ) ) ;
#884 = CARTESIAN_POINT ( 'NONE',  ( -1.510875955362311229, 3.000000000000000888, -1.373102610874841423 ) ) ;
#885 = CARTESIAN_POINT ( 'NONE',  ( -1.463188395194005897, 3.020000000000000462, -1.046471747391922280 ) ) ;
#886 = CARTESIAN_POINT ( 'NONE',  ( -3.099999999999999645, 0.0000000000000000000, 2.899999999999999911 ) ) ;
#887 = CARTESIAN_POINT ( 'NONE',  ( 0.8215869112903896321, 2.999999999999999556, -1.144852744718732218 ) ) ;
#888 = EDGE_CURVE ( 'NONE', #2465, #27, #7070, .T. ) ;
#889 = EDGE_LOOP ( 'NONE', ( #3365, #1964, #5490, #3670 ) ) ;
#890 = CARTESIAN_POINT ( 'NONE',  ( -1.937362318168113884, 3.020000000000000462, -1.536086600314615191 ) ) ;
#891 = CARTESIAN_POINT ( 'NONE',  ( -1.941816966202114303, 3.020000000000000018, -1.536573371643473296 ) ) ;
#892 = CARTESIAN_POINT ( 'NONE',  ( -0.6215066947362412053, 3.000000000000000000, -1.131555125425880215 ) ) ;
#893 = FILL_AREA_STYLE_COLOUR ( '', #1146 ) ;
#894 = ORIENTED_EDGE ( 'NONE', *, *, #5029, .T. ) ;
#895 = EDGE_CURVE ( 'NONE', #1968, #4840, #281, .T. ) ;
#896 = ORIENTED_EDGE ( 'NONE', *, *, #7018, .F. ) ;
#897 = LINE ( 'NONE', #2464, #6448 ) ;
#898 = VERTEX_POINT ( 'NONE', #497 ) ;
#899 = CARTESIAN_POINT ( 'NONE',  ( -0.1969736862174531755, 3.019999999999999574, -1.479966713092396358 ) ) ;
#900 = ADVANCED_FACE ( 'NONE', ( #2701 ), #3191, .T. ) ;
#901 = EDGE_CURVE ( 'NONE', #1246, #3308, #4257, .T. ) ;
#902 = VECTOR ( 'NONE', #2685, 1000.000000000000000 ) ;
#903 = PRESENTATION_STYLE_ASSIGNMENT (( #4832 ) ) ;
#904 = SURFACE_STYLE_USAGE ( .BOTH. , #5816 ) ;
#905 = EDGE_LOOP ( 'NONE', ( #3584, #4384, #557, #1397 ) ) ;
#906 = CARTESIAN_POINT ( 'NONE',  ( 0.5206112203400161675, 3.019999999999999574, -0.9187407103010203357 ) ) ;
#907 = PRESENTATION_LAYER_ASSIGNMENT (  '', '', ( #4792 ) ) ;
#908 = CARTESIAN_POINT ( 'NONE',  ( -1.794656513820714894, 3.000000000000000888, -1.902367855215597148 ) ) ;
#909 = B_SPLINE_SURFACE_WITH_KNOTS ( 'NONE', 3, 1, ( 
 ( #4651, #3878 ),
 ( #1704, #1597 ),
 ( #2783, #6033 ),
 ( #6499, #4859 ),
 ( #3778, #7008 ),
 ( #3338, #6074 ),
 ( #1028, #6572 ),
 ( #4410, #3309 ),
 ( #1098, #5509 ),
 ( #4964, #2200 ),
 ( #5974, #4375 ),
 ( #476, #1134 ),
 ( #4270, #5398 ),
 ( #5472, #3204 ),
 ( #1060, #1634 ) ),
 .UNSPECIFIED., .F., .F., .F.,
 ( 4, 1, 1, 1, 1, 1, 1, 1, 1, 1, 1, 1, 4 ),
 ( 2, 2 ),
 ( 0.0000000000000000000, 0.1277971582348367829, 0.2467952527166551724, 0.3622843155839157170, 0.4776524647273049373, 0.5362368417287132205, 0.5955904355162854324, 0.6563437591396387161, 0.7190851405078755310, 0.7843491651281224719, 0.8528755346365586298, 0.9245512555167009205, 1.000000000000000000 ),
 ( 0.0000000000000000000, 1.000000000000000000 ),
 .UNSPECIFIED. ) ;
#910 = CARTESIAN_POINT ( 'NONE',  ( 1.434246176884115043, 3.020000000000000018, -2.063407973673387463 ) ) ;
#911 = STYLED_ITEM ( 'NONE', ( #3389 ), #5315 ) ;
#912 = CARTESIAN_POINT ( 'NONE',  ( -0.2373652905934181823, 3.020000000000000018, -1.849998970191792047 ) ) ;
#913 = VECTOR ( 'NONE', #1124, 1000.000000000000000 ) ;
#914 = CARTESIAN_POINT ( 'NONE',  ( -0.1391808996543904553, 3.019999999999999574, -1.090317141010583191 ) ) ;
#915 = CARTESIAN_POINT ( 'NONE',  ( -0.5539398078413312332, 3.000000000000001776, -0.9796307649470455958 ) ) ;
#916 = VERTEX_POINT ( 'NONE', #3729 ) ;
#917 = AXIS2_PLACEMENT_3D ( 'NONE', #7013, #999, #513 ) ;
#918 =( LENGTH_UNIT ( ) NAMED_UNIT ( * ) SI_UNIT ( .MILLI., .METRE. ) );
#919 = CARTESIAN_POINT ( 'NONE',  ( 0.03484176524215466808, 3.020000000000000018, -1.165628305175144597 ) ) ;
#920 = LINE ( 'NONE', #953, #5470 ) ;
#921 = CARTESIAN_POINT ( 'NONE',  ( 3.599999999999999645, 3.000000000000000000, -3.400000000000000355 ) ) ;
#922 = MECHANICAL_DESIGN_GEOMETRIC_PRESENTATION_REPRESENTATION (  '', ( #239 ), #477 ) ;
#923 = CARTESIAN_POINT ( 'NONE',  ( -2.029584464736951421, 3.020000000000000462, -1.852899892034636231 ) ) ;
#924 = CARTESIAN_POINT ( 'NONE',  ( 0.6836105456355726639, 3.020000000000000018, -0.9307340737128901864 ) ) ;
#925 = B_SPLINE_CURVE_WITH_KNOTS ( 'NONE', 3,
 ( #4205, #6414, #1503, #3680, #1534, #5879, #2071, #1565, #4239, #3709, #3172 ),
 .UNSPECIFIED., .F., .F.,
 ( 4, 1, 1, 1, 1, 1, 1, 1, 4 ),
 ( 0.0000000000000000000, 0.1219512022493429854, 0.2407868053279231813, 0.3585498723707452595, 0.4790658414002762489, 0.6015185447735338364, 0.7275505189308981713, 0.8599320866628441529, 1.000000000000000000 ),
 .UNSPECIFIED. ) ;
#926 = EDGE_CURVE ( 'NONE', #6149, #787, #6023, .T. ) ;
#927 = EDGE_LOOP ( 'NONE', ( #4802, #5908, #2358, #5852 ) ) ;
#928 = CARTESIAN_POINT ( 'NONE',  ( -1.937362318168113884, 3.000000000000000444, -1.536086600314615191 ) ) ;
#929 = DIRECTION ( 'NONE',  ( -0.0000000000000000000, -1.000000000000000000, -0.0000000000000000000 ) ) ;
#930 = FILL_AREA_STYLE_COLOUR ( '', #4559 ) ;
#931 = PRESENTATION_STYLE_ASSIGNMENT (( #5225 ) ) ;
#932 = ORIENTED_EDGE ( 'NONE', *, *, #3546, .T. ) ;
#933 =( LENGTH_UNIT ( ) NAMED_UNIT ( * ) SI_UNIT ( .MILLI., .METRE. ) );
#934 = ORIENTED_EDGE ( 'NONE', *, *, #5615, .T. ) ;
#935 = LINE ( 'NONE', #372, #399 ) ;
#936 = ORIENTED_EDGE ( 'NONE', *, *, #5122, .F. ) ;
#937 = FACE_OUTER_BOUND ( 'NONE', #5946, .T. ) ;
#938 = CARTESIAN_POINT ( 'NONE',  ( -55.74906976069122777, 2.360000000000000320, -15.33036380780025354 ) ) ;
#939 = LINE ( 'NONE', #3544, #1821 ) ;
#940 = EDGE_CURVE ( 'NONE', #4577, #1895, #6063, .T. ) ;
#941 = CARTESIAN_POINT ( 'NONE',  ( -55.74906976069122777, 0.2000000000000000111, -16.03036380780025283 ) ) ;
#942 = VERTEX_POINT ( 'NONE', #5926 ) ;
#943 = SURFACE_STYLE_USAGE ( .BOTH. , #1540 ) ;
#944 = CARTESIAN_POINT ( 'NONE',  ( -1.684764710994294035, 2.999999999999999112, -1.787291463098427791 ) ) ;
#945 = CARTESIAN_POINT ( 'NONE',  ( 0.6648213983608911581, 3.000000000000000000, -0.7857649539633058122 ) ) ;
#946 = LINE ( 'NONE', #2616, #2859 ) ;
#947 = EDGE_CURVE ( 'NONE', #2907, #1863, #1120, .T. ) ;
#948 =( LENGTH_UNIT ( ) NAMED_UNIT ( * ) SI_UNIT ( .MILLI., .METRE. ) );
#949 = DIRECTION ( 'NONE',  ( -0.0000000000000000000, -1.000000000000000000, -0.0000000000000000000 ) ) ;
#950 = VERTEX_POINT ( 'NONE', #5497 ) ;
#951 = FACE_OUTER_BOUND ( 'NONE', #2739, .T. ) ;
#952 = CARTESIAN_POINT ( 'NONE',  ( -0.2147743888557331060, 3.000000000000000000, -1.354462825955624838 ) ) ;
#953 = CARTESIAN_POINT ( 'NONE',  ( 2.240961661242421687, 3.020000000000000018, -2.063407973673387463 ) ) ;
#954 = LINE ( 'NONE', #3727, #6980 ) ;
#955 = CARTESIAN_POINT ( 'NONE',  ( 3.400000000000000799, 2.160000000000000142, 1.589999999999999414 ) ) ;
#956 = CARTESIAN_POINT ( 'NONE',  ( 0.8238318979750564042, 3.020000000000000018, -1.169963128733397584 ) ) ;
#957 = CARTESIAN_POINT ( 'NONE',  ( -0.01390465344548528701, 3.020000000000000906, -1.351925302067296331 ) ) ;
#958 = ORIENTED_EDGE ( 'NONE', *, *, #6936, .F. ) ;
#959 = CARTESIAN_POINT ( 'NONE',  ( -54.37906976069123743, 0.0000000000000000000, -16.03036380780025283 ) ) ;
#960 = PRESENTATION_LAYER_ASSIGNMENT (  '', '', ( #5298 ) ) ;
#961 = PRESENTATION_STYLE_ASSIGNMENT (( #4720 ) ) ;
#962 = FACE_OUTER_BOUND ( 'NONE', #3347, .T. ) ;
#963 = CARTESIAN_POINT ( 'NONE',  ( -2.090810965644795960, 3.020000000000000462, -1.084993003504291398 ) ) ;
#964 = EDGE_LOOP ( 'NONE', ( #1641, #6470, #6262, #4336, #3493, #6536, #2286, #4065, #5432, #4133, #4169, #598, #2032, #2037, #6354, #1050, #2488 ) ) ;
#965 = PRESENTATION_LAYER_ASSIGNMENT (  '', '', ( #856 ) ) ;
#966 = STYLED_ITEM ( 'NONE', ( #6784 ), #56 ) ;
#967 =( NAMED_UNIT ( * ) PLANE_ANGLE_UNIT ( ) SI_UNIT ( $, .RADIAN. ) );
#968 = ORIENTED_EDGE ( 'NONE', *, *, #6133, .T. ) ;
#969 = CARTESIAN_POINT ( 'NONE',  ( -2.082180292724367554, 3.019999999999999130, -1.059539937681451605 ) ) ;
#970 = CARTESIAN_POINT ( 'NONE',  ( -0.2061953549248518314, 3.020000000000000018, -1.482295002000742601 ) ) ;
#971 =( NAMED_UNIT ( * ) PLANE_ANGLE_UNIT ( ) SI_UNIT ( $, .RADIAN. ) );
#972 = DIRECTION ( 'NONE',  ( 0.0000000000000000000, 1.000000000000000000, 0.0000000000000000000 ) ) ;
#973 = STYLED_ITEM ( 'NONE', ( #1441 ), #1763 ) ;
#974 =( NAMED_UNIT ( * ) PLANE_ANGLE_UNIT ( ) SI_UNIT ( $, .RADIAN. ) );
#975 = CARTESIAN_POINT ( 'NONE',  ( 0.2324518338096122072, 3.020000000000000018, -1.123436598778318807 ) ) ;
#976 =( NAMED_UNIT ( * ) SI_UNIT ( $, .STERADIAN. ) SOLID_ANGLE_UNIT ( ) );
#977 = VECTOR ( 'NONE', #1930, 1000.000000000000000 ) ;
#978 = EDGE_LOOP ( 'NONE', ( #2473, #5002, #62, #5565 ) ) ;
#979 = FACE_OUTER_BOUND ( 'NONE', #2075, .T. ) ;
#980 = EDGE_CURVE ( 'NONE', #1753, #1974, #2773, .T. ) ;
#981 = CARTESIAN_POINT ( 'NONE',  ( -0.3941695845878935289, 3.020000000000000462, -1.405268571614175066 ) ) ;
#982 = ORIENTED_EDGE ( 'NONE', *, *, #5789, .T. ) ;
#983 = CARTESIAN_POINT ( 'NONE',  ( -0.1299869473198594916, 3.020000000000000462, -1.175412358679482461 ) ) ;
#984 = CARTESIAN_POINT ( 'NONE',  ( -0.1334668098916292900, 3.000000000000000444, -1.216440128398399656 ) ) ;
#985 = CARTESIAN_POINT ( 'NONE',  ( -1.538750309973737407, 3.019999999999997797, -0.9092310487208882241 ) ) ;
#986 = EDGE_CURVE ( 'NONE', #279, #4685, #6592, .T. ) ;
#987 = ADVANCED_FACE ( 'NONE', ( #626 ), #2809, .T. ) ;
#988 = CARTESIAN_POINT ( 'NONE',  ( 0.8215869112903896321, 3.000000000000000444, -1.144852744718732218 ) ) ;
#989 = CARTESIAN_POINT ( 'NONE',  ( -3.599999999999999645, 2.151261177893192933, 2.290000000000000036 ) ) ;
#990 = FACE_OUTER_BOUND ( 'NONE', #4659, .T. ) ;
#991 = CARTESIAN_POINT ( 'NONE',  ( -1.952559891934862124, 3.000000000000003997, -0.9242756092754117470 ) ) ;
#992 = SURFACE_STYLE_FILL_AREA ( #5326 ) ;
#993 = ORIENTED_EDGE ( 'NONE', *, *, #1128, .T. ) ;
#994 = CARTESIAN_POINT ( 'NONE',  ( -1.035291020131108963, 3.020000000000000018, -0.7792486312254709446 ) ) ;
#995 = ORIENTED_EDGE ( 'NONE', *, *, #5585, .F. ) ;
#996 = DIRECTION ( 'NONE',  ( 0.0000000000000000000, 0.0000000000000000000, 1.000000000000000000 ) ) ;
#997 = FILL_AREA_STYLE ('',( #2574 ) ) ;
#998 = CARTESIAN_POINT ( 'NONE',  ( -1.826916514143133163, 3.000000000000001332, -1.405323339558132378 ) ) ;
#999 = DIRECTION ( 'NONE',  ( 1.000000000000000000, 0.0000000000000000000, -6.195440985631453345E-16 ) ) ;
#1000 =( LENGTH_UNIT ( ) NAMED_UNIT ( * ) SI_UNIT ( .MILLI., .METRE. ) );
#1001 = ADVANCED_FACE ( 'NONE', ( #3436 ), #4047, .T. ) ;
#1002 = ORIENTED_EDGE ( 'NONE', *, *, #2454, .T. ) ;
#1003 = AXIS2_PLACEMENT_3D ( 'NONE', #3672, #4678, #6870 ) ;
#1004 = CARTESIAN_POINT ( 'NONE',  ( -54.37906976069123033, 0.2000000000000000111, -19.21036380780025254 ) ) ;
#1005 = CARTESIAN_POINT ( 'NONE',  ( -0.2956348949958004790, 3.020000000000000018, -1.895353349385554331 ) ) ;
#1006 = EDGE_CURVE ( 'NONE', #1211, #6676, #5378, .T. ) ;
#1007 = UNCERTAINTY_MEASURE_WITH_UNIT (LENGTH_MEASURE( 1.000000000000000082E-05 ), #2246, 'distance_accuracy_value', 'NONE');
#1008 = CARTESIAN_POINT ( 'NONE',  ( -3.400000000000000355, 1.351261177893192666, -2.290000000000000036 ) ) ;
#1009 = CARTESIAN_POINT ( 'NONE',  ( -0.5793182957661777710, 3.000000000000000888, -1.015309225000133653 ) ) ;
#1010 = EDGE_LOOP ( 'NONE', ( #2837, #661, #2149, #5202 ) ) ;
#1011 = CARTESIAN_POINT ( 'NONE',  ( -0.03101256001158438080, 3.000000000000000000, -1.736966025442937545 ) ) ;
#1012 = AXIS2_PLACEMENT_3D ( 'NONE', #3922, #5594, #2282 ) ;
#1013 = FILL_AREA_STYLE ('',( #5922 ) ) ;
#1014 = STYLED_ITEM ( 'NONE', ( #7011 ), #4034 ) ;
#1015 = ADVANCED_FACE ( 'NONE', ( #779 ), #3968, .T. ) ;
#1016 = CARTESIAN_POINT ( 'NONE',  ( -1.884041130471864278, 2.999999999999999556, -0.7630389696933729260 ) ) ;
#1017 = DIRECTION ( 'NONE',  ( 0.0000000000000000000, 0.0000000000000000000, -1.000000000000000000 ) ) ;
#1018 = CARTESIAN_POINT ( 'NONE',  ( -1.630382857699015364, 3.000000000000002220, -0.8281084377046472600 ) ) ;
#1019 = CARTESIAN_POINT ( 'NONE',  ( -0.6639628787878609772, 3.000000000000001332, -0.8632252606038544052 ) ) ;
#1020 = CARTESIAN_POINT ( 'NONE',  ( -3.599999999999999645, 3.000000000000000000, 3.399999999999999911 ) ) ;
#1021 = FACE_OUTER_BOUND ( 'NONE', #6542, .T. ) ;
#1022 = COLOUR_RGB ( '',1.000000000000000000, 1.000000000000000000, 1.000000000000000000 ) ;
#1023 = CARTESIAN_POINT ( 'NONE',  ( 3.399999999999999911, 0.2000000000000000111, -1.590000000000000302 ) ) ;
#1024 = LINE ( 'NONE', #2781, #5649 ) ;
#1025 = EDGE_CURVE ( 'NONE', #11, #6750, #5033, .T. ) ;
#1026 = CARTESIAN_POINT ( 'NONE',  ( 0.9897294814213749570, 3.020000000000000018, -1.717672766091256298 ) ) ;
#1027 = VERTEX_POINT ( 'NONE', #6924 ) ;
#1028 = CARTESIAN_POINT ( 'NONE',  ( -0.5478621465278167291, 3.020000000000000018, -1.852899892034636009 ) ) ;
#1029 = AXIS2_PLACEMENT_3D ( 'NONE', #4465, #6049, #1759 ) ;
#1030 = CARTESIAN_POINT ( 'NONE',  ( -1.664332249682355380, 3.020000000000000462, -1.003235697412466543 ) ) ;
#1031 = FILL_AREA_STYLE ('',( #374 ) ) ;
#1032 = CARTESIAN_POINT ( 'NONE',  ( -0.6639628787878609772, 3.020000000000000018, -0.8632252606038544052 ) ) ;
#1033 =( NAMED_UNIT ( * ) SI_UNIT ( $, .STERADIAN. ) SOLID_ANGLE_UNIT ( ) );
#1034 = AXIS2_PLACEMENT_3D ( 'NONE', #829, #2307, #5734 ) ;
#1035 = PLANE ( 'NONE',  #2868 ) ;
#1036 = ORIENTED_EDGE ( 'NONE', *, *, #2113, .T. ) ;
#1037 = ORIENTED_EDGE ( 'NONE', *, *, #6556, .F. ) ;
#1038 = CARTESIAN_POINT ( 'NONE',  ( 0.4284692833524751387, 3.019999999999999574, -0.9876083456427207086 ) ) ;
#1039 = CARTESIAN_POINT ( 'NONE',  ( 2.059862266794638241, 3.020000000000000018, -0.7792486312254709446 ) ) ;
#1040 = CARTESIAN_POINT ( 'NONE',  ( -3.399999999999999911, 1.351261177893192666, -1.590000000000000302 ) ) ;
#1041 = SURFACE_SIDE_STYLE ('',( #5986 ) ) ;
#1042 = LINE ( 'NONE', #1008, #2671 ) ;
#1043 = CARTESIAN_POINT ( 'NONE',  ( -0.5897585796441395800, 3.000000000000000888, -1.036624395013399758 ) ) ;
#1044 = VERTEX_POINT ( 'NONE', #419 ) ;
#1045 = CARTESIAN_POINT ( 'NONE',  ( -0.4477701702628951730, 3.020000000000000018, -1.535226642933064101 ) ) ;
#1046 = CARTESIAN_POINT ( 'NONE',  ( -0.03239302601137346999, 2.999999999999997780, -0.9410349672355213801 ) ) ;
#1047 =( NAMED_UNIT ( * ) SI_UNIT ( $, .STERADIAN. ) SOLID_ANGLE_UNIT ( ) );
#1048 = CARTESIAN_POINT ( 'NONE',  ( -2.117590087129299192, 3.000000000000000444, -0.8396064748795863952 ) ) ;
#1049 = CARTESIAN_POINT ( 'NONE',  ( 2.059862266794638241, 3.020000000000000018, -2.063407973673387463 ) ) ;
#1050 = ORIENTED_EDGE ( 'NONE', *, *, #1320, .F. ) ;
#1051 = CARTESIAN_POINT ( 'NONE',  ( -1.741829563118048485, 3.019999999999999130, -0.7785085495972525749 ) ) ;
#1052 = CARTESIAN_POINT ( 'NONE',  ( -0.7501585648365134418, 3.019999999999999574, -0.9792504244827743287 ) ) ;
#1053 = CARTESIAN_POINT ( 'NONE',  ( 0.03391259658246126296, 3.020000000000000462, -1.124631477816143477 ) ) ;
#1054 = CARTESIAN_POINT ( 'NONE',  ( -2.251020641774190256, 3.000000000000000444, -1.746866167604332221 ) ) ;
#1055 = CARTESIAN_POINT ( 'NONE',  ( -2.006030402552109848, 3.000000000000002665, -0.9521007689923015604 ) ) ;
#1056 = DIRECTION ( 'NONE',  ( 1.000000000000000000, -0.0000000000000000000, -3.188829919075012374E-16 ) ) ;
#1057 = ORIENTED_EDGE ( 'NONE', *, *, #5839, .F. ) ;
#1058 = CARTESIAN_POINT ( 'NONE',  ( -0.6358677689201646110, 3.000000000000000888, -0.8396064748795865063 ) ) ;
#1059 = ORIENTED_EDGE ( 'NONE', *, *, #1182, .F. ) ;
#1060 = CARTESIAN_POINT ( 'NONE',  ( -0.6072379059818034941, 3.020000000000000018, -1.717672766091256298 ) ) ;
#1061 = COLOUR_RGB ( '',1.000000000000000000, 1.000000000000000000, 1.000000000000000000 ) ;
#1062 = FILL_AREA_STYLE ('',( #2676 ) ) ;
#1063 = EDGE_CURVE ( 'NONE', #4727, #1607, #4775, .T. ) ;
#1064 = CARTESIAN_POINT ( 'NONE',  ( -54.94906976069123061, 2.360000000000000320, -15.33036380780025354 ) ) ;
#1065 = CARTESIAN_POINT ( 'NONE',  ( -2.208055384847487534, 3.000000000000000444, -1.873243738275925052 ) ) ;
#1066 = CARTESIAN_POINT ( 'NONE',  ( -1.690689864480281468, 3.020000000000000018, -1.804228030044988440 ) ) ;
#1067 = AXIS2_PLACEMENT_3D ( 'NONE', #3065, #4674, #4127 ) ;
#1068 = CARTESIAN_POINT ( 'NONE',  ( -3.399999999999999467, 2.151261177893192933, 2.290000000000000036 ) ) ;
#1069 = ORIENTED_EDGE ( 'NONE', *, *, #383, .T. ) ;
#1070 =( LENGTH_UNIT ( ) NAMED_UNIT ( * ) SI_UNIT ( .MILLI., .METRE. ) );
#1071 = DIRECTION ( 'NONE',  ( 0.9950371902099890420, 0.0000000000000000000, -0.09950371902099917898 ) ) ;
#1072 = VECTOR ( 'NONE', #2031, 1000.000000000000000 ) ;
#1073 = PRESENTATION_LAYER_ASSIGNMENT (  '', '', ( #6790 ) ) ;
#1074 = PLANE ( 'NONE',  #3985 ) ;
#1075 = B_SPLINE_SURFACE_WITH_KNOTS ( 'NONE', 3, 1, ( 
 ( #1348, #2489 ),
 ( #890, #928 ),
 ( #3568, #4129 ),
 ( #2530, #6970 ),
 ( #1921, #394 ) ),
 .UNSPECIFIED., .F., .F., .F.,
 ( 4, 1, 4 ),
 ( 2, 2 ),
 ( 0.0000000000000000000, 0.5660412240200385359, 1.000000000000000000 ),
 ( 0.0000000000000000000, 1.000000000000000000 ),
 .UNSPECIFIED. ) ;
#1076 = AXIS2_PLACEMENT_3D ( 'NONE', #2148, #387, #6520 ) ;
#1077 = UNCERTAINTY_MEASURE_WITH_UNIT (LENGTH_MEASURE( 1.000000000000000082E-05 ), #6417, 'distance_accuracy_value', 'NONE');
#1078 = CARTESIAN_POINT ( 'NONE',  ( -54.37906976069123033, 0.0000000000000000000, -19.21036380780025254 ) ) ;
#1079 = CARTESIAN_POINT ( 'NONE',  ( -0.7692983235650552309, 3.000000000000000000, -1.746866167604331999 ) ) ;
#1080 = ORIENTED_EDGE ( 'NONE', *, *, #3721, .T. ) ;
#1081 = CARTESIAN_POINT ( 'NONE',  ( -55.74906976069122777, 2.360000000000000320, -19.91036380780025539 ) ) ;
#1082 = CARTESIAN_POINT ( 'NONE',  ( 0.01853392301512964135, 3.000000000000001332, -1.046471747391922502 ) ) ;
#1083 =( GEOMETRIC_REPRESENTATION_CONTEXT ( 3 ) GLOBAL_UNCERTAINTY_ASSIGNED_CONTEXT ( ( #3861 ) ) GLOBAL_UNIT_ASSIGNED_CONTEXT ( ( #478, #6441, #4136 ) ) REPRESENTATION_CONTEXT ( 'NONE', 'WORKASPACE' ) );
#1084 = CARTESIAN_POINT ( 'NONE',  ( -1.949427069284702441, 3.019999999999999130, -0.7687467679522782538 ) ) ;
#1085 =( LENGTH_UNIT ( ) NAMED_UNIT ( * ) SI_UNIT ( .MILLI., .METRE. ) );
#1086 = PRESENTATION_STYLE_ASSIGNMENT (( #3225 ) ) ;
#1087 = CARTESIAN_POINT ( 'NONE',  ( 0.4038788460397028102, 3.020000000000000462, -1.055270707185059997 ) ) ;
#1088 = ORIENTED_EDGE ( 'NONE', *, *, #6827, .T. ) ;
#1089 = CARTESIAN_POINT ( 'NONE',  ( 2.059862266794638241, 3.000000000000000000, -2.063407973673387463 ) ) ;
#1090 = CARTESIAN_POINT ( 'NONE',  ( -0.7836468285197749628, 3.020000000000001350, -1.086198636167389875 ) ) ;
#1091 = DIRECTION ( 'NONE',  ( -0.0000000000000000000, -1.000000000000000000, -0.0000000000000000000 ) ) ;
#1092 = CARTESIAN_POINT ( 'NONE',  ( -0.1957801903727988402, 3.019999999999999574, -1.723485027828418392 ) ) ;
#1093 = CARTESIAN_POINT ( 'NONE',  ( -1.932346953366005371, 3.019999999999998241, -0.9183093752987022684 ) ) ;
#1094 = CARTESIAN_POINT ( 'NONE',  ( -1.958795034431594084, 3.020000000000000018, -1.388401139822559527 ) ) ;
#1095 = EDGE_CURVE ( 'NONE', #438, #1753, #3692, .T. ) ;
#1096 = DIRECTION ( 'NONE',  ( -0.9950371902099891530, 0.0000000000000000000, -0.09950371902099786059 ) ) ;
#1097 = ORIENTED_EDGE ( 'NONE', *, *, #1724, .T. ) ;
#1098 = CARTESIAN_POINT ( 'NONE',  ( -0.5713460906425008590, 3.020000000000000018, -1.821838541363575592 ) ) ;
#1099 = CARTESIAN_POINT ( 'NONE',  ( -1.836997696681510917, 3.020000000000000018, -0.9113514499095943799 ) ) ;
#1100 = DIRECTION ( 'NONE',  ( 0.0000000000000000000, 0.0000000000000000000, 1.000000000000000000 ) ) ;
#1101 = DIRECTION ( 'NONE',  ( 1.000000000000000000, -0.0000000000000000000, -0.0000000000000000000 ) ) ;
#1102 = FACE_OUTER_BOUND ( 'NONE', #6124, .T. ) ;
#1103 = CARTESIAN_POINT ( 'NONE',  ( 3.399999999999999911, 2.149999999999999911, -2.290000000000000480 ) ) ;
#1104 = EDGE_CURVE ( 'NONE', #5042, #4460, #5793, .T. ) ;
#1105 = ORIENTED_EDGE ( 'NONE', *, *, #2051, .T. ) ;
#1106 = APPLICATION_PROTOCOL_DEFINITION ( 'draft international standard', 'automotive_design', 1998, #4503 ) ;
#1107 = CARTESIAN_POINT ( 'NONE',  ( 1.253146782436332041, 3.020000000000000018, -2.063407973673387463 ) ) ;
#1108 = ADVANCED_FACE ( 'NONE', ( #386 ), #6857, .F. ) ;
#1109 = ORIENTED_EDGE ( 'NONE', *, *, #3973, .F. ) ;
#1110 = CARTESIAN_POINT ( 'NONE',  ( -1.680380902298467927, 3.020000000000000906, -1.769562455291811220 ) ) ;
#1111 = CARTESIAN_POINT ( 'NONE',  ( -55.34906976069122919, 2.360000000000000320, -19.91036380780025539 ) ) ;
#1112 = CARTESIAN_POINT ( 'NONE',  ( -0.1675364326465846598, 3.020000000000000462, -1.996499328758881697 ) ) ;
#1113 = CARTESIAN_POINT ( 'NONE',  ( -1.199926833265457349, 3.020000000000000018, -0.7792486312254709446 ) ) ;
#1114 = CARTESIAN_POINT ( 'NONE',  ( -1.611516366101327868, 3.020000000000000018, -1.166914522465256621 ) ) ;
#1115 = AXIS2_PLACEMENT_3D ( 'NONE', #2126, #4440, #1736 ) ;
#1116 = ORIENTED_EDGE ( 'NONE', *, *, #1311, .T. ) ;
#1117 = PRESENTATION_STYLE_ASSIGNMENT (( #6996 ) ) ;
#1118 = CARTESIAN_POINT ( 'NONE',  ( -54.37906976069123743, 0.0000000000000000000, -16.03036380780025283 ) ) ;
#1119 = LINE ( 'NONE', #7032, #1476 ) ;
#1120 = LINE ( 'NONE', #4399, #3339 ) ;
#1121 = ORIENTED_EDGE ( 'NONE', *, *, #2765, .F. ) ;
#1122 = STYLED_ITEM ( 'NONE', ( #6766 ), #4730 ) ;
#1123 = CARTESIAN_POINT ( 'NONE',  ( -1.941816966202114081, 3.000000000000000000, -1.536573371643473296 ) ) ;
#1124 = DIRECTION ( 'NONE',  ( -0.0000000000000000000, -1.000000000000000000, -0.0000000000000000000 ) ) ;
#1125 = CARTESIAN_POINT ( 'NONE',  ( -0.1154764257551886553, 3.019999999999999130, -0.8518878056760208484 ) ) ;
#1126 = CARTESIAN_POINT ( 'NONE',  ( -2.251020641774190256, 3.020000000000000462, -1.746866167604332221 ) ) ;
#1127 = CARTESIAN_POINT ( 'NONE',  ( -1.733642748856993876, 3.000000000000000000, -2.039386842767528130 ) ) ;
#1128 = EDGE_CURVE ( 'NONE', #508, #4727, #4118, .T. ) ;
#1129 = DIRECTION ( 'NONE',  ( 0.0000000000000000000, -1.000000000000000000, 0.0000000000000000000 ) ) ;
#1130 = COLOUR_RGB ( '',1.000000000000000000, 1.000000000000000000, 1.000000000000000000 ) ;
#1131 = CARTESIAN_POINT ( 'NONE',  ( -2.171710420041897738, 3.019999999999999130, -1.929905493478005551 ) ) ;
#1132 = CARTESIAN_POINT ( 'NONE',  ( 0.03391259658246126296, 3.000000000000000444, -1.124631477816143477 ) ) ;
#1133 = ORIENTED_EDGE ( 'NONE', *, *, #2806, .F. ) ;
#1134 = CARTESIAN_POINT ( 'NONE',  ( -0.5971310307912647275, 3.000000000000000888, -1.763761206651437874 ) ) ;
#1135 = CARTESIAN_POINT ( 'NONE',  ( 1.434246176884115043, 3.000000000000000000, -1.536573371643473296 ) ) ;
#1136 = CARTESIAN_POINT ( 'NONE',  ( -0.04591302346992675448, 3.020000000000000018, -1.392978393604722420 ) ) ;
#1137 = LINE ( 'NONE', #574, #1332 ) ;
#1138 = MECHANICAL_DESIGN_GEOMETRIC_PRESENTATION_REPRESENTATION (  '', ( #2621 ), #575 ) ;
#1139 = CARTESIAN_POINT ( 'NONE',  ( -1.761321733180697402, 3.000000000000000888, -1.886070645818264335 ) ) ;
#1140 = DIRECTION ( 'NONE',  ( 0.0000000000000000000, -0.0000000000000000000, -1.000000000000000000 ) ) ;
#1141 = VECTOR ( 'NONE', #6198, 1000.000000000000000 ) ;
#1142 = ORIENTED_EDGE ( 'NONE', *, *, #144, .F. ) ;
#1143 = CARTESIAN_POINT ( 'NONE',  ( -1.777357213204935338, 3.019999999999998685, -1.895353349385553443 ) ) ;
#1144 = EDGE_CURVE ( 'NONE', #122, #3308, #2589, .T. ) ;
#1145 = LINE ( 'NONE', #5338, #1485 ) ;
#1146 = COLOUR_RGB ( '',1.000000000000000000, 1.000000000000000000, 1.000000000000000000 ) ;
#1147 = CARTESIAN_POINT ( 'NONE',  ( -0.3962982704034199166, 3.020000000000000018, -2.063407973673387463 ) ) ;
#1148 = CARTESIAN_POINT ( 'NONE',  ( -0.1956483731459326414, 3.020000000000000018, -1.731563912824466867 ) ) ;
#1149 = MECHANICAL_DESIGN_GEOMETRIC_PRESENTATION_REPRESENTATION (  '', ( #5621 ), #1960 ) ;
#1150 = ORIENTED_EDGE ( 'NONE', *, *, #5575, .T. ) ;
#1151 = CARTESIAN_POINT ( 'NONE',  ( 0.3970405541377209357, 3.020000000000000018, -1.207301745374776525 ) ) ;
#1152 = ORIENTED_EDGE ( 'NONE', *, *, #980, .F. ) ;
#1153 = ADVANCED_FACE ( 'NONE', ( #5244 ), #295, .T. ) ;
#1154 = CARTESIAN_POINT ( 'NONE',  ( -1.986644719492195010, 3.020000000000000462, -0.7761373993735662946 ) ) ;
#1155 = EDGE_CURVE ( 'NONE', #4382, #3210, #3788, .T. ) ;
#1156 = PRESENTATION_STYLE_ASSIGNMENT (( #6126 ) ) ;
#1157 = ORIENTED_EDGE ( 'NONE', *, *, #3541, .F. ) ;
#1158 = CARTESIAN_POINT ( 'NONE',  ( -1.447809721626673873, 3.019999999999999130, -1.124631477816143477 ) ) ;
#1159 = FACE_OUTER_BOUND ( 'NONE', #5680, .T. ) ;
#1160 = CARTESIAN_POINT ( 'NONE',  ( 3.100000000000001421, 3.000000000000000000, 3.399999999999999911 ) ) ;
#1161 = SURFACE_STYLE_USAGE ( .BOTH. , #3836 ) ;
#1162 = CARTESIAN_POINT ( 'NONE',  ( -1.861265235044257560, 3.020000000000000462, -2.062864638765018910 ) ) ;
#1163 = CARTESIAN_POINT ( 'NONE',  ( -2.088960224190938408, 3.000000000000000000, -1.717672766091256298 ) ) ;
#1164 = CARTESIAN_POINT ( 'NONE',  ( 0.5840565481200197251, 3.020000000000000018, -0.9109572817329495420 ) ) ;
#1165 = CARTESIAN_POINT ( 'NONE',  ( -0.01139931079585372424, 3.000000000000000888, -0.9744569369357216626 ) ) ;
#1166 = ORIENTED_EDGE ( 'NONE', *, *, #255, .T. ) ;
#1167 =( NAMED_UNIT ( * ) SI_UNIT ( $, .STERADIAN. ) SOLID_ANGLE_UNIT ( ) );
#1168 = PLANE ( 'NONE',  #4909 ) ;
#1169 = CARTESIAN_POINT ( 'NONE',  ( -2.100700902011110482, 2.999999999999999556, -1.997923291443938876 ) ) ;
#1170 = CARTESIAN_POINT ( 'NONE',  ( 3.099999999999999201, 0.0000000000000000000, -2.900000000000000355 ) ) ;
#1171 = FACE_OUTER_BOUND ( 'NONE', #6411, .T. ) ;
#1172 = ORIENTED_EDGE ( 'NONE', *, *, #5691, .F. ) ;
#1173 = PRESENTATION_LAYER_ASSIGNMENT (  '', '', ( #2778 ) ) ;
#1174 = ORIENTED_EDGE ( 'NONE', *, *, #3511, .T. ) ;
#1175 = ORIENTED_EDGE ( 'NONE', *, *, #2051, .F. ) ;
#1176 = CARTESIAN_POINT ( 'NONE',  ( 2.059862266794638241, 3.000000000000000000, -0.7792486312254709446 ) ) ;
#1177 = CARTESIAN_POINT ( 'NONE',  ( -1.513288406080768089, 3.000000000000000444, -1.723634456796558023 ) ) ;
#1178 = STYLED_ITEM ( 'NONE', ( #5251 ), #861 ) ;
#1179 = STYLED_ITEM ( 'NONE', ( #6175 ), #114 ) ;
#1180 = CARTESIAN_POINT ( 'NONE',  ( -0.3829216105862539021, 3.000000000000000000, -0.9109572817329495420 ) ) ;
#1181 = CARTESIAN_POINT ( 'NONE',  ( -55.34906976069122919, 1.560000000000000275, -19.21036380780025254 ) ) ;
#1182 = EDGE_CURVE ( 'NONE', #3606, #1186, #1042, .T. ) ;
#1183 = STYLED_ITEM ( 'NONE', ( #4514 ), #1015 ) ;
#1184 = EDGE_LOOP ( 'NONE', ( #1395, #5211, #108, #838 ) ) ;
#1185 = CARTESIAN_POINT ( 'NONE',  ( 0.2488153572419376791, 3.000000000000000000, -0.9585061441591171683 ) ) ;
#1186 = VERTEX_POINT ( 'NONE', #555 ) ;
#1187 = CARTESIAN_POINT ( 'NONE',  ( -1.677370691355067445, 2.999999999999999556, -1.731563912824466867 ) ) ;
#1188 = CARTESIAN_POINT ( 'NONE',  ( -2.117590087129299192, 3.020000000000000462, -0.8396064748795863952 ) ) ;
#1189 = EDGE_CURVE ( 'NONE', #3636, #4000, #2728, .T. ) ;
#1190 = FILL_AREA_STYLE ('',( #2365 ) ) ;
#1191 = VECTOR ( 'NONE', #5548, 1000.000000000000000 ) ;
#1192 = VERTEX_POINT ( 'NONE', #6053 ) ;
#1193 = ADVANCED_FACE ( 'NONE', ( #2652 ), #521, .T. ) ;
#1194 = EDGE_CURVE ( 'NONE', #2825, #729, #5659, .T. ) ;
#1195 = CARTESIAN_POINT ( 'NONE',  ( -1.450641017908707253, 3.000000000000001776, -1.224932125661505333 ) ) ;
#1196 = CARTESIAN_POINT ( 'NONE',  ( -1.910579855588545817, 3.019999999999999574, -0.7635388514647974967 ) ) ;
#1197 = AXIS2_PLACEMENT_3D ( 'NONE', #4637, #3024, #6320 ) ;
#1198 = CARTESIAN_POINT ( 'NONE',  ( -0.05529138793102883476, 3.000000000000000000, -1.622360429834539985 ) ) ;
#1199 = CARTESIAN_POINT ( 'NONE',  ( 0.7691454796976190389, 3.020000000000000018, -0.8580532452824732870 ) ) ;
#1200 = VERTEX_POINT ( 'NONE', #3459 ) ;
#1201 = CARTESIAN_POINT ( 'NONE',  ( -0.3205370087895423881, 3.020000000000000462, -1.402219522957758091 ) ) ;
#1202 = CARTESIAN_POINT ( 'NONE',  ( -1.855281850698480506, 3.020000000000000018, -0.9110907622462384170 ) ) ;
#1203 = CARTESIAN_POINT ( 'NONE',  ( 0.02622946444835236313, 3.000000000000000000, -1.252974633896040801 ) ) ;
#1204 = STYLED_ITEM ( 'NONE', ( #1117 ), #2724 ) ;
#1205 = CARTESIAN_POINT ( 'NONE',  ( -0.1297940478921935925, 3.020000000000000018, -1.166914522465256621 ) ) ;
#1206 = B_SPLINE_CURVE_WITH_KNOTS ( 'NONE', 3,
 ( #1358, #1399, #4653, #4104, #6302, #5777, #720, #869, #2899, #340, #2500, #4690, #6880, #6151, #1251, #5078, #3462, #6717, #191 ),
 .UNSPECIFIED., .F., .F.,
 ( 4, 1, 1, 1, 1, 1, 1, 1, 1, 1, 1, 1, 1, 1, 1, 1, 4 ),
 ( 0.0000000000000000000, 0.08256648184309033078, 0.1597600173463222251, 0.2331545001529422290, 0.3013562791316529710, 0.3657520143271565383, 0.4264371723179330442, 0.4841852540351040957, 0.5395491542935743068, 0.5931555898196895216, 0.6470483404201382571, 0.7014463748055871362, 0.7569996743770369685, 0.8138396236591044497, 0.8730579525107790007, 0.9349625940127606061, 0.9999999999999998890 ),
 .UNSPECIFIED. ) ;
#1207 = CARTESIAN_POINT ( 'NONE',  ( -1.035291020131108963, 3.020000000000000018, -0.7792486312254709446 ) ) ;
#1208 = CARTESIAN_POINT ( 'NONE',  ( 0.03484176524215466808, 2.999999999999999556, -1.165628305175144597 ) ) ;
#1209 = ORIENTED_EDGE ( 'NONE', *, *, #4233, .T. ) ;
#1210 = SHAPE_DEFINITION_REPRESENTATION ( #624, #5166 ) ;
#1211 = VERTEX_POINT ( 'NONE', #4616 ) ;
#1212 = DIRECTION ( 'NONE',  ( 1.000000000000000000, 0.0000000000000000000, 0.0000000000000000000 ) ) ;
#1213 = ORIENTED_EDGE ( 'NONE', *, *, #4994, .F. ) ;
#1214 = CARTESIAN_POINT ( 'NONE',  ( -1.690689864480281468, 3.020000000000000018, -1.804228030044988440 ) ) ;
#1215 = CARTESIAN_POINT ( 'NONE',  ( -2.021469541747220600, 2.999999999999999556, -0.9648386158327396656 ) ) ;
#1216 = SURFACE_SIDE_STYLE ('',( #1758 ) ) ;
#1217 = CARTESIAN_POINT ( 'NONE',  ( -0.2519204306478595723, 3.000000000000000444, -2.039386842767528574 ) ) ;
#1218 = ADVANCED_FACE ( 'NONE', ( #1820 ), #6261, .T. ) ;
#1219 =( NAMED_UNIT ( * ) PLANE_ANGLE_UNIT ( ) SI_UNIT ( $, .RADIAN. ) );
#1220 = EDGE_LOOP ( 'NONE', ( #5498, #1775, #6919, #201 ) ) ;
#1221 = CARTESIAN_POINT ( 'NONE',  ( -0.7642464824551392644, 3.000000000000000000, -1.771836712023810989 ) ) ;
#1222 = ORIENTED_EDGE ( 'NONE', *, *, #5851, .T. ) ;
#1223 = CARTESIAN_POINT ( 'NONE',  ( -0.7642464824551392644, 3.000000000000002665, -1.771836712023810989 ) ) ;
#1224 = CARTESIAN_POINT ( 'NONE',  ( -55.74906976069122777, 0.0000000000000000000, -19.21036380780025254 ) ) ;
#1225 = UNCERTAINTY_MEASURE_WITH_UNIT (LENGTH_MEASURE( 1.000000000000000082E-05 ), #2617, 'distance_accuracy_value', 'NONE');
#1226 = CARTESIAN_POINT ( 'NONE',  ( -1.878020588612554276, 3.020000000000000018, -2.063407973673387463 ) ) ;
#1227 = CARTESIAN_POINT ( 'NONE',  ( 0.3970405541377209357, 3.000000000000000000, -1.207301745374776525 ) ) ;
#1228 = ORIENTED_EDGE ( 'NONE', *, *, #471, .F. ) ;
#1229 = DIRECTION ( 'NONE',  ( 3.188829919075012374E-16, 0.0000000000000000000, 1.000000000000000000 ) ) ;
#1230 = CARTESIAN_POINT ( 'NONE',  ( -1.610303193252563769, 3.000000000000000888, -1.454894656635153494 ) ) ;
#1231 = CARTESIAN_POINT ( 'NONE',  ( -0.1299581765368014175, 3.000000000000000888, -1.157984966513125213 ) ) ;
#1232 = CARTESIAN_POINT ( 'NONE',  ( -3.399999999999999911, 2.151261177893192933, -1.590000000000000302 ) ) ;
#1233 = COLOUR_RGB ( '',1.000000000000000000, 1.000000000000000000, 1.000000000000000000 ) ;
#1234 = EDGE_CURVE ( 'NONE', #950, #2445, #187, .T. ) ;
#1235 = CARTESIAN_POINT ( 'NONE',  ( 0.4092917558352273666, 3.020000000000000018, -1.032843680903332340 ) ) ;
#1236 = CARTESIAN_POINT ( 'NONE',  ( 0.7989687984520181807, 3.020000000000000906, -0.8929262724843423094 ) ) ;
#1237 = VECTOR ( 'NONE', #3596, 1000.000000000000114 ) ;
#1238 = ORIENTED_EDGE ( 'NONE', *, *, #1283, .F. ) ;
#1239 = CARTESIAN_POINT ( 'NONE',  ( -0.3705739246011776622, 2.999999999999999556, -1.405893694968084029 ) ) ;
#1240 = CARTESIAN_POINT ( 'NONE',  ( -1.612002086069719731, 3.019999999999999574, -1.140488522024077689 ) ) ;
#1241 = CARTESIAN_POINT ( 'NONE',  ( 3.099999999999999201, 3.000000000000000000, -3.400000000000000355 ) ) ;
#1242 = CARTESIAN_POINT ( 'NONE',  ( -1.587143878271131570, 3.020000000000000462, -1.442365052313585805 ) ) ;
#1243 =( GEOMETRIC_REPRESENTATION_CONTEXT ( 3 ) GLOBAL_UNCERTAINTY_ASSIGNED_CONTEXT ( ( #735 ) ) GLOBAL_UNIT_ASSIGNED_CONTEXT ( ( #449, #2549, #3620 ) ) REPRESENTATION_CONTEXT ( 'NONE', 'WORKASPACE' ) );
#1244 = EDGE_CURVE ( 'NONE', #7019, #2761, #6225, .T. ) ;
#1245 = CARTESIAN_POINT ( 'NONE',  ( 0.03465372377756255340, 3.000000000000000000, -1.175755038520549300 ) ) ;
#1246 = VERTEX_POINT ( 'NONE', #832 ) ;
#1247 = CARTESIAN_POINT ( 'NONE',  ( -1.686984323928594875, 3.000000000000001776, -1.663721632383341698 ) ) ;
#1248 = AXIS2_PLACEMENT_3D ( 'NONE', #1170, #3344, #4453 ) ;
#1249 = ORIENTED_EDGE ( 'NONE', *, *, #1724, .F. ) ;
#1250 = CARTESIAN_POINT ( 'NONE',  ( 2.059862266794638241, 3.020000000000000018, -1.536573371643473296 ) ) ;
#1251 = CARTESIAN_POINT ( 'NONE',  ( -0.4506246351568716779, 3.019999999999999574, -0.9183093752987026015 ) ) ;
#1252 = CARTESIAN_POINT ( 'NONE',  ( 0.3970405541377209357, 3.020000000000000018, -1.717672766091256298 ) ) ;
#1253 = CARTESIAN_POINT ( 'NONE',  ( -1.522795468930435714, 3.000000000000000888, -1.658823691771469377 ) ) ;
#1254 = SURFACE_STYLE_USAGE ( .BOTH. , #1216 ) ;
#1255 =( GEOMETRIC_REPRESENTATION_CONTEXT ( 3 ) GLOBAL_UNCERTAINTY_ASSIGNED_CONTEXT ( ( #6517 ) ) GLOBAL_UNIT_ASSIGNED_CONTEXT ( ( #3019, #1872, #632 ) ) REPRESENTATION_CONTEXT ( 'NONE', 'WORKASPACE' ) );
#1256 = PRESENTATION_STYLE_ASSIGNMENT (( #2354 ) ) ;
#1257 = SURFACE_SIDE_STYLE ('',( #3051 ) ) ;
#1258 = ORIENTED_EDGE ( 'NONE', *, *, #4396, .F. ) ;
#1259 = CARTESIAN_POINT ( 'NONE',  ( -1.852296242810312465, 3.020000000000000018, -1.405893694968084029 ) ) ;
#1260 = VERTEX_POINT ( 'NONE', #4576 ) ;
#1261 = AXIS2_PLACEMENT_3D ( 'NONE', #549, #2757, #1140 ) ;
#1262 = CARTESIAN_POINT ( 'NONE',  ( -0.4670730662265412669, 3.020000000000000018, -2.058426746749671299 ) ) ;
#1263 = CARTESIAN_POINT ( 'NONE',  ( -0.2030423927851601473, 3.000000000000000444, -1.787291463098428235 ) ) ;
#1264 = CARTESIAN_POINT ( 'NONE',  ( -2.171541609723354416, 3.000000000000000000, -0.8892942258499481056 ) ) ;
#1265 = DIRECTION ( 'NONE',  ( -1.000000000000000000, 0.0000000000000000000, -0.0000000000000000000 ) ) ;
#1266 = ORIENTED_EDGE ( 'NONE', *, *, #5081, .T. ) ;
#1267 = CARTESIAN_POINT ( 'NONE',  ( -55.74906976069122777, 0.0000000000000000000, -16.03036380780025283 ) ) ;
#1268 = CARTESIAN_POINT ( 'NONE',  ( -1.986644719492195010, 3.020000000000000462, -0.7761373993735662946 ) ) ;
#1269 = CARTESIAN_POINT ( 'NONE',  ( -2.014131104583468446, 3.020000000000000462, -2.042248344519796532 ) ) ;
#1270 = CARTESIAN_POINT ( 'NONE',  ( -1.761292833356258525, 3.000000000000000000, -0.9290547804331493742 ) ) ;
#1271 = CARTESIAN_POINT ( 'NONE',  ( 0.6252680443367965024, 3.000000000000000444, -0.7723980086512300947 ) ) ;
#1272 = FILL_AREA_STYLE_COLOUR ( '', #7014 ) ;
#1273 = EDGE_CURVE ( 'NONE', #1260, #5269, #1694, .T. ) ;
#1274 = ORIENTED_EDGE ( 'NONE', *, *, #6886, .T. ) ;
#1275 = SURFACE_SIDE_STYLE ('',( #4448 ) ) ;
#1276 = CARTESIAN_POINT ( 'NONE',  ( -1.611680494745935777, 3.019999999999999574, -1.157984966513125435 ) ) ;
#1277 =( NAMED_UNIT ( * ) PLANE_ANGLE_UNIT ( ) SI_UNIT ( $, .RADIAN. ) );
#1278 = CARTESIAN_POINT ( 'NONE',  ( 3.600000000000001421, 3.000000000000000000, 2.899999999999999911 ) ) ;
#1279 = CARTESIAN_POINT ( 'NONE',  ( 3.400000000000000799, 1.360000000000000098, 1.589999999999999414 ) ) ;
#1280 = DIRECTION ( 'NONE',  ( 0.0000000000000000000, 0.0000000000000000000, -1.000000000000000000 ) ) ;
#1281 = VERTEX_POINT ( 'NONE', #6409 ) ;
#1282 = CARTESIAN_POINT ( 'NONE',  ( -0.1957801903727988402, 3.019999999999999574, -1.723485027828418392 ) ) ;
#1283 = EDGE_CURVE ( 'NONE', #1753, #2208, #6336, .T. ) ;
#1284 = ORIENTED_EDGE ( 'NONE', *, *, #2931, .T. ) ;
#1285 = CARTESIAN_POINT ( 'NONE',  ( -1.665537189682890551, 2.999999999999999112, -0.8079146238642840316 ) ) ;
#1286 = ORIENTED_EDGE ( 'NONE', *, *, #623, .T. ) ;
#1287 = PLANE ( 'NONE',  #5788 ) ;
#1288 = LINE ( 'NONE', #5662, #4549 ) ;
#1289 = CARTESIAN_POINT ( 'NONE',  ( -0.3482855306863225642, 3.000000000000000444, -1.545907426626785819 ) ) ;
#1290 = EDGE_CURVE ( 'NONE', #2445, #4163, #897, .T. ) ;
#1291 = CARTESIAN_POINT ( 'NONE',  ( -1.035291020131108963, 3.000000000000000000, -0.9438844443598192191 ) ) ;
#1292 =( GEOMETRIC_REPRESENTATION_CONTEXT ( 3 ) GLOBAL_UNCERTAINTY_ASSIGNED_CONTEXT ( ( #3294 ) ) GLOBAL_UNIT_ASSIGNED_CONTEXT ( ( #933, #967, #401 ) ) REPRESENTATION_CONTEXT ( 'NONE', 'WORKASPACE' ) );
#1293 = PLANE ( 'NONE',  #5491 ) ;
#1294 = ORIENTED_EDGE ( 'NONE', *, *, #4657, .T. ) ;
#1295 = CARTESIAN_POINT ( 'NONE',  ( -1.679189208383534027, 3.000000000000001776, -1.338470141058727192 ) ) ;
#1296 = VECTOR ( 'NONE', #5182, 1000.000000000000114 ) ;
#1297 = VERTEX_POINT ( 'NONE', #5810 ) ;
#1298 = PRESENTATION_STYLE_ASSIGNMENT (( #6236 ) ) ;
#1299 = FACE_OUTER_BOUND ( 'NONE', #6944, .T. ) ;
#1300 = CARTESIAN_POINT ( 'NONE',  ( -1.910932776326617288, 3.000000000000003553, -0.9139284779254964741 ) ) ;
#1301 = CARTESIAN_POINT ( 'NONE',  ( 3.400000000000000799, 1.360000000000000098, 1.589999999999999414 ) ) ;
#1302 = UNCERTAINTY_MEASURE_WITH_UNIT (LENGTH_MEASURE( 1.000000000000000082E-05 ), #2609, 'distance_accuracy_value', 'NONE');
#1303 = CARTESIAN_POINT ( 'NONE',  ( -2.231880883045649355, 3.000000000000001332, -0.9792504244827749948 ) ) ;
#1304 = ORIENTED_EDGE ( 'NONE', *, *, #3163, .T. ) ;
#1305 = DIRECTION ( 'NONE',  ( -0.0000000000000000000, -1.000000000000000000, -0.0000000000000000000 ) ) ;
#1306 = FILL_AREA_STYLE_COLOUR ( '', #1478 ) ;
#1307 = VECTOR ( 'NONE', #4595, 1000.000000000000000 ) ;
#1308 = CARTESIAN_POINT ( 'NONE',  ( -2.100700902011110482, 3.019999999999999574, -1.997923291443938876 ) ) ;
#1309 = CARTESIAN_POINT ( 'NONE',  ( -1.738905686193399802, 3.000000000000000000, -0.9393473058409254062 ) ) ;
#1310 = STYLED_ITEM ( 'NONE', ( #4786 ), #2315 ) ;
#1311 = EDGE_CURVE ( 'NONE', #4163, #5439, #6440, .T. ) ;
#1312 = CARTESIAN_POINT ( 'NONE',  ( -55.74906976069122777, 0.2000000000000000111, -16.03036380780025283 ) ) ;
#1313 = ORIENTED_EDGE ( 'NONE', *, *, #3324, .F. ) ;
#1314 = CARTESIAN_POINT ( 'NONE',  ( -0.1334668098916292900, 3.020000000000000462, -1.216440128398399656 ) ) ;
#1315 = CARTESIAN_POINT ( 'NONE',  ( -55.74906976069122777, 2.560000000000000053, -19.91036380780025539 ) ) ;
#1316 = FILL_AREA_STYLE_COLOUR ( '', #6398 ) ;
#1317 = FILL_AREA_STYLE_COLOUR ( '', #6933 ) ;
#1318 = VECTOR ( 'NONE', #5689, 1000.000000000000000 ) ;
#1319 = DIRECTION ( 'NONE',  ( 0.0000000000000000000, 0.0000000000000000000, 1.000000000000000000 ) ) ;
#1320 = EDGE_CURVE ( 'NONE', #6159, #5809, #2565, .T. ) ;
#1321 = DIRECTION ( 'NONE',  ( -0.0000000000000000000, -1.000000000000000000, -0.0000000000000000000 ) ) ;
#1322 = ORIENTED_EDGE ( 'NONE', *, *, #1711, .F. ) ;
#1323 = DIRECTION ( 'NONE',  ( -0.0000000000000000000, -0.0000000000000000000, -1.000000000000000000 ) ) ;
#1324 = ORIENTED_EDGE ( 'NONE', *, *, #716, .T. ) ;
#1325 = CARTESIAN_POINT ( 'NONE',  ( -1.782907943783439864, 3.000000000000000444, -0.7692340927347679491 ) ) ;
#1326 = PRESENTATION_LAYER_ASSIGNMENT (  '', '', ( #3037 ) ) ;
#1327 = ORIENTED_EDGE ( 'NONE', *, *, #2454, .F. ) ;
#1328 = CARTESIAN_POINT ( 'NONE',  ( -0.3829216105862539021, 3.020000000000000018, -0.9109572817329495420 ) ) ;
#1329 = CARTESIAN_POINT ( 'NONE',  ( -54.37906976069123033, 0.2000000000000000111, -19.21036380780025254 ) ) ;
#1330 = CARTESIAN_POINT ( 'NONE',  ( 1.434246176884115043, 3.020000000000000018, -1.536573371643473296 ) ) ;
#1331 = ADVANCED_FACE ( 'NONE', ( #3077 ), #5361, .F. ) ;
#1332 = VECTOR ( 'NONE', #1101, 1000.000000000000000 ) ;
#1333 = EDGE_LOOP ( 'NONE', ( #6649, #1172, #2301, #1482, #6713, #1150, #3460, #6661 ) ) ;
#1334 = CARTESIAN_POINT ( 'NONE',  ( -1.918150568064052042, 3.020000000000000462, -1.534772667437316329 ) ) ;
#1335 = FILL_AREA_STYLE_COLOUR ( '', #2615 ) ;
#1336 = CARTESIAN_POINT ( 'NONE',  ( -1.873307558523109151, 3.019999999999999574, -1.536484756256768280 ) ) ;
#1337 = DIRECTION ( 'NONE',  ( 1.000000000000000000, 0.0000000000000000000, 0.0000000000000000000 ) ) ;
#1338 = SURFACE_SIDE_STYLE ('',( #4046 ) ) ;
#1339 =( NAMED_UNIT ( * ) SI_UNIT ( $, .STERADIAN. ) SOLID_ANGLE_UNIT ( ) );
#1340 = ORIENTED_EDGE ( 'NONE', *, *, #6971, .T. ) ;
#1341 = DIRECTION ( 'NONE',  ( 0.0000000000000000000, -0.0000000000000000000, 1.000000000000000000 ) ) ;
#1342 = CARTESIAN_POINT ( 'NONE',  ( -1.450641017908707253, 3.020000000000000018, -1.224932125661505333 ) ) ;
#1343 = CARTESIAN_POINT ( 'NONE',  ( -1.677502508581933505, 2.999999999999999556, -1.723485027828418392 ) ) ;
#1344 = CARTESIAN_POINT ( 'NONE',  ( -1.650037964278049829, 2.999999999999999556, -1.023282998499520646 ) ) ;
#1345 = CARTESIAN_POINT ( 'NONE',  ( 0.5545124000204816328, 3.000000000000000000, -0.7632317121687269834 ) ) ;
#1346 =( LENGTH_UNIT ( ) NAMED_UNIT ( * ) SI_UNIT ( .MILLI., .METRE. ) );
#1347 = ORIENTED_EDGE ( 'NONE', *, *, #1721, .T. ) ;
#1348 = CARTESIAN_POINT ( 'NONE',  ( -1.941816966202114303, 3.020000000000000018, -1.536573371643473296 ) ) ;
#1349 = CARTESIAN_POINT ( 'NONE',  ( -0.2956348949958004790, 3.000000000000001776, -1.895353349385554331 ) ) ;
#1350 = CARTESIAN_POINT ( 'NONE',  ( 0.2401640273592220987, 2.999999999999999556, -1.000376071160774982 ) ) ;
#1351 =( LENGTH_UNIT ( ) NAMED_UNIT ( * ) SI_UNIT ( .MILLI., .METRE. ) );
#1352 = CARTESIAN_POINT ( 'NONE',  ( -0.2519204306478595723, 3.019999999999999130, -2.039386842767528574 ) ) ;
#1353 = CARTESIAN_POINT ( 'NONE',  ( -55.74906976069122777, 2.560000000000000053, -15.33036380780025354 ) ) ;
#1354 = ORIENTED_EDGE ( 'NONE', *, *, #4035, .F. ) ;
#1355 = CARTESIAN_POINT ( 'NONE',  ( -1.677502508581933505, 3.019999999999999574, -1.723485027828418392 ) ) ;
#1356 = VERTEX_POINT ( 'NONE', #5330 ) ;
#1357 = CARTESIAN_POINT ( 'NONE',  ( -1.715437105946455487, 3.020000000000000018, -1.368066662903413722 ) ) ;
#1358 = CARTESIAN_POINT ( 'NONE',  ( -0.6237014872952384437, 3.020000000000000018, -1.141447420121037171 ) ) ;
#1359 = PRESENTATION_STYLE_ASSIGNMENT (( #4620 ) ) ;
#1360 = VECTOR ( 'NONE', #1444, 1000.000000000000000 ) ;
#1361 =( NAMED_UNIT ( * ) SI_UNIT ( $, .STERADIAN. ) SOLID_ANGLE_UNIT ( ) );
#1362 = CARTESIAN_POINT ( 'NONE',  ( -1.035291020131108963, 3.020000000000000018, -0.9438844443598192191 ) ) ;
#1363 = LINE ( 'NONE', #5667, #246 ) ;
#1364 = COLOUR_RGB ( '',1.000000000000000000, 1.000000000000000000, 1.000000000000000000 ) ;
#1365 = COLOUR_RGB ( '',1.000000000000000000, 1.000000000000000000, 1.000000000000000000 ) ;
#1366 = ORIENTED_EDGE ( 'NONE', *, *, #5404, .T. ) ;
#1367 = CARTESIAN_POINT ( 'NONE',  ( -55.74906976069122777, 1.560000000000000275, -19.21036380780025254 ) ) ;
#1368 = DIRECTION ( 'NONE',  ( 0.0000000000000000000, -1.000000000000000000, 0.0000000000000000000 ) ) ;
#1369 = CARTESIAN_POINT ( 'NONE',  ( -0.2373652905934181823, 3.000000000000000000, -1.849998970191792047 ) ) ;
#1370 = CARTESIAN_POINT ( 'NONE',  ( -1.872625481476457798, 3.000000000000002665, -0.9110797281047692264 ) ) ;
#1371 = LINE ( 'NONE', #1301, #4694 ) ;
#1372 = CARTESIAN_POINT ( 'NONE',  ( 0.4038788460397028102, 3.000000000000000444, -1.055270707185059997 ) ) ;
#1373 = B_SPLINE_CURVE_WITH_KNOTS ( 'NONE', 3,
 ( #6317, #5208, #1874, #6818, #385, #4182, #1912, #322, #5792, #4150, #2478, #4117, #5753, #1408, #914, #4706, #4742, #3057, #3515 ),
 .UNSPECIFIED., .F., .F.,
 ( 4, 1, 1, 1, 1, 1, 1, 1, 1, 1, 1, 1, 1, 1, 1, 1, 4 ),
 ( 0.0000000000000000000, 0.06946111841118109143, 0.1356576792112471619, 0.1996202009683167855, 0.2616514289943385196, 0.3220529346075964305, 0.3823401897046094788, 0.4432232029819944130, 0.5049299582480397675, 0.5668204626337183250, 0.6276001402177071586, 0.6874756430229486126, 0.7473511458281908437, 0.8081741791096781480, 0.8701334489244721970, 0.9337207833931581158, 1.000000000000000000 ),
 .UNSPECIFIED. ) ;
#1374 = VECTOR ( 'NONE', #1337, 1000.000000000000000 ) ;
#1375 = CARTESIAN_POINT ( 'NONE',  ( -1.522795468930435714, 3.000000000000000888, -1.658823691771469377 ) ) ;
#1376 = COLOUR_RGB ( '',1.000000000000000000, 1.000000000000000000, 1.000000000000000000 ) ;
#1377 = EDGE_LOOP ( 'NONE', ( #4867, #3277, #5833, #4734 ) ) ;
#1378 = CARTESIAN_POINT ( 'NONE',  ( -0.3795429168351228677, 3.000000000000000444, -2.062864638765018466 ) ) ;
#1379 = CARTESIAN_POINT ( 'NONE',  ( -1.462278338488021578, 2.999999999999999112, -1.279743727460097347 ) ) ;
#1380 = CARTESIAN_POINT ( 'NONE',  ( 3.400000000000001243, 2.149999999999999911, 2.289999999999999147 ) ) ;
#1381 = EDGE_CURVE ( 'NONE', #5397, #2944, #5843, .T. ) ;
#1382 = LINE ( 'NONE', #6206, #3304 ) ;
#1383 = PLANE ( 'NONE',  #2173 ) ;
#1384 = CARTESIAN_POINT ( 'NONE',  ( 0.6180418443656985339, 2.999999999999999112, -0.9123598466327446088 ) ) ;
#1385 = SURFACE_STYLE_USAGE ( .BOTH. , #2487 ) ;
#1386 = VERTEX_POINT ( 'NONE', #4100 ) ;
#1387 = CARTESIAN_POINT ( 'NONE',  ( 1.434246176884115043, 3.020000000000000018, -0.7792486312254709446 ) ) ;
#1388 = CARTESIAN_POINT ( 'NONE',  ( -0.2373652905934181823, 3.000000000000001776, -1.849998970191792047 ) ) ;
#1389 = SURFACE_STYLE_FILL_AREA ( #5107 ) ;
#1390 = FACE_OUTER_BOUND ( 'NONE', #1661, .T. ) ;
#1391 = PRODUCT_DEFINITION_FORMATION_WITH_SPECIFIED_SOURCE ( 'ANY', '', #749, .NOT_KNOWN. ) ;
#1392 = PLANE ( 'NONE',  #3769 ) ;
#1393 = VERTEX_POINT ( 'NONE', #3609 ) ;
#1394 = CARTESIAN_POINT ( 'NONE',  ( -0.1960368498876611243, 3.020000000000000462, -1.707754741635870932 ) ) ;
#1395 = ORIENTED_EDGE ( 'NONE', *, *, #775, .T. ) ;
#1396 = CARTESIAN_POINT ( 'NONE',  ( -1.910932776326617288, 3.020000000000001350, -0.9139284779254964741 ) ) ;
#1397 = ORIENTED_EDGE ( 'NONE', *, *, #471, .T. ) ;
#1398 = CARTESIAN_POINT ( 'NONE',  ( -1.826916514143133163, 3.020000000000001350, -1.405323339558132378 ) ) ;
#1399 = CARTESIAN_POINT ( 'NONE',  ( -0.6215066947362412053, 3.020000000000000018, -1.131555125425880215 ) ) ;
#1400 = DIRECTION ( 'NONE',  ( 1.000000000000000000, 0.0000000000000000000, 0.0000000000000000000 ) ) ;
#1401 = CARTESIAN_POINT ( 'NONE',  ( 0.2416655054921800772, 3.020000000000000018, -0.9914744840939667681 ) ) ;
#1402 = ADVANCED_BREP_SHAPE_REPRESENTATION ( '', ( #4479, #2090, #4922 ), #6635 ) ;
#1403 = ORIENTED_EDGE ( 'NONE', *, *, #4872, .F. ) ;
#1404 = DIRECTION ( 'NONE',  ( -0.0000000000000000000, -1.000000000000000000, -0.0000000000000000000 ) ) ;
#1405 = CARTESIAN_POINT ( 'NONE',  ( -1.690689864480281468, 3.000000000000000000, -1.804228030044988440 ) ) ;
#1406 = FILL_AREA_STYLE ('',( #2406 ) ) ;
#1407 = EDGE_CURVE ( 'NONE', #4244, #5973, #935, .T. ) ;
#1408 = CARTESIAN_POINT ( 'NONE',  ( -0.1465341729248579306, 3.020000000000000906, -1.066794057876733426 ) ) ;
#1409 = COLOUR_RGB ( '',1.000000000000000000, 1.000000000000000000, 1.000000000000000000 ) ;
#1410 = DIRECTION ( 'NONE',  ( 6.195440985631457289E-16, 0.0000000000000000000, 1.000000000000000000 ) ) ;
#1411 = ORIENTED_EDGE ( 'NONE', *, *, #1755, .F. ) ;
#1412 = CARTESIAN_POINT ( 'NONE',  ( -0.4315398253501173675, 3.020000000000000018, -1.913661008579338407 ) ) ;
#1413 = CARTESIAN_POINT ( 'NONE',  ( -0.1815987617265829857, 2.999999999999999556, -1.321111070178176083 ) ) ;
#1414 = CARTESIAN_POINT ( 'NONE',  ( -55.74906976069122777, 0.2000000000000000111, -19.21036380780025254 ) ) ;
#1415 = SURFACE_SIDE_STYLE ('',( #3186 ) ) ;
#1416 = VECTOR ( 'NONE', #260, 1000.000000000000000 ) ;
#1417 = B_SPLINE_SURFACE_WITH_KNOTS ( 'NONE', 3, 1, ( 
 ( #166, #4005 ),
 ( #2914, #6775 ),
 ( #4512, #2328 ),
 ( #6693, #3862 ),
 ( #3967, #1799 ),
 ( #5095, #6062 ),
 ( #6736, #1839 ),
 ( #5531, #625 ),
 ( #2807, #1372 ),
 ( #5306, #4632 ),
 ( #3020, #4774 ) ),
 .UNSPECIFIED., .F., .F., .F.,
 ( 4, 1, 1, 1, 1, 1, 1, 1, 4 ),
 ( 2, 2 ),
 ( 0.0000000000000000000, 0.1775769699460470197, 0.3395782688209963984, 0.4876271483371432125, 0.6186165648933792394, 0.7372525701187148117, 0.8390841169167242430, 0.9269903762738797015, 1.000000000000000000 ),
 ( 0.0000000000000000000, 1.000000000000000000 ),
 .UNSPECIFIED. ) ;
#1418 = CARTESIAN_POINT ( 'NONE',  ( -0.5627807814173197976, 3.020000000000000906, -2.030280888219688773 ) ) ;
#1419 = CARTESIAN_POINT ( 'NONE',  ( 0.8192547693391107888, 2.999999999999999556, -1.121376640051062523 ) ) ;
#1420 = EDGE_CURVE ( 'NONE', #2509, #5145, #6910, .T. ) ;
#1421 = ADVANCED_FACE ( 'NONE', ( #4202 ), #909, .T. ) ;
#1422 = FILL_AREA_STYLE ('',( #4818 ) ) ;
#1423 = ORIENTED_EDGE ( 'NONE', *, *, #5569, .F. ) ;
#1424 =( GEOMETRIC_REPRESENTATION_CONTEXT ( 3 ) GLOBAL_UNCERTAINTY_ASSIGNED_CONTEXT ( ( #2875 ) ) GLOBAL_UNIT_ASSIGNED_CONTEXT ( ( #5284, #3564, #6966 ) ) REPRESENTATION_CONTEXT ( 'NONE', 'WORKASPACE' ) );
#1425 = DIRECTION ( 'NONE',  ( -0.0000000000000000000, 1.000000000000000000, 0.0000000000000000000 ) ) ;
#1426 = CARTESIAN_POINT ( 'NONE',  ( -0.4023188122627303076, 3.000000000000001332, -0.7630389696933730370 ) ) ;
#1427 = DIRECTION ( 'NONE',  ( -0.9950371902099891530, 0.0000000000000000000, -0.09950371902099786059 ) ) ;
#1428 = CARTESIAN_POINT ( 'NONE',  ( -0.6172599339506315008, 3.000000000000000000, -1.112414269029738279 ) ) ;
#1429 =( GEOMETRIC_REPRESENTATION_CONTEXT ( 3 ) GLOBAL_UNCERTAINTY_ASSIGNED_CONTEXT ( ( #6239 ) ) GLOBAL_UNIT_ASSIGNED_CONTEXT ( ( #215, #2590, #3720 ) ) REPRESENTATION_CONTEXT ( 'NONE', 'WORKASPACE' ) );
#1430 = ORIENTED_EDGE ( 'NONE', *, *, #1842, .T. ) ;
#1431 = CARTESIAN_POINT ( 'NONE',  ( 0.3314067506918776385, 3.019999999999999574, -0.8291915615292611008 ) ) ;
#1432 = EDGE_LOOP ( 'NONE', ( #866, #3113, #1174, #4865 ) ) ;
#1433 = CARTESIAN_POINT ( 'NONE',  ( -1.971681439494508803, 3.019999999999999574, -0.9316458022749664059 ) ) ;
#1434 = ORIENTED_EDGE ( 'NONE', *, *, #2806, .T. ) ;
#1435 = SURFACE_SIDE_STYLE ('',( #4237 ) ) ;
#1436 = PLANE ( 'NONE',  #230 ) ;
#1437 = DIRECTION ( 'NONE',  ( 0.0000000000000000000, -0.0000000000000000000, 1.000000000000000000 ) ) ;
#1438 = CARTESIAN_POINT ( 'NONE',  ( -1.733642748856993876, 2.999999999999999556, -2.039386842767528130 ) ) ;
#1439 = B_SPLINE_CURVE_WITH_KNOTS ( 'NONE', 3,
 ( #6005, #546, #1099, #2234, #6573, #6606, #30, #510, #2752, #641, #1030, #2713, #6501, #2818, #3843, #3341, #7048, #5975, #2202 ),
 .UNSPECIFIED., .F., .F.,
 ( 4, 1, 1, 1, 1, 1, 1, 1, 1, 1, 1, 1, 1, 1, 1, 1, 4 ),
 ( 0.0000000000000000000, 0.06946111841118056407, 0.1356576792112466068, 0.1996202009683162581, 0.2616514289943390192, 0.3220529346075968746, 0.3823401897046099784, 0.4432232029819940244, 0.5049299582480402115, 0.5668204626337187690, 0.6276001402177070476, 0.6874756430229489457, 0.7473511458281907327, 0.8081741791096781480, 0.8701334489244721970, 0.9337207833931580048, 1.000000000000000000 ),
 .UNSPECIFIED. ) ;
#1440 = ORIENTED_EDGE ( 'NONE', *, *, #5404, .F. ) ;
#1441 = PRESENTATION_STYLE_ASSIGNMENT (( #943 ) ) ;
#1442 = VECTOR ( 'NONE', #151, 1000.000000000000000 ) ;
#1443 = EDGE_CURVE ( 'NONE', #6362, #1713, #7081, .T. ) ;
#1444 = DIRECTION ( 'NONE',  ( -0.0000000000000000000, -1.000000000000000000, -0.0000000000000000000 ) ) ;
#1445 = CARTESIAN_POINT ( 'NONE',  ( -0.2263628805092005314, 3.020000000000000462, -1.835437900399443434 ) ) ;
#1446 = UNCERTAINTY_MEASURE_WITH_UNIT (LENGTH_MEASURE( 1.000000000000000082E-05 ), #4045, 'distance_accuracy_value', 'NONE');
#1447 = CARTESIAN_POINT ( 'NONE',  ( -55.74906976069122777, 0.0000000000000000000, -16.03036380780025283 ) ) ;
#1448 = CARTESIAN_POINT ( 'NONE',  ( 3.399999999999999911, 1.360000000000000098, -1.591797999708434164 ) ) ;
#1449 = CARTESIAN_POINT ( 'NONE',  ( -0.1974668901743991400, 3.000000000000000000, -1.338470141058727414 ) ) ;
#1450 = ORIENTED_EDGE ( 'NONE', *, *, #200, .T. ) ;
#1451 = CARTESIAN_POINT ( 'NONE',  ( -0.5478621465278167291, 3.020000000000000018, -1.852899892034636009 ) ) ;
#1452 = CARTESIAN_POINT ( 'NONE',  ( -1.634691518408449840, 3.000000000000000000, -1.465957174887511094 ) ) ;
#1453 = DIRECTION ( 'NONE',  ( 1.000000000000000000, 0.0000000000000000000, -0.0000000000000000000 ) ) ;
#1454 = CARTESIAN_POINT ( 'NONE',  ( 0.5954053489924360232, 3.000000000000000444, -0.9114256439812392641 ) ) ;
#1455 = CARTESIAN_POINT ( 'NONE',  ( -0.7539542369837454183, 3.020000000000000462, -1.807900982554947689 ) ) ;
#1456 = CARTESIAN_POINT ( 'NONE',  ( 0.6836105456355726639, 2.999999999999999112, -0.9307340737128901864 ) ) ;
#1457 = CARTESIAN_POINT ( 'NONE',  ( -0.1529692001993146477, 3.020000000000001794, -1.465957174887511316 ) ) ;
#1458 = ORIENTED_EDGE ( 'NONE', *, *, #1407, .T. ) ;
#1459 = DIRECTION ( 'NONE',  ( 0.0000000000000000000, -0.0000000000000000000, 1.000000000000000000 ) ) ;
#1460 = EDGE_CURVE ( 'NONE', #2166, #780, #2101, .T. ) ;
#1461 = CARTESIAN_POINT ( 'NONE',  ( 2.059862266794638241, 3.020000000000000018, -1.388401139822559527 ) ) ;
#1462 = CARTESIAN_POINT ( 'NONE',  ( -0.6237014872952384437, 3.000000000000000000, -1.141447420121037171 ) ) ;
#1463 = VERTEX_POINT ( 'NONE', #2640 ) ;
#1464 = SURFACE_STYLE_USAGE ( .BOTH. , #441 ) ;
#1465 = ORIENTED_EDGE ( 'NONE', *, *, #2019, .F. ) ;
#1466 = FILL_AREA_STYLE_COLOUR ( '', #2330 ) ;
#1467 = SURFACE_STYLE_USAGE ( .BOTH. , #2103 ) ;
#1468 = CARTESIAN_POINT ( 'NONE',  ( -1.637697129099231041, 3.000000000000000000, -1.282589565623014183 ) ) ;
#1469 = SURFACE_STYLE_USAGE ( .BOTH. , #6415 ) ;
#1470 = EDGE_CURVE ( 'NONE', #6332, #279, #63, .T. ) ;
#1471 = CARTESIAN_POINT ( 'NONE',  ( 1.434246176884115043, 3.020000000000000018, -1.388401139822559527 ) ) ;
#1472 = ORIENTED_EDGE ( 'NONE', *, *, #3898, .F. ) ;
#1473 =( LENGTH_UNIT ( ) NAMED_UNIT ( * ) SI_UNIT ( .MILLI., .METRE. ) );
#1474 = AXIS2_PLACEMENT_3D ( 'NONE', #2079, #6851, #4739 ) ;
#1475 = CARTESIAN_POINT ( 'NONE',  ( 0.7367491345493075716, 3.000000000000000000, -0.8287507247245767816 ) ) ;
#1476 = VECTOR ( 'NONE', #1657, 1000.000000000000000 ) ;
#1477 = LINE ( 'NONE', #3716, #2396 ) ;
#1478 = COLOUR_RGB ( '',1.000000000000000000, 1.000000000000000000, 1.000000000000000000 ) ;
#1479 =( NAMED_UNIT ( * ) PLANE_ANGLE_UNIT ( ) SI_UNIT ( $, .RADIAN. ) );
#1480 = SURFACE_SIDE_STYLE ('',( #2519 ) ) ;
#1481 = CARTESIAN_POINT ( 'NONE',  ( -0.6004579745152337500, 3.019999999999999574, -1.059539937681451827 ) ) ;
#1482 = ORIENTED_EDGE ( 'NONE', *, *, #1311, .F. ) ;
#1483 = COLOUR_RGB ( '',1.000000000000000000, 1.000000000000000000, 1.000000000000000000 ) ;
#1484 = CARTESIAN_POINT ( 'NONE',  ( 2.240961661242421687, 3.020000000000000018, -0.7792486312254709446 ) ) ;
#1485 = VECTOR ( 'NONE', #651, 1000.000000000000000 ) ;
#1486 = CARTESIAN_POINT ( 'NONE',  ( -0.3205370087895423881, 3.000000000000000444, -1.402219522957758091 ) ) ;
#1487 = CARTESIAN_POINT ( 'NONE',  ( -1.514115344220508641, 3.020000000000000462, -0.9410349672355222683 ) ) ;
#1488 = CARTESIAN_POINT ( 'NONE',  ( -1.875891902797027999, 3.020000000000000018, -1.405268571614174844 ) ) ;
#1489 =( GEOMETRIC_REPRESENTATION_CONTEXT ( 3 ) GLOBAL_UNCERTAINTY_ASSIGNED_CONTEXT ( ( #3590 ) ) GLOBAL_UNIT_ASSIGNED_CONTEXT ( ( #2397, #5163, #6722 ) ) REPRESENTATION_CONTEXT ( 'NONE', 'WORKASPACE' ) );
#1490 = CARTESIAN_POINT ( 'NONE',  ( -2.071280065902626255, 3.020000000000000018, -1.784565123809666254 ) ) ;
#1491 = CARTESIAN_POINT ( 'NONE',  ( 0.6180418443656985339, 3.020000000000000018, -0.9123598466327446088 ) ) ;
#1492 = CARTESIAN_POINT ( 'NONE',  ( -0.2061953549248518314, 3.020000000000000018, -1.482295002000742601 ) ) ;
#1493 = ORIENTED_EDGE ( 'NONE', *, *, #4422, .T. ) ;
#1494 = PLANE ( 'NONE',  #1003 ) ;
#1495 = COLOUR_RGB ( '',1.000000000000000000, 1.000000000000000000, 1.000000000000000000 ) ;
#1496 = CARTESIAN_POINT ( 'NONE',  ( -0.3829216105862539021, 3.000000000000000000, -0.9109572817329495420 ) ) ;
#1497 = EDGE_CURVE ( 'NONE', #6159, #3969, #1672, .T. ) ;
#1498 =( GEOMETRIC_REPRESENTATION_CONTEXT ( 3 ) GLOBAL_UNCERTAINTY_ASSIGNED_CONTEXT ( ( #5752 ) ) GLOBAL_UNIT_ASSIGNED_CONTEXT ( ( #1085, #5896, #16 ) ) REPRESENTATION_CONTEXT ( 'NONE', 'WORKASPACE' ) );
#1499 = VERTEX_POINT ( 'NONE', #6605 ) ;
#1500 = CARTESIAN_POINT ( 'NONE',  ( -2.105423805504372581, 3.020000000000000018, -1.141447420121037171 ) ) ;
#1501 = CARTESIAN_POINT ( 'NONE',  ( -0.1656857917439017169, 3.020000000000000018, -1.502186620824422114 ) ) ;
#1502 = LINE ( 'NONE', #511, #2839 ) ;
#1503 = CARTESIAN_POINT ( 'NONE',  ( -1.514381320317141677, 3.020000000000000018, -1.697311913310611819 ) ) ;
#1504 = DIRECTION ( 'NONE',  ( 1.000000000000000000, 0.0000000000000000000, 0.0000000000000000000 ) ) ;
#1505 = ADVANCED_FACE ( 'NONE', ( #1562 ), #3739, .F. ) ;
#1506 = ADVANCED_FACE ( 'NONE', ( #2675 ), #6272, .T. ) ;
#1507 = VERTEX_POINT ( 'NONE', #5546 ) ;
#1508 = CARTESIAN_POINT ( 'NONE',  ( 0.4925979883799704306, 3.000000000000000444, -0.9299553795447801363 ) ) ;
#1509 = FILL_AREA_STYLE_COLOUR ( '', #5262 ) ;
#1510 = DIRECTION ( 'NONE',  ( 1.000000000000000000, -0.0000000000000000000, -0.0000000000000000000 ) ) ;
#1511 = CARTESIAN_POINT ( 'NONE',  ( -0.4475229069035184803, 3.020000000000000462, -1.396263457214642845 ) ) ;
#1512 = UNCERTAINTY_MEASURE_WITH_UNIT (LENGTH_MEASURE( 1.000000000000000082E-05 ), #3063, 'distance_accuracy_value', 'NONE');
#1513 = CARTESIAN_POINT ( 'NONE',  ( -0.4899591212853738886, 3.000000000000000000, -0.9316458022749662948 ) ) ;
#1514 = ORIENTED_EDGE ( 'NONE', *, *, #345, .F. ) ;
#1515 = CARTESIAN_POINT ( 'NONE',  ( -55.74906976069122777, 1.560000000000000275, -19.91036380780025539 ) ) ;
#1516 = FILL_AREA_STYLE ('',( #6428 ) ) ;
#1517 = CARTESIAN_POINT ( 'NONE',  ( -2.265369146728909211, 3.020000000000000462, -1.086198636167389653 ) ) ;
#1518 = CARTESIAN_POINT ( 'NONE',  ( 0.8249478890009047660, 3.000000000000000000, -1.215276427817314264 ) ) ;
#1519 = VECTOR ( 'NONE', #2384, 1000.000000000000000 ) ;
#1520 = FILL_AREA_STYLE ('',( #156 ) ) ;
#1521 = LINE ( 'NONE', #6432, #2321 ) ;
#1522 = CARTESIAN_POINT ( 'NONE',  ( -0.06407429407157828882, 3.020000000000001350, -1.411344646737302755 ) ) ;
#1523 = B_SPLINE_CURVE_WITH_KNOTS ( 'NONE', 3,
 ( #6763, #2466, #3577, #6716, #3423, #6841, #796, #310, #3954, #719, #1864, #6187, #5699, #4031, #1787 ),
 .UNSPECIFIED., .F., .F.,
 ( 4, 1, 1, 1, 1, 1, 1, 1, 1, 1, 1, 1, 4 ),
 ( 0.0000000000000000000, 0.09511658830318206470, 0.1880947988798429005, 0.2799532837253069228, 0.3719752916477173654, 0.4600177676538099725, 0.5418298413512775413, 0.6179602578445309025, 0.6902898091201377095, 0.7626301574627215585, 0.8378316159713233846, 0.9164849246389654702, 0.9999999999999998890 ),
 .UNSPECIFIED. ) ;
#1524 = CARTESIAN_POINT ( 'NONE',  ( -1.937362318168113884, 3.020000000000000462, -1.536086600314615191 ) ) ;
#1525 =( GEOMETRIC_REPRESENTATION_CONTEXT ( 3 ) GLOBAL_UNCERTAINTY_ASSIGNED_CONTEXT ( ( #2659 ) ) GLOBAL_UNIT_ASSIGNED_CONTEXT ( ( #2374, #95, #6209 ) ) REPRESENTATION_CONTEXT ( 'NONE', 'WORKASPACE' ) );
#1526 = ADVANCED_FACE ( 'NONE', ( #2302 ), #4086, .T. ) ;
#1527 = CARTESIAN_POINT ( 'NONE',  ( -3.100000000000000533, 3.000000000000000000, -2.899999999999999911 ) ) ;
#1528 = VERTEX_POINT ( 'NONE', #5857 ) ;
#1529 = CARTESIAN_POINT ( 'NONE',  ( 0.2488153572419376791, 3.000000000000000000, -0.9585061441591171683 ) ) ;
#1530 = ORIENTED_EDGE ( 'NONE', *, *, #803, .T. ) ;
#1531 = DIRECTION ( 'NONE',  ( -0.0000000000000000000, -1.000000000000000000, -0.0000000000000000000 ) ) ;
#1532 = CARTESIAN_POINT ( 'NONE',  ( -0.4770727162224594475, 3.000000000000000000, -1.388401139822559527 ) ) ;
#1533 = DIRECTION ( 'NONE',  ( -1.000000000000000000, 0.0000000000000000000, 0.0000000000000000000 ) ) ;
#1534 = CARTESIAN_POINT ( 'NONE',  ( -1.537013706140163194, 3.020000000000000018, -1.622360429834539763 ) ) ;
#1535 = EDGE_CURVE ( 'NONE', #1607, #864, #491, .T. ) ;
#1536 = VECTOR ( 'NONE', #6847, 1000.000000000000000 ) ;
#1537 = CARTESIAN_POINT ( 'NONE',  ( -1.698455366609463280, 3.020000000000000018, -1.820283394106908315 ) ) ;
#1538 = CARTESIAN_POINT ( 'NONE',  ( -1.523125921494410617, 3.000000000000000444, -1.820725840425060582 ) ) ;
#1539 = VECTOR ( 'NONE', #6584, 1000.000000000000000 ) ;
#1540 = SURFACE_SIDE_STYLE ('',( #486 ) ) ;
#1541 = EDGE_CURVE ( 'NONE', #2823, #6073, #526, .T. ) ;
#1542 = LINE ( 'NONE', #1004, #1829 ) ;
#1543 = AXIS2_PLACEMENT_3D ( 'NONE', #2124, #3192, #5424 ) ;
#1544 = DIRECTION ( 'NONE',  ( 2.182042108146928133E-15, -0.0000000000000000000, -1.000000000000000000 ) ) ;
#1545 = FILL_AREA_STYLE ('',( #3286 ) ) ;
#1546 = CARTESIAN_POINT ( 'NONE',  ( -1.718935763698464347, 3.000000000000000888, -1.610104445450003974 ) ) ;
#1547 = CARTESIAN_POINT ( 'NONE',  ( -0.6172599339506315008, 3.000000000000001332, -1.112414269029738279 ) ) ;
#1548 = AXIS2_PLACEMENT_3D ( 'NONE', #2015, #4082, #3664 ) ;
#1549 = VERTEX_POINT ( 'NONE', #6482 ) ;
#1550 = CARTESIAN_POINT ( 'NONE',  ( -0.05605827846798371733, 2.999999999999999556, -1.860838463836622880 ) ) ;
#1551 = CARTESIAN_POINT ( 'NONE',  ( -0.03239302601137346999, 3.019999999999997797, -0.9410349672355213801 ) ) ;
#1552 = PLANE ( 'NONE',  #2041 ) ;
#1553 =( NAMED_UNIT ( * ) PLANE_ANGLE_UNIT ( ) SI_UNIT ( $, .RADIAN. ) );
#1554 = CARTESIAN_POINT ( 'NONE',  ( 0.9897294814213749570, 3.020000000000000018, -0.7792486312254709446 ) ) ;
#1555 = CARTESIAN_POINT ( 'NONE',  ( 0.4065585620845507675, 3.020000000000000018, -1.042665932240428139 ) ) ;
#1556 = CARTESIAN_POINT ( 'NONE',  ( -1.597198743964322709, 3.019999999999998241, -0.8518878056760209594 ) ) ;
#1557 = DIRECTION ( 'NONE',  ( 0.0000000000000000000, 0.0000000000000000000, 1.000000000000000000 ) ) ;
#1558 = LINE ( 'NONE', #2668, #5153 ) ;
#1559 = CARTESIAN_POINT ( 'NONE',  ( -2.044503099626454823, 3.020000000000000018, -2.030280888219688329 ) ) ;
#1560 = LINE ( 'NONE', #994, #5292 ) ;
#1561 = ORIENTED_EDGE ( 'NONE', *, *, #5400, .T. ) ;
#1562 = FACE_OUTER_BOUND ( 'NONE', #2495, .T. ) ;
#1563 = CARTESIAN_POINT ( 'NONE',  ( -0.05529138793102883476, 2.999999999999999556, -1.622360429834539985 ) ) ;
#1564 = EDGE_CURVE ( 'NONE', #3573, #2761, #1574, .T. ) ;
#1565 = CARTESIAN_POINT ( 'NONE',  ( -1.611707252169055193, 3.020000000000000462, -1.527427375831621914 ) ) ;
#1566 =( LENGTH_UNIT ( ) NAMED_UNIT ( * ) SI_UNIT ( .MILLI., .METRE. ) );
#1567 = CARTESIAN_POINT ( 'NONE',  ( -0.4364282498549171829, 3.020000000000000462, -1.534772667437316329 ) ) ;
#1568 = EDGE_LOOP ( 'NONE', ( #628, #307, #2538, #2224, #3382, #2455, #2418, #5044 ) ) ;
#1569 = CARTESIAN_POINT ( 'NONE',  ( 0.4146225407201737378, 3.019999999999999574, -1.013686492009945095 ) ) ;
#1570 = SURFACE_STYLE_USAGE ( .BOTH. , #1611 ) ;
#1571 = CARTESIAN_POINT ( 'NONE',  ( -0.1956483731459326414, 3.020000000000000018, -1.731563912824466867 ) ) ;
#1572 = UNCERTAINTY_MEASURE_WITH_UNIT (LENGTH_MEASURE( 1.000000000000000082E-05 ), #133, 'distance_accuracy_value', 'NONE');
#1573 = ADVANCED_FACE ( 'NONE', ( #3757 ), #2694, .F. ) ;
#1574 = LINE ( 'NONE', #6386, #176 ) ;
#1575 = VERTEX_POINT ( 'NONE', #3624 ) ;
#1576 = VECTOR ( 'NONE', #5744, 1000.000000000000000 ) ;
#1577 = VECTOR ( 'NONE', #6228, 1000.000000000000000 ) ;
#1578 = B_SPLINE_SURFACE_WITH_KNOTS ( 'NONE', 3, 1, ( 
 ( #3736, #370 ),
 ( #5873, #4825 ),
 ( #5259, #4200 ),
 ( #5328, #2028 ),
 ( #3103, #474 ),
 ( #439, #4793 ),
 ( #6977, #2099 ),
 ( #1431, #2066 ),
 ( #3676, #2535 ),
 ( #336, #4170 ),
 ( #6469, #5808 ),
 ( #2570, #1965 ),
 ( #4762, #1529 ),
 ( #3637, #6368 ),
 ( #4235, #5841 ) ),
 .UNSPECIFIED., .F., .F., .F.,
 ( 4, 1, 1, 1, 1, 1, 1, 1, 1, 1, 1, 1, 4 ),
 ( 2, 2 ),
 ( 0.0000000000000000000, 0.09511658830318206470, 0.1880947988798429005, 0.2799532837253069228, 0.3719752916477173654, 0.4600177676538099725, 0.5418298413512775413, 0.6179602578445309025, 0.6902898091201377095, 0.7626301574627215585, 0.8378316159713233846, 0.9164849246389654702, 0.9999999999999998890 ),
 ( 0.0000000000000000000, 1.000000000000000000 ),
 .UNSPECIFIED. ) ;
#1579 = UNCERTAINTY_MEASURE_WITH_UNIT (LENGTH_MEASURE( 1.000000000000000082E-05 ), #1473, 'distance_accuracy_value', 'NONE');
#1580 = DIRECTION ( 'NONE',  ( 0.0000000000000000000, 0.0000000000000000000, -1.000000000000000000 ) ) ;
#1581 = EDGE_CURVE ( 'NONE', #1281, #80, #2554, .T. ) ;
#1582 = PRESENTATION_STYLE_ASSIGNMENT (( #1919 ) ) ;
#1583 =( GEOMETRIC_REPRESENTATION_CONTEXT ( 3 ) GLOBAL_UNCERTAINTY_ASSIGNED_CONTEXT ( ( #451 ) ) GLOBAL_UNIT_ASSIGNED_CONTEXT ( ( #3011, #974, #4138 ) ) REPRESENTATION_CONTEXT ( 'NONE', 'WORKASPACE' ) );
#1584 = DIRECTION ( 'NONE',  ( -0.0000000000000000000, -1.000000000000000000, -0.0000000000000000000 ) ) ;
#1585 = ORIENTED_EDGE ( 'NONE', *, *, #637, .T. ) ;
#1586 = EDGE_CURVE ( 'NONE', #3749, #950, #4943, .T. ) ;
#1587 = CARTESIAN_POINT ( 'NONE',  ( -1.514115344220508641, 3.000000000000000888, -0.9410349672355222683 ) ) ;
#1588 = CARTESIAN_POINT ( 'NONE',  ( -0.2209966292413470812, 3.020000000000000906, -0.7914466682654155427 ) ) ;
#1589 = CARTESIAN_POINT ( 'NONE',  ( -1.677370691355067445, 2.999999999999999556, -1.731563912824466867 ) ) ;
#1590 = CARTESIAN_POINT ( 'NONE',  ( -2.105423805504372581, 3.020000000000000018, -1.141447420121037171 ) ) ;
#1591 = AXIS2_PLACEMENT_3D ( 'NONE', #4721, #368, #1961 ) ;
#1592 = MECHANICAL_DESIGN_GEOMETRIC_PRESENTATION_REPRESENTATION (  '', ( #4689 ), #2164 ) ;
#1593 = CARTESIAN_POINT ( 'NONE',  ( -1.901205798222122434, 3.000000000000000444, -1.401516807261640851 ) ) ;
#1594 = CARTESIAN_POINT ( 'NONE',  ( -0.5971310307912647275, 3.000000000000000000, -1.763761206651437874 ) ) ;
#1595 = CARTESIAN_POINT ( 'NONE',  ( -0.7752657497774753104, 2.999999999999999112, -1.048779485120968635 ) ) ;
#1596 = ORIENTED_EDGE ( 'NONE', *, *, #6366, .F. ) ;
#1597 = CARTESIAN_POINT ( 'NONE',  ( -0.4049317642884217583, 3.000000000000000888, -1.914698500756816690 ) ) ;
#1598 = VECTOR ( 'NONE', #2764, 1000.000000000000000 ) ;
#1599 = SURFACE_STYLE_USAGE ( .BOTH. , #3242 ) ;
#1600 = FILL_AREA_STYLE_COLOUR ( '', #1365 ) ;
#1601 = CARTESIAN_POINT ( 'NONE',  ( 0.5545124000204816328, 3.020000000000000018, -0.7632317121687269834 ) ) ;
#1602 = CARTESIAN_POINT ( 'NONE',  ( -1.719087608802553957, 3.020000000000001350, -1.849998970191792935 ) ) ;
#1603 = STYLED_ITEM ( 'NONE', ( #931 ), #6723 ) ;
#1604 = CARTESIAN_POINT ( 'NONE',  ( -0.03101256001158438080, 3.020000000000000018, -1.736966025442937545 ) ) ;
#1605 = ORIENTED_EDGE ( 'NONE', *, *, #901, .T. ) ;
#1606 = ITEM_DEFINED_TRANSFORMATION ( 'NONE', 'NONE', #2065,  #4922 ) ;
#1607 = VERTEX_POINT ( 'NONE', #6018 ) ;
#1608 = ORIENTED_EDGE ( 'NONE', *, *, #3631, .F. ) ;
#1609 = CARTESIAN_POINT ( 'NONE',  ( -55.74906976069122777, 2.560000000000000053, -15.33036380780025354 ) ) ;
#1610 =( GEOMETRIC_REPRESENTATION_CONTEXT ( 3 ) GLOBAL_UNCERTAINTY_ASSIGNED_CONTEXT ( ( #4740 ) ) GLOBAL_UNIT_ASSIGNED_CONTEXT ( ( #7068, #1219, #3189 ) ) REPRESENTATION_CONTEXT ( 'NONE', 'WORKASPACE' ) );
#1611 = SURFACE_SIDE_STYLE ('',( #2179 ) ) ;
#1612 = CARTESIAN_POINT ( 'NONE',  ( -0.1316297488951431449, 3.000000000000000888, -1.968232976005763080 ) ) ;
#1613 = LINE ( 'NONE', #9, #5062 ) ;
#1614 = CARTESIAN_POINT ( 'NONE',  ( -1.757269906701359075, 3.020000000000000462, -1.578444247848852289 ) ) ;
#1615 = ORIENTED_EDGE ( 'NONE', *, *, #3937, .T. ) ;
#1616 = FACE_OUTER_BOUND ( 'NONE', #4081, .T. ) ;
#1617 =( LENGTH_UNIT ( ) NAMED_UNIT ( * ) SI_UNIT ( .MILLI., .METRE. ) );
#1618 = CARTESIAN_POINT ( 'NONE',  ( -3.099999999999999645, 0.0000000000000000000, 3.399999999999999911 ) ) ;
#1619 = EDGE_CURVE ( 'NONE', #1507, #1703, #3581, .T. ) ;
#1620 =( LENGTH_UNIT ( ) NAMED_UNIT ( * ) SI_UNIT ( .MILLI., .METRE. ) );
#1621 = ORIENTED_EDGE ( 'NONE', *, *, #244, .T. ) ;
#1622 = CARTESIAN_POINT ( 'NONE',  ( -1.493121629004987794, 3.020000000000000018, -0.9744569369357213295 ) ) ;
#1623 = CARTESIAN_POINT ( 'NONE',  ( 0.8250936682870266825, 3.000000000000000000, -0.7792486312254709446 ) ) ;
#1624 = CARTESIAN_POINT ( 'NONE',  ( -0.3738166516540089024, 3.020000000000000906, -0.7631222124181722410 ) ) ;
#1625 = CARTESIAN_POINT ( 'NONE',  ( -1.958795034431594084, 3.020000000000000018, -1.388401139822559527 ) ) ;
#1626 = EDGE_CURVE ( 'NONE', #3749, #5631, #2767, .T. ) ;
#1627 = VECTOR ( 'NONE', #1323, 1000.000000000000000 ) ;
#1628 = CARTESIAN_POINT ( 'NONE',  ( -2.071480897853275049, 3.000000000000002220, -1.036624395013399980 ) ) ;
#1629 = EDGE_CURVE ( 'NONE', #1192, #6258, #5600, .T. ) ;
#1630 = CARTESIAN_POINT ( 'NONE',  ( -1.948621269346981100, 3.000000000000000000, -1.391108073370061371 ) ) ;
#1631 = CARTESIAN_POINT ( 'NONE',  ( -2.223125289055032816, 3.019999999999999574, -1.841755062513199981 ) ) ;
#1632 = CARTESIAN_POINT ( 'NONE',  ( -1.828318792775404322, 3.020000000000000462, -2.061796266670198108 ) ) ;
#1633 = ORIENTED_EDGE ( 'NONE', *, *, #4788, .T. ) ;
#1634 = CARTESIAN_POINT ( 'NONE',  ( -0.6072379059818034941, 3.000000000000000888, -1.717672766091256298 ) ) ;
#1635 = VECTOR ( 'NONE', #1017, 1000.000000000000000 ) ;
#1636 = CARTESIAN_POINT ( 'NONE',  ( -1.864643928795388428, 3.020000000000000018, -0.9109572817329495420 ) ) ;
#1637 = LINE ( 'NONE', #4339, #6010 ) ;
#1638 = CARTESIAN_POINT ( 'NONE',  ( -1.677370691355067445, 3.020000000000000018, -1.731563912824466867 ) ) ;
#1639 = MECHANICAL_DESIGN_GEOMETRIC_PRESENTATION_REPRESENTATION (  '', ( #1178 ), #514 ) ;
#1640 = CARTESIAN_POINT ( 'NONE',  ( 0.9897294814213749570, 3.020000000000000018, -1.717672766091256298 ) ) ;
#1641 = ORIENTED_EDGE ( 'NONE', *, *, #3511, .F. ) ;
#1642 = CARTESIAN_POINT ( 'NONE',  ( -52.70219205376778859, -1.958434843431131611, -17.04917262324526206 ) ) ;
#1643 = EDGE_LOOP ( 'NONE', ( #4894, #3157, #5953, #4470 ) ) ;
#1644 = CARTESIAN_POINT ( 'NONE',  ( -2.062879049339339410, 3.000000000000000000, -1.804004510402034800 ) ) ;
#1645 = MECHANICAL_DESIGN_GEOMETRIC_PRESENTATION_REPRESENTATION (  '', ( #1183 ), #2098 ) ;
#1646 = CARTESIAN_POINT ( 'NONE',  ( -0.2081127356598356515, 3.020000000000000462, -2.020085302194129628 ) ) ;
#1647 = STYLED_ITEM ( 'NONE', ( #3893 ), #1682 ) ;
#1648 = UNCERTAINTY_MEASURE_WITH_UNIT (LENGTH_MEASURE( 1.000000000000000082E-05 ), #1351, 'distance_accuracy_value', 'NONE');
#1649 = CARTESIAN_POINT ( 'NONE',  ( -1.446880552966979705, 3.020000000000000018, -1.165628305175144597 ) ) ;
#1650 = CARTESIAN_POINT ( 'NONE',  ( -1.537013706140163194, 3.020000000000000018, -1.622360429834539763 ) ) ;
#1651 = DIRECTION ( 'NONE',  ( -0.0000000000000000000, -1.000000000000000000, -0.0000000000000000000 ) ) ;
#1652 = ORIENTED_EDGE ( 'NONE', *, *, #5968, .F. ) ;
#1653 = LINE ( 'NONE', #4499, #5560 ) ;
#1654 = CARTESIAN_POINT ( 'NONE',  ( -0.1154764257551886553, 2.999999999999999112, -0.8518878056760208484 ) ) ;
#1655 = VECTOR ( 'NONE', #4904, 1000.000000000000000 ) ;
#1656 = EDGE_CURVE ( 'NONE', #1968, #1211, #160, .T. ) ;
#1657 = DIRECTION ( 'NONE',  ( 0.0000000000000000000, 0.0000000000000000000, 1.000000000000000000 ) ) ;
#1658 = UNCERTAINTY_MEASURE_WITH_UNIT (LENGTH_MEASURE( 1.000000000000000082E-05 ), #3601, 'distance_accuracy_value', 'NONE');
#1659 = COLOUR_RGB ( '',1.000000000000000000, 1.000000000000000000, 1.000000000000000000 ) ;
#1660 = DIRECTION ( 'NONE',  ( -0.0000000000000000000, -1.000000000000000000, -0.0000000000000000000 ) ) ;
#1661 = EDGE_LOOP ( 'NONE', ( #6512, #6669, #5196, #337 ) ) ;
#1662 = LINE ( 'NONE', #1089, #2336 ) ;
#1663 = LINE ( 'NONE', #5425, #355 ) ;
#1664 = CARTESIAN_POINT ( 'NONE',  ( -0.1956483731459326414, 3.000000000000001776, -1.731563912824466867 ) ) ;
#1665 = PRESENTATION_LAYER_ASSIGNMENT (  '', '', ( #767 ) ) ;
#1666 = CARTESIAN_POINT ( 'NONE',  ( -1.779928146876207373, 3.000000000000000444, -2.053311126813548881 ) ) ;
#1667 = CARTESIAN_POINT ( 'NONE',  ( -3.399999999999999911, 1.351261177893192666, -1.590000000000000302 ) ) ;
#1668 = DIRECTION ( 'NONE',  ( 0.0000000000000000000, 0.0000000000000000000, 1.000000000000000000 ) ) ;
#1669 = DIRECTION ( 'NONE',  ( 6.195440985631449401E-16, -0.0000000000000000000, 1.000000000000000000 ) ) ;
#1670 = EDGE_CURVE ( 'NONE', #1386, #4566, #3730, .T. ) ;
#1671 = VERTEX_POINT ( 'NONE', #5011 ) ;
#1672 = LINE ( 'NONE', #4929, #3026 ) ;
#1673 =( LENGTH_UNIT ( ) NAMED_UNIT ( * ) SI_UNIT ( .MILLI., .METRE. ) );
#1674 = CARTESIAN_POINT ( 'NONE',  ( -0.1054215600619964610, 3.019999999999999574, -1.442365052313585361 ) ) ;
#1675 = DIRECTION ( 'NONE',  ( -0.0000000000000000000, 1.000000000000000000, -0.0000000000000000000 ) ) ;
#1676 = CARTESIAN_POINT ( 'NONE',  ( -1.698455366609463280, 3.000000000000000000, -1.820283394106908315 ) ) ;
#1677 = PLANE ( 'NONE',  #2283 ) ;
#1678 = ORIENTED_EDGE ( 'NONE', *, *, #3681, .F. ) ;
#1679 = PRODUCT_CONTEXT ( 'NONE', #32, 'mechanical' ) ;
#1680 = ORIENTED_EDGE ( 'NONE', *, *, #1905, .F. ) ;
#1681 = CARTESIAN_POINT ( 'NONE',  ( -1.951357324225850176, 2.999999999999999556, -1.904062053855921199 ) ) ;
#1682 = ADVANCED_FACE ( 'NONE', ( #2249 ), #851, .T. ) ;
#1683 = DIRECTION ( 'NONE',  ( 0.0000000000000000000, 1.000000000000000000, 0.0000000000000000000 ) ) ;
#1684 = PLANE ( 'NONE',  #1029 ) ;
#1685 = DIRECTION ( 'NONE',  ( 1.000000000000000000, 0.0000000000000000000, 0.0000000000000000000 ) ) ;
#1686 = CARTESIAN_POINT ( 'NONE',  ( -1.873307558523109151, 3.000000000000000000, -1.536484756256768280 ) ) ;
#1687 = CARTESIAN_POINT ( 'NONE',  ( -0.6446069468154494997, 3.000000000000000888, -1.977621574351265066 ) ) ;
#1688 = CARTESIAN_POINT ( 'NONE',  ( -0.2209966292413470812, 3.020000000000000906, -0.7914466682654155427 ) ) ;
#1689 = DIRECTION ( 'NONE',  ( 1.000000000000000000, 0.0000000000000000000, 0.0000000000000000000 ) ) ;
#1690 = DIRECTION ( 'NONE',  ( -0.0000000000000000000, -1.000000000000000000, -0.0000000000000000000 ) ) ;
#1691 = VERTEX_POINT ( 'NONE', #6311 ) ;
#1692 = VECTOR ( 'NONE', #1510, 1000.000000000000000 ) ;
#1693 = CARTESIAN_POINT ( 'NONE',  ( -0.7642743647563223774, 3.020000000000000018, -1.013085924912181968 ) ) ;
#1694 = B_SPLINE_CURVE_WITH_KNOTS ( 'NONE', 3,
 ( #2862, #1861, #4029, #2936, #1785, #4495, #1752, #3952, #6714, #3919, #6678, #6113, #1285, #3421, #2386, #1325, #794, #4134, #6877 ),
 .UNSPECIFIED., .F., .F.,
 ( 4, 1, 1, 1, 1, 1, 1, 1, 1, 1, 1, 1, 1, 1, 1, 1, 4 ),
 ( 0.0000000000000000000, 0.06350344145461818413, 0.1248046405781821633, 0.1849202801139813446, 0.2443762015685237987, 0.3037746372808736162, 0.3641325964146212568, 0.4253755063553633087, 0.4883879977208413492, 0.5517433281320244243, 0.6138598322814835528, 0.6756404471380687005, 0.7377369491926125677, 0.8004171140764986259, 0.8646584058363333547, 0.9309845230655547921, 1.000000000000000000 ),
 .UNSPECIFIED. ) ;
#1695 = CARTESIAN_POINT ( 'NONE',  ( 0.0000000000000000000, 0.2000000000000000111, 0.0000000000000000000 ) ) ;
#1696 = CARTESIAN_POINT ( 'NONE',  ( -0.2755475884922244934, 3.000000000000000444, -1.578444247848851845 ) ) ;
#1697 = CARTESIAN_POINT ( 'NONE',  ( -1.677759168096796039, 3.020000000000000462, -1.707754741635870932 ) ) ;
#1698 = COLOUR_RGB ( '',1.000000000000000000, 1.000000000000000000, 1.000000000000000000 ) ;
#1699 = CARTESIAN_POINT ( 'NONE',  ( -0.1924405652798669153, 3.020000000000000462, -1.489049086990398063 ) ) ;
#1700 = MECHANICAL_DESIGN_GEOMETRIC_PRESENTATION_REPRESENTATION (  '', ( #6861 ), #3647 ) ;
#1701 = CARTESIAN_POINT ( 'NONE',  ( -2.150106701838768508, 3.020000000000000018, -1.954890135931789619 ) ) ;
#1702 = CARTESIAN_POINT ( 'NONE',  ( -1.514369533124211742, 3.020000000000000018, -1.779189300928328832 ) ) ;
#1703 = VERTEX_POINT ( 'NONE', #280 ) ;
#1704 = CARTESIAN_POINT ( 'NONE',  ( -0.4049317642884217583, 3.020000000000000018, -1.914698500756816690 ) ) ;
#1705 = PRODUCT ( 'User Library-IHLP', 'User Library-IHLP', '', ( #1679 ) ) ;
#1706 =( NAMED_UNIT ( * ) PLANE_ANGLE_UNIT ( ) SI_UNIT ( $, .RADIAN. ) );
#1707 = CARTESIAN_POINT ( 'NONE',  ( 0.03428311630434724422, 3.020000000000001350, -1.195713631510698871 ) ) ;
#1708 = CARTESIAN_POINT ( 'NONE',  ( -2.171710420041897738, 2.999999999999999112, -1.929905493478005551 ) ) ;
#1709 = VECTOR ( 'NONE', #4799, 1000.000000000000000 ) ;
#1710 = LINE ( 'NONE', #5038, #5367 ) ;
#1711 = EDGE_CURVE ( 'NONE', #3317, #5397, #4041, .T. ) ;
#1712 = CARTESIAN_POINT ( 'NONE',  ( -3.600000000000000533, 3.000000000000000000, -3.399999999999999911 ) ) ;
#1713 = VERTEX_POINT ( 'NONE', #3015 ) ;
#1714 = DIRECTION ( 'NONE',  ( -1.000000000000000000, 0.0000000000000000000, 3.330669073875469621E-16 ) ) ;
#1715 = PRESENTATION_LAYER_ASSIGNMENT (  '', '', ( #5027 ) ) ;
#1716 = ORIENTED_EDGE ( 'NONE', *, *, #2462, .T. ) ;
#1717 = CARTESIAN_POINT ( 'NONE',  ( -1.985878436049924867, 3.000000000000000888, -1.888529696073001807 ) ) ;
#1718 = CARTESIAN_POINT ( 'NONE',  ( -1.989550546529374797, 3.000000000000001332, -0.9409544661237361218 ) ) ;
#1719 = VECTOR ( 'NONE', #4900, 1000.000000000000000 ) ;
#1720 = CARTESIAN_POINT ( 'NONE',  ( -0.1465341729248579306, 3.000000000000000888, -1.066794057876733426 ) ) ;
#1721 = EDGE_CURVE ( 'NONE', #6042, #5414, #3585, .T. ) ;
#1722 = FACE_OUTER_BOUND ( 'NONE', #2792, .T. ) ;
#1723 = EDGE_CURVE ( 'NONE', #2409, #1863, #1793, .T. ) ;
#1724 = EDGE_CURVE ( 'NONE', #681, #473, #6270, .T. ) ;
#1725 = AXIS2_PLACEMENT_3D ( 'NONE', #886, #330, #3064 ) ;
#1726 = VERTEX_POINT ( 'NONE', #1367 ) ;
#1727 = CARTESIAN_POINT ( 'NONE',  ( -55.34906976069122919, 2.360000000000000320, -19.91036380780025539 ) ) ;
#1728 = CARTESIAN_POINT ( 'NONE',  ( -0.7539542369837454183, 3.000000000000003109, -1.807900982554947689 ) ) ;
#1729 = CARTESIAN_POINT ( 'NONE',  ( 0.9897294814213749570, 3.020000000000000018, -1.717672766091256298 ) ) ;
#1730 = UNCERTAINTY_MEASURE_WITH_UNIT (LENGTH_MEASURE( 1.000000000000000082E-05 ), #1617, 'distance_accuracy_value', 'NONE');
#1731 = CARTESIAN_POINT ( 'NONE',  ( 1.434246176884115043, 3.020000000000000018, -2.063407973673387463 ) ) ;
#1732 = FILL_AREA_STYLE_COLOUR ( '', #5643 ) ;
#1733 = EDGE_LOOP ( 'NONE', ( #2005, #4351, #70, #3400 ) ) ;
#1734 =( NAMED_UNIT ( * ) SI_UNIT ( $, .STERADIAN. ) SOLID_ANGLE_UNIT ( ) );
#1735 = FILL_AREA_STYLE ('',( #3330 ) ) ;
#1736 = DIRECTION ( 'NONE',  ( 0.0000000000000000000, -0.0000000000000000000, -1.000000000000000000 ) ) ;
#1737 = DIRECTION ( 'NONE',  ( 2.182042108146928133E-15, -0.0000000000000000000, -1.000000000000000000 ) ) ;
#1738 = DIRECTION ( 'NONE',  ( 0.0000000000000000000, -1.000000000000000000, 0.0000000000000000000 ) ) ;
#1739 = CARTESIAN_POINT ( 'NONE',  ( -55.74906976069122777, 1.560000000000000275, -19.91036380780025539 ) ) ;
#1740 = CARTESIAN_POINT ( 'NONE',  ( -0.4288575373794117351, 3.000000000000000444, -0.7635388514647977187 ) ) ;
#1741 = VERTEX_POINT ( 'NONE', #347 ) ;
#1742 = CARTESIAN_POINT ( 'NONE',  ( -0.3619903655387871066, 3.000000000000000000, -1.405700797738484997 ) ) ;
#1743 = CARTESIAN_POINT ( 'NONE',  ( -1.784999128282048764, 3.020000000000000462, -0.9206333661622516651 ) ) ;
#1744 = CARTESIAN_POINT ( 'NONE',  ( -0.06407429407157828882, 3.020000000000001350, -1.411344646737302755 ) ) ;
#1745 = LINE ( 'NONE', #4996, #877 ) ;
#1746 = ADVANCED_FACE ( 'NONE', ( #5786 ), #3548, .T. ) ;
#1747 = CARTESIAN_POINT ( 'NONE',  ( -1.812792555447627851, 3.020000000000000906, -1.908134922655280175 ) ) ;
#1748 = CARTESIAN_POINT ( 'NONE',  ( -0.3465964745662698521, 3.020000000000000906, -2.061796266670198996 ) ) ;
#1749 = STYLED_ITEM ( 'NONE', ( #1156 ), #290 ) ;
#1750 = DIRECTION ( 'NONE',  ( 1.000000000000000000, 0.0000000000000000000, 0.0000000000000000000 ) ) ;
#1751 = VERTEX_POINT ( 'NONE', #3686 ) ;
#1752 = CARTESIAN_POINT ( 'NONE',  ( -1.493121629004987794, 3.000000000000000000, -0.9744569369357213295 ) ) ;
#1753 = VERTEX_POINT ( 'NONE', #2109 ) ;
#1754 = CARTESIAN_POINT ( 'NONE',  ( -1.761321733180697402, 3.020000000000000906, -1.886070645818264335 ) ) ;
#1755 = EDGE_CURVE ( 'NONE', #1200, #2990, #2006, .T. ) ;
#1756 = CARTESIAN_POINT ( 'NONE',  ( 0.8250936682870266825, 3.020000000000000018, -1.224794300520300805 ) ) ;
#1757 = VECTOR ( 'NONE', #1690, 1000.000000000000000 ) ;
#1758 = SURFACE_STYLE_FILL_AREA ( #723 ) ;
#1759 = DIRECTION ( 'NONE',  ( 0.0000000000000000000, -0.0000000000000000000, 1.000000000000000000 ) ) ;
#1760 = VECTOR ( 'NONE', #1531, 1000.000000000000000 ) ;
#1761 = ORIENTED_EDGE ( 'NONE', *, *, #4016, .F. ) ;
#1762 = DIRECTION ( 'NONE',  ( -0.0000000000000000000, -0.0000000000000000000, -1.000000000000000000 ) ) ;
#1763 = ADVANCED_FACE ( 'NONE', ( #979 ), #6849, .T. ) ;
#1764 = VERTEX_POINT ( 'NONE', #553 ) ;
#1765 = CARTESIAN_POINT ( 'NONE',  ( -0.7414029708458986789, 3.020000000000000018, -1.841755062513200203 ) ) ;
#1766 = CARTESIAN_POINT ( 'NONE',  ( -3.600000000000000533, 0.2000000000000000111, -1.590000000000000302 ) ) ;
#1767 = VECTOR ( 'NONE', #6471, 1000.000000000000000 ) ;
#1768 = DIRECTION ( 'NONE',  ( -6.195440985631453345E-16, 0.0000000000000000000, -1.000000000000000000 ) ) ;
#1769 = CARTESIAN_POINT ( 'NONE',  ( -1.035291020131108963, 3.000000000000000000, -0.9438844443598192191 ) ) ;
#1770 = CARTESIAN_POINT ( 'NONE',  ( -0.2795705151471239436, 3.000000000000002220, -0.9290547804331498183 ) ) ;
#1771 = EDGE_CURVE ( 'NONE', #6812, #6632, #6726, .T. ) ;
#1772 = LINE ( 'NONE', #3406, #5149 ) ;
#1773 = CARTESIAN_POINT ( 'NONE',  ( -1.836997696681510917, 3.000000000000000000, -0.9113514499095943799 ) ) ;
#1774 = CARTESIAN_POINT ( 'NONE',  ( 0.7691454796976190389, 3.000000000000000000, -0.8580532452824732870 ) ) ;
#1775 = ORIENTED_EDGE ( 'NONE', *, *, #3638, .F. ) ;
#1776 = CARTESIAN_POINT ( 'NONE',  ( -0.2971128801610283809, 3.019999999999999574, -1.396811617065946587 ) ) ;
#1777 = CARTESIAN_POINT ( 'NONE',  ( -1.638218510669772643, 3.000000000000000444, -1.044569058784599491 ) ) ;
#1778 = MECHANICAL_DESIGN_GEOMETRIC_PRESENTATION_REPRESENTATION (  '', ( #1204 ), #6582 ) ;
#1779 = CARTESIAN_POINT ( 'NONE',  ( 0.8250936682870266825, 3.020000000000000018, -1.717672766091256298 ) ) ;
#1780 = CARTESIAN_POINT ( 'NONE',  ( -1.482794802351464325, 3.019999999999999574, -1.329034521154250026 ) ) ;
#1781 = CARTESIAN_POINT ( 'NONE',  ( 0.03108130030042716846, 3.000000000000000444, -1.224932125661505333 ) ) ;
#1782 = ORIENTED_EDGE ( 'NONE', *, *, #2415, .T. ) ;
#1783 = VECTOR ( 'NONE', #6832, 1000.000000000000000 ) ;
#1784 = ORIENTED_EDGE ( 'NONE', *, *, #4366, .T. ) ;
#1785 = CARTESIAN_POINT ( 'NONE',  ( -1.463188395194005897, 3.000000000000000444, -1.046471747391922280 ) ) ;
#1786 = EDGE_LOOP ( 'NONE', ( #6689, #3949, #3832, #5022 ) ) ;
#1787 = CARTESIAN_POINT ( 'NONE',  ( 0.2416655054921800772, 3.020000000000000018, -0.9914744840939667681 ) ) ;
#1788 = CARTESIAN_POINT ( 'NONE',  ( -0.4600946479929796662, 3.020000000000000018, -1.536573371643473296 ) ) ;
#1789 = PLANE ( 'NONE',  #6403 ) ;
#1790 = CARTESIAN_POINT ( 'NONE',  ( 2.059862266794638241, 3.000000000000000000, -1.388401139822559527 ) ) ;
#1791 = CARTESIAN_POINT ( 'NONE',  ( -1.611516366101327868, 3.020000000000000018, -1.166914522465256621 ) ) ;
#1792 = ORIENTED_EDGE ( 'NONE', *, *, #2364, .F. ) ;
#1793 = LINE ( 'NONE', #6813, #2326 ) ;
#1794 = ORIENTED_EDGE ( 'NONE', *, *, #1711, .T. ) ;
#1795 = CARTESIAN_POINT ( 'NONE',  ( -0.5627807814173197976, 3.020000000000000906, -2.030280888219688773 ) ) ;
#1796 = CARTESIAN_POINT ( 'NONE',  ( -2.268479116379690907, 3.000000000000000444, -1.111914769944495340 ) ) ;
#1797 = EDGE_CURVE ( 'NONE', #6687, #5533, #5483, .T. ) ;
#1798 = VECTOR ( 'NONE', #2633, 1000.000000000000000 ) ;
#1799 = CARTESIAN_POINT ( 'NONE',  ( 0.3982294276893040275, 2.999999999999999556, -1.127719209016205149 ) ) ;
#1800 = ORIENTED_EDGE ( 'NONE', *, *, #345, .T. ) ;
#1801 =( NAMED_UNIT ( * ) PLANE_ANGLE_UNIT ( ) SI_UNIT ( $, .RADIAN. ) );
#1802 = CARTESIAN_POINT ( 'NONE',  ( -1.462278338488021578, 3.000000000000000888, -1.279743727460097347 ) ) ;
#1803 = CARTESIAN_POINT ( 'NONE',  ( -0.2362429091723549368, 3.020000000000000018, -0.9520666836456233018 ) ) ;
#1804 = CARTESIAN_POINT ( 'NONE',  ( -2.044503099626454823, 3.020000000000000018, -2.030280888219688329 ) ) ;
#1805 = COLOUR_RGB ( '',1.000000000000000000, 1.000000000000000000, 1.000000000000000000 ) ;
#1806 = CARTESIAN_POINT ( 'NONE',  ( -54.37906976069123033, 0.2000000000000000111, -19.21036380780025254 ) ) ;
#1807 = FILL_AREA_STYLE ('',( #5727 ) ) ;
#1808 = EDGE_CURVE ( 'NONE', #4000, #5174, #6514, .T. ) ;
#1809 = LINE ( 'NONE', #3524, #3121 ) ;
#1810 = AXIS2_PLACEMENT_3D ( 'NONE', #6575, #2236, #1100 ) ;
#1811 = VERTEX_POINT ( 'NONE', #4345 ) ;
#1812 = CARTESIAN_POINT ( 'NONE',  ( -1.855281850698480506, 3.000000000000000444, -0.9110907622462384170 ) ) ;
#1813 = CARTESIAN_POINT ( 'NONE',  ( -0.3888382101207695785, 3.020000000000000018, -0.7627850499120361061 ) ) ;
#1814 = SURFACE_SIDE_STYLE ('',( #1389 ) ) ;
#1815 = CARTESIAN_POINT ( 'NONE',  ( -1.831920367632432267, 3.019999999999999130, -1.912176249954232299 ) ) ;
#1816 = STYLED_ITEM ( 'NONE', ( #6864 ), #5049 ) ;
#1817 = CARTESIAN_POINT ( 'NONE',  ( -0.03155855312498864751, 3.020000000000000462, -1.751069074099343537 ) ) ;
#1818 = CARTESIAN_POINT ( 'NONE',  ( -1.901205798222122434, 3.000000000000000444, -1.401516807261640851 ) ) ;
#1819 = VERTEX_POINT ( 'NONE', #2140 ) ;
#1820 = FACE_OUTER_BOUND ( 'NONE', #6195, .T. ) ;
#1821 = VECTOR ( 'NONE', #5297, 1000.000000000000000 ) ;
#1822 = ORIENTED_EDGE ( 'NONE', *, *, #5880, .T. ) ;
#1823 = LINE ( 'NONE', #4497, #5551 ) ;
#1824 = CARTESIAN_POINT ( 'NONE',  ( -0.6072379059818034941, 3.020000000000000018, -1.717672766091256298 ) ) ;
#1825 = CARTESIAN_POINT ( 'NONE',  ( -1.864643928795388428, 3.000000000000000000, -0.9109572817329495420 ) ) ;
#1826 = PRODUCT ( 'IHPL_Body', 'IHPL_Body', '', ( #2759 ) ) ;
#1827 = DIRECTION ( 'NONE',  ( -1.000000000000000000, 0.0000000000000000000, -0.0000000000000000000 ) ) ;
#1828 = DIRECTION ( 'NONE',  ( 6.195440985631453345E-16, 0.0000000000000000000, 1.000000000000000000 ) ) ;
#1829 = VECTOR ( 'NONE', #4939, 1000.000000000000000 ) ;
#1830 = ORIENTED_EDGE ( 'NONE', *, *, #4598, .T. ) ;
#1831 = CARTESIAN_POINT ( 'NONE',  ( -2.330000000000000515, 0.2000000000000000111, 1.589999999999999858 ) ) ;
#1832 = ORIENTED_EDGE ( 'NONE', *, *, #3284, .T. ) ;
#1833 = VECTOR ( 'NONE', #1056, 1000.000000000000000 ) ;
#1834 = FILL_AREA_STYLE ('',( #5090 ) ) ;
#1835 = CARTESIAN_POINT ( 'NONE',  ( -2.256988067986609448, 3.020000000000000018, -1.048779485120968635 ) ) ;
#1836 = CARTESIAN_POINT ( 'NONE',  ( -1.537780596677118083, 3.019999999999999130, -1.860838463836623102 ) ) ;
#1837 = LINE ( 'NONE', #2987, #6871 ) ;
#1838 = AXIS2_PLACEMENT_3D ( 'NONE', #3392, #6121, #1580 ) ;
#1839 = CARTESIAN_POINT ( 'NONE',  ( 0.4003600845610983394, 2.999999999999999112, -1.086527549917051694 ) ) ;
#1840 = EDGE_LOOP ( 'NONE', ( #4017, #2356, #3176, #3183 ) ) ;
#1841 = CARTESIAN_POINT ( 'NONE',  ( 3.599999999999999645, 3.000000000000000000, -3.400000000000000355 ) ) ;
#1842 = EDGE_CURVE ( 'NONE', #916, #6012, #5960, .T. ) ;
#1843 = DIRECTION ( 'NONE',  ( 0.0000000000000000000, 0.0000000000000000000, 1.000000000000000000 ) ) ;
#1844 = CARTESIAN_POINT ( 'NONE',  ( -2.100700902011110482, 2.999999999999999556, -1.997923291443938876 ) ) ;
#1845 = CARTESIAN_POINT ( 'NONE',  ( 0.4065585620845507675, 2.999999999999999556, -1.042665932240428139 ) ) ;
#1846 = FACE_OUTER_BOUND ( 'NONE', #2280, .T. ) ;
#1847 = LINE ( 'NONE', #4565, #1296 ) ;
#1848 = ORIENTED_EDGE ( 'NONE', *, *, #5968, .T. ) ;
#1849 = CARTESIAN_POINT ( 'NONE',  ( -0.1299869473198594916, 3.000000000000000000, -1.175412358679482461 ) ) ;
#1850 = CARTESIAN_POINT ( 'NONE',  ( -1.611680494745935777, 3.000000000000000000, -1.157984966513125435 ) ) ;
#1851 = EDGE_CURVE ( 'NONE', #588, #1860, #5517, .T. ) ;
#1852 = CARTESIAN_POINT ( 'NONE',  ( -0.2503532462710357231, 3.000000000000001776, -1.863214182657017437 ) ) ;
#1853 = CARTESIAN_POINT ( 'NONE',  ( 0.2416655054921800772, 3.000000000000000000, -0.9914744840939667681 ) ) ;
#1854 = B_SPLINE_CURVE_WITH_KNOTS ( 'NONE', 3,
 ( #2715, #4452, #3377, #5583, #676, #66, #2786, #2853, #7050, #1601, #3781 ),
 .UNSPECIFIED., .F., .F.,
 ( 4, 1, 1, 1, 1, 1, 1, 1, 4 ),
 ( 0.0000000000000000000, 0.1391553721775537489, 0.2696191397265682577, 0.3941159387666369751, 0.5146268937418990719, 0.6329159631348559856, 0.7523074279855065383, 0.8734441129988691488, 1.000000000000000000 ),
 .UNSPECIFIED. ) ;
#1855 = CARTESIAN_POINT ( 'NONE',  ( -1.450641017908707253, 3.020000000000000018, -1.224932125661505333 ) ) ;
#1856 = CARTESIAN_POINT ( 'NONE',  ( -55.34906976069122919, 2.360000000000000320, -19.91036380780025539 ) ) ;
#1857 = ORIENTED_EDGE ( 'NONE', *, *, #2505, .F. ) ;
#1858 = ITEM_DEFINED_TRANSFORMATION ( 'NONE', 'NONE', #377,  #4922 ) ;
#1859 = CARTESIAN_POINT ( 'NONE',  ( -0.3072501053399334658, 3.020000000000000018, -1.560743116897136185 ) ) ;
#1860 = VERTEX_POINT ( 'NONE', #2793 ) ;
#1861 = CARTESIAN_POINT ( 'NONE',  ( -1.447193898028675152, 2.999999999999999112, -1.151802878258184393 ) ) ;
#1862 =( REPRESENTATION_RELATIONSHIP ('NONE','NONE', #5166, #3771 ) REPRESENTATION_RELATIONSHIP_WITH_TRANSFORMATION ( #1606 )SHAPE_REPRESENTATION_RELATIONSHIP( ) );
#1863 = VERTEX_POINT ( 'NONE', #5447 ) ;
#1864 = CARTESIAN_POINT ( 'NONE',  ( 0.2726953340210757082, 3.019999999999999130, -0.8995123882184301589 ) ) ;
#1865 = LINE ( 'NONE', #4537, #459 ) ;
#1866 = LINE ( 'NONE', #313, #5440 ) ;
#1867 = LINE ( 'NONE', #1791, #4218 ) ;
#1868 = ORIENTED_EDGE ( 'NONE', *, *, #3839, .T. ) ;
#1869 = CARTESIAN_POINT ( 'NONE',  ( -1.852296242810312465, 3.000000000000001332, -1.405893694968084029 ) ) ;
#1870 = VECTOR ( 'NONE', #823, 1000.000000000000000 ) ;
#1871 = CARTESIAN_POINT ( 'NONE',  ( -0.5005364397142632038, 3.020000000000001350, -2.051979699773587296 ) ) ;
#1872 =( NAMED_UNIT ( * ) PLANE_ANGLE_UNIT ( ) SI_UNIT ( $, .RADIAN. ) );
#1873 = UNCERTAINTY_MEASURE_WITH_UNIT (LENGTH_MEASURE( 1.000000000000000082E-05 ), #2623, 'distance_accuracy_value', 'NONE');
#1874 = CARTESIAN_POINT ( 'NONE',  ( -0.3552753784723763353, 3.019999999999999574, -0.9113514499095941579 ) ) ;
#1875 = B_SPLINE_CURVE_WITH_KNOTS ( 'NONE', 3,
 ( #1462, #892, #1428, #3634, #4131, #3101, #2532, #1994, #6833, #5836, #2492, #4760, #4197, #6941, #6402, #2423, #5733, #4646, #1496 ),
 .UNSPECIFIED., .F., .F.,
 ( 4, 1, 1, 1, 1, 1, 1, 1, 1, 1, 1, 1, 1, 1, 1, 1, 4 ),
 ( 0.0000000000000000000, 0.08256648184309033078, 0.1597600173463222251, 0.2331545001529422290, 0.3013562791316529710, 0.3657520143271565383, 0.4264371723179330442, 0.4841852540351040957, 0.5395491542935743068, 0.5931555898196895216, 0.6470483404201382571, 0.7014463748055871362, 0.7569996743770369685, 0.8138396236591044497, 0.8730579525107790007, 0.9349625940127606061, 0.9999999999999998890 ),
 .UNSPECIFIED. ) ;
#1876 = SURFACE_STYLE_USAGE ( .BOTH. , #5019 ) ;
#1877 = EDGE_LOOP ( 'NONE', ( #6439, #4868, #4982, #4913 ) ) ;
#1878 = PRESENTATION_STYLE_ASSIGNMENT (( #89 ) ) ;
#1879 = CARTESIAN_POINT ( 'NONE',  ( -1.471721013156102043, 3.020000000000000906, -1.305032025826435182 ) ) ;
#1880 = STYLED_ITEM ( 'NONE', ( #5067 ), #1506 ) ;
#1881 = CARTESIAN_POINT ( 'NONE',  ( -0.1302797678605847054, 3.019999999999999574, -1.140488522024077467 ) ) ;
#1882 = CARTESIAN_POINT ( 'NONE',  ( -2.073350695881957417, 2.999999999999999556, -2.015436186200724400 ) ) ;
#1883 = CARTESIAN_POINT ( 'NONE',  ( 0.4458218859580466154, 3.000000000000000444, -0.9645510872279650094 ) ) ;
#1884 = DIRECTION ( 'NONE',  ( 0.1138384583614900220, 0.0000000000000000000, -0.9934992729729998917 ) ) ;
#1885 = LINE ( 'NONE', #3978, #6548 ) ;
#1886 = ORIENTED_EDGE ( 'NONE', *, *, #3959, .F. ) ;
#1887 = CARTESIAN_POINT ( 'NONE',  ( -0.1388805520114952952, 2.999999999999999556, -1.239604617066078385 ) ) ;
#1888 = FACE_OUTER_BOUND ( 'NONE', #162, .T. ) ;
#1889 = CARTESIAN_POINT ( 'NONE',  ( -0.2956348949958004790, 3.020000000000000018, -1.895353349385554331 ) ) ;
#1890 = CARTESIAN_POINT ( 'NONE',  ( 0.3970405541377209357, 3.020000000000000018, -1.717672766091256298 ) ) ;
#1891 = FILL_AREA_STYLE ('',( #3572 ) ) ;
#1892 = CARTESIAN_POINT ( 'NONE',  ( -0.02915363715317644683, 3.000000000000000444, -1.373102610874840535 ) ) ;
#1893 = EDGE_CURVE ( 'NONE', #1811, #2465, #3888, .T. ) ;
#1894 = LINE ( 'NONE', #2216, #1519 ) ;
#1895 = VERTEX_POINT ( 'NONE', #1176 ) ;
#1896 =( NAMED_UNIT ( * ) PLANE_ANGLE_UNIT ( ) SI_UNIT ( $, .RADIAN. ) );
#1897 = AXIS2_PLACEMENT_3D ( 'NONE', #1779, #752, #265 ) ;
#1898 = VERTEX_POINT ( 'NONE', #2721 ) ;
#1899 = CARTESIAN_POINT ( 'NONE',  ( -1.679189208383534027, 3.020000000000000462, -1.338470141058727192 ) ) ;
#1900 = DIRECTION ( 'NONE',  ( -3.188829919075012867E-16, -0.0000000000000000000, -1.000000000000000000 ) ) ;
#1901 = PLANE ( 'NONE',  #2808 ) ;
#1902 = LINE ( 'NONE', #1362, #2048 ) ;
#1903 = DIRECTION ( 'NONE',  ( -0.9950371902099890420, 0.0000000000000000000, 0.09950371902099917898 ) ) ;
#1904 = FILL_AREA_STYLE_COLOUR ( '', #2756 ) ;
#1905 = EDGE_CURVE ( 'NONE', #6096, #2719, #3349, .T. ) ;
#1906 = ORIENTED_EDGE ( 'NONE', *, *, #5335, .T. ) ;
#1907 = CARTESIAN_POINT ( 'NONE',  ( -1.715437105946455487, 3.000000000000001332, -1.368066662903413722 ) ) ;
#1908 = LINE ( 'NONE', #4771, #3865 ) ;
#1909 = CARTESIAN_POINT ( 'NONE',  ( -2.245996682965457847, 3.020000000000000018, -1.013085924912182190 ) ) ;
#1910 = CARTESIAN_POINT ( 'NONE',  ( -1.878020588612554276, 3.000000000000000444, -2.063407973673387463 ) ) ;
#1911 = CARTESIAN_POINT ( 'NONE',  ( -55.34906976069122919, 1.560000000000000275, -19.91036380780025539 ) ) ;
#1912 = CARTESIAN_POINT ( 'NONE',  ( -0.2571833679842651654, 3.019999999999999574, -0.9393473058409250731 ) ) ;
#1913 = CARTESIAN_POINT ( 'NONE',  ( 0.7142460109342885222, 3.019999999999999574, -0.9462077998457704142 ) ) ;
#1914 = ORIENTED_EDGE ( 'NONE', *, *, #2681, .F. ) ;
#1915 = CARTESIAN_POINT ( 'NONE',  ( -1.455492853760782745, 3.000000000000002665, -1.252974633896040801 ) ) ;
#1916 = CARTESIAN_POINT ( 'NONE',  ( -0.2571833679842651654, 3.000000000000000888, -0.9393473058409250731 ) ) ;
#1917 = CARTESIAN_POINT ( 'NONE',  ( -1.681649649159886462, 2.999999999999999556, -1.685043697489152059 ) ) ;
#1918 = CARTESIAN_POINT ( 'NONE',  ( -2.053068408851634885, 3.019999999999999574, -1.821838541363574482 ) ) ;
#1919 = SURFACE_STYLE_USAGE ( .BOTH. , #6826 ) ;
#1920 = ORIENTED_EDGE ( 'NONE', *, *, #3274, .T. ) ;
#1921 = CARTESIAN_POINT ( 'NONE',  ( -1.918150568064052042, 3.020000000000000462, -1.534772667437316329 ) ) ;
#1922 = CARTESIAN_POINT ( 'NONE',  ( -0.1960079588193131550, 3.019999999999999574, -1.750851709550556912 ) ) ;
#1923 = CARTESIAN_POINT ( 'NONE',  ( -54.37906976069123033, 0.0000000000000000000, -19.21036380780025254 ) ) ;
#1924 = CARTESIAN_POINT ( 'NONE',  ( 0.2416655054921800772, 3.020000000000000018, -0.9914744840939667681 ) ) ;
#1925 = LINE ( 'NONE', #3072, #6629 ) ;
#1926 = ORIENTED_EDGE ( 'NONE', *, *, #1497, .F. ) ;
#1927 = CARTESIAN_POINT ( 'NONE',  ( -0.2238482789045196653, 3.020000000000000018, -1.626034491164713769 ) ) ;
#1928 = ORIENTED_EDGE ( 'NONE', *, *, #49, .F. ) ;
#1929 = ORIENTED_EDGE ( 'NONE', *, *, #764, .F. ) ;
#1930 = DIRECTION ( 'NONE',  ( -0.0000000000000000000, -1.000000000000000000, -0.0000000000000000000 ) ) ;
#1931 = LINE ( 'NONE', #4068, #6719 ) ;
#1932 = CARTESIAN_POINT ( 'NONE',  ( -0.1559748108900966823, 3.019999999999999574, -1.282589565623013961 ) ) ;
#1933 = VECTOR ( 'NONE', #2901, 1000.000000000000000 ) ;
#1934 = EDGE_CURVE ( 'NONE', #6526, #1898, #3786, .T. ) ;
#1935 = DIRECTION ( 'NONE',  ( -0.0000000000000000000, -1.000000000000000000, -0.0000000000000000000 ) ) ;
#1936 = DIRECTION ( 'NONE',  ( 0.0000000000000000000, -0.0000000000000000000, -1.000000000000000000 ) ) ;
#1937 = VECTOR ( 'NONE', #6653, 1000.000000000000000 ) ;
#1938 = ORIENTED_EDGE ( 'NONE', *, *, #2586, .T. ) ;
#1939 = CARTESIAN_POINT ( 'NONE',  ( -1.615189128100763982, 3.020000000000000462, -1.216440128398399656 ) ) ;
#1940 = DIRECTION ( 'NONE',  ( -0.0000000000000000000, -1.000000000000000000, -0.0000000000000000000 ) ) ;
#1941 = VECTOR ( 'NONE', #4969, 1000.000000000000000 ) ;
#1942 = VECTOR ( 'NONE', #4281, 1000.000000000000000 ) ;
#1943 = LINE ( 'NONE', #6922, #5713 ) ;
#1944 = EDGE_CURVE ( 'NONE', #5359, #6332, #2281, .T. ) ;
#1945 = PRODUCT_DEFINITION ( 'UNKNOWN', '', #5962, #523 ) ;
#1946 = FACE_OUTER_BOUND ( 'NONE', #5884, .T. ) ;
#1947 = CARTESIAN_POINT ( 'NONE',  ( 0.8112775397019797996, 3.019999999999999574, -1.079903931853200216 ) ) ;
#1948 = EDGE_LOOP ( 'NONE', ( #3625, #3085, #4370, #3784 ) ) ;
#1949 = CARTESIAN_POINT ( 'NONE',  ( -1.878020588612554276, 3.020000000000000018, -2.063407973673387463 ) ) ;
#1950 = CARTESIAN_POINT ( 'NONE',  ( -0.2536472057960069693, 3.000000000000000000, -1.379807217455032209 ) ) ;
#1951 = CARTESIAN_POINT ( 'NONE',  ( -1.476391370369928735, 3.019999999999999130, -1.009768632962657620 ) ) ;
#1952 = CARTESIAN_POINT ( 'NONE',  ( 0.6836105456355726639, 3.000000000000000000, -0.9307340737128901864 ) ) ;
#1953 = VECTOR ( 'NONE', #2680, 1000.000000000000000 ) ;
#1954 =( REPRESENTATION_RELATIONSHIP ('NONE','NONE', #5166, #6946 ) REPRESENTATION_RELATIONSHIP_WITH_TRANSFORMATION ( #5516 )SHAPE_REPRESENTATION_RELATIONSHIP( ) );
#1955 = CARTESIAN_POINT ( 'NONE',  ( -2.088960224190938408, 3.020000000000000018, -1.717672766091256298 ) ) ;
#1956 = CARTESIAN_POINT ( 'NONE',  ( 0.7422372760813096271, 2.999999999999999556, -0.9656435530910845166 ) ) ;
#1957 =( NAMED_UNIT ( * ) SI_UNIT ( $, .STERADIAN. ) SOLID_ANGLE_UNIT ( ) );
#1958 = ORIENTED_EDGE ( 'NONE', *, *, #5802, .T. ) ;
#1959 = B_SPLINE_CURVE_WITH_KNOTS ( 'NONE', 3,
 ( #2313, #2070, #6338, #4796, #2641, #4828, #1532 ),
 .UNSPECIFIED., .F., .F.,
 ( 4, 1, 1, 1, 4 ),
 ( 0.0000000000000000000, 0.2094025526291382056, 0.4444010364151508297, 0.7082720668673793130, 0.9999999999999998890 ),
 .UNSPECIFIED. ) ;
#1960 =( GEOMETRIC_REPRESENTATION_CONTEXT ( 3 ) GLOBAL_UNCERTAINTY_ASSIGNED_CONTEXT ( ( #78 ) ) GLOBAL_UNIT_ASSIGNED_CONTEXT ( ( #1000, #3713, #5943 ) ) REPRESENTATION_CONTEXT ( 'NONE', 'WORKASPACE' ) );
#1961 = DIRECTION ( 'NONE',  ( 0.9950371902099891530, 0.0000000000000000000, 0.09950371902099786059 ) ) ;
#1962 = PRODUCT_DEFINITION_FORMATION_WITH_SPECIFIED_SOURCE ( 'ANY', '', #2850, .NOT_KNOWN. ) ;
#1963 = CARTESIAN_POINT ( 'NONE',  ( 2.059862266794638241, 3.020000000000000018, -1.536573371643473296 ) ) ;
#1964 = ORIENTED_EDGE ( 'NONE', *, *, #4819, .F. ) ;
#1965 = CARTESIAN_POINT ( 'NONE',  ( 0.2594939105843244720, 3.000000000000000000, -0.9276418254978499034 ) ) ;
#1966 = ORIENTED_EDGE ( 'NONE', *, *, #4366, .F. ) ;
#1967 = CARTESIAN_POINT ( 'NONE',  ( -1.888204126167126962, 3.019999999999999574, -0.9113187227711539995 ) ) ;
#1968 = VERTEX_POINT ( 'NONE', #5982 ) ;
#1969 = CARTESIAN_POINT ( 'NONE',  ( -0.07450910603163300727, 3.000000000000000000, -1.587794194115608626 ) ) ;
#1970 = PLANE ( 'NONE',  #3525 ) ;
#1971 = ADVANCED_FACE ( 'NONE', ( #4 ), #1287, .F. ) ;
#1972 = CARTESIAN_POINT ( 'NONE',  ( -0.7836468285197749628, 3.020000000000001350, -1.086198636167389875 ) ) ;
#1973 = CARTESIAN_POINT ( 'NONE',  ( 3.600000000000001421, 0.0000000000000000000, -1.590000000000000302 ) ) ;
#1974 = VERTEX_POINT ( 'NONE', #1250 ) ;
#1975 = DIRECTION ( 'NONE',  ( -0.0000000000000000000, -1.000000000000000000, -0.0000000000000000000 ) ) ;
#1976 = DIRECTION ( 'NONE',  ( -6.195440985631451373E-16, 0.0000000000000000000, -1.000000000000000000 ) ) ;
#1977 = CARTESIAN_POINT ( 'NONE',  ( 0.6252680443367965024, 3.000000000000000444, -0.7723980086512300947 ) ) ;
#1978 = CARTESIAN_POINT ( 'NONE',  ( -55.34906976069122919, 1.560000000000000275, -15.33036380780025354 ) ) ;
#1979 = CARTESIAN_POINT ( 'NONE',  ( -0.3841127569600500391, 3.020000000000000462, -1.915118964585510675 ) ) ;
#1980 = EDGE_CURVE ( 'NONE', #6715, #5670, #1523, .T. ) ;
#1981 = MECHANICAL_DESIGN_GEOMETRIC_PRESENTATION_REPRESENTATION (  '', ( #2778 ), #6776 ) ;
#1982 = FILL_AREA_STYLE ('',( #353 ) ) ;
#1983 = ORIENTED_EDGE ( 'NONE', *, *, #926, .T. ) ;
#1984 = FILL_AREA_STYLE ('',( #6427 ) ) ;
#1985 = CARTESIAN_POINT ( 'NONE',  ( -1.660633447158034182, 3.000000000000000000, -1.475406274729326173 ) ) ;
#1986 = CARTESIAN_POINT ( 'NONE',  ( -2.256988067986609448, 3.020000000000000018, -1.048779485120968635 ) ) ;
#1987 = CARTESIAN_POINT ( 'NONE',  ( 0.7422372760813096271, 3.000000000000000444, -0.9656435530910845166 ) ) ;
#1988 = SURFACE_STYLE_FILL_AREA ( #5285 ) ;
#1989 = ORIENTED_EDGE ( 'NONE', *, *, #1619, .T. ) ;
#1990 = COLOUR_RGB ( '',1.000000000000000000, 1.000000000000000000, 1.000000000000000000 ) ;
#1991 = EDGE_CURVE ( 'NONE', #3866, #6569, #5627, .T. ) ;
#1992 = CARTESIAN_POINT ( 'NONE',  ( -0.6639628787878609772, 3.020000000000000018, -0.8632252606038544052 ) ) ;
#1993 = CARTESIAN_POINT ( 'NONE',  ( -3.600000000000000533, 0.0000000000000000000, -1.590000000000000302 ) ) ;
#1994 = CARTESIAN_POINT ( 'NONE',  ( -0.5670493811853304367, 3.000000000000000444, -0.9964751504194179210 ) ) ;
#1995 = CARTESIAN_POINT ( 'NONE',  ( 0.5398106733401639712, 3.020000000000000018, -0.7627850499120361061 ) ) ;
#1996 = EDGE_LOOP ( 'NONE', ( #5556, #4858, #1002, #5152 ) ) ;
#1997 = VERTEX_POINT ( 'NONE', #2898 ) ;
#1998 = FILL_AREA_STYLE ('',( #3143 ) ) ;
#1999 = FACE_OUTER_BOUND ( 'NONE', #905, .T. ) ;
#2000 = PRESENTATION_LAYER_ASSIGNMENT (  '', '', ( #5084 ) ) ;
#2001 = CARTESIAN_POINT ( 'NONE',  ( -1.778835198370164017, 3.000000000000000888, -1.396811617065947031 ) ) ;
#2002 = DIRECTION ( 'NONE',  ( -3.919743479367649171E-14, 1.000000000000000000, 3.730475583511136925E-13 ) ) ;
#2003 = CARTESIAN_POINT ( 'NONE',  ( 0.2344443702640544580, 3.020000000000000906, -1.053954009598210950 ) ) ;
#2004 =( GEOMETRIC_REPRESENTATION_CONTEXT ( 3 ) GLOBAL_UNCERTAINTY_ASSIGNED_CONTEXT ( ( #5385 ) ) GLOBAL_UNIT_ASSIGNED_CONTEXT ( ( #3261, #52, #2160 ) ) REPRESENTATION_CONTEXT ( 'NONE', 'WORKASPACE' ) );
#2005 = ORIENTED_EDGE ( 'NONE', *, *, #4322, .F. ) ;
#2006 = LINE ( 'NONE', #6989, #6219 ) ;
#2007 = LINE ( 'NONE', #3116, #691 ) ;
#2008 = VECTOR ( 'NONE', #1675, 1000.000000000000000 ) ;
#2009 = CARTESIAN_POINT ( 'NONE',  ( -0.3501980494232977414, 3.000000000000000000, -1.912176249954232965 ) ) ;
#2010 = LINE ( 'NONE', #5855, #3414 ) ;
#2011 = PRESENTATION_STYLE_ASSIGNMENT (( #880 ) ) ;
#2012 = CARTESIAN_POINT ( 'NONE',  ( 0.6836105456355726639, 3.020000000000000018, -0.9307340737128901864 ) ) ;
#2013 = CARTESIAN_POINT ( 'NONE',  ( -0.5539398078413312332, 3.020000000000000462, -0.9796307649470455958 ) ) ;
#2014 = EDGE_LOOP ( 'NONE', ( #4754, #6138, #6483, #2758, #4343, #3877 ) ) ;
#2015 = CARTESIAN_POINT ( 'NONE',  ( 0.8250936682870266825, 3.020000000000000018, -0.7792486312254709446 ) ) ;
#2016 = CARTESIAN_POINT ( 'NONE',  ( 0.0000000000000000000, 0.2000000000000000111, 0.0000000000000000000 ) ) ;
#2017 = CARTESIAN_POINT ( 'NONE',  ( -1.702718947450482467, 3.020000000000000906, -0.7914466682654155427 ) ) ;
#2018 = CARTESIAN_POINT ( 'NONE',  ( -55.74906976069122777, 2.360000000000000320, -15.33036380780025354 ) ) ;
#2019 = EDGE_CURVE ( 'NONE', #5765, #6335, #2350, .T. ) ;
#2020 = CARTESIAN_POINT ( 'NONE',  ( -2.270059618638720966, 3.000000000000000000, -1.124983838807602332 ) ) ;
#2021 = VERTEX_POINT ( 'NONE', #3994 ) ;
#2022 = SURFACE_STYLE_FILL_AREA ( #6363 ) ;
#2023 = SURFACE_SIDE_STYLE ('',( #6905 ) ) ;
#2024 = ADVANCED_FACE ( 'NONE', ( #3461 ), #5661, .F. ) ;
#2025 = EDGE_CURVE ( 'NONE', #3928, #1186, #3538, .T. ) ;
#2026 = PRESENTATION_STYLE_ASSIGNMENT (( #2493 ) ) ;
#2027 = VERTEX_POINT ( 'NONE', #6301 ) ;
#2028 = CARTESIAN_POINT ( 'NONE',  ( 0.4629144379006353560, 3.000000000000000000, -0.7701276156296047448 ) ) ;
#2029 = AXIS2_PLACEMENT_3D ( 'NONE', #182, #3450, #4528 ) ;
#2030 = EDGE_LOOP ( 'NONE', ( #298, #4387, #726, #2349 ) ) ;
#2031 = DIRECTION ( 'NONE',  ( -0.0000000000000000000, -1.000000000000000000, -0.0000000000000000000 ) ) ;
#2032 = ORIENTED_EDGE ( 'NONE', *, *, #4998, .F. ) ;
#2033 = CARTESIAN_POINT ( 'NONE',  ( -0.1924405652798669153, 3.020000000000000462, -1.489049086990398063 ) ) ;
#2034 = CARTESIAN_POINT ( 'NONE',  ( -1.715437105946455487, 3.000000000000000000, -1.368066662903413722 ) ) ;
#2035 = VECTOR ( 'NONE', #5282, 1000.000000000000000 ) ;
#2036 = CARTESIAN_POINT ( 'NONE',  ( 0.2324047410033726890, 3.020000000000000462, -1.139132228998835705 ) ) ;
#2037 = ORIENTED_EDGE ( 'NONE', *, *, #2067, .F. ) ;
#2038 = DIRECTION ( 'NONE',  ( -0.0000000000000000000, 0.9999987987525540412, -0.001549997886716649115 ) ) ;
#2039 = B_SPLINE_SURFACE_WITH_KNOTS ( 'NONE', 3, 1, ( 
 ( #5878, #6339 ),
 ( #899, #2540 ),
 ( #3108, #2575 ),
 ( #4767, #6035 ),
 ( #2714, #573 ),
 ( #1674, #6607 ),
 ( #2785, #4451 ),
 ( #1744, #5434 ),
 ( #1136, #31 ),
 ( #3912, #642 ),
 ( #3813, #3310 ),
 ( #6076, #5511 ),
 ( #5582, #2819 ),
 ( #3780, #2203 ),
 ( #6106, #1203 ),
 ( #4377, #4995 ),
 ( #1707, #6539 ),
 ( #2753, #100 ),
 ( #4304, #4966 ) ),
 .UNSPECIFIED., .F., .F., .F.,
 ( 4, 1, 1, 1, 1, 1, 1, 1, 1, 1, 1, 1, 1, 1, 1, 1, 4 ),
 ( 2, 2 ),
 ( 0.0000000000000000000, 0.06582824467819005376, 0.1289383166014413662, 0.1908583237191144311, 0.2511862310452444014, 0.3109740177800721650, 0.3700498785126949408, 0.4296723095349295196, 0.4895072568266735091, 0.5499752717322412554, 0.6100748076115775076, 0.6709148653422596364, 0.7329088543890386331, 0.7967107088217865174, 0.8618253836021729786, 0.9298919770519396000, 1.000000000000000000 ),
 ( 0.0000000000000000000, 1.000000000000000000 ),
 .UNSPECIFIED. ) ;
#2040 = LINE ( 'NONE', #5273, #3403 ) ;
#2041 = AXIS2_PLACEMENT_3D ( 'NONE', #1729, #2155, #6555 ) ;
#2042 = DIRECTION ( 'NONE',  ( 0.0000000000000000000, -0.0000000000000000000, -1.000000000000000000 ) ) ;
#2043 = CIRCLE ( 'NONE', #568, 0.5000000000000000000 ) ;
#2044 = DIRECTION ( 'NONE',  ( -3.501148020787492612E-13, 1.000000000000000000, -2.628859911028041509E-13 ) ) ;
#2045 =( NAMED_UNIT ( * ) SI_UNIT ( $, .STERADIAN. ) SOLID_ANGLE_UNIT ( ) );
#2046 = CARTESIAN_POINT ( 'NONE',  ( -0.6172599339506315008, 3.020000000000000018, -1.112414269029738279 ) ) ;
#2047 = ORIENTED_EDGE ( 'NONE', *, *, #3274, .F. ) ;
#2048 = VECTOR ( 'NONE', #5848, 1000.000000000000000 ) ;
#2049 = CARTESIAN_POINT ( 'NONE',  ( -0.6057991051010478412, 3.020000000000000906, -1.725668353927709786 ) ) ;
#2050 = CARTESIAN_POINT ( 'NONE',  ( -1.446880552966979705, 2.999999999999999556, -1.165628305175144597 ) ) ;
#2051 = EDGE_CURVE ( 'NONE', #4437, #6145, #1823, .T. ) ;
#2052 = DIRECTION ( 'NONE',  ( 0.0000000000000000000, 0.0000000000000000000, 1.000000000000000000 ) ) ;
#2053 = DIRECTION ( 'NONE',  ( -1.000000000000000000, -0.0000000000000000000, -0.0000000000000000000 ) ) ;
#2054 = VECTOR ( 'NONE', #1828, 1000.000000000000000 ) ;
#2055 = FACE_OUTER_BOUND ( 'NONE', #4097, .T. ) ;
#2056 = VECTOR ( 'NONE', #6930, 1000.000000000000000 ) ;
#2057 = CARTESIAN_POINT ( 'NONE',  ( 0.6514262304221941635, 3.020000000000000906, -0.9191859382882995311 ) ) ;
#2058 = EDGE_CURVE ( 'NONE', #6269, #1192, #190, .T. ) ;
#2059 = ORIENTED_EDGE ( 'NONE', *, *, #2235, .T. ) ;
#2060 = DIRECTION ( 'NONE',  ( -1.000000000000000000, 0.0000000000000000000, 3.188829919075012374E-16 ) ) ;
#2061 =( LENGTH_UNIT ( ) NAMED_UNIT ( * ) SI_UNIT ( .MILLI., .METRE. ) );
#2062 = CARTESIAN_POINT ( 'NONE',  ( 2.240961661242421687, 3.020000000000000018, -0.7792486312254709446 ) ) ;
#2063 = FILL_AREA_STYLE_COLOUR ( '', #3989 ) ;
#2064 = ORIENTED_EDGE ( 'NONE', *, *, #901, .F. ) ;
#2065 = AXIS2_PLACEMENT_3D ( 'NONE', #2276, #5981, #4902 ) ;
#2066 = CARTESIAN_POINT ( 'NONE',  ( 0.3314067506918776385, 2.999999999999999556, -0.8291915615292611008 ) ) ;
#2067 = EDGE_CURVE ( 'NONE', #5245, #5004, #3386, .T. ) ;
#2068 = VERTEX_POINT ( 'NONE', #150 ) ;
#2069 = CARTESIAN_POINT ( 'NONE',  ( -2.098982252159766304, 3.020000000000000018, -1.112414269029738501 ) ) ;
#2070 = CARTESIAN_POINT ( 'NONE',  ( -0.3781312270005268705, 3.000000000000000444, -1.405693478223774218 ) ) ;
#2071 = CARTESIAN_POINT ( 'NONE',  ( -1.581152089410471140, 3.020000000000000018, -1.555872507903556690 ) ) ;
#2072 = PLANE ( 'NONE',  #917 ) ;
#2073 = SURFACE_SIDE_STYLE ('',( #2134 ) ) ;
#2074 = CARTESIAN_POINT ( 'NONE',  ( -1.514369533124211742, 3.000000000000000000, -1.779189300928328832 ) ) ;
#2075 = EDGE_LOOP ( 'NONE', ( #3894, #335, #1, #1036 ) ) ;
#2076 = DIRECTION ( 'NONE',  ( -1.000000000000000000, 0.0000000000000000000, 0.0000000000000000000 ) ) ;
#2077 = DIRECTION ( 'NONE',  ( 1.000000000000000000, 0.0000000000000000000, -0.0000000000000000000 ) ) ;
#2078 = CARTESIAN_POINT ( 'NONE',  ( 3.399999999999999911, 1.360000000000000098, -1.591797999708434164 ) ) ;
#2079 = CARTESIAN_POINT ( 'NONE',  ( -1.199926833265457349, 3.020000000000000018, -0.7792486312254709446 ) ) ;
#2080 = CARTESIAN_POINT ( 'NONE',  ( -0.3129341956115798684, 3.019999999999999574, -1.902367855215596704 ) ) ;
#2081 = CARTESIAN_POINT ( 'NONE',  ( 3.100000000000001421, 2.149999999999999911, -2.290000000000000480 ) ) ;
#2082 = CARTESIAN_POINT ( 'NONE',  ( -1.733760391384790323, 2.999999999999999556, -1.595093122918747275 ) ) ;
#2083 = CARTESIAN_POINT ( 'NONE',  ( -0.5670493811853304367, 3.000000000000001776, -0.9964751504194179210 ) ) ;
#2084 = EDGE_LOOP ( 'NONE', ( #6438, #4457, #4128, #3219 ) ) ;
#2085 = APPLICATION_CONTEXT ( 'automotive_design' ) ;
#2086 =( NAMED_UNIT ( * ) PLANE_ANGLE_UNIT ( ) SI_UNIT ( $, .RADIAN. ) );
#2087 = CARTESIAN_POINT ( 'NONE',  ( -1.948621269346981100, 3.020000000000000018, -1.391108073370061371 ) ) ;
#2088 = VECTOR ( 'NONE', #6957, 1000.000000000000000 ) ;
#2089 =( NAMED_UNIT ( * ) SI_UNIT ( $, .STERADIAN. ) SOLID_ANGLE_UNIT ( ) );
#2090 = MANIFOLD_SOLID_BREP ( 'Boss-Extrude4', #3465 ) ;
#2091 = CARTESIAN_POINT ( 'NONE',  ( -1.566641392996084958, 3.020000000000001794, -0.8793496920310615028 ) ) ;
#2092 = CARTESIAN_POINT ( 'NONE',  ( -0.4677047510755679149, 3.020000000000000018, -0.7687467679522785868 ) ) ;
#2093 = CARTESIAN_POINT ( 'NONE',  ( -0.4770727162224594475, 3.020000000000000018, -1.388401139822559527 ) ) ;
#2094 = PRESENTATION_LAYER_ASSIGNMENT (  '', '', ( #1179 ) ) ;
#2095 =( NAMED_UNIT ( * ) SI_UNIT ( $, .STERADIAN. ) SOLID_ANGLE_UNIT ( ) );
#2096 = CARTESIAN_POINT ( 'NONE',  ( -2.078853349000398865, 2.999999999999999556, -1.763761206651437208 ) ) ;
#2097 = CARTESIAN_POINT ( 'NONE',  ( -1.890124975956994469, 3.019999999999999130, -2.063198722536307095 ) ) ;
#2098 =( GEOMETRIC_REPRESENTATION_CONTEXT ( 3 ) GLOBAL_UNCERTAINTY_ASSIGNED_CONTEXT ( ( #4949 ) ) GLOBAL_UNIT_ASSIGNED_CONTEXT ( ( #6242, #2953, #1339 ) ) REPRESENTATION_CONTEXT ( 'NONE', 'WORKASPACE' ) );
#2099 = CARTESIAN_POINT ( 'NONE',  ( 0.3593229839756680311, 3.000000000000000444, -0.8100630109221991226 ) ) ;
#2100 = ORIENTED_EDGE ( 'NONE', *, *, #5708, .T. ) ;
#2101 = LINE ( 'NONE', #2750, #6667 ) ;
#2102 = SURFACE_STYLE_USAGE ( .BOTH. , #6979 ) ;
#2103 = SURFACE_SIDE_STYLE ('',( #2611 ) ) ;
#2104 = CARTESIAN_POINT ( 'NONE',  ( -0.4288575373794117351, 3.020000000000000462, -0.7635388514647977187 ) ) ;
#2105 = MECHANICAL_DESIGN_GEOMETRIC_PRESENTATION_REPRESENTATION (  '', ( #1880 ), #4154 ) ;
#2106 = EDGE_CURVE ( 'NONE', #2137, #473, #1959, .T. ) ;
#2107 = ORIENTED_EDGE ( 'NONE', *, *, #2958, .T. ) ;
#2108 = ORIENTED_EDGE ( 'NONE', *, *, #259, .T. ) ;
#2109 = CARTESIAN_POINT ( 'NONE',  ( 1.434246176884115043, 3.020000000000000018, -1.536573371643473296 ) ) ;
#2110 = CARTESIAN_POINT ( 'NONE',  ( -55.34906976069122919, 1.560000000000000275, -19.21036380780025254 ) ) ;
#2111 = ADVANCED_FACE ( 'NONE', ( #937 ), #6500, .T. ) ;
#2112 = CARTESIAN_POINT ( 'NONE',  ( -0.4668989511378464630, 2.999999999999999556, -1.391108073370061371 ) ) ;
#2113 = EDGE_CURVE ( 'NONE', #11, #272, #5399, .T. ) ;
#2114 = CARTESIAN_POINT ( 'NONE',  ( -1.852296242810312465, 3.000000000000000000, -1.405893694968084029 ) ) ;
#2115 = CARTESIAN_POINT ( 'NONE',  ( -0.3909031632673231615, 3.000000000000001776, -0.9110797281047694485 ) ) ;
#2116 = VECTOR ( 'NONE', #4287, 1000.000000000000000 ) ;
#2117 = ORIENTED_EDGE ( 'NONE', *, *, #1182, .T. ) ;
#2118 = CARTESIAN_POINT ( 'NONE',  ( -0.1316297488951431449, 2.999999999999999556, -1.968232976005763080 ) ) ;
#2119 = CARTESIAN_POINT ( 'NONE',  ( -0.1486605394898799504, 3.000000000000000888, -0.8281084377046471490 ) ) ;
#2120 = B_SPLINE_CURVE_WITH_KNOTS ( 'NONE', 3,
 ( #2933, #6796, #3492, #5693, #5622, #791, #2972, #4062, #4613, #1892, #3533, #5190, #4493, #6675, #4456, #1781, #6110, #1245, #1208 ),
 .UNSPECIFIED., .F., .F.,
 ( 4, 1, 1, 1, 1, 1, 1, 1, 1, 1, 1, 1, 1, 1, 1, 1, 4 ),
 ( 0.0000000000000000000, 0.06582824467819005376, 0.1289383166014413662, 0.1908583237191144311, 0.2511862310452444014, 0.3109740177800721650, 0.3700498785126949408, 0.4296723095349295196, 0.4895072568266735091, 0.5499752717322412554, 0.6100748076115775076, 0.6709148653422596364, 0.7329088543890386331, 0.7967107088217865174, 0.8618253836021729786, 0.9298919770519396000, 1.000000000000000000 ),
 .UNSPECIFIED. ) ;
#2121 =( LENGTH_UNIT ( ) NAMED_UNIT ( * ) SI_UNIT ( .MILLI., .METRE. ) );
#2122 = FILL_AREA_STYLE ('',( #4950 ) ) ;
#2123 =( NAMED_UNIT ( * ) SI_UNIT ( $, .STERADIAN. ) SOLID_ANGLE_UNIT ( ) );
#2124 = CARTESIAN_POINT ( 'NONE',  ( 3.600000000000001421, 0.2000000000000000111, -1.590000000000000302 ) ) ;
#2125 = CARTESIAN_POINT ( 'NONE',  ( -0.7642743647563223774, 3.000000000000001332, -1.013085924912181968 ) ) ;
#2126 = CARTESIAN_POINT ( 'NONE',  ( 0.0000000000000000000, 1.560000000000000275, 0.0000000000000000000 ) ) ;
#2127 = CARTESIAN_POINT ( 'NONE',  ( -2.011436202916468297, 3.019999999999999130, -1.870314576606029622 ) ) ;
#2128 = ORIENTED_EDGE ( 'NONE', *, *, #3251, .F. ) ;
#2129 = CARTESIAN_POINT ( 'NONE',  ( -0.7501585648365134418, 2.999999999999999556, -0.9792504244827743287 ) ) ;
#2130 = ORIENTED_EDGE ( 'NONE', *, *, #2798, .T. ) ;
#2131 = DIRECTION ( 'NONE',  ( -1.000000000000000000, 0.0000000000000000000, -0.0000000000000000000 ) ) ;
#2132 = CARTESIAN_POINT ( 'NONE',  ( -0.1956483731459326414, 3.020000000000000018, -1.731563912824466867 ) ) ;
#2133 = CARTESIAN_POINT ( 'NONE',  ( -2.223125289055032816, 2.999999999999999556, -1.841755062513199981 ) ) ;
#2134 = SURFACE_STYLE_FILL_AREA ( #4831 ) ;
#2135 = DIRECTION ( 'NONE',  ( -1.000000000000000000, 0.0000000000000000000, 0.0000000000000000000 ) ) ;
#2136 = PRESENTATION_LAYER_ASSIGNMENT (  '', '', ( #3276 ) ) ;
#2137 = VERTEX_POINT ( 'NONE', #3811 ) ;
#2138 =( NAMED_UNIT ( * ) SI_UNIT ( $, .STERADIAN. ) SOLID_ANGLE_UNIT ( ) );
#2139 = VERTEX_POINT ( 'NONE', #99 ) ;
#2140 = CARTESIAN_POINT ( 'NONE',  ( 3.099999999999999201, 3.000000000000000000, -3.400000000000000355 ) ) ;
#2141 = EDGE_CURVE ( 'NONE', #2208, #3470, #3205, .T. ) ;
#2142 = FACE_OUTER_BOUND ( 'NONE', #649, .T. ) ;
#2143 = FACE_BOUND ( 'NONE', #431, .T. ) ;
#2144 = UNCERTAINTY_MEASURE_WITH_UNIT (LENGTH_MEASURE( 1.000000000000000082E-05 ), #4924, 'distance_accuracy_value', 'NONE');
#2145 = STYLED_ITEM ( 'NONE', ( #2657 ), #3668 ) ;
#2146 = SURFACE_STYLE_USAGE ( .BOTH. , #1041 ) ;
#2147 = CARTESIAN_POINT ( 'NONE',  ( -1.674162883489001885, 3.020000000000000906, -1.489049086990397841 ) ) ;
#2148 = CARTESIAN_POINT ( 'NONE',  ( -55.34906976069122919, 1.560000000000000275, -19.21036380780025254 ) ) ;
#2149 = ORIENTED_EDGE ( 'NONE', *, *, #5927, .T. ) ;
#2150 = CARTESIAN_POINT ( 'NONE',  ( -55.74906976069122777, 1.560000000000000275, -19.91036380780025539 ) ) ;
#2151 = CARTESIAN_POINT ( 'NONE',  ( -0.3011856255743054489, 3.020000000000000018, -0.7692340927347680601 ) ) ;
#2152 =( NAMED_UNIT ( * ) PLANE_ANGLE_UNIT ( ) SI_UNIT ( $, .RADIAN. ) );
#2153 = MECHANICAL_DESIGN_GEOMETRIC_PRESENTATION_REPRESENTATION (  '', ( #7077 ), #2970 ) ;
#2154 = ADVANCED_FACE ( 'NONE', ( #4965 ), #603, .F. ) ;
#2155 = DIRECTION ( 'NONE',  ( 1.000000000000000000, 0.0000000000000000000, 0.0000000000000000000 ) ) ;
#2156 = UNCERTAINTY_MEASURE_WITH_UNIT (LENGTH_MEASURE( 1.000000000000000082E-05 ), #3752, 'distance_accuracy_value', 'NONE');
#2157 =( GEOMETRIC_REPRESENTATION_CONTEXT ( 3 ) GLOBAL_UNCERTAINTY_ASSIGNED_CONTEXT ( ( #2144 ) ) GLOBAL_UNIT_ASSIGNED_CONTEXT ( ( #4924, #2667, #25 ) ) REPRESENTATION_CONTEXT ( 'NONE', 'WORKASPACE' ) );
#2158 = CARTESIAN_POINT ( 'NONE',  ( 0.3974104669878707474, 3.020000000000001350, -1.151988679806903670 ) ) ;
#2159 = ORIENTED_EDGE ( 'NONE', *, *, #1063, .T. ) ;
#2160 =( NAMED_UNIT ( * ) SI_UNIT ( $, .STERADIAN. ) SOLID_ANGLE_UNIT ( ) );
#2161 = CARTESIAN_POINT ( 'NONE',  ( -0.08491907478694998845, 3.020000000000000906, -0.8793496920310616138 ) ) ;
#2162 = CARTESIAN_POINT ( 'NONE',  ( -0.2138767722609818678, 3.000000000000003553, -1.644306830553907695 ) ) ;
#2163 = MECHANICAL_DESIGN_GEOMETRIC_PRESENTATION_REPRESENTATION (  '', ( #5605 ), #1489 ) ;
#2164 =( GEOMETRIC_REPRESENTATION_CONTEXT ( 3 ) GLOBAL_UNCERTAINTY_ASSIGNED_CONTEXT ( ( #2156 ) ) GLOBAL_UNIT_ASSIGNED_CONTEXT ( ( #3752, #41, #3821 ) ) REPRESENTATION_CONTEXT ( 'NONE', 'WORKASPACE' ) );
#2165 = CARTESIAN_POINT ( 'NONE',  ( -2.088960224190938408, 3.020000000000000018, -1.717672766091256298 ) ) ;
#2166 = VERTEX_POINT ( 'NONE', #3740 ) ;
#2167 = LINE ( 'NONE', #3267, #5648 ) ;
#2168 = FILL_AREA_STYLE ('',( #4895 ) ) ;
#2169 = VECTOR ( 'NONE', #2135, 1000.000000000000000 ) ;
#2170 = SURFACE_STYLE_USAGE ( .BOTH. , #7083 ) ;
#2171 = DIRECTION ( 'NONE',  ( -9.469014606860301471E-17, 0.0000000000000000000, 1.000000000000000000 ) ) ;
#2172 =( NAMED_UNIT ( * ) PLANE_ANGLE_UNIT ( ) SI_UNIT ( $, .RADIAN. ) );
#2173 = AXIS2_PLACEMENT_3D ( 'NONE', #955, #3563, #3666 ) ;
#2174 = FACE_OUTER_BOUND ( 'NONE', #2288, .T. ) ;
#2175 = EDGE_LOOP ( 'NONE', ( #1716, #2711, #2895, #2520 ) ) ;
#2176 = ORIENTED_EDGE ( 'NONE', *, *, #5029, .F. ) ;
#2177 = EDGE_CURVE ( 'NONE', #6149, #2278, #5457, .T. ) ;
#2178 = CARTESIAN_POINT ( 'NONE',  ( -1.698455366609463280, 3.020000000000000018, -1.820283394106908315 ) ) ;
#2179 = SURFACE_STYLE_FILL_AREA ( #4313 ) ;
#2180 = FACE_OUTER_BOUND ( 'NONE', #111, .T. ) ;
#2181 = CARTESIAN_POINT ( 'NONE',  ( -1.611707252169055193, 3.000000000000000444, -1.527427375831621914 ) ) ;
#2182 = DIRECTION ( 'NONE',  ( -0.0000000000000000000, -1.000000000000000000, -0.0000000000000000000 ) ) ;
#2183 = ORIENTED_EDGE ( 'NONE', *, *, #4464, .F. ) ;
#2184 =( NAMED_UNIT ( * ) SI_UNIT ( $, .STERADIAN. ) SOLID_ANGLE_UNIT ( ) );
#2185 =( NAMED_UNIT ( * ) SI_UNIT ( $, .STERADIAN. ) SOLID_ANGLE_UNIT ( ) );
#2186 = EDGE_CURVE ( 'NONE', #761, #544, #5937, .T. ) ;
#2187 = CARTESIAN_POINT ( 'NONE',  ( -3.599999999999999645, 3.000000000000000000, 2.900000000000000355 ) ) ;
#2188 = CARTESIAN_POINT ( 'NONE',  ( -54.94906976069123061, 2.360000000000000320, -15.33036380780025354 ) ) ;
#2189 = EDGE_LOOP ( 'NONE', ( #1088, #36, #6988, #6912, #6147, #1561 ) ) ;
#2190 = PLANE ( 'NONE',  #1543 ) ;
#2191 = DIRECTION ( 'NONE',  ( -1.000000000000000000, 0.0000000000000000000, 0.0000000000000000000 ) ) ;
#2192 = CARTESIAN_POINT ( 'NONE',  ( 0.0000000000000000000, 0.0000000000000000000, -15.33036380780025354 ) ) ;
#2193 = AXIS2_PLACEMENT_3D ( 'NONE', #524, #2044, #4284 ) ;
#2194 = SURFACE_SIDE_STYLE ('',( #6493 ) ) ;
#2195 = CARTESIAN_POINT ( 'NONE',  ( -2.062879049339339410, 3.000000000000000000, -1.804004510402034800 ) ) ;
#2196 = ORIENTED_EDGE ( 'NONE', *, *, #2025, .T. ) ;
#2197 = EDGE_CURVE ( 'NONE', #5809, #5245, #1439, .T. ) ;
#2198 = CARTESIAN_POINT ( 'NONE',  ( -0.6639628787878609772, 3.000000000000000000, -0.8632252606038544052 ) ) ;
#2199 = VERTEX_POINT ( 'NONE', #5510 ) ;
#2200 = CARTESIAN_POINT ( 'NONE',  ( -0.5811567311302046068, 3.000000000000000444, -1.804004510402034356 ) ) ;
#2201 = VECTOR ( 'NONE', #1669, 1000.000000000000000 ) ;
#2202 = CARTESIAN_POINT ( 'NONE',  ( -1.611516366101327868, 3.020000000000000018, -1.166914522465256621 ) ) ;
#2203 = CARTESIAN_POINT ( 'NONE',  ( 0.01944397972111198969, 2.999999999999999556, -1.279743727460097347 ) ) ;
#2204 = DIRECTION ( 'NONE',  ( -0.0000000000000000000, -1.000000000000000000, -0.0000000000000000000 ) ) ;
#2205 = DIRECTION ( 'NONE',  ( 1.000000000000000000, 0.0000000000000000000, -1.275531967630005245E-16 ) ) ;
#2206 = ORIENTED_EDGE ( 'NONE', *, *, #324, .F. ) ;
#2207 = ORIENTED_EDGE ( 'NONE', *, *, #6806, .F. ) ;
#2208 = VERTEX_POINT ( 'NONE', #6538 ) ;
#2209 = CARTESIAN_POINT ( 'NONE',  ( -1.677370691355067445, 3.020000000000000018, -1.731563912824466867 ) ) ;
#2210 = AXIS2_PLACEMENT_3D ( 'NONE', #2544, #2076, #3177 ) ;
#2211 = AXIS2_PLACEMENT_3D ( 'NONE', #86, #5055, #2876 ) ;
#2212 = CARTESIAN_POINT ( 'NONE',  ( -1.687917673133986884, 3.000000000000000444, -1.482295002000742823 ) ) ;
#2213 = EDGE_CURVE ( 'NONE', #6943, #2385, #4993, .T. ) ;
#2214 = CARTESIAN_POINT ( 'NONE',  ( -0.07586269809085945115, 3.020000000000000462, -1.899480994951179946 ) ) ;
#2215 = MECHANICAL_DESIGN_GEOMETRIC_PRESENTATION_REPRESENTATION (  '', ( #1310 ), #760 ) ;
#2216 = CARTESIAN_POINT ( 'NONE',  ( 3.599999999999999645, 2.160000000000000142, -2.291797999708434563 ) ) ;
#2217 = PRESENTATION_STYLE_ASSIGNMENT (( #7026 ) ) ;
#2218 = CARTESIAN_POINT ( 'NONE',  ( 0.5398106733401639712, 3.000000000000000000, -0.7627850499120361061 ) ) ;
#2219 = CARTESIAN_POINT ( 'NONE',  ( -0.2209966292413470812, 3.000000000000000888, -0.7914466682654155427 ) ) ;
#2220 = AXIS2_PLACEMENT_3D ( 'NONE', #1841, #3478, #1229 ) ;
#2221 = SURFACE_STYLE_USAGE ( .BOTH. , #5493 ) ;
#2222 = UNCERTAINTY_MEASURE_WITH_UNIT (LENGTH_MEASURE( 1.000000000000000082E-05 ), #948, 'distance_accuracy_value', 'NONE');
#2223 = DIRECTION ( 'NONE',  ( 1.000000000000000000, 0.0000000000000000000, 0.0000000000000000000 ) ) ;
#2224 = ORIENTED_EDGE ( 'NONE', *, *, #4280, .F. ) ;
#2225 = ADVANCED_FACE ( 'NONE', ( #4896 ), #5418, .T. ) ;
#2226 = CARTESIAN_POINT ( 'NONE',  ( 2.330000000000001403, 0.2000000000000000111, -1.590000000000000302 ) ) ;
#2227 = CARTESIAN_POINT ( 'NONE',  ( -0.1486605394898799504, 3.020000000000000906, -0.8281084377046471490 ) ) ;
#2228 = VECTOR ( 'NONE', #605, 1000.000000000000000 ) ;
#2229 = SURFACE_SIDE_STYLE ('',( #5749 ) ) ;
#2230 = CARTESIAN_POINT ( 'NONE',  ( -0.09942977120133594804, 3.020000000000000018, -1.555872507903556468 ) ) ;
#2231 = ORIENTED_EDGE ( 'NONE', *, *, #5081, .F. ) ;
#2232 = ORIENTED_EDGE ( 'NONE', *, *, #2255, .T. ) ;
#2233 = DIRECTION ( 'NONE',  ( -0.0000000000000000000, -1.000000000000000000, -0.0000000000000000000 ) ) ;
#2234 = CARTESIAN_POINT ( 'NONE',  ( -1.810354668402152312, 3.019999999999999574, -0.9152627620483096971 ) ) ;
#2235 = EDGE_CURVE ( 'NONE', #5973, #6327, #6140, .T. ) ;
#2236 = DIRECTION ( 'NONE',  ( 0.0000000000000000000, 1.000000000000000000, 0.0000000000000000000 ) ) ;
#2237 = CARTESIAN_POINT ( 'NONE',  ( -0.7883373004295866071, 3.020000000000000018, -1.124983838807602332 ) ) ;
#2238 = CARTESIAN_POINT ( 'NONE',  ( -1.852046931774274707, 3.000000000000000444, -1.914890272204889943 ) ) ;
#2239 = EDGE_CURVE ( 'NONE', #3438, #6258, #3411, .T. ) ;
#2240 = DIRECTION ( 'NONE',  ( 0.0000000000000000000, -1.000000000000000000, 5.421010862427523156E-16 ) ) ;
#2241 = EDGE_LOOP ( 'NONE', ( #2529, #2536, #1530, #3328 ) ) ;
#2242 = ORIENTED_EDGE ( 'NONE', *, *, #6050, .T. ) ;
#2243 = ORIENTED_EDGE ( 'NONE', *, *, #7005, .T. ) ;
#2244 = CARTESIAN_POINT ( 'NONE',  ( -0.7883373004295866071, 3.000000000000000000, -1.124983838807602332 ) ) ;
#2245 = CARTESIAN_POINT ( 'NONE',  ( -1.674162883489001885, 3.000000000000000888, -1.489049086990397841 ) ) ;
#2246 =( LENGTH_UNIT ( ) NAMED_UNIT ( * ) SI_UNIT ( .MILLI., .METRE. ) );
#2247 = CARTESIAN_POINT ( 'NONE',  ( -0.2755475884922244934, 3.019999999999998685, -1.578444247848851845 ) ) ;
#2248 = ORIENTED_EDGE ( 'NONE', *, *, #5041, .T. ) ;
#2249 = FACE_OUTER_BOUND ( 'NONE', #5563, .T. ) ;
#2250 = COLOUR_RGB ( '',1.000000000000000000, 1.000000000000000000, 1.000000000000000000 ) ;
#2251 = ORIENTED_EDGE ( 'NONE', *, *, #3453, .T. ) ;
#2252 = CARTESIAN_POINT ( 'NONE',  ( -2.087412308012221107, 3.019999999999999574, -0.8192007842939863504 ) ) ;
#2253 = SURFACE_SIDE_STYLE ('',( #5637 ) ) ;
#2254 = CARTESIAN_POINT ( 'NONE',  ( 0.5840565481200197251, 3.020000000000000018, -0.9109572817329495420 ) ) ;
#2255 = EDGE_CURVE ( 'NONE', #4342, #4437, #4526, .T. ) ;
#2256 = ORIENTED_EDGE ( 'NONE', *, *, #2470, .T. ) ;
#2257 = LINE ( 'NONE', #3439, #3822 ) ;
#2258 = VECTOR ( 'NONE', #3995, 1000.000000000000000 ) ;
#2259 = DIRECTION ( 'NONE',  ( -0.0000000000000000000, -1.000000000000000000, -0.0000000000000000000 ) ) ;
#2260 = PLANE ( 'NONE',  #1115 ) ;
#2261 = CARTESIAN_POINT ( 'NONE',  ( -0.3482855306863225642, 3.020000000000000462, -1.545907426626785819 ) ) ;
#2262 = STYLED_ITEM ( 'NONE', ( #4290 ), #5089 ) ;
#2263 = CARTESIAN_POINT ( 'NONE',  ( -1.698328120919500694, 3.000000000000000000, -0.9670024162672201662 ) ) ;
#2264 = EDGE_CURVE ( 'NONE', #2639, #1764, #6704, .T. ) ;
#2265 = FILL_AREA_STYLE_COLOUR ( '', #2560 ) ;
#2266 = CARTESIAN_POINT ( 'NONE',  ( -1.689835053868970149, 3.020000000000000018, -2.020085302194129628 ) ) ;
#2267 = EDGE_LOOP ( 'NONE', ( #1928, #74, #1938, #6081 ) ) ;
#2268 = CARTESIAN_POINT ( 'NONE',  ( -0.3705739246011776622, 3.020000000000000018, -1.405893694968084029 ) ) ;
#2269 = CARTESIAN_POINT ( 'NONE',  ( -0.4556399999589790806, 3.020000000000000462, -1.536086600314615191 ) ) ;
#2270 = FACE_OUTER_BOUND ( 'NONE', #4474, .T. ) ;
#2271 = CARTESIAN_POINT ( 'NONE',  ( 2.059862266794638241, 3.020000000000000018, -0.7792486312254709446 ) ) ;
#2272 = CARTESIAN_POINT ( 'NONE',  ( -1.446880552966979705, 3.020000000000000018, -1.165628305175144597 ) ) ;
#2273 = LINE ( 'NONE', #4970, #2169 ) ;
#2274 = EDGE_CURVE ( 'NONE', #2802, #4504, #5184, .T. ) ;
#2275 = ORIENTED_EDGE ( 'NONE', *, *, #2988, .T. ) ;
#2276 = CARTESIAN_POINT ( 'NONE',  ( 51.19594746761466553, -1.967173665537939931, 18.19335299206365519 ) ) ;
#2277 = VECTOR ( 'NONE', #2796, 1000.000000000000000 ) ;
#2278 = VERTEX_POINT ( 'NONE', #2967 ) ;
#2279 = FILL_AREA_STYLE ('',( #2760 ) ) ;
#2280 = EDGE_LOOP ( 'NONE', ( #1213, #2810, #2331, #1294 ) ) ;
#2281 = LINE ( 'NONE', #7054, #6108 ) ;
#2282 = DIRECTION ( 'NONE',  ( 1.000000000000000000, 0.0000000000000000000, -0.0000000000000000000 ) ) ;
#2283 = AXIS2_PLACEMENT_3D ( 'NONE', #3847, #4864, #7084 ) ;
#2284 = DIRECTION ( 'NONE',  ( -0.0000000000000000000, -1.000000000000000000, -0.0000000000000000000 ) ) ;
#2285 = MECHANICAL_DESIGN_GEOMETRIC_PRESENTATION_REPRESENTATION (  '', ( #10 ), #1610 ) ;
#2286 = ORIENTED_EDGE ( 'NONE', *, *, #21, .F. ) ;
#2287 = CARTESIAN_POINT ( 'NONE',  ( -0.5324087863743335314, 3.000000000000000000, -2.042248344519796532 ) ) ;
#2288 = EDGE_LOOP ( 'NONE', ( #3611, #4885, #2243, #6760, #5360, #2826, #5890, #6405, #6122, #793, #1761, #5229 ) ) ;
#2289 = SURFACE_SIDE_STYLE ('',( #6691 ) ) ;
#2290 = UNCERTAINTY_MEASURE_WITH_UNIT (LENGTH_MEASURE( 1.000000000000000082E-05 ), #4261, 'distance_accuracy_value', 'NONE');
#2291 = CARTESIAN_POINT ( 'NONE',  ( -1.199926833265457349, 3.000000000000000000, -0.9438844443598192191 ) ) ;
#2292 = CARTESIAN_POINT ( 'NONE',  ( 0.4057222058325298253, 2.999999999999999556, -1.046599961874100648 ) ) ;
#2293 = VERTEX_POINT ( 'NONE', #5147 ) ;
#2294 = CARTESIAN_POINT ( 'NONE',  ( -1.826081205314979528, 3.019999999999999574, -0.7637833990548450469 ) ) ;
#2295 =( LENGTH_UNIT ( ) NAMED_UNIT ( * ) SI_UNIT ( .MILLI., .METRE. ) );
#2296 = SURFACE_SIDE_STYLE ('',( #5426 ) ) ;
#2297 = CARTESIAN_POINT ( 'NONE',  ( -2.253596037325286794, 3.020000000000000018, -1.734136347404690914 ) ) ;
#2298 = CARTESIAN_POINT ( 'NONE',  ( -2.330000000000000515, 0.2000000000000000111, -1.590000000000000302 ) ) ;
#2299 = SURFACE_STYLE_USAGE ( .BOTH. , #745 ) ;
#2300 = CARTESIAN_POINT ( 'NONE',  ( -0.2601072449089140148, 2.999999999999999112, -0.7785085495972525749 ) ) ;
#2301 = ORIENTED_EDGE ( 'NONE', *, *, #5530, .T. ) ;
#2302 = FACE_OUTER_BOUND ( 'NONE', #4833, .T. ) ;
#2303 = CARTESIAN_POINT ( 'NONE',  ( -1.650037964278049829, 3.019999999999999574, -1.023282998499520646 ) ) ;
#2304 = SURFACE_STYLE_USAGE ( .BOTH. , #5766 ) ;
#2305 = CARTESIAN_POINT ( 'NONE',  ( -55.34906976069122919, 0.2000000000000000111, -16.03036380780025283 ) ) ;
#2306 = FACE_OUTER_BOUND ( 'NONE', #3420, .T. ) ;
#2307 = DIRECTION ( 'NONE',  ( 0.0000000000000000000, 0.0000000000000000000, -1.000000000000000000 ) ) ;
#2308 = VERTEX_POINT ( 'NONE', #4607 ) ;
#2309 =( GEOMETRIC_REPRESENTATION_CONTEXT ( 3 ) GLOBAL_UNCERTAINTY_ASSIGNED_CONTEXT ( ( #165 ) ) GLOBAL_UNIT_ASSIGNED_CONTEXT ( ( #6660, #659, #5570 ) ) REPRESENTATION_CONTEXT ( 'NONE', 'WORKASPACE' ) );
#2310 = VERTEX_POINT ( 'NONE', #6791 ) ;
#2311 = DIRECTION ( 'NONE',  ( 0.0000000000000000000, 0.0000000000000000000, 1.000000000000000000 ) ) ;
#2312 = ORIENTED_EDGE ( 'NONE', *, *, #324, .T. ) ;
#2313 = CARTESIAN_POINT ( 'NONE',  ( -0.3705739246011776622, 3.000000000000000000, -1.405893694968084029 ) ) ;
#2314 = CARTESIAN_POINT ( 'NONE',  ( -55.34906976069122919, 0.2000000000000000111, -19.21036380780025254 ) ) ;
#2315 = ADVANCED_FACE ( 'NONE', ( #1888 ), #1075, .T. ) ;
#2316 = CARTESIAN_POINT ( 'NONE',  ( -55.74906976069122777, 1.560000000000000275, -19.21036380780025254 ) ) ;
#2317 = CLOSED_SHELL ( 'NONE', ( #2516, #210, #6478, #3455, #2630, #6534, #6051, #4608, #678, #4961, #3222, #4550, #2399, #4265, #1505, #4755, #2596, #6931, #4354, #6358, #1971, #6834, #6303, #4912, #5484, #4490, #5316, #7055, #3319, #6399, #1108, #1001, #1331, #6040, #5534, #5089, #2424, #4315, #1153, #5759, #4826, #5654, #6757, #5520, #1193, #2315, #2545, #407, #1682, #2225, #5723, #1015, #5315, #861, #5390, #4591, #3747, #849, #4161, #4368, #4055, #2111, #6085, #4408, #4741, #1421, #4157, #4781, #2724, #2772, #5885, #1506, #3501, #1526, #6115, #5134, #154, #5049, #3155, #1218, #114, #1763, #290, #157, #987, #4730, #6275, #589, #56, #2642, #344, #2327, #334, #4034, #3368, #5716, #776, #900, #6723, #5219, #3714, #3668, #1746, #7066 ) ) ;
#2318 = CARTESIAN_POINT ( 'NONE',  ( -0.1297940478921935925, 2.999999999999999556, -1.166914522465256621 ) ) ;
#2319 = CARTESIAN_POINT ( 'NONE',  ( -0.03264721491507743129, 3.020000000000000018, -1.779189300928328832 ) ) ;
#2320 =( GEOMETRIC_REPRESENTATION_CONTEXT ( 3 ) GLOBAL_UNCERTAINTY_ASSIGNED_CONTEXT ( ( #3361 ) ) GLOBAL_UNIT_ASSIGNED_CONTEXT ( ( #3383, #1896, #2896 ) ) REPRESENTATION_CONTEXT ( 'NONE', 'WORKASPACE' ) );
#2321 = VECTOR ( 'NONE', #3699, 1000.000000000000000 ) ;
#2322 = ORIENTED_EDGE ( 'NONE', *, *, #2847, .F. ) ;
#2323 = FILL_AREA_STYLE_COLOUR ( '', #5994 ) ;
#2324 = VERTEX_POINT ( 'NONE', #6289 ) ;
#2325 = CARTESIAN_POINT ( 'NONE',  ( -0.6899881018327639337, 3.000000000000003553, -1.929905493478005774 ) ) ;
#2326 = VECTOR ( 'NONE', #4074, 1000.000000000000000 ) ;
#2327 = ADVANCED_FACE ( 'NONE', ( #6900 ), #4756, .T. ) ;
#2328 = CARTESIAN_POINT ( 'NONE',  ( 0.3973235309365747425, 2.999999999999999556, -1.178833930040721789 ) ) ;
#2329 =( NAMED_UNIT ( * ) PLANE_ANGLE_UNIT ( ) SI_UNIT ( $, .RADIAN. ) );
#2330 = COLOUR_RGB ( '',1.000000000000000000, 1.000000000000000000, 1.000000000000000000 ) ;
#2331 = ORIENTED_EDGE ( 'NONE', *, *, #1025, .T. ) ;
#2332 = FILL_AREA_STYLE_COLOUR ( '', #2804 ) ;
#2333 = CARTESIAN_POINT ( 'NONE',  ( -1.587143878271131570, 3.020000000000000462, -1.442365052313585805 ) ) ;
#2334 = CARTESIAN_POINT ( 'NONE',  ( -0.1391808996543904553, 3.000000000000000888, -1.090317141010583191 ) ) ;
#2335 = CARTESIAN_POINT ( 'NONE',  ( -2.150106701838768508, 3.000000000000000000, -1.954890135931789619 ) ) ;
#2336 = VECTOR ( 'NONE', #3833, 1000.000000000000000 ) ;
#2337 = CARTESIAN_POINT ( 'NONE',  ( -1.810354668402152312, 2.999999999999999556, -0.9152627620483096971 ) ) ;
#2338 = DIRECTION ( 'NONE',  ( 1.000000000000000000, 0.0000000000000000000, 0.0000000000000000000 ) ) ;
#2339 = PRESENTATION_STYLE_ASSIGNMENT (( #786 ) ) ;
#2340 = ORIENTED_EDGE ( 'NONE', *, *, #4906, .T. ) ;
#2341 = CARTESIAN_POINT ( 'NONE',  ( -0.2971128801610283809, 2.999999999999999112, -1.396811617065946587 ) ) ;
#2342 = DIRECTION ( 'NONE',  ( 0.0000000000000000000, 0.0000000000000000000, 1.000000000000000000 ) ) ;
#2343 = CARTESIAN_POINT ( 'NONE',  ( -0.1957700307887894342, 3.000000000000001776, -1.738089500630947359 ) ) ;
#2344 = PLANE ( 'NONE',  #6814 ) ;
#2345 = LINE ( 'NONE', #644, #6048 ) ;
#2346 = CARTESIAN_POINT ( 'NONE',  ( -0.3795429168351228677, 3.020000000000000462, -2.062864638765018466 ) ) ;
#2347 = VERTEX_POINT ( 'NONE', #4228 ) ;
#2348 = VERTEX_POINT ( 'NONE', #5322 ) ;
#2349 = ORIENTED_EDGE ( 'NONE', *, *, #5910, .T. ) ;
#2350 = LINE ( 'NONE', #1328, #3354 ) ;
#2351 = LINE ( 'NONE', #1824, #2258 ) ;
#2352 = CARTESIAN_POINT ( 'NONE',  ( -0.2052620057194592951, 2.999999999999999556, -1.663721632383340365 ) ) ;
#2353 = CARTESIAN_POINT ( 'NONE',  ( -1.910932776326617288, 3.000000000000001332, -0.9139284779254964741 ) ) ;
#2354 = SURFACE_STYLE_USAGE ( .BOTH. , #278 ) ;
#2355 = EDGE_CURVE ( 'NONE', #4504, #3703, #3700, .T. ) ;
#2356 = ORIENTED_EDGE ( 'NONE', *, *, #470, .F. ) ;
#2357 = CARTESIAN_POINT ( 'NONE',  ( -1.778835198370164017, 3.000000000000002220, -1.396811617065947031 ) ) ;
#2358 = ORIENTED_EDGE ( 'NONE', *, *, #1290, .T. ) ;
#2359 = CARTESIAN_POINT ( 'NONE',  ( 3.399999999999999467, 2.160000000000000142, -2.291797999708434563 ) ) ;
#2360 = CARTESIAN_POINT ( 'NONE',  ( -0.1960079588193131550, 2.999999999999999556, -1.750851709550556912 ) ) ;
#2361 = CARTESIAN_POINT ( 'NONE',  ( -1.613352067104278031, 3.020000000000000018, -1.968232976005762636 ) ) ;
#2362 = LINE ( 'NONE', #4115, #2518 ) ;
#2363 = UNCERTAINTY_MEASURE_WITH_UNIT (LENGTH_MEASURE( 1.000000000000000082E-05 ), #6831, 'distance_accuracy_value', 'NONE');
#2364 = EDGE_CURVE ( 'NONE', #942, #189, #3671, .T. ) ;
#2365 = FILL_AREA_STYLE_COLOUR ( '', #4836 ) ;
#2366 = CARTESIAN_POINT ( 'NONE',  ( 0.4065585620845507675, 2.999999999999999556, -1.042665932240428139 ) ) ;
#2367 = ORIENTED_EDGE ( 'NONE', *, *, #6182, .F. ) ;
#2368 = ADVANCED_FACE ( 'NONE', ( #3034 ), #5221, .T. ) ;
#2369 = CARTESIAN_POINT ( 'NONE',  ( -0.6072379059818034941, 3.020000000000000018, -1.717672766091256298 ) ) ;
#2370 = CARTESIAN_POINT ( 'NONE',  ( -1.495626971654620441, 3.000000000000001776, -1.351925302067295664 ) ) ;
#2371 = CARTESIAN_POINT ( 'NONE',  ( -2.021938509982363907, 3.020000000000000462, -0.7875309464302363560 ) ) ;
#2372 = CARTESIAN_POINT ( 'NONE',  ( -1.903009525256652790, 3.000000000000000444, -1.535350746615560036 ) ) ;
#2373 = CARTESIAN_POINT ( 'NONE',  ( -0.1299849339599210007, 3.000000000000000888, -1.527427375831621914 ) ) ;
#2374 =( LENGTH_UNIT ( ) NAMED_UNIT ( * ) SI_UNIT ( .MILLI., .METRE. ) );
#2375 = MECHANICAL_DESIGN_GEOMETRIC_PRESENTATION_REPRESENTATION (  '', ( #5374 ), #2398 ) ;
#2376 = STYLED_ITEM ( 'NONE', ( #4272 ), #4055 ) ;
#2377 = VERTEX_POINT ( 'NONE', #959 ) ;
#2378 = B_SPLINE_CURVE_WITH_KNOTS ( 'NONE', 3,
 ( #3202, #5396, #1132, #7045, #3876, #6072, #1165, #6137, #213, #4523, #4015, #5104, #137, #5065, #2300, #3943, #5578, #708, #5614 ),
 .UNSPECIFIED., .F., .F.,
 ( 4, 1, 1, 1, 1, 1, 1, 1, 1, 1, 1, 1, 1, 1, 1, 1, 4 ),
 ( 0.0000000000000000000, 0.06350344145461814249, 0.1248046405781821078, 0.1849202801139812613, 0.2443762015685238265, 0.3037746372808737827, 0.3641325964146212013, 0.4253755063553630866, 0.4883879977208412937, 0.5517433281320240912, 0.6138598322814834418, 0.6756404471380683674, 0.7377369491926122347, 0.8004171140764982928, 0.8646584058363336878, 0.9309845230655545700, 1.000000000000000000 ),
 .UNSPECIFIED. ) ;
#2379 = CARTESIAN_POINT ( 'NONE',  ( -1.810354668402152312, 3.019999999999999574, -0.9152627620483096971 ) ) ;
#2380 = LINE ( 'NONE', #4569, #4314 ) ;
#2381 = CARTESIAN_POINT ( 'NONE',  ( -55.74906976069122777, 2.360000000000000320, -15.33036380780025354 ) ) ;
#2382 = CARTESIAN_POINT ( 'NONE',  ( -1.865835075169184121, 3.000000000000000000, -1.915118964585510231 ) ) ;
#2383 = DIRECTION ( 'NONE',  ( -1.000000000000000000, 0.0000000000000000000, 0.0000000000000000000 ) ) ;
#2384 = DIRECTION ( 'NONE',  ( -0.0000000000000000000, 1.000000000000000000, -0.0000000000000000000 ) ) ;
#2385 = VERTEX_POINT ( 'NONE', #3135 ) ;
#2386 = CARTESIAN_POINT ( 'NONE',  ( -1.741829563118048485, 2.999999999999999112, -0.7785085495972525749 ) ) ;
#2387 = VECTOR ( 'NONE', #5403, 1000.000000000000000 ) ;
#2388 = ORIENTED_EDGE ( 'NONE', *, *, #144, .T. ) ;
#2389 = CARTESIAN_POINT ( 'NONE',  ( -1.637697129099231041, 3.020000000000000018, -1.282589565623014183 ) ) ;
#2390 = VECTOR ( 'NONE', #2941, 1000.000000000000000 ) ;
#2391 = DIRECTION ( 'NONE',  ( 0.0000000000000000000, -0.0000000000000000000, 1.000000000000000000 ) ) ;
#2392 = CARTESIAN_POINT ( 'NONE',  ( 3.399999999999999911, 1.360000000000000098, -1.591797999708434164 ) ) ;
#2393 = SURFACE_SIDE_STYLE ('',( #6153 ) ) ;
#2394 = B_SPLINE_SURFACE_WITH_KNOTS ( 'NONE', 3, 1, ( 
 ( #1401, #6917 ),
 ( #6951, #410 ),
 ( #484, #4800 ),
 ( #2003, #5783 ),
 ( #6375, #3050 ),
 ( #5237, #4695 ),
 ( #6883, #4176 ) ),
 .UNSPECIFIED., .F., .F., .F.,
 ( 4, 1, 1, 1, 4 ),
 ( 2, 2 ),
 ( 0.0000000000000000000, 0.1827258013779606283, 0.4092837859163755421, 0.6821927053231796600, 1.000000000000000000 ),
 ( 0.0000000000000000000, 1.000000000000000000 ),
 .UNSPECIFIED. ) ;
#2395 = CARTESIAN_POINT ( 'NONE',  ( 0.2324047410033726890, 3.020000000000000462, -1.139132228998835705 ) ) ;
#2396 = VECTOR ( 'NONE', #4837, 1000.000000000000000 ) ;
#2397 =( LENGTH_UNIT ( ) NAMED_UNIT ( * ) SI_UNIT ( .MILLI., .METRE. ) );
#2398 =( GEOMETRIC_REPRESENTATION_CONTEXT ( 3 ) GLOBAL_UNCERTAINTY_ASSIGNED_CONTEXT ( ( #1572 ) ) GLOBAL_UNIT_ASSIGNED_CONTEXT ( ( #133, #5464, #4365 ) ) REPRESENTATION_CONTEXT ( 'NONE', 'WORKASPACE' ) );
#2399 = ADVANCED_FACE ( 'NONE', ( #433 ), #2190, .F. ) ;
#2400 = EDGE_LOOP ( 'NONE', ( #2885, #5423, #617, #5906 ) ) ;
#2401 = CARTESIAN_POINT ( 'NONE',  ( -1.826916514143133163, 3.000000000000002665, -1.405323339558132378 ) ) ;
#2402 = EDGE_LOOP ( 'NONE', ( #6711, #6969, #748, #662 ) ) ;
#2403 = VECTOR ( 'NONE', #567, 1000.000000000000000 ) ;
#2404 = CARTESIAN_POINT ( 'NONE',  ( -3.100000000000000533, 3.000000000000000000, -3.399999999999999911 ) ) ;
#2405 = CARTESIAN_POINT ( 'NONE',  ( -1.888204126167126962, 3.019999999999999574, -0.9113187227711539995 ) ) ;
#2406 = FILL_AREA_STYLE_COLOUR ( '', #6410 ) ;
#2407 = PRESENTATION_LAYER_ASSIGNMENT (  '', '', ( #5743 ) ) ;
#2408 = FILL_AREA_STYLE ('',( #1732 ) ) ;
#2409 = VERTEX_POINT ( 'NONE', #4850 ) ;
#2410 = FACE_OUTER_BOUND ( 'NONE', #6589, .T. ) ;
#2411 = CARTESIAN_POINT ( 'NONE',  ( -1.482794802351464325, 3.019999999999999574, -1.329034521154250026 ) ) ;
#2412 = CARTESIAN_POINT ( 'NONE',  ( -0.1465341729248579306, 3.020000000000000906, -1.066794057876733426 ) ) ;
#2413 = AXIS2_PLACEMENT_3D ( 'NONE', #6768, #6811, #6011 ) ;
#2414 = CARTESIAN_POINT ( 'NONE',  ( -1.695599090470115922, 3.000000000000000000, -1.644306830553906140 ) ) ;
#2415 = EDGE_CURVE ( 'NONE', #4552, #5414, #4489, .T. ) ;
#2416 = CARTESIAN_POINT ( 'NONE',  ( -1.958795034431594084, 3.020000000000000018, -1.388401139822559527 ) ) ;
#2417 = CARTESIAN_POINT ( 'NONE',  ( -0.1297940478921935925, 2.999999999999999556, -1.166914522465256621 ) ) ;
#2418 = ORIENTED_EDGE ( 'NONE', *, *, #5762, .T. ) ;
#2419 = CARTESIAN_POINT ( 'NONE',  ( -1.836997696681510917, 3.020000000000000018, -0.9113514499095943799 ) ) ;
#2420 = CARTESIAN_POINT ( 'NONE',  ( -0.3129341956115798684, 3.000000000000001332, -1.902367855215596704 ) ) ;
#2421 = CYLINDRICAL_SURFACE ( 'NONE', #2029, 0.5000000000000000000 ) ;
#2422 = EDGE_CURVE ( 'NONE', #6624, #1575, #1662, .T. ) ;
#2423 = CARTESIAN_POINT ( 'NONE',  ( -0.4292104581174822631, 3.000000000000000444, -0.9139284779254963631 ) ) ;
#2424 = ADVANCED_FACE ( 'NONE', ( #6025 ), #2497, .T. ) ;
#2425 = LINE ( 'NONE', #5072, #2751 ) ;
#2426 = VERTEX_POINT ( 'NONE', #5719 ) ;
#2427 = CARTESIAN_POINT ( 'NONE',  ( 1.434246176884115043, 3.020000000000000018, -2.063407973673387463 ) ) ;
#2428 = EDGE_LOOP ( 'NONE', ( #3901, #4066, #3336, #3357 ) ) ;
#2429 = CARTESIAN_POINT ( 'NONE',  ( -1.677370691355067445, 3.000000000000000444, -1.731563912824466867 ) ) ;
#2430 = ORIENTED_EDGE ( 'NONE', *, *, #534, .T. ) ;
#2431 = DIRECTION ( 'NONE',  ( 0.0000000000000000000, 0.0000000000000000000, 1.000000000000000000 ) ) ;
#2432 = CARTESIAN_POINT ( 'NONE',  ( -1.199926833265457349, 3.020000000000000018, -0.7792486312254709446 ) ) ;
#2433 = CARTESIAN_POINT ( 'NONE',  ( -0.1675011293439027105, 3.020000000000000018, -1.302550663260015673 ) ) ;
#2434 = CARTESIAN_POINT ( 'NONE',  ( -1.870560528329904271, 3.000000000000000444, -0.7627850499120361061 ) ) ;
#2435 = VECTOR ( 'NONE', #1685, 1000.000000000000000 ) ;
#2436 = FACE_OUTER_BOUND ( 'NONE', #4028, .T. ) ;
#2437 = DIRECTION ( 'NONE',  ( -0.0000000000000000000, -1.000000000000000000, -0.0000000000000000000 ) ) ;
#2438 =( GEOMETRIC_REPRESENTATION_CONTEXT ( 3 ) GLOBAL_UNCERTAINTY_ASSIGNED_CONTEXT ( ( #2951 ) ) GLOBAL_UNIT_ASSIGNED_CONTEXT ( ( #5865, #6397, #1957 ) ) REPRESENTATION_CONTEXT ( 'NONE', 'WORKASPACE' ) );
#2439 = CARTESIAN_POINT ( 'NONE',  ( -1.777357213204935338, 2.999999999999998668, -1.895353349385553443 ) ) ;
#2440 = CARTESIAN_POINT ( 'NONE',  ( -0.6237014872952384437, 3.000000000000000000, -1.141447420121037171 ) ) ;
#2441 = FILL_AREA_STYLE_COLOUR ( '', #580 ) ;
#2442 =( NAMED_UNIT ( * ) PLANE_ANGLE_UNIT ( ) SI_UNIT ( $, .RADIAN. ) );
#2443 = AXIS2_PLACEMENT_3D ( 'NONE', #6648, #5075, #2311 ) ;
#2444 = CARTESIAN_POINT ( 'NONE',  ( -1.514381320317141677, 3.020000000000000018, -1.697311913310611819 ) ) ;
#2445 = VERTEX_POINT ( 'NONE', #663 ) ;
#2446 = SURFACE_SIDE_STYLE ('',( #3060 ) ) ;
#2447 = CARTESIAN_POINT ( 'NONE',  ( -1.471721013156102043, 3.000000000000002665, -1.305032025826435182 ) ) ;
#2448 = STYLED_ITEM ( 'NONE', ( #640 ), #1526 ) ;
#2449 = CARTESIAN_POINT ( 'NONE',  ( -0.2795705151471239436, 3.020000000000000906, -0.9290547804331498183 ) ) ;
#2450 = CARTESIAN_POINT ( 'NONE',  ( -2.171710420041897738, 2.999999999999999112, -1.929905493478005551 ) ) ;
#2451 = SURFACE_SIDE_STYLE ('',( #296 ) ) ;
#2452 = FILL_AREA_STYLE ('',( #2996 ) ) ;
#2453 = CARTESIAN_POINT ( 'NONE',  ( -0.4600946479929797217, 3.000000000000000000, -1.536573371643473296 ) ) ;
#2454 = EDGE_CURVE ( 'NONE', #1764, #6362, #2257, .T. ) ;
#2455 = ORIENTED_EDGE ( 'NONE', *, *, #1991, .T. ) ;
#2456 = B_SPLINE_SURFACE_WITH_KNOTS ( 'NONE', 3, 1, ( 
 ( #1590, #5325 ),
 ( #2744, #6566 ),
 ( #6437, #3673 ),
 ( #963, #4231 ),
 ( #3772, #4263 ),
 ( #5427, #1628 ),
 ( #3701, #5904 ),
 ( #5355, #469 ),
 ( #503, #5393 ),
 ( #6466, #3139 ),
 ( #7076, #1055 ),
 ( #4332, #5998 ),
 ( #3234, #436 ),
 ( #4790, #991 ),
 ( #1093, #5931 ),
 ( #6599, #1300 ),
 ( #2405, #4592 ),
 ( #6815, #1370 ),
 ( #2949, #774 ) ),
 .UNSPECIFIED., .F., .F., .F.,
 ( 4, 1, 1, 1, 1, 1, 1, 1, 1, 1, 1, 1, 1, 1, 1, 1, 4 ),
 ( 2, 2 ),
 ( 0.0000000000000000000, 0.08256648184309005323, 0.1597600173463221140, 0.2331545001529421179, 0.3013562791316528600, 0.3657520143271564828, 0.4264371723179329887, 0.4841852540351036516, 0.5395491542935743068, 0.5931555898196895216, 0.6470483404201382571, 0.7014463748055865810, 0.7569996743770369685, 0.8138396236591044497, 0.8730579525107790007, 0.9349625940127606061, 0.9999999999999998890 ),
 ( 0.0000000000000000000, 1.000000000000000000 ),
 .UNSPECIFIED. ) ;
#2457 = FILL_AREA_STYLE_COLOUR ( '', #4379 ) ;
#2458 = CARTESIAN_POINT ( 'NONE',  ( -0.1960079588193131550, 3.000000000000001332, -1.750851709550556912 ) ) ;
#2459 = AXIS2_PLACEMENT_3D ( 'NONE', #2955, #4475, #3970 ) ;
#2460 = DIRECTION ( 'NONE',  ( 0.0000000000000000000, -0.0000000000000000000, -1.000000000000000000 ) ) ;
#2461 = DIRECTION ( 'NONE',  ( 0.0000000000000000000, 0.0000000000000000000, -1.000000000000000000 ) ) ;
#2462 = EDGE_CURVE ( 'NONE', #5773, #346, #207, .T. ) ;
#2463 = VERTEX_POINT ( 'NONE', #781 ) ;
#2464 = CARTESIAN_POINT ( 'NONE',  ( -55.74906976069122777, 2.360000000000000320, -19.91036380780025539 ) ) ;
#2465 = VERTEX_POINT ( 'NONE', #5573 ) ;
#2466 = CARTESIAN_POINT ( 'NONE',  ( 0.5267533237301010862, 3.019999999999999130, -0.7631867233046065735 ) ) ;
#2467 = CARTESIAN_POINT ( 'NONE',  ( -3.600000000000000533, 0.2000000000000000111, 1.589999999999999858 ) ) ;
#2468 = CARTESIAN_POINT ( 'NONE',  ( -0.3451941959339976940, 3.020000000000000462, -1.405323339558132156 ) ) ;
#2469 = EDGE_CURVE ( 'NONE', #2848, #1044, #4438, .T. ) ;
#2470 = EDGE_CURVE ( 'NONE', #5336, #2563, #4554, .T. ) ;
#2471 = SURFACE_STYLE_FILL_AREA ( #378 ) ;
#2472 = LINE ( 'NONE', #3545, #2054 ) ;
#2473 = ORIENTED_EDGE ( 'NONE', *, *, #2866, .F. ) ;
#2474 = CARTESIAN_POINT ( 'NONE',  ( -1.826916514143133163, 3.020000000000001350, -1.405323339558132378 ) ) ;
#2475 = CARTESIAN_POINT ( 'NONE',  ( 3.400000000000000799, 1.360000000000000098, 1.589999999999999414 ) ) ;
#2476 = CARTESIAN_POINT ( 'NONE',  ( 0.8162002175480201904, 3.000000000000000444, -0.9190716331131640882 ) ) ;
#2477 = CARTESIAN_POINT ( 'NONE',  ( -1.513280871334123256, 3.020000000000000018, -1.751069074099343315 ) ) ;
#2478 = CARTESIAN_POINT ( 'NONE',  ( -0.1826099314732211876, 3.019999999999998685, -1.003235697412466543 ) ) ;
#2479 = CARTESIAN_POINT ( 'NONE',  ( 0.8238318979750564042, 3.020000000000000018, -1.169963128733397584 ) ) ;
#2480 = ORIENTED_EDGE ( 'NONE', *, *, #5624, .T. ) ;
#2481 = DIRECTION ( 'NONE',  ( 1.000000000000000000, 0.0000000000000000000, 0.0000000000000000000 ) ) ;
#2482 = SURFACE_STYLE_USAGE ( .BOTH. , #3159 ) ;
#2483 = CARTESIAN_POINT ( 'NONE',  ( -1.855538969863144150, 3.020000000000000018, -0.7631222124181720190 ) ) ;
#2484 = SURFACE_STYLE_USAGE ( .BOTH. , #1415 ) ;
#2485 = CARTESIAN_POINT ( 'NONE',  ( -2.078853349000398865, 3.019999999999999574, -1.763761206651437208 ) ) ;
#2486 = EDGE_CURVE ( 'NONE', #5717, #2426, #6244, .T. ) ;
#2487 = SURFACE_SIDE_STYLE ('',( #1988 ) ) ;
#2488 = ORIENTED_EDGE ( 'NONE', *, *, #803, .F. ) ;
#2489 = CARTESIAN_POINT ( 'NONE',  ( -1.941816966202114303, 3.000000000000000000, -1.536573371643473296 ) ) ;
#2490 = AXIS2_PLACEMENT_3D ( 'NONE', #3603, #2566, #2060 ) ;
#2491 = SURFACE_STYLE_FILL_AREA ( #4758 ) ;
#2492 = CARTESIAN_POINT ( 'NONE',  ( -0.5243080843429748228, 2.999999999999999112, -0.9521007689923013384 ) ) ;
#2493 = SURFACE_STYLE_USAGE ( .BOTH. , #3140 ) ;
#2494 = EDGE_LOOP ( 'NONE', ( #1157, #5658, #868, #3963 ) ) ;
#2495 = EDGE_LOOP ( 'NONE', ( #4972, #5409, #4494, #270, #2620, #3297 ) ) ;
#2496 = CARTESIAN_POINT ( 'NONE',  ( -2.035662126050466370, 3.020000000000000462, -0.9796307649470453738 ) ) ;
#2497 = B_SPLINE_SURFACE_WITH_KNOTS ( 'NONE', 3, 1, ( 
 ( #2740, #3867 ),
 ( #4259, #7072 ),
 ( #1158, #3329 ),
 ( #4919, #4327 ),
 ( #4820, #2662 ),
 ( #5536, #499 ),
 ( #1622, #3298 ),
 ( #6527, #1587 ),
 ( #629, #7001 ),
 ( #2091, #6462 ),
 ( #1556, #3731 ),
 ( #5928, #1018 ),
 ( #5389, #3766 ),
 ( #3228, #5963 ),
 ( #1051, #537 ),
 ( #2703, #3798 ),
 ( #2294, #5135 ),
 ( #169, #739 ),
 ( #4985, #3902 ) ),
 .UNSPECIFIED., .F., .F., .F.,
 ( 4, 1, 1, 1, 1, 1, 1, 1, 1, 1, 1, 1, 1, 1, 1, 1, 4 ),
 ( 2, 2 ),
 ( 0.0000000000000000000, 0.06350344145461818413, 0.1248046405781821633, 0.1849202801139813446, 0.2443762015685237987, 0.3037746372808736162, 0.3641325964146212568, 0.4253755063553633087, 0.4883879977208413492, 0.5517433281320244243, 0.6138598322814835528, 0.6756404471380687005, 0.7377369491926125677, 0.8004171140764986259, 0.8646584058363333547, 0.9309845230655547921, 1.000000000000000000 ),
 ( 0.0000000000000000000, 1.000000000000000000 ),
 .UNSPECIFIED. ) ;
#2498 = ORIENTED_EDGE ( 'NONE', *, *, #3360, .T. ) ;
#2499 = CARTESIAN_POINT ( 'NONE',  ( -0.04107315072130002243, 3.020000000000000018, -1.658823691771469155 ) ) ;
#2500 = CARTESIAN_POINT ( 'NONE',  ( -0.5243080843429748228, 3.019999999999999130, -0.9521007689923013384 ) ) ;
#2501 = CARTESIAN_POINT ( 'NONE',  ( -55.34906976069122919, 0.2000000000000000111, -19.21036380780025254 ) ) ;
#2502 = AXIS2_PLACEMENT_3D ( 'NONE', #1330, #5630, #1827 ) ;
#2503 = MECHANICAL_DESIGN_GEOMETRIC_PRESENTATION_REPRESENTATION (  '', ( #1014 ), #5476 ) ;
#2504 = ADVANCED_FACE ( 'NONE', ( #2410 ), #702, .F. ) ;
#2505 = EDGE_CURVE ( 'NONE', #1895, #536, #6778, .T. ) ;
#2506 = SURFACE_STYLE_FILL_AREA ( #3616 ) ;
#2507 = STYLED_ITEM ( 'NONE', ( #5224 ), #5716 ) ;
#2508 = AXIS2_PLACEMENT_3D ( 'NONE', #2741, #2663, #4987 ) ;
#2509 = VERTEX_POINT ( 'NONE', #3938 ) ;
#2510 = CARTESIAN_POINT ( 'NONE',  ( 3.600000000000000089, 1.360000000000000098, -1.591797999708434164 ) ) ;
#2511 =( GEOMETRIC_REPRESENTATION_CONTEXT ( 3 ) GLOBAL_UNCERTAINTY_ASSIGNED_CONTEXT ( ( #1007 ) ) GLOBAL_UNIT_ASSIGNED_CONTEXT ( ( #2246, #3282, #4425 ) ) REPRESENTATION_CONTEXT ( 'NONE', 'WORKASPACE' ) );
#2512 = CARTESIAN_POINT ( 'NONE',  ( 0.7691454796976190389, 3.000000000000000000, -0.8580532452824732870 ) ) ;
#2513 = VECTOR ( 'NONE', #6657, 1000.000000000000000 ) ;
#2514 = LINE ( 'NONE', #5888, #2277 ) ;
#2515 = UNCERTAINTY_MEASURE_WITH_UNIT (LENGTH_MEASURE( 1.000000000000000082E-05 ), #6942, 'distance_accuracy_value', 'NONE');
#2516 = ADVANCED_FACE ( 'NONE', ( #2811 ), #4009, .F. ) ;
#2517 =( LENGTH_UNIT ( ) NAMED_UNIT ( * ) SI_UNIT ( .MILLI., .METRE. ) );
#2518 = VECTOR ( 'NONE', #6853, 1000.000000000000000 ) ;
#2519 = SURFACE_STYLE_FILL_AREA ( #1982 ) ;
#2520 = ORIENTED_EDGE ( 'NONE', *, *, #3987, .T. ) ;
#2521 =( NAMED_UNIT ( * ) SI_UNIT ( $, .STERADIAN. ) SOLID_ANGLE_UNIT ( ) );
#2522 = CARTESIAN_POINT ( 'NONE',  ( -0.1675011293439027105, 3.000000000000000000, -1.302550663260015673 ) ) ;
#2523 = CARTESIAN_POINT ( 'NONE',  ( -1.665537189682890551, 3.019999999999999130, -0.8079146238642840316 ) ) ;
#2524 = CARTESIAN_POINT ( 'NONE',  ( -1.852296242810312465, 3.020000000000000018, -1.405893694968084029 ) ) ;
#2525 = VECTOR ( 'NONE', #6475, 1000.000000000000000 ) ;
#2526 = CARTESIAN_POINT ( 'NONE',  ( 0.5729652133106418743, 3.000000000000000444, -0.9114160198587855088 ) ) ;
#2527 = CARTESIAN_POINT ( 'NONE',  ( 0.8249478890009047660, 3.020000000000000018, -1.215276427817314264 ) ) ;
#2528 = SURFACE_STYLE_FILL_AREA ( #1422 ) ;
#2529 = ORIENTED_EDGE ( 'NONE', *, *, #7042, .F. ) ;
#2530 = CARTESIAN_POINT ( 'NONE',  ( -1.921582972105196685, 3.020000000000000462, -1.534910053988282730 ) ) ;
#2531 = CARTESIAN_POINT ( 'NONE',  ( -0.6358677689201646110, 3.000000000000002220, -0.8396064748795865063 ) ) ;
#2532 = CARTESIAN_POINT ( 'NONE',  ( -0.5793182957661777710, 2.999999999999999556, -1.015309225000133653 ) ) ;
#2533 = CARTESIAN_POINT ( 'NONE',  ( 0.8250936682870266825, 3.020000000000000018, -1.224794300520300805 ) ) ;
#2534 = ORIENTED_EDGE ( 'NONE', *, *, #4692, .F. ) ;
#2535 = CARTESIAN_POINT ( 'NONE',  ( 0.3075791768584469899, 2.999999999999999556, -0.8500838463471690476 ) ) ;
#2536 = ORIENTED_EDGE ( 'NONE', *, *, #3689, .F. ) ;
#2537 = CARTESIAN_POINT ( 'NONE',  ( 1.434246176884115043, 3.020000000000000018, -1.536573371643473296 ) ) ;
#2538 = ORIENTED_EDGE ( 'NONE', *, *, #520, .T. ) ;
#2539 =( LENGTH_UNIT ( ) NAMED_UNIT ( * ) SI_UNIT ( .MILLI., .METRE. ) );
#2540 = CARTESIAN_POINT ( 'NONE',  ( -0.1969736862174531755, 2.999999999999999556, -1.479966713092396358 ) ) ;
#2541 = CARTESIAN_POINT ( 'NONE',  ( -0.5402161917732289931, 3.019999999999999574, -0.7875309464302361340 ) ) ;
#2542 = LINE ( 'NONE', #6844, #807 ) ;
#2543 = ORIENTED_EDGE ( 'NONE', *, *, #1095, .F. ) ;
#2544 = CARTESIAN_POINT ( 'NONE',  ( 1.253146782436332041, 3.020000000000000018, -0.7792486312254709446 ) ) ;
#2545 = ADVANCED_FACE ( 'NONE', ( #5681 ), #131, .T. ) ;
#2546 =( LENGTH_UNIT ( ) NAMED_UNIT ( * ) SI_UNIT ( .MILLI., .METRE. ) );
#2547 = VECTOR ( 'NONE', #2973, 1000.000000000000000 ) ;
#2548 = CARTESIAN_POINT ( 'NONE',  ( -0.3703246135651403481, 3.000000000000000000, -1.914890272204889721 ) ) ;
#2549 =( NAMED_UNIT ( * ) PLANE_ANGLE_UNIT ( ) SI_UNIT ( $, .RADIAN. ) );
#2550 = CARTESIAN_POINT ( 'NONE',  ( -0.3501980494232977414, 3.020000000000000018, -1.912176249954232965 ) ) ;
#2551 = SURFACE_STYLE_FILL_AREA ( #6856 ) ;
#2552 = MECHANICAL_DESIGN_GEOMETRIC_PRESENTATION_REPRESENTATION (  '', ( #5298 ), #2438 ) ;
#2553 = CARTESIAN_POINT ( 'NONE',  ( 0.8060998283484014371, 3.020000000000000462, -1.061782395318177752 ) ) ;
#2554 = LINE ( 'NONE', #5824, #5784 ) ;
#2555 = ORIENTED_EDGE ( 'NONE', *, *, #470, .T. ) ;
#2556 = CARTESIAN_POINT ( 'NONE',  ( -1.495626971654620441, 3.000000000000000000, -1.351925302067295664 ) ) ;
#2557 = CARTESIAN_POINT ( 'NONE',  ( -1.630382857699015364, 3.020000000000001794, -0.8281084377046472600 ) ) ;
#2558 = CARTESIAN_POINT ( 'NONE',  ( 0.8246654449114056984, 3.000000000000000000, -1.196835763433007793 ) ) ;
#2559 = AXIS2_PLACEMENT_3D ( 'NONE', #3364, #5715, #87 ) ;
#2560 = COLOUR_RGB ( '',1.000000000000000000, 1.000000000000000000, 1.000000000000000000 ) ;
#2561 = B_SPLINE_SURFACE_WITH_KNOTS ( 'NONE', 3, 1, ( 
 ( #2297, #6492 ),
 ( #1126, #1054 ),
 ( #595, #539 ),
 ( #2705, #329 ),
 ( #173, #3562 ),
 ( #4085, #706 ),
 ( #5684, #3442 ),
 ( #6247, #2450 ),
 ( #2882, #2335 ),
 ( #6172, #3972 ),
 ( #1308, #1844 ),
 ( #6781, #1882 ),
 ( #1804, #5611 ),
 ( #1269, #743 ),
 ( #4520, #5758 ),
 ( #4477, #6132 ),
 ( #4052, #5061 ),
 ( #6699, #4012 ),
 ( #5139, #253 ) ),
 .UNSPECIFIED., .F., .F., .F.,
 ( 4, 1, 1, 1, 1, 1, 1, 1, 1, 1, 1, 1, 1, 1, 1, 1, 4 ),
 ( 2, 2 ),
 ( 0.0000000000000000000, 0.07103632301205817234, 0.1393433396034171323, 0.2049584727025961228, 0.2683315830770491850, 0.3301292609669972955, 0.3906639764805654447, 0.4508614486151500955, 0.5105872658343560966, 0.5703738539616981518, 0.6294550091547365112, 0.6879935230805727109, 0.7475809941037837580, 0.8078387614769656500, 0.8700340388224000465, 0.9338104563665483582, 1.000000000000000000 ),
 ( 0.0000000000000000000, 1.000000000000000000 ),
 .UNSPECIFIED. ) ;
#2562 = CARTESIAN_POINT ( 'NONE',  ( -55.34906976069122919, 0.2000000000000000111, -16.03036380780025283 ) ) ;
#2563 = VERTEX_POINT ( 'NONE', #6169 ) ;
#2564 = VECTOR ( 'NONE', #6318, 1000.000000000000000 ) ;
#2565 = B_SPLINE_CURVE_WITH_KNOTS ( 'NONE', 3,
 ( #1500, #6370, #2069, #5909, #969, #3678, #6299, #338, #2496, #2572, #5230, #6945, #1433, #3640, #4764, #1396, #1967, #867, #5875 ),
 .UNSPECIFIED., .F., .F.,
 ( 4, 1, 1, 1, 1, 1, 1, 1, 1, 1, 1, 1, 1, 1, 1, 1, 4 ),
 ( 0.0000000000000000000, 0.08256648184309005323, 0.1597600173463221140, 0.2331545001529421179, 0.3013562791316528600, 0.3657520143271564828, 0.4264371723179329887, 0.4841852540351036516, 0.5395491542935743068, 0.5931555898196895216, 0.6470483404201382571, 0.7014463748055865810, 0.7569996743770369685, 0.8138396236591044497, 0.8730579525107790007, 0.9349625940127606061, 0.9999999999999998890 ),
 .UNSPECIFIED. ) ;
#2566 = DIRECTION ( 'NONE',  ( -3.188829919075012374E-16, 0.0000000000000000000, -1.000000000000000000 ) ) ;
#2567 =( GEOMETRIC_REPRESENTATION_CONTEXT ( 3 ) GLOBAL_UNCERTAINTY_ASSIGNED_CONTEXT ( ( #6591 ) ) GLOBAL_UNIT_ASSIGNED_CONTEXT ( ( #3789, #4911, #5632 ) ) REPRESENTATION_CONTEXT ( 'NONE', 'WORKASPACE' ) );
#2568 = FACE_OUTER_BOUND ( 'NONE', #3355, .T. ) ;
#2569 = ORIENTED_EDGE ( 'NONE', *, *, #3848, .T. ) ;
#2570 = CARTESIAN_POINT ( 'NONE',  ( 0.2594939105843244720, 3.020000000000000018, -0.9276418254978499034 ) ) ;
#2571 = VERTEX_POINT ( 'NONE', #1267 ) ;
#2572 = CARTESIAN_POINT ( 'NONE',  ( -2.021469541747220600, 3.019999999999999574, -0.9648386158327396656 ) ) ;
#2573 = ORIENTED_EDGE ( 'NONE', *, *, #5021, .T. ) ;
#2574 = FILL_AREA_STYLE_COLOUR ( '', #2686 ) ;
#2575 = CARTESIAN_POINT ( 'NONE',  ( -0.1789111289488996004, 2.999999999999999556, -1.475406274729326395 ) ) ;
#2576 =( GEOMETRIC_REPRESENTATION_CONTEXT ( 3 ) GLOBAL_UNCERTAINTY_ASSIGNED_CONTEXT ( ( #5529 ) ) GLOBAL_UNIT_ASSIGNED_CONTEXT ( ( #1673, #1706, #1167 ) ) REPRESENTATION_CONTEXT ( 'NONE', 'WORKASPACE' ) );
#2577 = CARTESIAN_POINT ( 'NONE',  ( -1.628107610835194841, 3.000000000000000444, -1.261665224972226884 ) ) ;
#2578 = PLANE ( 'NONE',  #4673 ) ;
#2579 = CARTESIAN_POINT ( 'NONE',  ( 3.400000000000001243, 1.360000000000000098, 2.289999999999999591 ) ) ;
#2580 = SURFACE_STYLE_FILL_AREA ( #3617 ) ;
#2581 = EDGE_CURVE ( 'NONE', #6327, #3928, #3124, .T. ) ;
#2582 = ORIENTED_EDGE ( 'NONE', *, *, #6695, .F. ) ;
#2583 = CARTESIAN_POINT ( 'NONE',  ( -1.677730277028448125, 2.999999999999999112, -1.750851709550557578 ) ) ;
#2584 = VECTOR ( 'NONE', #972, 1000.000000000000000 ) ;
#2585 = SURFACE_STYLE_USAGE ( .BOTH. , #4702 ) ;
#2586 = EDGE_CURVE ( 'NONE', #7046, #5717, #67, .T. ) ;
#2587 = FILL_AREA_STYLE ('',( #418 ) ) ;
#2588 = VECTOR ( 'NONE', #6755, 1000.000000000000000 ) ;
#2589 = LINE ( 'NONE', #881, #7021 ) ;
#2590 =( NAMED_UNIT ( * ) PLANE_ANGLE_UNIT ( ) SI_UNIT ( $, .RADIAN. ) );
#2591 = ORIENTED_EDGE ( 'NONE', *, *, #3469, .T. ) ;
#2592 = CARTESIAN_POINT ( 'NONE',  ( -0.6072379059818034941, 3.020000000000000018, -1.717672766091256298 ) ) ;
#2593 = CARTESIAN_POINT ( 'NONE',  ( -1.450641017908707253, 3.000000000000000000, -1.224932125661505333 ) ) ;
#2594 = CARTESIAN_POINT ( 'NONE',  ( 0.03484176524215466808, 3.020000000000000018, -1.165628305175144597 ) ) ;
#2595 = DIRECTION ( 'NONE',  ( 1.000000000000000000, 0.0000000000000000000, 0.0000000000000000000 ) ) ;
#2596 = ADVANCED_FACE ( 'NONE', ( #4668 ), #846, .F. ) ;
#2597 = CARTESIAN_POINT ( 'NONE',  ( -0.3911534012429715435, 3.020000000000000018, -1.915235741852474138 ) ) ;
#2598 = CARTESIAN_POINT ( 'NONE',  ( 1.253146782436332041, 3.020000000000000018, -2.063407973673387463 ) ) ;
#2599 =( NAMED_UNIT ( * ) SI_UNIT ( $, .STERADIAN. ) SOLID_ANGLE_UNIT ( ) );
#2600 = VERTEX_POINT ( 'NONE', #1949 ) ;
#2601 =( NAMED_UNIT ( * ) SI_UNIT ( $, .STERADIAN. ) SOLID_ANGLE_UNIT ( ) );
#2602 = CARTESIAN_POINT ( 'NONE',  ( -0.4556399999589790806, 3.000000000000000444, -1.536086600314615191 ) ) ;
#2603 = PLANE ( 'NONE',  #6852 ) ;
#2604 =( LENGTH_UNIT ( ) NAMED_UNIT ( * ) SI_UNIT ( .MILLI., .METRE. ) );
#2605 = FILL_AREA_STYLE ('',( #2063 ) ) ;
#2606 = ORIENTED_EDGE ( 'NONE', *, *, #5349, .F. ) ;
#2607 = PRESENTATION_STYLE_ASSIGNMENT (( #3075 ) ) ;
#2608 = ORIENTED_EDGE ( 'NONE', *, *, #5130, .T. ) ;
#2609 =( LENGTH_UNIT ( ) NAMED_UNIT ( * ) SI_UNIT ( .MILLI., .METRE. ) );
#2610 = CARTESIAN_POINT ( 'NONE',  ( -0.09942977120133594804, 3.020000000000000018, -1.555872507903556468 ) ) ;
#2611 = SURFACE_STYLE_FILL_AREA ( #4729 ) ;
#2612 = PLANE ( 'NONE',  #427 ) ;
#2613 = VERTEX_POINT ( 'NONE', #5175 ) ;
#2614 = CARTESIAN_POINT ( 'NONE',  ( 0.5840565481200197251, 2.999999999999999556, -0.9109572817329495420 ) ) ;
#2615 = COLOUR_RGB ( '',1.000000000000000000, 1.000000000000000000, 1.000000000000000000 ) ;
#2616 = CARTESIAN_POINT ( 'NONE',  ( 1.434246176884115043, 3.020000000000000018, -0.7792486312254709446 ) ) ;
#2617 =( LENGTH_UNIT ( ) NAMED_UNIT ( * ) SI_UNIT ( .MILLI., .METRE. ) );
#2618 = FILL_AREA_STYLE_COLOUR ( '', #4255 ) ;
#2619 = CARTESIAN_POINT ( 'NONE',  ( -0.4708375737257265436, 3.020000000000000018, -0.9242756092754111918 ) ) ;
#2620 = ORIENTED_EDGE ( 'NONE', *, *, #5562, .T. ) ;
#2621 = STYLED_ITEM ( 'NONE', ( #4276 ), #5520 ) ;
#2622 = DIRECTION ( 'NONE',  ( -0.0000000000000000000, -1.000000000000000000, -0.0000000000000000000 ) ) ;
#2623 =( LENGTH_UNIT ( ) NAMED_UNIT ( * ) SI_UNIT ( .MILLI., .METRE. ) );
#2624 = B_SPLINE_CURVE_WITH_KNOTS ( 'NONE', 3,
 ( #481, #4830, #2104, #3081, #4274, #2541, #3742, #3614, #5938, #1032, #3207, #5402, #512, #2677, #4861, #6340, #1972, #3343, #2237 ),
 .UNSPECIFIED., .F., .F.,
 ( 4, 1, 1, 1, 1, 1, 1, 1, 1, 1, 1, 1, 1, 1, 1, 1, 4 ),
 ( 0.0000000000000000000, 0.06779439940133707987, 0.1334641369291914015, 0.1969337335573701220, 0.2584806216111270039, 0.3197865376803736837, 0.3804313677831001606, 0.4409901724489913022, 0.5028674288973122852, 0.5648063393097807472, 0.6255263416925381792, 0.6856036068581816689, 0.7460408460006122677, 0.8073467620698590030, 0.8697170363588135888, 0.9337895409055554374, 1.000000000000000000 ),
 .UNSPECIFIED. ) ;
#2625 = LINE ( 'NONE', #4814, #5248 ) ;
#2626 = CARTESIAN_POINT ( 'NONE',  ( 0.8250936682870266825, 2.999999999999999556, -1.224794300520300805 ) ) ;
#2627 = PRESENTATION_LAYER_ASSIGNMENT (  '', '', ( #815 ) ) ;
#2628 = VECTOR ( 'NONE', #5997, 1000.000000000000000 ) ;
#2629 = CARTESIAN_POINT ( 'NONE',  ( 0.03428311630434724422, 3.020000000000001350, -1.195713631510698871 ) ) ;
#2630 = ADVANCED_FACE ( 'NONE', ( #4709 ), #4746, .F. ) ;
#2631 = CARTESIAN_POINT ( 'NONE',  ( -0.5739960907516892252, 3.000000000000001332, -0.8014251924854067788 ) ) ;
#2632 = EDGE_CURVE ( 'NONE', #6687, #4577, #5311, .T. ) ;
#2633 = DIRECTION ( 'NONE',  ( 1.000000000000000000, 0.0000000000000000000, 0.0000000000000000000 ) ) ;
#2634 = VECTOR ( 'NONE', #607, 1000.000000000000000 ) ;
#2635 =( LENGTH_UNIT ( ) NAMED_UNIT ( * ) SI_UNIT ( .MILLI., .METRE. ) );
#2636 = CARTESIAN_POINT ( 'NONE',  ( -2.041980688865258742, 3.000000000000000444, -1.838138938650643039 ) ) ;
#2637 = COLOUR_RGB ( '',0.7921568627450980005, 0.8196078431372548767, 0.9333333333333333481 ) ;
#2638 = FILL_AREA_STYLE_COLOUR ( '', #3333 ) ;
#2639 = VERTEX_POINT ( 'NONE', #883 ) ;
#2640 = CARTESIAN_POINT ( 'NONE',  ( -0.1956483731459326414, 3.000000000000000444, -1.731563912824466867 ) ) ;
#2641 = CARTESIAN_POINT ( 'NONE',  ( -0.4475229069035184803, 3.000000000000000444, -1.396263457214642845 ) ) ;
#2642 = ADVANCED_FACE ( 'NONE', ( #951 ), #3093, .T. ) ;
#2643 = CARTESIAN_POINT ( 'NONE',  ( -3.600000000000000089, 1.351261177893192666, -1.590000000000000302 ) ) ;
#2644 = CARTESIAN_POINT ( 'NONE',  ( -3.399999999999999911, 1.351261177893192666, 1.589999999999999858 ) ) ;
#2645 = EDGE_CURVE ( 'NONE', #88, #1997, #4222, .T. ) ;
#2646 = CARTESIAN_POINT ( 'NONE',  ( -1.878020588612554276, 3.000000000000000000, -2.063407973673387463 ) ) ;
#2647 = ORIENTED_EDGE ( 'NONE', *, *, #3198, .F. ) ;
#2648 = SURFACE_SIDE_STYLE ('',( #3430 ) ) ;
#2649 = B_SPLINE_CURVE_WITH_KNOTS ( 'NONE', 3,
 ( #4856, #3306, #3200, #5395, #7044, #4267, #3735, #542, #5933, #505, #4300, #1594, #3774, #5103, #6135 ),
 .UNSPECIFIED., .F., .F.,
 ( 4, 1, 1, 1, 1, 1, 1, 1, 1, 1, 1, 1, 4 ),
 ( 0.0000000000000000000, 0.1277971582348367829, 0.2467952527166551724, 0.3622843155839157170, 0.4776524647273049373, 0.5362368417287132205, 0.5955904355162854324, 0.6563437591396387161, 0.7190851405078755310, 0.7843491651281224719, 0.8528755346365586298, 0.9245512555167009205, 1.000000000000000000 ),
 .UNSPECIFIED. ) ;
#2650 = CARTESIAN_POINT ( 'NONE',  ( -0.4770727162224594475, 3.020000000000000018, -1.388401139822559527 ) ) ;
#2651 = PRODUCT_DEFINITION_CONTEXT ( 'detailed design', #4789, 'design' ) ;
#2652 = FACE_OUTER_BOUND ( 'NONE', #3227, .T. ) ;
#2653 = CARTESIAN_POINT ( 'NONE',  ( 2.330000000000001403, 0.2000000000000000111, 1.589999999999999858 ) ) ;
#2654 = ORIENTED_EDGE ( 'NONE', *, *, #2946, .T. ) ;
#2655 = LINE ( 'NONE', #1081, #3935 ) ;
#2656 = CARTESIAN_POINT ( 'NONE',  ( 0.005330947839205196596, 3.020000000000000462, -1.009768632962657620 ) ) ;
#2657 = PRESENTATION_STYLE_ASSIGNMENT (( #5527 ) ) ;
#2658 = AXIS2_PLACEMENT_3D ( 'NONE', #3622, #5823, #3090 ) ;
#2659 = UNCERTAINTY_MEASURE_WITH_UNIT (LENGTH_MEASURE( 1.000000000000000082E-05 ), #2374, 'distance_accuracy_value', 'NONE');
#2660 = FACE_OUTER_BOUND ( 'NONE', #5660, .T. ) ;
#2661 = SURFACE_SIDE_STYLE ('',( #6525 ) ) ;
#2662 = CARTESIAN_POINT ( 'NONE',  ( -1.463188395194005897, 3.000000000000000888, -1.046471747391922280 ) ) ;
#2663 = DIRECTION ( 'NONE',  ( 0.0000000000000000000, -1.000000000000000000, 0.0000000000000000000 ) ) ;
#2664 = PRESENTATION_LAYER_ASSIGNMENT (  '', '', ( #4025 ) ) ;
#2665 = FACE_OUTER_BOUND ( 'NONE', #1010, .T. ) ;
#2666 = SURFACE_SIDE_STYLE ('',( #6973 ) ) ;
#2667 =( NAMED_UNIT ( * ) PLANE_ANGLE_UNIT ( ) SI_UNIT ( $, .RADIAN. ) );
#2668 = CARTESIAN_POINT ( 'NONE',  ( -1.687917673133986884, 3.020000000000000462, -1.482295002000742823 ) ) ;
#2669 = EDGE_CURVE ( 'NONE', #1703, #4770, #6380, .T. ) ;
#2670 = CARTESIAN_POINT ( 'NONE',  ( -54.94906976069123061, 2.560000000000000053, -15.33036380780025354 ) ) ;
#2671 = VECTOR ( 'NONE', #45, 1000.000000000000000 ) ;
#2672 = VECTOR ( 'NONE', #6165, 1000.000000000000000 ) ;
#2673 = DIRECTION ( 'NONE',  ( 0.0000000000000000000, 1.000000000000000000, 0.0000000000000000000 ) ) ;
#2674 = ORIENTED_EDGE ( 'NONE', *, *, #6445, .T. ) ;
#2675 = FACE_OUTER_BOUND ( 'NONE', #1733, .T. ) ;
#2676 = FILL_AREA_STYLE_COLOUR ( '', #5999 ) ;
#2677 = CARTESIAN_POINT ( 'NONE',  ( -0.7501585648365134418, 3.019999999999999574, -0.9792504244827743287 ) ) ;
#2678 = VECTOR ( 'NONE', #2437, 1000.000000000000000 ) ;
#2679 = CARTESIAN_POINT ( 'NONE',  ( -55.74906976069122777, 1.560000000000000275, -15.33036380780025354 ) ) ;
#2680 = DIRECTION ( 'NONE',  ( -0.0000000000000000000, -1.000000000000000000, -0.0000000000000000000 ) ) ;
#2681 = EDGE_CURVE ( 'NONE', #874, #5446, #1653, .T. ) ;
#2682 = EDGE_LOOP ( 'NONE', ( #6300, #388, #3675, #571 ) ) ;
#2683 = APPLICATION_PROTOCOL_DEFINITION ( 'draft international standard', 'automotive_design', 1998, #4789 ) ;
#2684 = ORIENTED_EDGE ( 'NONE', *, *, #6078, .F. ) ;
#2685 = DIRECTION ( 'NONE',  ( 0.0000000000000000000, 0.0000000000000000000, -1.000000000000000000 ) ) ;
#2686 = COLOUR_RGB ( '',0.9686274509803921573, 0.8784313725490195957, 0.5999999999999999778 ) ;
#2687 = EDGE_CURVE ( 'NONE', #2897, #1200, #2655, .T. ) ;
#2688 = PRODUCT_RELATED_PRODUCT_CATEGORY ( 'part', '', ( #749 ) ) ;
#2689 = EDGE_LOOP ( 'NONE', ( #5155, #2100, #4617, #492 ) ) ;
#2690 = CARTESIAN_POINT ( 'NONE',  ( -2.088960224190938408, 3.000000000000000000, -1.717672766091256298 ) ) ;
#2691 = DIRECTION ( 'NONE',  ( -9.469014606860301471E-17, 0.0000000000000000000, 1.000000000000000000 ) ) ;
#2692 =( LENGTH_UNIT ( ) NAMED_UNIT ( * ) SI_UNIT ( .MILLI., .METRE. ) );
#2693 = CARTESIAN_POINT ( 'NONE',  ( -0.7883373004295866071, 3.020000000000000018, -1.124983838807602332 ) ) ;
#2694 = PLANE ( 'NONE',  #1076 ) ;
#2695 = ORIENTED_EDGE ( 'NONE', *, *, #3115, .F. ) ;
#2696 = CARTESIAN_POINT ( 'NONE',  ( -0.4364282498549171829, 3.000000000000000444, -1.534772667437316329 ) ) ;
#2697 = CARTESIAN_POINT ( 'NONE',  ( -0.1486605394898799504, 3.020000000000000906, -0.8281084377046471490 ) ) ;
#2698 = CARTESIAN_POINT ( 'NONE',  ( -1.870560528329904271, 3.000000000000000444, -0.7627850499120361061 ) ) ;
#2699 = DIRECTION ( 'NONE',  ( 1.000000000000000000, 0.0000000000000000000, 0.0000000000000000000 ) ) ;
#2700 = SURFACE_SIDE_STYLE ('',( #4847 ) ) ;
#2701 = FACE_OUTER_BOUND ( 'NONE', #2834, .T. ) ;
#2702 = ORIENTED_EDGE ( 'NONE', *, *, #3898, .T. ) ;
#2703 = CARTESIAN_POINT ( 'NONE',  ( -1.782907943783439864, 3.020000000000000462, -0.7692340927347679491 ) ) ;
#2704 = CARTESIAN_POINT ( 'NONE',  ( 0.005330947839205196596, 3.020000000000000462, -1.009768632962657620 ) ) ;
#2705 = CARTESIAN_POINT ( 'NONE',  ( -2.235676555192880333, 3.020000000000000462, -1.807900982554947911 ) ) ;
#2706 = FILL_AREA_STYLE_COLOUR ( '', #1483 ) ;
#2707 = EDGE_CURVE ( 'NONE', #2426, #1507, #4352, .T. ) ;
#2708 = CARTESIAN_POINT ( 'NONE',  ( -0.03156608787163357049, 3.020000000000000018, -1.723634456796557579 ) ) ;
#2709 = ORIENTED_EDGE ( 'NONE', *, *, #5762, .F. ) ;
#2710 = CARTESIAN_POINT ( 'NONE',  ( -0.7883373004295866071, 3.000000000000000000, -1.124983838807602332 ) ) ;
#2711 = ORIENTED_EDGE ( 'NONE', *, *, #376, .F. ) ;
#2712 = CARTESIAN_POINT ( 'NONE',  ( -0.1297940478921935925, 3.020000000000000018, -1.166914522465256621 ) ) ;
#2713 = CARTESIAN_POINT ( 'NONE',  ( -1.650037964278049829, 3.019999999999999574, -1.023282998499520646 ) ) ;
#2714 = CARTESIAN_POINT ( 'NONE',  ( -0.1285808750434294934, 3.020000000000000462, -1.454894656635153938 ) ) ;
#2715 = CARTESIAN_POINT ( 'NONE',  ( 0.8250936682870266825, 3.020000000000000018, -0.9325657322068328092 ) ) ;
#2716 = SURFACE_STYLE_USAGE ( .BOTH. , #2073 ) ;
#2717 = DIRECTION ( 'NONE',  ( -1.275531967630005492E-16, -5.421010862427523156E-16, -1.000000000000000000 ) ) ;
#2718 = VECTOR ( 'NONE', #4611, 1000.000000000000000 ) ;
#2719 = VERTEX_POINT ( 'NONE', #4841 ) ;
#2720 = ORIENTED_EDGE ( 'NONE', *, *, #4275, .F. ) ;
#2721 = CARTESIAN_POINT ( 'NONE',  ( 3.399999999999998579, 2.160000000000000142, -2.290000000000000480 ) ) ;
#2722 = PRESENTATION_LAYER_ASSIGNMENT (  '', '', ( #5822 ) ) ;
#2723 = EDGE_CURVE ( 'NONE', #1860, #6145, #5454, .T. ) ;
#2724 = ADVANCED_FACE ( 'NONE', ( #7063 ), #5887, .T. ) ;
#2725 = CARTESIAN_POINT ( 'NONE',  ( 3.100000000000001421, 2.149999999999999911, -2.290000000000000480 ) ) ;
#2726 = UNCERTAINTY_MEASURE_WITH_UNIT (LENGTH_MEASURE( 1.000000000000000082E-05 ), #4882, 'distance_accuracy_value', 'NONE');
#2727 =( NAMED_UNIT ( * ) SI_UNIT ( $, .STERADIAN. ) SOLID_ANGLE_UNIT ( ) );
#2728 = LINE ( 'NONE', #2693, #6662 ) ;
#2729 = ORIENTED_EDGE ( 'NONE', *, *, #3280, .T. ) ;
#2730 = CARTESIAN_POINT ( 'NONE',  ( -0.03155855312498864751, 3.000000000000000444, -1.751069074099343537 ) ) ;
#2731 = CARTESIAN_POINT ( 'NONE',  ( -0.01139931079585372424, 3.020000000000000906, -0.9744569369357216626 ) ) ;
#2732 = CARTESIAN_POINT ( 'NONE',  ( -2.171541609723354416, 3.000000000000000444, -0.8892942258499481056 ) ) ;
#2733 = COLOUR_RGB ( '',0.7921568627450980005, 0.8196078431372548767, 0.9333333333333333481 ) ;
#2734 = EDGE_CURVE ( 'NONE', #5807, #2990, #527, .T. ) ;
#2735 = B_SPLINE_SURFACE_WITH_KNOTS ( 'NONE', 3, 1, ( 
 ( #3522, #5761 ),
 ( #392, #3600 ),
 ( #1491, #1384 ),
 ( #2057, #4227 ),
 ( #924, #1456 ),
 ( #3630, #3131 ),
 ( #3096, #1956 ),
 ( #4715, #429 ),
 ( #3667, #4752 ),
 ( #853, #3030 ),
 ( #5217, #6935 ),
 ( #5864, #4126 ),
 ( #331, #6285 ),
 ( #6897, #1419 ),
 ( #6325, #887 ),
 ( #956, #5250 ),
 ( #6868, #362 ),
 ( #2527, #5830 ),
 ( #4088, #5319 ) ),
 .UNSPECIFIED., .F., .F., .F.,
 ( 4, 1, 1, 1, 1, 1, 1, 1, 1, 1, 1, 1, 1, 1, 1, 1, 4 ),
 ( 2, 2 ),
 ( 0.0000000000000000000, 0.07537085109579096109, 0.1503358761237572339, 0.2252900779090946659, 0.3019756111850402935, 0.3776729863361335537, 0.4510033123941088462, 0.5227906109976394600, 0.5956547792065487457, 0.6343964396512066228, 0.6758689473700093542, 0.7207897720536116104, 0.7693020043902744076, 0.8214539220298131550, 0.8774671605108845807, 0.9367565102922555953, 1.000000000000000000 ),
 ( 0.0000000000000000000, 1.000000000000000000 ),
 .UNSPECIFIED. ) ;
#2736 =( GEOMETRIC_REPRESENTATION_CONTEXT ( 3 ) GLOBAL_UNCERTAINTY_ASSIGNED_CONTEXT ( ( #1648 ) ) GLOBAL_UNIT_ASSIGNED_CONTEXT ( ( #1351, #5805, #6256 ) ) REPRESENTATION_CONTEXT ( 'NONE', 'WORKASPACE' ) );
#2737 = FILL_AREA_STYLE ('',( #3796 ) ) ;
#2738 = AXIS2_PLACEMENT_3D ( 'NONE', #488, #1683, #3853 ) ;
#2739 = EDGE_LOOP ( 'NONE', ( #3014, #3951, #4429, #2555 ) ) ;
#2740 = CARTESIAN_POINT ( 'NONE',  ( -1.446880552966979705, 3.020000000000000018, -1.165628305175144597 ) ) ;
#2741 = CARTESIAN_POINT ( 'NONE',  ( -55.74906976069122777, 2.360000000000000320, -15.33036380780025354 ) ) ;
#2742 = CARTESIAN_POINT ( 'NONE',  ( -0.2601072449089140148, 3.019999999999999130, -0.7785085495972525749 ) ) ;
#2743 = CARTESIAN_POINT ( 'NONE',  ( -0.1956483731459326414, 3.020000000000000018, -1.731563912824466867 ) ) ;
#2744 = CARTESIAN_POINT ( 'NONE',  ( -2.103229012945375676, 3.019999999999999574, -1.131555125425879993 ) ) ;
#2745 = MECHANICAL_DESIGN_GEOMETRIC_PRESENTATION_REPRESENTATION (  '', ( #457 ), #6057 ) ;
#2746 = CARTESIAN_POINT ( 'NONE',  ( -2.053068408851634885, 2.999999999999999556, -1.821838541363574482 ) ) ;
#2747 = CARTESIAN_POINT ( 'NONE',  ( -2.073350695881957417, 3.019999999999999574, -2.015436186200724400 ) ) ;
#2748 = CARTESIAN_POINT ( 'NONE',  ( 3.099999999999999201, 3.000000000000000000, -2.900000000000000355 ) ) ;
#2749 = EDGE_LOOP ( 'NONE', ( #671, #6878, #1304, #6581, #1680, #5506 ) ) ;
#2750 = CARTESIAN_POINT ( 'NONE',  ( -55.74906976069122777, 1.560000000000000275, -16.03036380780025283 ) ) ;
#2751 = VECTOR ( 'NONE', #6645, 1000.000000000000000 ) ;
#2752 = CARTESIAN_POINT ( 'NONE',  ( -1.698328120919500694, 3.020000000000000018, -0.9670024162672201662 ) ) ;
#2753 = CARTESIAN_POINT ( 'NONE',  ( 0.03465372377756255340, 3.020000000000000018, -1.175755038520549300 ) ) ;
#2754 = CARTESIAN_POINT ( 'NONE',  ( 3.100000000000001421, 3.000000000000000000, -2.290000000000000480 ) ) ;
#2755 = CARTESIAN_POINT ( 'NONE',  ( -1.708085198718334530, 3.019999999999999130, -1.835437900399442324 ) ) ;
#2756 = COLOUR_RGB ( '',0.9686274509803921573, 0.8784313725490195957, 0.5999999999999999778 ) ;
#2757 = DIRECTION ( 'NONE',  ( 0.0000000000000000000, -1.000000000000000000, 0.0000000000000000000 ) ) ;
#2758 = ORIENTED_EDGE ( 'NONE', *, *, #4418, .F. ) ;
#2759 = PRODUCT_CONTEXT ( 'NONE', #2085, 'mechanical' ) ;
#2760 = FILL_AREA_STYLE_COLOUR ( '', #1805 ) ;
#2761 = VERTEX_POINT ( 'NONE', #2314 ) ;
#2762 = CARTESIAN_POINT ( 'NONE',  ( -2.011436202916468297, 2.999999999999999112, -1.870314576606029622 ) ) ;
#2763 = DIRECTION ( 'NONE',  ( -1.000000000000000000, 0.0000000000000000000, -0.0000000000000000000 ) ) ;
#2764 = DIRECTION ( 'NONE',  ( 0.0000000000000000000, 0.0000000000000000000, -1.000000000000000000 ) ) ;
#2765 = EDGE_CURVE ( 'NONE', #3006, #4532, #4145, .T. ) ;
#2766 = CARTESIAN_POINT ( 'NONE',  ( -1.918150568064051820, 3.000000000000000444, -1.534772667437316107 ) ) ;
#2767 = LINE ( 'NONE', #6054, #3467 ) ;
#2768 = ORIENTED_EDGE ( 'NONE', *, *, #2988, .F. ) ;
#2769 = CARTESIAN_POINT ( 'NONE',  ( -0.3443588871058452794, 3.019999999999999574, -0.7637833990548449359 ) ) ;
#2770 = SURFACE_STYLE_FILL_AREA ( #5247 ) ;
#2771 =( LENGTH_UNIT ( ) NAMED_UNIT ( * ) SI_UNIT ( .MILLI., .METRE. ) );
#2772 = ADVANCED_FACE ( 'NONE', ( #2900 ), #1901, .T. ) ;
#2773 = LINE ( 'NONE', #4951, #2902 ) ;
#2774 = ORIENTED_EDGE ( 'NONE', *, *, #1581, .T. ) ;
#2775 = EDGE_CURVE ( 'NONE', #3260, #2385, #871, .T. ) ;
#2776 = LINE ( 'NONE', #563, #913 ) ;
#2777 = DIRECTION ( 'NONE',  ( 0.0000000000000000000, 0.0000000000000000000, -1.000000000000000000 ) ) ;
#2778 = STYLED_ITEM ( 'NONE', ( #3216 ), #407 ) ;
#2779 = CARTESIAN_POINT ( 'NONE',  ( -1.649258750855719713, 3.020000000000000462, -1.996499328758882141 ) ) ;
#2780 = CARTESIAN_POINT ( 'NONE',  ( -0.03265900210800768561, 3.020000000000000462, -1.697311913310612042 ) ) ;
#2781 = CARTESIAN_POINT ( 'NONE',  ( -2.088960224190938408, 3.020000000000000018, -1.717672766091256298 ) ) ;
#2782 = ORIENTED_EDGE ( 'NONE', *, *, #301, .F. ) ;
#2783 = CARTESIAN_POINT ( 'NONE',  ( -0.4315398253501173675, 3.020000000000000018, -1.913661008579338407 ) ) ;
#2784 = CARTESIAN_POINT ( 'NONE',  ( -0.4364282498549171829, 3.020000000000000462, -1.534772667437316329 ) ) ;
#2785 = CARTESIAN_POINT ( 'NONE',  ( -0.08416361400761683542, 3.019999999999999130, -1.427546764598112805 ) ) ;
#2786 = CARTESIAN_POINT ( 'NONE',  ( 0.6648213983608911581, 3.020000000000000018, -0.7857649539633058122 ) ) ;
#2787 = CARTESIAN_POINT ( 'NONE',  ( -3.600000000000000533, 0.0000000000000000000, -3.399999999999999911 ) ) ;
#2788 = VECTOR ( 'NONE', #4533, 1000.000000000000000 ) ;
#2789 = LINE ( 'NONE', #5553, #6296 ) ;
#2790 = ORIENTED_EDGE ( 'NONE', *, *, #674, .F. ) ;
#2791 =( LENGTH_UNIT ( ) NAMED_UNIT ( * ) SI_UNIT ( .MILLI., .METRE. ) );
#2792 = EDGE_LOOP ( 'NONE', ( #5086, #51, #3818, #2774, #1324, #485, #6508, #1822, #1585, #639, #3167, #2248 ) ) ;
#2793 = CARTESIAN_POINT ( 'NONE',  ( 0.8250936682870266825, 3.020000000000000018, -0.7792486312254709446 ) ) ;
#2794 = CARTESIAN_POINT ( 'NONE',  ( -2.098982252159766304, 3.000000000000000000, -1.112414269029738501 ) ) ;
#2795 = B_SPLINE_SURFACE_WITH_KNOTS ( 'NONE', 3, 1, ( 
 ( #6069, #1910 ),
 ( #1162, #3837 ),
 ( #841, #5092 ),
 ( #4662, #1666 ),
 ( #6028, #1127 ),
 ( #3302, #596 ),
 ( #2779, #4958 ),
 ( #2361, #57 ),
 ( #4404, #3334 ),
 ( #6733, #4547 ),
 ( #1836, #6197 ),
 ( #6816, #842 ),
 ( #2912, #5677 ),
 ( #2477, #5207 ),
 ( #6277, #204 ) ),
 .UNSPECIFIED., .F., .F., .F.,
 ( 4, 1, 1, 1, 1, 1, 1, 1, 1, 1, 1, 1, 4 ),
 ( 2, 2 ),
 ( 0.0000000000000000000, 0.09205398927685827515, 0.1810079047848999201, 0.2691300759875089876, 0.3571374727068740151, 0.4435490135848204063, 0.5264334456319725852, 0.6074529357589962819, 0.6883846385144208879, 0.7678538499318543487, 0.8455305897600619014, 0.9225294439554589943, 1.000000000000000000 ),
 ( 0.0000000000000000000, 1.000000000000000000 ),
 .UNSPECIFIED. ) ;
#2796 = DIRECTION ( 'NONE',  ( -1.000000000000000000, -0.0000000000000000000, 6.023345402697246719E-17 ) ) ;
#2797 = PRESENTATION_LAYER_ASSIGNMENT (  '', '', ( #973 ) ) ;
#2798 = EDGE_CURVE ( 'NONE', #588, #4437, #6765, .T. ) ;
#2799 = CARTESIAN_POINT ( 'NONE',  ( -1.948621269346981100, 3.020000000000000018, -1.391108073370061371 ) ) ;
#2800 = ORIENTED_EDGE ( 'NONE', *, *, #6578, .T. ) ;
#2801 = CARTESIAN_POINT ( 'NONE',  ( -0.6683843836296341490, 2.999999999999999112, -1.954890135931790063 ) ) ;
#2802 = VERTEX_POINT ( 'NONE', #2392 ) ;
#2803 = CARTESIAN_POINT ( 'NONE',  ( -0.05702799176460332520, 3.020000000000000462, -0.9092310487208885572 ) ) ;
#2804 = COLOUR_RGB ( '',1.000000000000000000, 1.000000000000000000, 1.000000000000000000 ) ;
#2805 = CARTESIAN_POINT ( 'NONE',  ( -2.021938509982363907, 3.000000000000000888, -0.7875309464302363560 ) ) ;
#2806 = EDGE_CURVE ( 'NONE', #4504, #4417, #1866, .T. ) ;
#2807 = CARTESIAN_POINT ( 'NONE',  ( 0.4038788460397028102, 3.020000000000000462, -1.055270707185059997 ) ) ;
#2808 = AXIS2_PLACEMENT_3D ( 'NONE', #2940, #6152, #5080 ) ;
#2809 = PLANE ( 'NONE',  #5412 ) ;
#2810 = ORIENTED_EDGE ( 'NONE', *, *, #2113, .F. ) ;
#2811 = FACE_OUTER_BOUND ( 'NONE', #2749, .T. ) ;
#2812 = CARTESIAN_POINT ( 'NONE',  ( -0.7752657497774753104, 3.019999999999999130, -1.048779485120968635 ) ) ;
#2813 = DIRECTION ( 'NONE',  ( -1.000000000000000000, 0.0000000000000000000, -0.0000000000000000000 ) ) ;
#2814 = CARTESIAN_POINT ( 'NONE',  ( 0.4925979883799704306, 3.000000000000000888, -0.9299553795447801363 ) ) ;
#2815 = SURFACE_STYLE_FILL_AREA ( #1807 ) ;
#2816 = CARTESIAN_POINT ( 'NONE',  ( -0.3888382101207695785, 3.000000000000000000, -0.7627850499120361061 ) ) ;
#2817 = ORIENTED_EDGE ( 'NONE', *, *, #3283, .T. ) ;
#2818 = CARTESIAN_POINT ( 'NONE',  ( -1.628256491133993400, 3.020000000000000906, -1.066794057876733426 ) ) ;
#2819 = CARTESIAN_POINT ( 'NONE',  ( 0.01000130505303315973, 3.000000000000000888, -1.305032025826435182 ) ) ;
#2820 = CARTESIAN_POINT ( 'NONE',  ( -2.073350695881957417, 2.999999999999999556, -2.015436186200724400 ) ) ;
#2821 = CARTESIAN_POINT ( 'NONE',  ( 1.253146782436332041, 3.000000000000000000, -2.063407973673387463 ) ) ;
#2822 = DIRECTION ( 'NONE',  ( 0.0000000000000000000, 1.000000000000000000, -5.421010862427523156E-16 ) ) ;
#2823 = VERTEX_POINT ( 'NONE', #6881 ) ;
#2824 = SHAPE_DEFINITION_REPRESENTATION ( #116, #3771 ) ;
#2825 = VERTEX_POINT ( 'NONE', #4069 ) ;
#2826 = ORIENTED_EDGE ( 'NONE', *, *, #3197, .T. ) ;
#2827 = CARTESIAN_POINT ( 'NONE',  ( -2.041980688865258742, 3.000000000000000444, -1.838138938650643039 ) ) ;
#2828 = CARTESIAN_POINT ( 'NONE',  ( -1.687917673133986884, 3.000000000000000444, -1.482295002000742823 ) ) ;
#2829 =( NAMED_UNIT ( * ) SI_UNIT ( $, .STERADIAN. ) SOLID_ANGLE_UNIT ( ) );
#2830 = LINE ( 'NONE', #77, #1598 ) ;
#2831 = VERTEX_POINT ( 'NONE', #1252 ) ;
#2832 = CARTESIAN_POINT ( 'NONE',  ( -0.5916283776728237243, 2.999999999999999556, -2.015436186200724844 ) ) ;
#2833 = AXIS2_PLACEMENT_3D ( 'NONE', #1695, #4329, #4852 ) ;
#2834 = EDGE_LOOP ( 'NONE', ( #6477, #5696, #4627, #5194 ) ) ;
#2835 = CARTESIAN_POINT ( 'NONE',  ( -1.677492348997924321, 2.999999999999999556, -1.738089500630947581 ) ) ;
#2836 = CARTESIAN_POINT ( 'NONE',  ( 3.399999999999999911, -1.250772314175438811E-30, -2.166582156445822888E-15 ) ) ;
#2837 = ORIENTED_EDGE ( 'NONE', *, *, #2775, .F. ) ;
#2838 = CARTESIAN_POINT ( 'NONE',  ( -3.600000000000000089, 1.351261177893192666, 1.589999999999999858 ) ) ;
#2839 = VECTOR ( 'NONE', #3679, 1000.000000000000000 ) ;
#2840 = CARTESIAN_POINT ( 'NONE',  ( -1.447068594431571986, 3.000000000000002220, -1.175755038520549300 ) ) ;
#2841 = CARTESIAN_POINT ( 'NONE',  ( -2.055718408960824028, 3.020000000000000906, -0.8014251924854066678 ) ) ;
#2842 = CARTESIAN_POINT ( 'NONE',  ( -0.2372134454893294053, 3.020000000000000018, -1.610104445450003752 ) ) ;
#2843 = CARTESIAN_POINT ( 'NONE',  ( 0.4146225407201737378, 3.019999999999999574, -1.013686492009945095 ) ) ;
#2844 = STYLED_ITEM ( 'NONE', ( #3903 ), #4289 ) ;
#2845 = CARTESIAN_POINT ( 'NONE',  ( 0.8162002175480201904, 3.000000000000000444, -0.9190716331131640882 ) ) ;
#2846 = CARTESIAN_POINT ( 'NONE',  ( 3.599999999999999645, 3.000000000000000000, -2.900000000000000355 ) ) ;
#2847 = EDGE_CURVE ( 'NONE', #1671, #1463, #5705, .T. ) ;
#2848 = VERTEX_POINT ( 'NONE', #7012 ) ;
#2849 = CARTESIAN_POINT ( 'NONE',  ( -0.2337147877373208227, 3.020000000000000018, -1.368066662903413722 ) ) ;
#2850 = PRODUCT ( 'Left', 'Left', '', ( #3316 ) ) ;
#2851 = CARTESIAN_POINT ( 'NONE',  ( -1.620903217863525203, 3.020000000000000018, -1.090317141010583413 ) ) ;
#2852 = DIRECTION ( 'NONE',  ( 1.000000000000000000, -0.0000000000000000000, 0.0000000000000000000 ) ) ;
#2853 = CARTESIAN_POINT ( 'NONE',  ( 0.6252680443367965024, 3.020000000000000462, -0.7723980086512300947 ) ) ;
#2854 = MECHANICAL_DESIGN_GEOMETRIC_PRESENTATION_REPRESENTATION (  '', ( #566 ), #1583 ) ;
#2855 = PRESENTATION_LAYER_ASSIGNMENT (  '', '', ( #4436 ) ) ;
#2856 = CARTESIAN_POINT ( 'NONE',  ( -1.462278338488021578, 3.019999999999999130, -1.279743727460097347 ) ) ;
#2857 = LINE ( 'NONE', #6144, #2984 ) ;
#2858 = ORIENTED_EDGE ( 'NONE', *, *, #6890, .F. ) ;
#2859 = VECTOR ( 'NONE', #3179, 1000.000000000000000 ) ;
#2860 = EDGE_CURVE ( 'NONE', #6371, #1691, #6210, .T. ) ;
#2861 = ORIENTED_EDGE ( 'NONE', *, *, #3163, .F. ) ;
#2862 = CARTESIAN_POINT ( 'NONE',  ( -1.446880552966979705, 2.999999999999999556, -1.165628305175144597 ) ) ;
#2863 = EDGE_LOOP ( 'NONE', ( #6906, #693, #237, #3052 ) ) ;
#2864 = CARTESIAN_POINT ( 'NONE',  ( -1.628107610835194841, 3.020000000000000462, -1.261665224972226884 ) ) ;
#2865 =( LENGTH_UNIT ( ) NAMED_UNIT ( * ) SI_UNIT ( .MILLI., .METRE. ) );
#2866 = EDGE_CURVE ( 'NONE', #2324, #1811, #443, .T. ) ;
#2867 = CARTESIAN_POINT ( 'NONE',  ( -1.932346953366005371, 2.999999999999998224, -0.9183093752987022684 ) ) ;
#2868 = AXIS2_PLACEMENT_3D ( 'NONE', #3209, #7051, #5405 ) ;
#2869 = CARTESIAN_POINT ( 'NONE',  ( -0.1337977100993564816, 3.000000000000000444, -1.114844987330205983 ) ) ;
#2870 = CARTESIAN_POINT ( 'NONE',  ( -0.7883373004295866071, 3.020000000000000018, -1.124983838807602332 ) ) ;
#2871 = EDGE_LOOP ( 'NONE', ( #6455, #1605, #517, #738, #4132, #6762, #5935, #4596, #3738, #3045, #3384, #411 ) ) ;
#2872 = CARTESIAN_POINT ( 'NONE',  ( -0.7414029708458986789, 3.000000000000000000, -1.841755062513200203 ) ) ;
#2873 = ORIENTED_EDGE ( 'NONE', *, *, #4506, .F. ) ;
#2874 = CARTESIAN_POINT ( 'NONE',  ( -0.1956483731459326414, 3.020000000000000018, -1.731563912824466867 ) ) ;
#2875 = UNCERTAINTY_MEASURE_WITH_UNIT (LENGTH_MEASURE( 1.000000000000000082E-05 ), #5284, 'distance_accuracy_value', 'NONE');
#2876 = DIRECTION ( 'NONE',  ( 1.000000000000000000, 0.0000000000000000000, -0.0000000000000000000 ) ) ;
#2877 = DIRECTION ( 'NONE',  ( 0.0000000000000000000, 0.0000000000000000000, -1.000000000000000000 ) ) ;
#2878 = ORIENTED_EDGE ( 'NONE', *, *, #4035, .T. ) ;
#2879 = DIRECTION ( 'NONE',  ( 6.195440985631453345E-16, 0.0000000000000000000, 1.000000000000000000 ) ) ;
#2880 = FILL_AREA_STYLE ('',( #1306 ) ) ;
#2881 = CARTESIAN_POINT ( 'NONE',  ( -0.2166058027103659189, 3.020000000000000462, -0.9670024162672197221 ) ) ;
#2882 = CARTESIAN_POINT ( 'NONE',  ( -2.150106701838768508, 3.020000000000000018, -1.954890135931789619 ) ) ;
#2883 = B_SPLINE_CURVE_WITH_KNOTS ( 'NONE', 3,
 ( #3305, #2708, #2780, #3199, #4959, #4823, #2230, #4405, #6600, #1699, #6070 ),
 .UNSPECIFIED., .F., .F.,
 ( 4, 1, 1, 1, 1, 1, 1, 1, 4 ),
 ( 0.0000000000000000000, 0.1219512022493431380, 0.2407868053279231257, 0.3585498723707457591, 0.4790658414002764154, 0.6015185447735337254, 0.7275505189308990595, 0.8599320866628444859, 1.000000000000000000 ),
 .UNSPECIFIED. ) ;
#2884 = CARTESIAN_POINT ( 'NONE',  ( 0.4925979883799704306, 3.020000000000000906, -0.9299553795447801363 ) ) ;
#2885 = ORIENTED_EDGE ( 'NONE', *, *, #6798, .F. ) ;
#2886 = CARTESIAN_POINT ( 'NONE',  ( -0.1815987617265829857, 2.999999999999999112, -1.321111070178176083 ) ) ;
#2887 = B_SPLINE_CURVE_WITH_KNOTS ( 'NONE', 3,
 ( #6183, #2346, #1748, #5109, #1352, #755, #3916, #4530, #305, #5151, #6257, #4024, #221, #1817, #713 ),
 .UNSPECIFIED., .F., .F.,
 ( 4, 1, 1, 1, 1, 1, 1, 1, 1, 1, 1, 1, 4 ),
 ( 0.0000000000000000000, 0.09205398927685860822, 0.1810079047849002254, 0.2691300759875088766, 0.3571374727068741817, 0.4435490135848202398, 0.5264334456319729183, 0.6074529357589963929, 0.6883846385144207769, 0.7678538499318544597, 0.8455305897600620124, 0.9225294439554588832, 1.000000000000000000 ),
 .UNSPECIFIED. ) ;
#2888 = CARTESIAN_POINT ( 'NONE',  ( 1.434246176884115043, 3.000000000000000000, -1.388401139822559527 ) ) ;
#2889 = CARTESIAN_POINT ( 'NONE',  ( -0.2030423927851601473, 3.000000000000002220, -1.787291463098428235 ) ) ;
#2890 =( NAMED_UNIT ( * ) PLANE_ANGLE_UNIT ( ) SI_UNIT ( $, .RADIAN. ) );
#2891 = DIRECTION ( 'NONE',  ( 1.000000000000000000, 0.0000000000000000000, 0.0000000000000000000 ) ) ;
#2892 = ADVANCED_FACE ( 'NONE', ( #5264 ), #2612, .T. ) ;
#2893 = PLANE ( 'NONE',  #1034 ) ;
#2894 = ORIENTED_EDGE ( 'NONE', *, *, #6445, .F. ) ;
#2895 = ORIENTED_EDGE ( 'NONE', *, *, #6133, .F. ) ;
#2896 =( NAMED_UNIT ( * ) SI_UNIT ( $, .STERADIAN. ) SOLID_ANGLE_UNIT ( ) );
#2897 = VERTEX_POINT ( 'NONE', #6983 ) ;
#2898 = CARTESIAN_POINT ( 'NONE',  ( -55.74906976069122777, 1.560000000000000275, -19.21036380780025254 ) ) ;
#2899 = CARTESIAN_POINT ( 'NONE',  ( -0.5539398078413312332, 3.020000000000000462, -0.9796307649470455958 ) ) ;
#2900 = FACE_OUTER_BOUND ( 'NONE', #6740, .T. ) ;
#2901 = DIRECTION ( 'NONE',  ( 1.000000000000000000, -0.0000000000000000000, -0.0000000000000000000 ) ) ;
#2902 = VECTOR ( 'NONE', #2223, 1000.000000000000000 ) ;
#2903 = DIRECTION ( 'NONE',  ( 0.0000000000000000000, -1.000000000000000000, 0.0000000000000000000 ) ) ;
#2904 = EDGE_CURVE ( 'NONE', #1741, #4552, #4137, .T. ) ;
#2905 = STYLED_ITEM ( 'NONE', ( #2217 ), #1193 ) ;
#2906 =( GEOMETRIC_REPRESENTATION_CONTEXT ( 3 ) GLOBAL_UNCERTAINTY_ASSIGNED_CONTEXT ( ( #590 ) ) GLOBAL_UNIT_ASSIGNED_CONTEXT ( ( #7069, #5496, #5460 ) ) REPRESENTATION_CONTEXT ( 'NONE', 'WORKASPACE' ) );
#2907 = VERTEX_POINT ( 'NONE', #2643 ) ;
#2908 = ORIENTED_EDGE ( 'NONE', *, *, #5615, .F. ) ;
#2909 = CARTESIAN_POINT ( 'NONE',  ( -0.5324087863743335314, 3.020000000000000018, -2.042248344519796532 ) ) ;
#2910 = DIRECTION ( 'NONE',  ( 1.000000000000000000, 0.0000000000000000000, 0.0000000000000000000 ) ) ;
#2911 = CARTESIAN_POINT ( 'NONE',  ( -1.788972423549068491, 3.020000000000000018, -1.560743116897136629 ) ) ;
#2912 = CARTESIAN_POINT ( 'NONE',  ( -1.514369533124211742, 3.020000000000000018, -1.779189300928328832 ) ) ;
#2913 = PRODUCT_DEFINITION_SHAPE ( 'NONE', 'NONE',  #5235 ) ;
#2914 = CARTESIAN_POINT ( 'NONE',  ( 0.3971377206338493893, 3.020000000000000018, -1.197526675900362436 ) ) ;
#2915 = STYLED_ITEM ( 'NONE', ( #4411 ), #2225 ) ;
#2916 = ORIENTED_EDGE ( 'NONE', *, *, #4703, .F. ) ;
#2917 = DIRECTION ( 'NONE',  ( 0.0000000000000000000, 0.0000000000000000000, -1.000000000000000000 ) ) ;
#2918 = CARTESIAN_POINT ( 'NONE',  ( -0.1297940478921935925, 2.999999999999999556, -1.166914522465256621 ) ) ;
#2919 = DIRECTION ( 'NONE',  ( -0.0000000000000000000, -1.000000000000000000, -0.0000000000000000000 ) ) ;
#2920 = VECTOR ( 'NONE', #2879, 1000.000000000000000 ) ;
#2921 = B_SPLINE_CURVE_WITH_KNOTS ( 'NONE', 3,
 ( #2918, #132, #6961, #984, #5860, #6928, #3626, #2522, #1413, #5312, #952, #389, #1950, #4710, #5281, #1486, #6893, #6355, #3061 ),
 .UNSPECIFIED., .F., .F.,
 ( 4, 1, 1, 1, 1, 1, 1, 1, 1, 1, 1, 1, 1, 1, 1, 1, 4 ),
 ( 0.0000000000000000000, 0.06705099218804687344, 0.1311799203918660173, 0.1937216912651208711, 0.2544994837594227177, 0.3147627139698853660, 0.3751170680683996728, 0.4360228218750036300, 0.4982967466743270513, 0.5605706714736504725, 0.6216191234624541817, 0.6819734775609678223, 0.7428529083782502429, 0.8042715696802850145, 0.8674725557694046296, 0.9322728234051278484, 0.9999999999999998890 ),
 .UNSPECIFIED. ) ;
#2922 = CARTESIAN_POINT ( 'NONE',  ( -0.03101256001158438080, 3.000000000000000000, -1.736966025442937545 ) ) ;
#2923 = FILL_AREA_STYLE ('',( #2265 ) ) ;
#2924 = LINE ( 'NONE', #2846, #1870 ) ;
#2925 = ORIENTED_EDGE ( 'NONE', *, *, #1991, .F. ) ;
#2926 = CARTESIAN_POINT ( 'NONE',  ( -0.1675011293439027105, 3.020000000000000018, -1.302550663260015673 ) ) ;
#2927 = CARTESIAN_POINT ( 'NONE',  ( -1.680381694333421327, 3.019999999999999574, -0.9842560978625050083 ) ) ;
#2928 = CARTESIAN_POINT ( 'NONE',  ( -0.2263628805092005314, 3.000000000000002220, -1.835437900399443434 ) ) ;
#2929 = VECTOR ( 'NONE', #303, 1000.000000000000000 ) ;
#2930 = DIRECTION ( 'NONE',  ( 0.0000000000000000000, -1.000000000000000000, 0.0000000000000000000 ) ) ;
#2931 = EDGE_CURVE ( 'NONE', #5336, #6369, #925, .T. ) ;
#2932 = CARTESIAN_POINT ( 'NONE',  ( -1.794656513820714894, 3.020000000000000906, -1.902367855215597148 ) ) ;
#2933 = CARTESIAN_POINT ( 'NONE',  ( -0.2061953549248518314, 3.000000000000000000, -1.482295002000742601 ) ) ;
#2934 = CARTESIAN_POINT ( 'NONE',  ( -2.330000000000000515, 0.2000000000000000111, -1.590000000000000302 ) ) ;
#2935 = ORIENTED_EDGE ( 'NONE', *, *, #1420, .F. ) ;
#2936 = CARTESIAN_POINT ( 'NONE',  ( -1.453647748717630694, 3.000000000000000444, -1.084716072172517753 ) ) ;
#2937 = ORIENTED_EDGE ( 'NONE', *, *, #4635, .T. ) ;
#2938 = CARTESIAN_POINT ( 'NONE',  ( -1.620602870220630098, 3.020000000000000018, -1.239604617066078607 ) ) ;
#2939 = LINE ( 'NONE', #4032, #4426 ) ;
#2940 = CARTESIAN_POINT ( 'NONE',  ( -0.4770727162224594475, 3.020000000000000018, -1.388401139822559527 ) ) ;
#2941 = DIRECTION ( 'NONE',  ( -0.0000000000000000000, -1.000000000000000000, -0.0000000000000000000 ) ) ;
#2942 = CARTESIAN_POINT ( 'NONE',  ( -0.1299581765368014175, 2.999999999999999556, -1.157984966513125213 ) ) ;
#2943 = CARTESIAN_POINT ( 'NONE',  ( 0.3970405541377209357, 3.000000000000000000, -1.717672766091256298 ) ) ;
#2944 = VERTEX_POINT ( 'NONE', #5364 ) ;
#2945 = CARTESIAN_POINT ( 'NONE',  ( -1.628107610835194841, 3.020000000000000462, -1.261665224972226884 ) ) ;
#2946 = EDGE_CURVE ( 'NONE', #2509, #3636, #2624, .T. ) ;
#2947 = ORIENTED_EDGE ( 'NONE', *, *, #986, .T. ) ;
#2948 = SURFACE_STYLE_USAGE ( .BOTH. , #2289 ) ;
#2949 = CARTESIAN_POINT ( 'NONE',  ( -1.864643928795388428, 3.020000000000000018, -0.9109572817329495420 ) ) ;
#2950 = CARTESIAN_POINT ( 'NONE',  ( 0.03484176524215466808, 2.999999999999999556, -1.165628305175144597 ) ) ;
#2951 = UNCERTAINTY_MEASURE_WITH_UNIT (LENGTH_MEASURE( 1.000000000000000082E-05 ), #5865, 'distance_accuracy_value', 'NONE');
#2952 = LINE ( 'NONE', #1731, #50 ) ;
#2953 =( NAMED_UNIT ( * ) PLANE_ANGLE_UNIT ( ) SI_UNIT ( $, .RADIAN. ) );
#2954 = ORIENTED_EDGE ( 'NONE', *, *, #6266, .T. ) ;
#2955 = CARTESIAN_POINT ( 'NONE',  ( -1.958795034431594084, 3.020000000000000018, -1.388401139822559527 ) ) ;
#2956 = CARTESIAN_POINT ( 'NONE',  ( -1.687917673133986662, 3.020000000000000018, -1.482295002000742601 ) ) ;
#2957 = CARTESIAN_POINT ( 'NONE',  ( -0.3735595324893458136, 3.019999999999999574, -0.9110907622462384170 ) ) ;
#2958 = EDGE_CURVE ( 'NONE', #3606, #1356, #4413, .T. ) ;
#2959 = CARTESIAN_POINT ( 'NONE',  ( -1.705570597113654552, 3.000000000000000444, -1.626034491164713769 ) ) ;
#2960 = MECHANICAL_DESIGN_GEOMETRIC_PRESENTATION_REPRESENTATION (  '', ( #2145 ), #3068 ) ;
#2961 = CARTESIAN_POINT ( 'NONE',  ( -0.04107315072130002243, 3.000000000000000000, -1.658823691771469155 ) ) ;
#2962 = PRESENTATION_LAYER_ASSIGNMENT (  '', '', ( #5712 ) ) ;
#2963 = DIRECTION ( 'NONE',  ( 0.0000000000000000000, 0.0000000000000000000, -1.000000000000000000 ) ) ;
#2964 = MECHANICAL_DESIGN_GEOMETRIC_PRESENTATION_REPRESENTATION (  '', ( #4792 ), #1243 ) ;
#2965 = ORIENTED_EDGE ( 'NONE', *, *, #2469, .T. ) ;
#2966 = FILL_AREA_STYLE_COLOUR ( '', #4849 ) ;
#2967 = CARTESIAN_POINT ( 'NONE',  ( -0.4364282498549171829, 3.020000000000000462, -1.534772667437316329 ) ) ;
#2968 = CARTESIAN_POINT ( 'NONE',  ( -0.2167330484003285318, 3.020000000000000462, -1.820283394106908093 ) ) ;
#2969 = DIRECTION ( 'NONE',  ( 0.0000000000000000000, -1.000000000000000000, 0.0000000000000000000 ) ) ;
#2970 =( GEOMETRIC_REPRESENTATION_CONTEXT ( 3 ) GLOBAL_UNCERTAINTY_ASSIGNED_CONTEXT ( ( #3215 ) ) GLOBAL_UNIT_ASSIGNED_CONTEXT ( ( #4509, #5635, #4076 ) ) REPRESENTATION_CONTEXT ( 'NONE', 'WORKASPACE' ) );
#2971 = MECHANICAL_DESIGN_GEOMETRIC_PRESENTATION_REPRESENTATION (  '', ( #5136 ), #464 ) ;
#2972 = CARTESIAN_POINT ( 'NONE',  ( -0.08416361400761683542, 2.999999999999999112, -1.427546764598112805 ) ) ;
#2973 = DIRECTION ( 'NONE',  ( -0.0000000000000000000, -1.000000000000000000, -0.0000000000000000000 ) ) ;
#2974 = ORIENTED_EDGE ( 'NONE', *, *, #3324, .T. ) ;
#2975 = ORIENTED_EDGE ( 'NONE', *, *, #4291, .F. ) ;
#2976 = CARTESIAN_POINT ( 'NONE',  ( -55.34906976069122919, 2.360000000000000320, -15.33036380780025354 ) ) ;
#2977 = CARTESIAN_POINT ( 'NONE',  ( 3.599999999999999645, 0.0000000000000000000, -3.400000000000000355 ) ) ;
#2978 = CARTESIAN_POINT ( 'NONE',  ( -0.1999273309507519081, 2.999999999999999556, -1.685043697489151837 ) ) ;
#2979 = DIRECTION ( 'NONE',  ( 0.0000000000000000000, 0.0000000000000000000, -1.000000000000000000 ) ) ;
#2980 = FILL_AREA_STYLE ('',( #3428 ) ) ;
#2981 = AXIS2_PLACEMENT_3D ( 'NONE', #3161, #5828, #4124 ) ;
#2982 = ORIENTED_EDGE ( 'NONE', *, *, #1656, .T. ) ;
#2983 = CARTESIAN_POINT ( 'NONE',  ( -1.611516366101327868, 3.000000000000001332, -1.166914522465256621 ) ) ;
#2984 = VECTOR ( 'NONE', #3418, 1000.000000000000000 ) ;
#2985 = DIRECTION ( 'NONE',  ( 0.0000000000000000000, 1.000000000000000000, 0.0000000000000000000 ) ) ;
#2986 = SURFACE_STYLE_USAGE ( .BOTH. , #2229 ) ;
#2987 = CARTESIAN_POINT ( 'NONE',  ( -3.399999999999999467, 2.151261177893192933, 2.290000000000000036 ) ) ;
#2988 = EDGE_CURVE ( 'NONE', #2409, #5132, #540, .T. ) ;
#2989 = PRESENTATION_LAYER_ASSIGNMENT (  '', '', ( #5621 ) ) ;
#2990 = VERTEX_POINT ( 'NONE', #547 ) ;
#2991 = CARTESIAN_POINT ( 'NONE',  ( -0.5297138847073341594, 3.020000000000000906, -1.870314576606030732 ) ) ;
#2992 = LINE ( 'NONE', #1769, #3532 ) ;
#2993 =( NAMED_UNIT ( * ) SI_UNIT ( $, .STERADIAN. ) SOLID_ANGLE_UNIT ( ) );
#2994 = CARTESIAN_POINT ( 'NONE',  ( -1.788972423549068491, 3.000000000000000000, -1.560743116897136629 ) ) ;
#2995 = FACE_OUTER_BOUND ( 'NONE', #2689, .T. ) ;
#2996 = FILL_AREA_STYLE_COLOUR ( '', #3790 ) ;
#2997 = EDGE_CURVE ( 'NONE', #544, #5554, #3565, .T. ) ;
#2998 = CARTESIAN_POINT ( 'NONE',  ( -3.399999999999999911, 2.151261177893192933, 1.589999999999999858 ) ) ;
#2999 = CARTESIAN_POINT ( 'NONE',  ( -0.1986585840893331789, 3.020000000000000462, -1.769562455291811220 ) ) ;
#3000 = DIRECTION ( 'NONE',  ( 0.0000000000000000000, -0.0000000000000000000, -1.000000000000000000 ) ) ;
#3001 = B_SPLINE_CURVE_WITH_KNOTS ( 'NONE', 3,
 ( #698, #4629, #2360, #4043, #1263, #732, #203, #6273, #1369, #5568, #4179, #5339, #4805, #6991, #6850, #2009, #2548, #3619, #3017 ),
 .UNSPECIFIED., .F., .F.,
 ( 4, 1, 1, 1, 1, 1, 1, 1, 1, 1, 1, 1, 1, 1, 1, 1, 4 ),
 ( 0.0000000000000000000, 0.06509335070708799353, 0.1273042315324057483, 0.1881220215801462092, 0.2471305161007631979, 0.3060769160082418838, 0.3656782273658523708, 0.4261033481625809971, 0.4878414950797355099, 0.5503167167998637144, 0.6118052235137838579, 0.6727373158544526222, 0.7348834089993229179, 0.7976802029336788058, 0.8624746871088670996, 0.9297754033859680911, 1.000000000000000000 ),
 .UNSPECIFIED. ) ;
#3002 = CARTESIAN_POINT ( 'NONE',  ( 2.059862266794638241, 3.000000000000000000, -1.536573371643473296 ) ) ;
#3003 = CARTESIAN_POINT ( 'NONE',  ( -55.74906976069122777, 1.560000000000000275, -16.03036380780025283 ) ) ;
#3004 = ORIENTED_EDGE ( 'NONE', *, *, #5802, .F. ) ;
#3005 = CARTESIAN_POINT ( 'NONE',  ( -1.681649649159886462, 3.000000000000000000, -1.685043697489152059 ) ) ;
#3006 = VERTEX_POINT ( 'NONE', #1205 ) ;
#3007 = CARTESIAN_POINT ( 'NONE',  ( -1.611516366101327868, 3.020000000000000018, -1.166914522465256621 ) ) ;
#3008 = LINE ( 'NONE', #3499, #5598 ) ;
#3009 = CARTESIAN_POINT ( 'NONE',  ( -0.3619903655387871066, 3.020000000000000462, -1.405700797738484997 ) ) ;
#3010 = PRESENTATION_STYLE_ASSIGNMENT (( #5930 ) ) ;
#3011 =( LENGTH_UNIT ( ) NAMED_UNIT ( * ) SI_UNIT ( .MILLI., .METRE. ) );
#3012 = VECTOR ( 'NONE', #269, 1000.000000000000000 ) ;
#3013 = DIRECTION ( 'NONE',  ( -0.09950371902099919286, 0.0000000000000000000, -0.9950371902099891530 ) ) ;
#3014 = ORIENTED_EDGE ( 'NONE', *, *, #4180, .F. ) ;
#3015 = CARTESIAN_POINT ( 'NONE',  ( -55.74906976069122777, 2.360000000000000320, -19.91036380780025539 ) ) ;
#3016 = CARTESIAN_POINT ( 'NONE',  ( 3.600000000000001421, 2.160000000000000142, -2.290000000000000480 ) ) ;
#3017 = CARTESIAN_POINT ( 'NONE',  ( -0.3911534012429715435, 3.000000000000000000, -1.915235741852474138 ) ) ;
#3018 = EDGE_CURVE ( 'NONE', #6073, #1549, #1745, .T. ) ;
#3019 =( LENGTH_UNIT ( ) NAMED_UNIT ( * ) SI_UNIT ( .MILLI., .METRE. ) );
#3020 = CARTESIAN_POINT ( 'NONE',  ( 0.4065585620845507675, 3.020000000000000018, -1.042665932240428139 ) ) ;
#3021 = CARTESIAN_POINT ( 'NONE',  ( 0.7422372760813096271, 3.020000000000000462, -0.9656435530910845166 ) ) ;
#3022 = B_SPLINE_CURVE_WITH_KNOTS ( 'NONE', 3,
 ( #428, #3130, #5863, #5800, #4191, #6866, #923, #852, #1918, #4125, #1490, #2485, #5726, #6360, #1955 ),
 .UNSPECIFIED., .F., .F.,
 ( 4, 1, 1, 1, 1, 1, 1, 1, 1, 1, 1, 1, 4 ),
 ( 0.0000000000000000000, 0.1277971582348373381, 0.2467952527166556165, 0.3622843155839160501, 0.4776524647273051594, 0.5362368417287138866, 0.5955904355162852104, 0.6563437591396384940, 0.7190851405078759750, 0.7843491651281224719, 0.8528755346365584078, 0.9245512555167005875, 1.000000000000000000 ),
 .UNSPECIFIED. ) ;
#3023 = ORIENTED_EDGE ( 'NONE', *, *, #1407, .F. ) ;
#3024 = DIRECTION ( 'NONE',  ( -1.000000000000000000, 0.0000000000000000000, 3.188829919075012374E-16 ) ) ;
#3025 = EDGE_CURVE ( 'NONE', #1751, #2348, #101, .T. ) ;
#3026 = VECTOR ( 'NONE', #2233, 1000.000000000000000 ) ;
#3027 = PLANE ( 'NONE',  #3962 ) ;
#3028 = LINE ( 'NONE', #5214, #248 ) ;
#3029 = CARTESIAN_POINT ( 'NONE',  ( -0.7414029708458986789, 3.020000000000000018, -1.841755062513200203 ) ) ;
#3030 = CARTESIAN_POINT ( 'NONE',  ( 0.7984349951365734555, 2.999999999999998668, -1.040026712436762146 ) ) ;
#3031 = AXIS2_PLACEMENT_3D ( 'NONE', #2976, #6227, #6150 ) ;
#3032 = CARTESIAN_POINT ( 'NONE',  ( 0.03484176524215466808, 3.020000000000000018, -1.165628305175144597 ) ) ;
#3033 = ORIENTED_EDGE ( 'NONE', *, *, #495, .F. ) ;
#3034 = FACE_OUTER_BOUND ( 'NONE', #5522, .T. ) ;
#3035 = EDGE_CURVE ( 'NONE', #2990, #6569, #1137, .T. ) ;
#3036 = CARTESIAN_POINT ( 'NONE',  ( 0.3970405541377209357, 3.000000000000000000, -1.717672766091256298 ) ) ;
#3037 = STYLED_ITEM ( 'NONE', ( #3099 ), #2327 ) ;
#3038 = SURFACE_STYLE_USAGE ( .BOTH. , #862 ) ;
#3039 = DIRECTION ( 'NONE',  ( -1.000000000000000000, 0.0000000000000000000, 0.0000000000000000000 ) ) ;
#3040 = ORIENTED_EDGE ( 'NONE', *, *, #1155, .T. ) ;
#3041 = DIRECTION ( 'NONE',  ( 0.0000000000000000000, 1.000000000000000000, 0.0000000000000000000 ) ) ;
#3042 = VERTEX_POINT ( 'NONE', #6503 ) ;
#3043 = CARTESIAN_POINT ( 'NONE',  ( -0.3888382101207695785, 3.020000000000000018, -0.7627850499120361061 ) ) ;
#3044 = VECTOR ( 'NONE', #4768, 1000.000000000000114 ) ;
#3045 = ORIENTED_EDGE ( 'NONE', *, *, #2505, .T. ) ;
#3046 = CARTESIAN_POINT ( 'NONE',  ( -55.34906976069122919, 2.360000000000000320, -15.33036380780025354 ) ) ;
#3047 =( NAMED_UNIT ( * ) PLANE_ANGLE_UNIT ( ) SI_UNIT ( $, .RADIAN. ) );
#3048 = CARTESIAN_POINT ( 'NONE',  ( -1.512734878220719281, 3.020000000000000018, -1.736966025442937545 ) ) ;
#3049 = EDGE_CURVE ( 'NONE', #4577, #3325, #6107, .T. ) ;
#3050 = CARTESIAN_POINT ( 'NONE',  ( 0.2325393663637049246, 2.999999999999998668, -1.094262745890678845 ) ) ;
#3051 = SURFACE_STYLE_FILL_AREA ( #6308 ) ;
#3052 = ORIENTED_EDGE ( 'NONE', *, *, #3437, .T. ) ;
#3053 = CARTESIAN_POINT ( 'NONE',  ( -1.778835198370164017, 3.020000000000000906, -1.396811617065947031 ) ) ;
#3054 = CARTESIAN_POINT ( 'NONE',  ( -1.865835075169184121, 3.000000000000000000, -1.915118964585510231 ) ) ;
#3055 = DIRECTION ( 'NONE',  ( 1.000000000000000000, -0.0000000000000000000, -3.188829919075012374E-16 ) ) ;
#3056 =( NAMED_UNIT ( * ) PLANE_ANGLE_UNIT ( ) SI_UNIT ( $, .RADIAN. ) );
#3057 = CARTESIAN_POINT ( 'NONE',  ( -0.1299581765368014175, 3.019999999999999574, -1.157984966513125213 ) ) ;
#3058 = CARTESIAN_POINT ( 'NONE',  ( 1.434246176884115043, 3.020000000000000018, -2.063407973673387463 ) ) ;
#3059 = ORIENTED_EDGE ( 'NONE', *, *, #1893, .T. ) ;
#3060 = SURFACE_STYLE_FILL_AREA ( #1984 ) ;
#3061 = CARTESIAN_POINT ( 'NONE',  ( -0.3705739246011776622, 3.000000000000000000, -1.405893694968084029 ) ) ;
#3062 = CARTESIAN_POINT ( 'NONE',  ( -1.826081205314979528, 3.019999999999999574, -0.7637833990548450469 ) ) ;
#3063 =( LENGTH_UNIT ( ) NAMED_UNIT ( * ) SI_UNIT ( .MILLI., .METRE. ) );
#3064 = DIRECTION ( 'NONE',  ( 0.0000000000000000000, 0.0000000000000000000, 1.000000000000000000 ) ) ;
#3065 = CARTESIAN_POINT ( 'NONE',  ( 0.0000000000000000000, 3.020000000000000018, 0.0000000000000000000 ) ) ;
#3066 = ORIENTED_EDGE ( 'NONE', *, *, #6890, .T. ) ;
#3067 = DIRECTION ( 'NONE',  ( 0.0000000000000000000, -0.0000000000000000000, 1.000000000000000000 ) ) ;
#3068 =( GEOMETRIC_REPRESENTATION_CONTEXT ( 3 ) GLOBAL_UNCERTAINTY_ASSIGNED_CONTEXT ( ( #1730 ) ) GLOBAL_UNIT_ASSIGNED_CONTEXT ( ( #1617, #2152, #5991 ) ) REPRESENTATION_CONTEXT ( 'NONE', 'WORKASPACE' ) );
#3069 = B_SPLINE_CURVE_WITH_KNOTS ( 'NONE', 3,
 ( #4624, #6268, #6307, #3391, #3174, #975, #2036 ),
 .UNSPECIFIED., .F., .F.,
 ( 4, 1, 1, 1, 4 ),
 ( 0.0000000000000000000, 0.1827258013779606283, 0.4092837859163755421, 0.6821927053231796600, 1.000000000000000000 ),
 .UNSPECIFIED. ) ;
#3070 = CARTESIAN_POINT ( 'NONE',  ( -3.599999999999999645, 2.151261177893192933, 2.290000000000000036 ) ) ;
#3071 = SURFACE_STYLE_USAGE ( .BOTH. , #2023 ) ;
#3072 = CARTESIAN_POINT ( 'NONE',  ( -1.872875719452105958, 3.020000000000000018, -1.915235741852474138 ) ) ;
#3073 = EDGE_CURVE ( 'NONE', #3639, #6715, #1854, .T. ) ;
#3074 = EDGE_LOOP ( 'NONE', ( #354, #5226, #1284, #4278 ) ) ;
#3075 = SURFACE_STYLE_USAGE ( .BOTH. , #3704 ) ;
#3076 = ORIENTED_EDGE ( 'NONE', *, *, #2177, .F. ) ;
#3077 = FACE_OUTER_BOUND ( 'NONE', #5442, .T. ) ;
#3078 = B_SPLINE_SURFACE_WITH_KNOTS ( 'NONE', 3, 1, ( 
 ( #2132, #6253 ),
 ( #181, #2343 ),
 ( #1922, #2458 ),
 ( #2999, #5651 ),
 ( #4527, #2889 ),
 ( #5185, #6180 ),
 ( #2968, #751 ),
 ( #3528, #2928 ),
 ( #6142, #1388 ),
 ( #4609, #1852 ),
 ( #4487, #264 ),
 ( #5690, #5106 ),
 ( #1889, #1349 ),
 ( #6754, #2420 ),
 ( #6792, #4092 ),
 ( #3570, #3488 ),
 ( #4020, #5730 ),
 ( #218, #3983 ),
 ( #302, #4645 ) ),
 .UNSPECIFIED., .F., .F., .F.,
 ( 4, 1, 1, 1, 1, 1, 1, 1, 1, 1, 1, 1, 1, 1, 1, 1, 4 ),
 ( 2, 2 ),
 ( 0.0000000000000000000, 0.06509335070708799353, 0.1273042315324057483, 0.1881220215801462092, 0.2471305161007631979, 0.3060769160082418838, 0.3656782273658523708, 0.4261033481625809971, 0.4878414950797355099, 0.5503167167998637144, 0.6118052235137838579, 0.6727373158544526222, 0.7348834089993229179, 0.7976802029336788058, 0.8624746871088670996, 0.9297754033859680911, 1.000000000000000000 ),
 ( 0.0000000000000000000, 1.000000000000000000 ),
 .UNSPECIFIED. ) ;
#3079 = ORIENTED_EDGE ( 'NONE', *, *, #6579, .F. ) ;
#3080 = FACE_OUTER_BOUND ( 'NONE', #6960, .T. ) ;
#3081 = CARTESIAN_POINT ( 'NONE',  ( -0.4677047510755679149, 3.020000000000000018, -0.7687467679522785868 ) ) ;
#3082 = COLOUR_RGB ( '',1.000000000000000000, 1.000000000000000000, 1.000000000000000000 ) ;
#3083 = CARTESIAN_POINT ( 'NONE',  ( 3.400000000000001243, 2.160000000000000142, 2.289999999999999147 ) ) ;
#3084 = EDGE_CURVE ( 'NONE', #4163, #3749, #4931, .T. ) ;
#3085 = ORIENTED_EDGE ( 'NONE', *, *, #6827, .F. ) ;
#3086 =( NAMED_UNIT ( * ) SI_UNIT ( $, .STERADIAN. ) SOLID_ANGLE_UNIT ( ) );
#3087 = DIRECTION ( 'NONE',  ( 1.000000000000000000, 0.0000000000000000000, 0.0000000000000000000 ) ) ;
#3088 = SURFACE_SIDE_STYLE ('',( #6349 ) ) ;
#3089 = DIRECTION ( 'NONE',  ( 0.0000000000000000000, 0.0000000000000000000, -1.000000000000000000 ) ) ;
#3090 = DIRECTION ( 'NONE',  ( 0.0000000000000000000, 0.0000000000000000000, -1.000000000000000000 ) ) ;
#3091 = CARTESIAN_POINT ( 'NONE',  ( 0.7857101688161546305, 3.020000000000001350, -1.015392855233271163 ) ) ;
#3092 = ORIENTED_EDGE ( 'NONE', *, *, #895, .T. ) ;
#3093 = PLANE ( 'NONE',  #1548 ) ;
#3094 = LINE ( 'NONE', #6392, #2035 ) ;
#3095 = CARTESIAN_POINT ( 'NONE',  ( -0.7642464824551392644, 3.020000000000000018, -1.771836712023810989 ) ) ;
#3096 = CARTESIAN_POINT ( 'NONE',  ( 0.7422372760813096271, 3.020000000000000462, -0.9656435530910845166 ) ) ;
#3097 = SURFACE_SIDE_STYLE ('',( #2528 ) ) ;
#3098 = ORIENTED_EDGE ( 'NONE', *, *, #6923, .F. ) ;
#3099 = PRESENTATION_STYLE_ASSIGNMENT (( #4718 ) ) ;
#3100 = CARTESIAN_POINT ( 'NONE',  ( -0.4600946479929797217, 3.000000000000000000, -1.536573371643473296 ) ) ;
#3101 = CARTESIAN_POINT ( 'NONE',  ( -0.5897585796441395800, 2.999999999999999556, -1.036624395013399758 ) ) ;
#3102 = ORIENTED_EDGE ( 'NONE', *, *, #3251, .T. ) ;
#3103 = CARTESIAN_POINT ( 'NONE',  ( 0.4261012807534146352, 3.019999999999999574, -0.7798017264119558867 ) ) ;
#3104 = VERTEX_POINT ( 'NONE', #4898 ) ;
#3105 = DIRECTION ( 'NONE',  ( -0.0000000000000000000, 0.0000000000000000000, -1.000000000000000000 ) ) ;
#3106 = EDGE_LOOP ( 'NONE', ( #5942, #6224, #6873, #3033, #608, #1608, #6193, #1800, #6656 ) ) ;
#3107 = CARTESIAN_POINT ( 'NONE',  ( -0.03101256001158438774, 3.020000000000000462, -1.736966025442937767 ) ) ;
#3108 = CARTESIAN_POINT ( 'NONE',  ( -0.1789111289488996004, 3.019999999999999574, -1.475406274729326395 ) ) ;
#3109 = CARTESIAN_POINT ( 'NONE',  ( -1.663321079935717428, 3.000000000000000000, -1.321111070178176083 ) ) ;
#3110 = EDGE_CURVE ( 'NONE', #2348, #4615, #6423, .T. ) ;
#3111 = CARTESIAN_POINT ( 'NONE',  ( -1.918150568064052042, 3.000000000000000444, -1.534772667437316329 ) ) ;
#3112 = CARTESIAN_POINT ( 'NONE',  ( 3.600000000000000089, 1.360000000000000098, -1.591797999708434164 ) ) ;
#3113 = ORIENTED_EDGE ( 'NONE', *, *, #6985, .F. ) ;
#3114 = CARTESIAN_POINT ( 'NONE',  ( 0.5729652133106418743, 3.020000000000000462, -0.9114160198587855088 ) ) ;
#3115 = EDGE_CURVE ( 'NONE', #898, #2897, #1637, .T. ) ;
#3116 = CARTESIAN_POINT ( 'NONE',  ( 1.434246176884115043, 3.000000000000000000, -2.063407973673387463 ) ) ;
#3117 =( LENGTH_UNIT ( ) NAMED_UNIT ( * ) SI_UNIT ( .MILLI., .METRE. ) );
#3118 = DIRECTION ( 'NONE',  ( 1.000000000000000000, 0.0000000000000000000, 0.0000000000000000000 ) ) ;
#3119 = EDGE_CURVE ( 'NONE', #1713, #2639, #3814, .T. ) ;
#3120 = PLANE ( 'NONE',  #4319 ) ;
#3121 = VECTOR ( 'NONE', #4482, 1000.000000000000000 ) ;
#3122 = CARTESIAN_POINT ( 'NONE',  ( -0.5897585796441395800, 3.019999999999999574, -1.036624395013399758 ) ) ;
#3123 = ORIENTED_EDGE ( 'NONE', *, *, #5187, .F. ) ;
#3124 = LINE ( 'NONE', #423, #6460 ) ;
#3125 = CARTESIAN_POINT ( 'NONE',  ( -1.678696004426587951, 2.999999999999999556, -1.479966713092396136 ) ) ;
#3126 = CARTESIAN_POINT ( 'NONE',  ( -3.400000000000000355, 1.351261177893192666, -2.290000000000000036 ) ) ;
#3127 = DIRECTION ( 'NONE',  ( -0.0000000000000000000, -1.000000000000000000, -0.0000000000000000000 ) ) ;
#3128 = VECTOR ( 'NONE', #3241, 1000.000000000000000 ) ;
#3129 = B_SPLINE_SURFACE_WITH_KNOTS ( 'NONE', 3, 1, ( 
 ( #530, #2698 ),
 ( #5992, #7065 ),
 ( #3829, #14 ),
 ( #1084, #4843 ),
 ( #1154, #48 ),
 ( #621, #2805 ),
 ( #4983, #84 ),
 ( #2252, #6487 ),
 ( #1188, #496 ),
 ( #3259, #5456 ),
 ( #559, #2732 ),
 ( #3508, #5168 ),
 ( #6731, #4546 ),
 ( #5015, #282 ),
 ( #1909, #164 ),
 ( #1835, #4002 ),
 ( #808, #6772 ),
 ( #6237, #1796 ),
 ( #3433, #125 ) ),
 .UNSPECIFIED., .F., .F., .F.,
 ( 4, 1, 1, 1, 1, 1, 1, 1, 1, 1, 1, 1, 1, 1, 1, 1, 4 ),
 ( 2, 2 ),
 ( 0.0000000000000000000, 0.06779439940133707987, 0.1334641369291914292, 0.1969337335573704828, 0.2584806216111270039, 0.3197865376803740722, 0.3804313677831002161, 0.4409901724489913577, 0.5028674288973123963, 0.5648063393097808582, 0.6255263416925385123, 0.6856036068581818910, 0.7460408460006126008, 0.8073467620698591141, 0.8697170363588136999, 0.9337895409055554374, 1.000000000000000000 ),
 ( 0.0000000000000000000, 1.000000000000000000 ),
 .UNSPECIFIED. ) ;
#3130 = CARTESIAN_POINT ( 'NONE',  ( -1.886654082497556617, 3.020000000000000462, -1.914698500756816912 ) ) ;
#3131 = CARTESIAN_POINT ( 'NONE',  ( 0.7142460109342885222, 2.999999999999998668, -0.9462077998457704142 ) ) ;
#3132 = CARTESIAN_POINT ( 'NONE',  ( -0.1054215600619964610, 3.019999999999999574, -1.442365052313585361 ) ) ;
#3133 = ORIENTED_EDGE ( 'NONE', *, *, #3035, .F. ) ;
#3134 = COLOUR_RGB ( '',1.000000000000000000, 1.000000000000000000, 1.000000000000000000 ) ;
#3135 = CARTESIAN_POINT ( 'NONE',  ( -55.34906976069122919, 0.2000000000000000111, -19.21036380780025254 ) ) ;
#3136 = CARTESIAN_POINT ( 'NONE',  ( -0.5049224012830606512, 3.000000000000001332, -0.7761373993735664056 ) ) ;
#3137 = SURFACE_SIDE_STYLE ('',( #2491 ) ) ;
#3138 = CARTESIAN_POINT ( 'NONE',  ( -0.4364282498549171274, 3.000000000000001776, -1.534772667437316107 ) ) ;
#3139 = CARTESIAN_POINT ( 'NONE',  ( -2.021469541747220600, 3.000000000000001776, -0.9648386158327396656 ) ) ;
#3140 = SURFACE_SIDE_STYLE ('',( #5770 ) ) ;
#3141 = ORIENTED_EDGE ( 'NONE', *, *, #7017, .F. ) ;
#3142 = ORIENTED_EDGE ( 'NONE', *, *, #6686, .T. ) ;
#3143 = FILL_AREA_STYLE_COLOUR ( '', #5071 ) ;
#3144 = PRESENTATION_STYLE_ASSIGNMENT (( #2102 ) ) ;
#3145 = SURFACE_STYLE_USAGE ( .BOTH. , #3206 ) ;
#3146 = CARTESIAN_POINT ( 'NONE',  ( -1.852296242810312465, 3.000000000000000000, -1.405893694968084029 ) ) ;
#3147 = CARTESIAN_POINT ( 'NONE',  ( -2.330000000000000515, 0.0000000000000000000, 1.589999999999999858 ) ) ;
#3148 = CARTESIAN_POINT ( 'NONE',  ( -1.513280871334123256, 3.000000000000000000, -1.751069074099343315 ) ) ;
#3149 = VECTOR ( 'NONE', #5663, 1000.000000000000000 ) ;
#3150 = ORIENTED_EDGE ( 'NONE', *, *, #4291, .T. ) ;
#3151 = CARTESIAN_POINT ( 'NONE',  ( 0.4458218859580466154, 3.000000000000000000, -0.9645510872279650094 ) ) ;
#3152 = MECHANICAL_DESIGN_GEOMETRIC_PRESENTATION_REPRESENTATION (  '', ( #767 ), #4977 ) ;
#3153 = CARTESIAN_POINT ( 'NONE',  ( -0.3941695845878935289, 3.000000000000000000, -1.405268571614175066 ) ) ;
#3154 = UNCERTAINTY_MEASURE_WITH_UNIT (LENGTH_MEASURE( 1.000000000000000082E-05 ), #3583, 'distance_accuracy_value', 'NONE');
#3155 = ADVANCED_FACE ( 'NONE', ( #6793 ), #860, .T. ) ;
#3156 = CARTESIAN_POINT ( 'NONE',  ( -1.830007848895457423, 3.020000000000000462, -1.545907426626785819 ) ) ;
#3157 = ORIENTED_EDGE ( 'NONE', *, *, #259, .F. ) ;
#3158 = DIRECTION ( 'NONE',  ( 0.0000000000000000000, 0.0000000000000000000, 1.000000000000000000 ) ) ;
#3159 = SURFACE_SIDE_STYLE ('',( #5892 ) ) ;
#3160 = CARTESIAN_POINT ( 'NONE',  ( -1.493121629004987794, 3.020000000000000018, -0.9744569369357213295 ) ) ;
#3161 = CARTESIAN_POINT ( 'NONE',  ( 3.100000000000001421, 3.000000000000000000, 2.899999999999999911 ) ) ;
#3162 = ADVANCED_FACE ( 'NONE', ( #4060 ), #2344, .F. ) ;
#3163 = EDGE_CURVE ( 'NONE', #3104, #2021, #4488, .T. ) ;
#3164 = CARTESIAN_POINT ( 'NONE',  ( -0.4668989511378464630, 3.020000000000000018, -1.391108073370061371 ) ) ;
#3165 = CARTESIAN_POINT ( 'NONE',  ( -0.6072379059818034941, 3.020000000000000018, -1.717672766091256298 ) ) ;
#3166 = DIRECTION ( 'NONE',  ( 0.0000000000000000000, -0.0000000000000000000, 1.000000000000000000 ) ) ;
#3167 = ORIENTED_EDGE ( 'NONE', *, *, #4071, .T. ) ;
#3168 = FILL_AREA_STYLE ('',( #2638 ) ) ;
#3169 = EDGE_LOOP ( 'NONE', ( #1621, #325, #5430, #1340, #756, #5579, #5919, #1782, #6787, #6546, #1430, #186, #4394, #371, #3395, #1784, #5012 ) ) ;
#3170 = CARTESIAN_POINT ( 'NONE',  ( -3.600000000000000533, 0.0000000000000000000, 1.589999999999999858 ) ) ;
#3171 = FILL_AREA_STYLE ('',( #1466 ) ) ;
#3172 = CARTESIAN_POINT ( 'NONE',  ( -1.687917673133986884, 3.020000000000000462, -1.482295002000742823 ) ) ;
#3173 = FACE_OUTER_BOUND ( 'NONE', #5344, .T. ) ;
#3174 = CARTESIAN_POINT ( 'NONE',  ( 0.2325393663637049246, 3.019999999999998685, -1.094262745890678845 ) ) ;
#3175 = COLOUR_RGB ( '',1.000000000000000000, 1.000000000000000000, 1.000000000000000000 ) ;
#3176 = ORIENTED_EDGE ( 'NONE', *, *, #3073, .T. ) ;
#3177 = DIRECTION ( 'NONE',  ( 0.0000000000000000000, 0.0000000000000000000, 1.000000000000000000 ) ) ;
#3178 = VECTOR ( 'NONE', #7049, 1000.000000000000000 ) ;
#3179 = DIRECTION ( 'NONE',  ( -1.000000000000000000, 0.0000000000000000000, 0.0000000000000000000 ) ) ;
#3180 = CARTESIAN_POINT ( 'NONE',  ( 2.059862266794638241, 3.020000000000000018, -2.063407973673387463 ) ) ;
#3181 = CARTESIAN_POINT ( 'NONE',  ( -1.705570597113654552, 3.000000000000000888, -1.626034491164713769 ) ) ;
#3182 = CARTESIAN_POINT ( 'NONE',  ( -0.5670493811853304367, 3.020000000000000462, -0.9964751504194179210 ) ) ;
#3183 = ORIENTED_EDGE ( 'NONE', *, *, #5302, .T. ) ;
#3184 = CARTESIAN_POINT ( 'NONE',  ( -0.2982058286670728475, 3.000000000000000444, -2.053311126813548437 ) ) ;
#3185 = ADVANCED_BREP_SHAPE_REPRESENTATION ( '', ( #4419, #4922 ), #5039 ) ;
#3186 = SURFACE_STYLE_FILL_AREA ( #1013 ) ;
#3187 = EDGE_CURVE ( 'NONE', #1819, #5238, #219, .T. ) ;
#3188 = VECTOR ( 'NONE', #4078, 1000.000000000000000 ) ;
#3189 =( NAMED_UNIT ( * ) SI_UNIT ( $, .STERADIAN. ) SOLID_ANGLE_UNIT ( ) );
#3190 = CARTESIAN_POINT ( 'NONE',  ( -1.910579855588545817, 2.999999999999999556, -0.7635388514647974967 ) ) ;
#3191 = PLANE ( 'NONE',  #5987 ) ;
#3192 = DIRECTION ( 'NONE',  ( 0.0000000000000000000, 0.0000000000000000000, -1.000000000000000000 ) ) ;
#3193 = LINE ( 'NONE', #1623, #5940 ) ;
#3194 = CARTESIAN_POINT ( 'NONE',  ( -0.01139931079585372424, 3.020000000000000906, -0.9744569369357216626 ) ) ;
#3195 = AXIS2_PLACEMENT_3D ( 'NONE', #1712, #3884, #6541 ) ;
#3196 = EDGE_CURVE ( 'NONE', #4928, #4552, #5148, .T. ) ;
#3197 = EDGE_CURVE ( 'NONE', #3410, #2409, #6217, .T. ) ;
#3198 = EDGE_CURVE ( 'NONE', #2831, #6091, #827, .T. ) ;
#3199 = CARTESIAN_POINT ( 'NONE',  ( -0.04107315072130002243, 3.020000000000000018, -1.658823691771469155 ) ) ;
#3200 = CARTESIAN_POINT ( 'NONE',  ( -0.4315398253501173675, 3.000000000000000000, -1.913661008579338407 ) ) ;
#3201 = VECTOR ( 'NONE', #3599, 1000.000000000000000 ) ;
#3202 = CARTESIAN_POINT ( 'NONE',  ( 0.03484176524215466808, 2.999999999999999556, -1.165628305175144597 ) ) ;
#3203 = EDGE_LOOP ( 'NONE', ( #60, #446, #3758, #1958 ) ) ;
#3204 = CARTESIAN_POINT ( 'NONE',  ( -0.6057991051010478412, 3.000000000000001776, -1.725668353927709786 ) ) ;
#3205 = LINE ( 'NONE', #1135, #7031 ) ;
#3206 = SURFACE_SIDE_STYLE ('',( #5332 ) ) ;
#3207 = CARTESIAN_POINT ( 'NONE',  ( -0.6898192915142195014, 3.019999999999999574, -0.8892942258499478836 ) ) ;
#3208 = DIRECTION ( 'NONE',  ( 1.000000000000000000, -0.0000000000000000000, -0.0000000000000000000 ) ) ;
#3209 = CARTESIAN_POINT ( 'NONE',  ( -3.600000000000000533, 3.000000000000000000, -3.399999999999999911 ) ) ;
#3210 = VERTEX_POINT ( 'NONE', #1923 ) ;
#3211 = ORIENTED_EDGE ( 'NONE', *, *, #633, .F. ) ;
#3212 = CARTESIAN_POINT ( 'NONE',  ( 0.4092917558352273666, 3.020000000000000018, -1.032843680903332340 ) ) ;
#3213 = CARTESIAN_POINT ( 'NONE',  ( -1.941816966202114081, 3.000000000000000000, -1.536573371643473296 ) ) ;
#3214 = CARTESIAN_POINT ( 'NONE',  ( -3.399999999999999467, 2.151261177893192933, 2.290000000000000036 ) ) ;
#3215 = UNCERTAINTY_MEASURE_WITH_UNIT (LENGTH_MEASURE( 1.000000000000000082E-05 ), #4509, 'distance_accuracy_value', 'NONE');
#3216 = PRESENTATION_STYLE_ASSIGNMENT (( #2146 ) ) ;
#3217 = CARTESIAN_POINT ( 'NONE',  ( -1.581152089410471140, 3.000000000000000000, -1.555872507903556690 ) ) ;
#3218 = CARTESIAN_POINT ( 'NONE',  ( -0.4292104581174822631, 3.020000000000000462, -0.9139284779254963631 ) ) ;
#3219 = ORIENTED_EDGE ( 'NONE', *, *, #554, .T. ) ;
#3220 = CARTESIAN_POINT ( 'NONE',  ( 0.8250936682870266825, 3.020000000000000018, -0.7792486312254709446 ) ) ;
#3221 = CARTESIAN_POINT ( 'NONE',  ( 0.03391259658246126296, 3.020000000000000462, -1.124631477816143477 ) ) ;
#3222 = ADVANCED_FACE ( 'NONE', ( #5069 ), #2421, .T. ) ;
#3223 = VECTOR ( 'NONE', #5735, 1000.000000000000000 ) ;
#3224 = UNCERTAINTY_MEASURE_WITH_UNIT (LENGTH_MEASURE( 1.000000000000000082E-05 ), #4516, 'distance_accuracy_value', 'NONE');
#3225 = SURFACE_STYLE_USAGE ( .BOTH. , #2700 ) ;
#3226 = CARTESIAN_POINT ( 'NONE',  ( 1.253146782436332041, 3.000000000000000000, -0.7792486312254709446 ) ) ;
#3227 = EDGE_LOOP ( 'NONE', ( #6770, #4918, #5590, #3471 ) ) ;
#3228 = CARTESIAN_POINT ( 'NONE',  ( -1.702718947450482467, 3.020000000000000906, -0.7914466682654155427 ) ) ;
#3229 = CARTESIAN_POINT ( 'NONE',  ( -1.446880552966979705, 3.020000000000000018, -1.165628305175144597 ) ) ;
#3230 = STYLED_ITEM ( 'NONE', ( #2339 ), #776 ) ;
#3231 = FILL_AREA_STYLE ('',( #7074 ) ) ;
#3232 = VECTOR ( 'NONE', #4334, 1000.000000000000000 ) ;
#3233 = CARTESIAN_POINT ( 'NONE',  ( -0.2238482789045196653, 3.020000000000000018, -1.626034491164713769 ) ) ;
#3234 = CARTESIAN_POINT ( 'NONE',  ( -1.971681439494508803, 3.019999999999999574, -0.9316458022749664059 ) ) ;
#3235 = CARTESIAN_POINT ( 'NONE',  ( -2.084715772774904607, 3.000000000000000888, -1.741259688068000910 ) ) ;
#3236 = CARTESIAN_POINT ( 'NONE',  ( -2.126329265024584192, 3.020000000000000462, -1.977621574351265066 ) ) ;
#3237 = VECTOR ( 'NONE', #4686, 1000.000000000000000 ) ;
#3238 = DIRECTION ( 'NONE',  ( -1.000000000000000000, 0.0000000000000000000, -0.0000000000000000000 ) ) ;
#3239 = EDGE_CURVE ( 'NONE', #27, #2324, #6254, .T. ) ;
#3240 = ORIENTED_EDGE ( 'NONE', *, *, #1535, .T. ) ;
#3241 = DIRECTION ( 'NONE',  ( -1.000000000000000000, -0.0000000000000000000, -0.0000000000000000000 ) ) ;
#3242 = SURFACE_SIDE_STYLE ('',( #4860 ) ) ;
#3243 = SURFACE_STYLE_FILL_AREA ( #5976 ) ;
#3244 = DIRECTION ( 'NONE',  ( 1.000000000000000000, -0.0000000000000000000, -0.0000000000000000000 ) ) ;
#3245 = MECHANICAL_DESIGN_GEOMETRIC_PRESENTATION_REPRESENTATION (  '', ( #4258 ), #5305 ) ;
#3246 = CARTESIAN_POINT ( 'NONE',  ( -1.732075564480170637, 3.020000000000000462, -1.863214182657017659 ) ) ;
#3247 = LINE ( 'NONE', #5514, #2634 ) ;
#3248 = ORIENTED_EDGE ( 'NONE', *, *, #5438, .T. ) ;
#3249 = VERTEX_POINT ( 'NONE', #6707 ) ;
#3250 = CARTESIAN_POINT ( 'NONE',  ( -1.913262143559251838, 2.999999999999999556, -1.913661008579338407 ) ) ;
#3251 = EDGE_CURVE ( 'NONE', #4566, #3547, #4590, .T. ) ;
#3252 = STYLED_ITEM ( 'NONE', ( #7037 ), #2424 ) ;
#3253 = FACE_BOUND ( 'NONE', #2871, .T. ) ;
#3254 = FILL_AREA_STYLE ('',( #2618 ) ) ;
#3255 = CARTESIAN_POINT ( 'NONE',  ( -0.4670730662265412669, 3.000000000000000000, -2.058426746749671299 ) ) ;
#3256 = EDGE_LOOP ( 'NONE', ( #4063, #2925, #5088, #4827 ) ) ;
#3257 = CARTESIAN_POINT ( 'NONE',  ( -0.1675364326465846598, 3.000000000000000444, -1.996499328758881697 ) ) ;
#3258 = CARTESIAN_POINT ( 'NONE',  ( -0.3738166516540089024, 3.020000000000000906, -0.7631222124181722410 ) ) ;
#3259 = CARTESIAN_POINT ( 'NONE',  ( -2.145685196996995892, 3.020000000000000018, -0.8632252606038544052 ) ) ;
#3260 = VERTEX_POINT ( 'NONE', #2305 ) ;
#3261 =( LENGTH_UNIT ( ) NAMED_UNIT ( * ) SI_UNIT ( .MILLI., .METRE. ) );
#3262 = CARTESIAN_POINT ( 'NONE',  ( -0.7883373004295866071, 3.020000000000000018, -1.124983838807602332 ) ) ;
#3263 = CARTESIAN_POINT ( 'NONE',  ( -3.100000000000000533, 3.000000000000000000, -3.399999999999999911 ) ) ;
#3264 = FILL_AREA_STYLE ('',( #4923 ) ) ;
#3265 = PLANE ( 'NONE',  #254 ) ;
#3266 = LINE ( 'NONE', #6071, #3232 ) ;
#3267 = CARTESIAN_POINT ( 'NONE',  ( 0.8250936682870266825, 3.020000000000000018, -1.224794300520300805 ) ) ;
#3268 = ORIENTED_EDGE ( 'NONE', *, *, #1934, .T. ) ;
#3269 = CARTESIAN_POINT ( 'NONE',  ( -55.74906976069122777, 2.360000000000000320, -19.91036380780025539 ) ) ;
#3270 = CARTESIAN_POINT ( 'NONE',  ( -0.2061953549248518314, 2.999999999999999556, -1.482295002000742601 ) ) ;
#3271 = CARTESIAN_POINT ( 'NONE',  ( 0.8250936682870266825, 2.999999999999999556, -1.224794300520300805 ) ) ;
#3272 = DIRECTION ( 'NONE',  ( -0.0000000000000000000, -1.000000000000000000, -0.0000000000000000000 ) ) ;
#3273 = CARTESIAN_POINT ( 'NONE',  ( -1.680380902298467927, 3.020000000000000906, -1.769562455291811220 ) ) ;
#3274 = EDGE_CURVE ( 'NONE', #5633, #1507, #434, .T. ) ;
#3275 = CARTESIAN_POINT ( 'NONE',  ( -1.199926833265457349, 3.000000000000000000, -0.7792486312254709446 ) ) ;
#3276 = STYLED_ITEM ( 'NONE', ( #961 ), #3368 ) ;
#3277 = ORIENTED_EDGE ( 'NONE', *, *, #926, .F. ) ;
#3278 = CARTESIAN_POINT ( 'NONE',  ( -2.270059618638720966, 3.020000000000000018, -1.124983838807602332 ) ) ;
#3279 = CARTESIAN_POINT ( 'NONE',  ( -1.812792555447627851, 3.020000000000000906, -1.908134922655280175 ) ) ;
#3280 = EDGE_CURVE ( 'NONE', #787, #1671, #3965, .T. ) ;
#3281 = B_SPLINE_CURVE_WITH_KNOTS ( 'NONE', 3,
 ( #4166, #4229, #6940, #4821, #6463, #3164, #2093 ),
 .UNSPECIFIED., .F., .F.,
 ( 4, 1, 1, 1, 4 ),
 ( 0.0000000000000000000, 0.2094025526291382056, 0.4444010364151508297, 0.7082720668673793130, 0.9999999999999998890 ),
 .UNSPECIFIED. ) ;
#3282 =( NAMED_UNIT ( * ) PLANE_ANGLE_UNIT ( ) SI_UNIT ( $, .RADIAN. ) );
#3283 = EDGE_CURVE ( 'NONE', #4928, #6042, #146, .T. ) ;
#3284 = EDGE_CURVE ( 'NONE', #1863, #4193, #467, .T. ) ;
#3285 = VECTOR ( 'NONE', #311, 1000.000000000000000 ) ;
#3286 = FILL_AREA_STYLE_COLOUR ( '', #1061 ) ;
#3287 = CARTESIAN_POINT ( 'NONE',  ( -1.788972423549068491, 3.020000000000000018, -1.560743116897136629 ) ) ;
#3288 = CARTESIAN_POINT ( 'NONE',  ( -0.7263330666383522871, 2.999999999999999556, -1.873243738275924386 ) ) ;
#3289 = VERTEX_POINT ( 'NONE', #3070 ) ;
#3290 = DIRECTION ( 'NONE',  ( 0.0000000000000000000, 0.0000000000000000000, 1.000000000000000000 ) ) ;
#3291 = VECTOR ( 'NONE', #3397, 1000.000000000000000 ) ;
#3292 =( NAMED_UNIT ( * ) PLANE_ANGLE_UNIT ( ) SI_UNIT ( $, .RADIAN. ) );
#3293 =( GEOMETRIC_REPRESENTATION_CONTEXT ( 3 ) GLOBAL_UNCERTAINTY_ASSIGNED_CONTEXT ( ( #5678 ) ) GLOBAL_UNIT_ASSIGNED_CONTEXT ( ( #2295, #5682, #6130 ) ) REPRESENTATION_CONTEXT ( 'NONE', 'WORKASPACE' ) );
#3294 = UNCERTAINTY_MEASURE_WITH_UNIT (LENGTH_MEASURE( 1.000000000000000082E-05 ), #933, 'distance_accuracy_value', 'NONE');
#3295 = AXIS2_PLACEMENT_3D ( 'NONE', #2062, #3166, #5869 ) ;
#3296 = DIRECTION ( 'NONE',  ( -0.0000000000000000000, -1.000000000000000000, -0.0000000000000000000 ) ) ;
#3297 = ORIENTED_EDGE ( 'NONE', *, *, #1905, .T. ) ;
#3298 = CARTESIAN_POINT ( 'NONE',  ( -1.493121629004987794, 3.000000000000000444, -0.9744569369357213295 ) ) ;
#3299 = PLANE ( 'NONE',  #2508 ) ;
#3300 = CARTESIAN_POINT ( 'NONE',  ( -0.3011856255743054489, 3.020000000000000018, -0.7692340927347680601 ) ) ;
#3301 = CARTESIAN_POINT ( 'NONE',  ( -0.2520380731756560744, 3.000000000000002665, -1.595093122918747719 ) ) ;
#3302 = CARTESIAN_POINT ( 'NONE',  ( -1.689835053868970149, 3.020000000000000018, -2.020085302194129628 ) ) ;
#3303 = MECHANICAL_DESIGN_GEOMETRIC_PRESENTATION_REPRESENTATION (  '', ( #5027 ), #2511 ) ;
#3304 = VECTOR ( 'NONE', #2919, 1000.000000000000000 ) ;
#3305 = CARTESIAN_POINT ( 'NONE',  ( -0.03101256001158438080, 3.020000000000000018, -1.736966025442937545 ) ) ;
#3306 = CARTESIAN_POINT ( 'NONE',  ( -0.4049317642884217583, 3.000000000000000000, -1.914698500756816690 ) ) ;
#3307 = CARTESIAN_POINT ( 'NONE',  ( -1.733642748856993876, 3.019999999999999574, -2.039386842767528130 ) ) ;
#3308 = VERTEX_POINT ( 'NONE', #5323 ) ;
#3309 = CARTESIAN_POINT ( 'NONE',  ( -0.5602583706561239385, 3.000000000000000888, -1.838138938650642373 ) ) ;
#3310 = CARTESIAN_POINT ( 'NONE',  ( -0.01390465344548528701, 3.000000000000000888, -1.351925302067296331 ) ) ;
#3311 = CARTESIAN_POINT ( 'NONE',  ( -3.399999999999999911, 1.351261177893192666, -1.590000000000000302 ) ) ;
#3312 = EDGE_CURVE ( 'NONE', #1997, #5158, #4196, .T. ) ;
#3313 = CARTESIAN_POINT ( 'NONE',  ( -1.777357213204935338, 3.019999999999998685, -1.895353349385553443 ) ) ;
#3314 = CARTESIAN_POINT ( 'NONE',  ( -1.687917673133986884, 3.020000000000000462, -1.482295002000742823 ) ) ;
#3315 = ORIENTED_EDGE ( 'NONE', *, *, #4936, .T. ) ;
#3316 = PRODUCT_CONTEXT ( 'NONE', #4398, 'mechanical' ) ;
#3317 = VERTEX_POINT ( 'NONE', #5287 ) ;
#3318 = CARTESIAN_POINT ( 'NONE',  ( -2.071280065902626255, 3.000000000000000000, -1.784565123809666254 ) ) ;
#3319 = ADVANCED_FACE ( 'NONE', ( #990 ), #6972, .F. ) ;
#3320 = FILL_AREA_STYLE_COLOUR ( '', #359 ) ;
#3321 = LINE ( 'NONE', #4531, #5638 ) ;
#3322 = ORIENTED_EDGE ( 'NONE', *, *, #2255, .F. ) ;
#3323 = SURFACE_STYLE_USAGE ( .BOTH. , #4428 ) ;
#3324 = EDGE_CURVE ( 'NONE', #4532, #681, #3281, .T. ) ;
#3325 = VERTEX_POINT ( 'NONE', #1461 ) ;
#3326 =( LENGTH_UNIT ( ) NAMED_UNIT ( * ) SI_UNIT ( .MILLI., .METRE. ) );
#3327 = CARTESIAN_POINT ( 'NONE',  ( -1.199926833265457349, 3.000000000000000000, -0.9438844443598192191 ) ) ;
#3328 = ORIENTED_EDGE ( 'NONE', *, *, #1497, .T. ) ;
#3329 = CARTESIAN_POINT ( 'NONE',  ( -1.447809721626673873, 2.999999999999999556, -1.124631477816143477 ) ) ;
#3330 = FILL_AREA_STYLE_COLOUR ( '', #2733 ) ;
#3331 = CARTESIAN_POINT ( 'NONE',  ( 0.8250936682870266825, 3.000000000000000000, -1.717672766091256298 ) ) ;
#3332 = CARTESIAN_POINT ( 'NONE',  ( -0.2520380731756560744, 3.020000000000000906, -1.595093122918747719 ) ) ;
#3333 = COLOUR_RGB ( '',1.000000000000000000, 1.000000000000000000, 1.000000000000000000 ) ;
#3334 = CARTESIAN_POINT ( 'NONE',  ( -1.582595026496423696, 3.000000000000000000, -1.935775245845978487 ) ) ;
#3335 = CARTESIAN_POINT ( 'NONE',  ( -2.078853349000398865, 3.019999999999999574, -1.763761206651437208 ) ) ;
#3336 = ORIENTED_EDGE ( 'NONE', *, *, #1541, .T. ) ;
#3337 = CARTESIAN_POINT ( 'NONE',  ( -1.582595026496423696, 3.019999999999999574, -1.935775245845978487 ) ) ;
#3338 = CARTESIAN_POINT ( 'NONE',  ( -0.5297138847073341594, 3.020000000000000906, -1.870314576606030732 ) ) ;
#3339 = VECTOR ( 'NONE', #3296, 1000.000000000000000 ) ;
#3340 = COLOUR_RGB ( '',1.000000000000000000, 1.000000000000000000, 1.000000000000000000 ) ;
#3341 = CARTESIAN_POINT ( 'NONE',  ( -1.615520028308490286, 3.019999999999999574, -1.114844987330205539 ) ) ;
#3342 = DIRECTION ( 'NONE',  ( -0.9950371902099891530, 0.0000000000000000000, -0.09950371902099786059 ) ) ;
#3343 = CARTESIAN_POINT ( 'NONE',  ( -0.7867567981705563263, 3.019999999999999574, -1.111914769944495118 ) ) ;
#3344 = DIRECTION ( 'NONE',  ( -0.0000000000000000000, -1.000000000000000000, -0.0000000000000000000 ) ) ;
#3345 = PRESENTATION_LAYER_ASSIGNMENT (  '', '', ( #1183 ) ) ;
#3346 = LINE ( 'NONE', #577, #6986 ) ;
#3347 = EDGE_LOOP ( 'NONE', ( #2047, #1886, #3497, #5052 ) ) ;
#3348 = ORIENTED_EDGE ( 'NONE', *, *, #5708, .F. ) ;
#3349 = LINE ( 'NONE', #5557, #1655 ) ;
#3350 = VECTOR ( 'NONE', #7027, 1000.000000000000000 ) ;
#3351 = CARTESIAN_POINT ( 'NONE',  ( -1.514381320317141677, 3.000000000000000000, -1.697311913310611819 ) ) ;
#3352 = DIRECTION ( 'NONE',  ( -1.000000000000000000, 0.0000000000000000000, 0.0000000000000000000 ) ) ;
#3353 = CARTESIAN_POINT ( 'NONE',  ( -0.2982058286670728475, 3.020000000000000462, -2.053311126813548437 ) ) ;
#3354 = VECTOR ( 'NONE', #5159, 1000.000000000000000 ) ;
#3355 = EDGE_LOOP ( 'NONE', ( #4901, #5626, #249, #1868 ) ) ;
#3356 = DIRECTION ( 'NONE',  ( -0.0000000000000000000, -1.000000000000000000, -0.0000000000000000000 ) ) ;
#3357 = ORIENTED_EDGE ( 'NONE', *, *, #3018, .T. ) ;
#3358 = CARTESIAN_POINT ( 'NONE',  ( -0.7094564748736669202, 3.000000000000003109, -1.902743854191271122 ) ) ;
#3359 = AXIS2_PLACEMENT_3D ( 'NONE', #289, #2481, #326 ) ;
#3360 = EDGE_CURVE ( 'NONE', #6091, #1211, #3633, .T. ) ;
#3361 = UNCERTAINTY_MEASURE_WITH_UNIT (LENGTH_MEASURE( 1.000000000000000082E-05 ), #3383, 'distance_accuracy_value', 'NONE');
#3362 = CARTESIAN_POINT ( 'NONE',  ( -2.265369146728909211, 3.000000000000000444, -1.086198636167389653 ) ) ;
#3363 = VECTOR ( 'NONE', #3244, 1000.000000000000000 ) ;
#3364 = CARTESIAN_POINT ( 'NONE',  ( -2.270059618638720966, 3.020000000000000018, -1.124983838807602332 ) ) ;
#3365 = ORIENTED_EDGE ( 'NONE', *, *, #2904, .F. ) ;
#3366 = CARTESIAN_POINT ( 'NONE',  ( -0.3032768100729138494, 3.020000000000000018, -0.9206333661622514430 ) ) ;
#3367 = CARTESIAN_POINT ( 'NONE',  ( -0.3915852403139746807, 3.000000000000000888, -1.536484756256768058 ) ) ;
#3368 = ADVANCED_FACE ( 'NONE', ( #6903 ), #1494, .T. ) ;
#3369 = FACE_OUTER_BOUND ( 'NONE', #6426, .T. ) ;
#3370 = CARTESIAN_POINT ( 'NONE',  ( 0.6648213983608911581, 3.000000000000000000, -0.7857649539633058122 ) ) ;
#3371 = ADVANCED_FACE ( 'NONE', ( #5835 ), #5868, .F. ) ;
#3372 = FILL_AREA_STYLE ('',( #1272 ) ) ;
#3373 = ORIENTED_EDGE ( 'NONE', *, *, #5228, .F. ) ;
#3374 = CARTESIAN_POINT ( 'NONE',  ( -0.2536472057960069693, 3.020000000000000018, -1.379807217455032209 ) ) ;
#3375 = CARTESIAN_POINT ( 'NONE',  ( -1.680381694333421327, 3.000000000000000000, -0.9842560978625050083 ) ) ;
#3376 = PLANE ( 'NONE',  #5366 ) ;
#3377 = CARTESIAN_POINT ( 'NONE',  ( 0.7989687984520181807, 3.020000000000000906, -0.8929262724843423094 ) ) ;
#3378 = CARTESIAN_POINT ( 'NONE',  ( -3.400000000000000799, 0.2000000000000000111, -1.590000000000000302 ) ) ;
#3379 = CARTESIAN_POINT ( 'NONE',  ( 2.059862266794638241, 3.000000000000000000, -2.063407973673387463 ) ) ;
#3380 = ORIENTED_EDGE ( 'NONE', *, *, #4872, .T. ) ;
#3381 = APPLICATION_PROTOCOL_DEFINITION ( 'draft international standard', 'automotive_design', 1998, #6388 ) ;
#3382 = ORIENTED_EDGE ( 'NONE', *, *, #6601, .F. ) ;
#3383 =( LENGTH_UNIT ( ) NAMED_UNIT ( * ) SI_UNIT ( .MILLI., .METRE. ) );
#3384 = ORIENTED_EDGE ( 'NONE', *, *, #5309, .T. ) ;
#3385 = CARTESIAN_POINT ( 'NONE',  ( -1.872875719452105958, 3.020000000000000018, -1.915235741852474138 ) ) ;
#3386 = B_SPLINE_CURVE_WITH_KNOTS ( 'NONE', 3,
 ( #3007, #4578, #227, #4618, #2938, #2864, #2389, #4067, #6802, #1899, #6263, #1357, #5739, #834, #5197, #5045, #1398, #6681, #684 ),
 .UNSPECIFIED., .F., .F.,
 ( 4, 1, 1, 1, 1, 1, 1, 1, 1, 1, 1, 1, 1, 1, 1, 1, 4 ),
 ( 0.0000000000000000000, 0.06705099218804688732, 0.1311799203918659340, 0.1937216912651207323, 0.2544994837594227177, 0.3147627139698848664, 0.3751170680683991732, 0.4360228218750034079, 0.4982967466743267737, 0.5605706714736498064, 0.6216191234624545148, 0.6819734775609680444, 0.7428529083782503539, 0.8042715696802852365, 0.8674725557694041855, 0.9322728234051279594, 1.000000000000000000 ),
 .UNSPECIFIED. ) ;
#3387 = CARTESIAN_POINT ( 'NONE',  ( -0.07586269809085945115, 3.000000000000000444, -1.899480994951179946 ) ) ;
#3388 = FACE_OUTER_BOUND ( 'NONE', #5771, .T. ) ;
#3389 = PRESENTATION_STYLE_ASSIGNMENT (( #1254 ) ) ;
#3390 = B_SPLINE_CURVE_WITH_KNOTS ( 'NONE', 3,
 ( #5428, #4855, #6532, #1593, #6467, #1630, #472 ),
 .UNSPECIFIED., .F., .F.,
 ( 4, 1, 1, 1, 4 ),
 ( 0.0000000000000000000, 0.2094025526291386219, 0.4444010364151497749, 0.7082720668673807562, 0.9999999999999998890 ),
 .UNSPECIFIED. ) ;
#3391 = CARTESIAN_POINT ( 'NONE',  ( 0.2344443702640544580, 3.020000000000000906, -1.053954009598210950 ) ) ;
#3392 = CARTESIAN_POINT ( 'NONE',  ( 0.0000000000000000000, 3.020000000000000018, 0.0000000000000000000 ) ) ;
#3393 = ORIENTED_EDGE ( 'NONE', *, *, #4208, .T. ) ;
#3394 = CARTESIAN_POINT ( 'NONE',  ( -0.3962982704034199166, 3.000000000000000000, -2.063407973673387463 ) ) ;
#3395 = ORIENTED_EDGE ( 'NONE', *, *, #4648, .T. ) ;
#3396 = CARTESIAN_POINT ( 'NONE',  ( -0.6446069468154494997, 3.000000000000003553, -1.977621574351265066 ) ) ;
#3397 = DIRECTION ( 'NONE',  ( -0.0000000000000000000, -1.000000000000000000, -0.0000000000000000000 ) ) ;
#3398 = VECTOR ( 'NONE', #6863, 1000.000000000000000 ) ;
#3399 = CARTESIAN_POINT ( 'NONE',  ( 0.4038788460397028102, 3.000000000000000444, -1.055270707185059997 ) ) ;
#3400 = ORIENTED_EDGE ( 'NONE', *, *, #6391, .T. ) ;
#3401 = VECTOR ( 'NONE', #1400, 1000.000000000000000 ) ;
#3402 = FILL_AREA_STYLE ('',( #2332 ) ) ;
#3403 = VECTOR ( 'NONE', #6955, 1000.000000000000000 ) ;
#3404 = EDGE_CURVE ( 'NONE', #2068, #6226, #564, .T. ) ;
#3405 = CARTESIAN_POINT ( 'NONE',  ( -0.3286323501930181190, 3.000000000000001776, -0.9152627620483099191 ) ) ;
#3406 = CARTESIAN_POINT ( 'NONE',  ( -55.74906976069122777, 1.560000000000000275, -19.21036380780025254 ) ) ;
#3407 = CARTESIAN_POINT ( 'NONE',  ( -1.628256491133993400, 3.000000000000000888, -1.066794057876733426 ) ) ;
#3408 = CARTESIAN_POINT ( 'NONE',  ( 0.5545124000204816328, 3.020000000000000018, -0.7632317121687269834 ) ) ;
#3409 = SURFACE_SIDE_STYLE ('',( #3484 ) ) ;
#3410 = VERTEX_POINT ( 'NONE', #3904 ) ;
#3411 = LINE ( 'NONE', #2888, #3476 ) ;
#3412 = ADVANCED_FACE ( 'NONE', ( #2665 ), #5501, .T. ) ;
#3413 = CARTESIAN_POINT ( 'NONE',  ( 0.0000000000000000000, 2.360000000000000320, 0.0000000000000000000 ) ) ;
#3414 = VECTOR ( 'NONE', #6450, 1000.000000000000000 ) ;
#3415 = CARTESIAN_POINT ( 'NONE',  ( -1.565885932216751320, 3.019999999999999574, -1.427546764598112805 ) ) ;
#3416 = EDGE_CURVE ( 'NONE', #3632, #2509, #3715, .T. ) ;
#3417 = EDGE_CURVE ( 'NONE', #5132, #5114, #3801, .T. ) ;
#3418 = DIRECTION ( 'NONE',  ( -1.000000000000000000, 0.0000000000000000000, 0.0000000000000000000 ) ) ;
#3419 = PRESENTATION_LAYER_ASSIGNMENT (  '', '', ( #1603 ) ) ;
#3420 = EDGE_LOOP ( 'NONE', ( #2954, #3576, #1069, #1633 ) ) ;
#3421 = CARTESIAN_POINT ( 'NONE',  ( -1.702718947450482467, 3.000000000000000888, -0.7914466682654155427 ) ) ;
#3422 = ORIENTED_EDGE ( 'NONE', *, *, #813, .F. ) ;
#3423 = CARTESIAN_POINT ( 'NONE',  ( 0.4261012807534146352, 3.019999999999999574, -0.7798017264119558867 ) ) ;
#3424 = CARTESIAN_POINT ( 'NONE',  ( -1.199926833265457349, 3.020000000000000018, -0.7792486312254709446 ) ) ;
#3425 = CARTESIAN_POINT ( 'NONE',  ( -0.2755475884922244934, 2.999999999999998668, -1.578444247848851845 ) ) ;
#3426 = CARTESIAN_POINT ( 'NONE',  ( -1.647408109953036659, 3.000000000000000444, -1.502186620824422114 ) ) ;
#3427 = MECHANICAL_DESIGN_GEOMETRIC_PRESENTATION_REPRESENTATION (  '', ( #4699 ), #367 ) ;
#3428 = FILL_AREA_STYLE_COLOUR ( '', #6737 ) ;
#3429 = ORIENTED_EDGE ( 'NONE', *, *, #4519, .T. ) ;
#3430 = SURFACE_STYLE_FILL_AREA ( #839 ) ;
#3431 = ORIENTED_EDGE ( 'NONE', *, *, #775, .F. ) ;
#3432 = CARTESIAN_POINT ( 'NONE',  ( -0.4084026577478603870, 3.000000000000002665, -2.063198722536307539 ) ) ;
#3433 = CARTESIAN_POINT ( 'NONE',  ( -2.270059618638720966, 3.020000000000000018, -1.124983838807602332 ) ) ;
#3434 = CARTESIAN_POINT ( 'NONE',  ( -0.3705739246011777177, 3.020000000000000462, -1.405893694968084251 ) ) ;
#3435 = CARTESIAN_POINT ( 'NONE',  ( 3.400000000000001243, 1.360000000000000098, 2.289999999999999591 ) ) ;
#3436 = FACE_OUTER_BOUND ( 'NONE', #6694, .T. ) ;
#3437 = EDGE_CURVE ( 'NONE', #2139, #6560, #6634, .T. ) ;
#3438 = VERTEX_POINT ( 'NONE', #3768 ) ;
#3439 = CARTESIAN_POINT ( 'NONE',  ( -54.94906976069123061, 2.360000000000000320, -19.91036380780025539 ) ) ;
#3440 = CARTESIAN_POINT ( 'NONE',  ( -1.447439201904787698, 3.019999999999999574, -1.195713631510698427 ) ) ;
#3441 = CARTESIAN_POINT ( 'NONE',  ( -0.1986593761242874123, 3.000000000000002220, -0.9842560978625056745 ) ) ;
#3442 = CARTESIAN_POINT ( 'NONE',  ( -2.191178793082801057, 2.999999999999999556, -1.902743854191270900 ) ) ;
#3443 = CARTESIAN_POINT ( 'NONE',  ( -1.680381694333421327, 2.999999999999999556, -0.9842560978625050083 ) ) ;
#3444 = CARTESIAN_POINT ( 'NONE',  ( 0.6648213983608911581, 3.020000000000000018, -0.7857649539633058122 ) ) ;
#3445 = PLANE ( 'NONE',  #6093 ) ;
#3446 = ORIENTED_EDGE ( 'NONE', *, *, #4418, .T. ) ;
#3447 = SURFACE_STYLE_USAGE ( .BOTH. , #1275 ) ;
#3448 = CARTESIAN_POINT ( 'NONE',  ( 0.9897294814213749570, 3.000000000000000000, -1.717672766091256298 ) ) ;
#3449 = PRESENTATION_LAYER_ASSIGNMENT (  '', '', ( #7009 ) ) ;
#3450 = DIRECTION ( 'NONE',  ( 0.0000000000000000000, -1.000000000000000000, 0.0000000000000000000 ) ) ;
#3451 = LINE ( 'NONE', #6218, #3648 ) ;
#3452 = CARTESIAN_POINT ( 'NONE',  ( -55.34906976069122919, 1.560000000000000275, -15.33036380780025354 ) ) ;
#3453 = EDGE_CURVE ( 'NONE', #1528, #4342, #5996, .T. ) ;
#3454 = ORIENTED_EDGE ( 'NONE', *, *, #1980, .T. ) ;
#3455 = ADVANCED_FACE ( 'NONE', ( #5463 ), #631, .F. ) ;
#3456 = PRESENTATION_LAYER_ASSIGNMENT (  '', '', ( #1178 ) ) ;
#3457 = CARTESIAN_POINT ( 'NONE',  ( 2.059862266794638241, 3.000000000000000000, -1.388401139822559527 ) ) ;
#3458 = ORIENTED_EDGE ( 'NONE', *, *, #2734, .F. ) ;
#3459 = CARTESIAN_POINT ( 'NONE',  ( -55.74906976069122777, 2.360000000000000320, -15.33036380780025354 ) ) ;
#3460 = ORIENTED_EDGE ( 'NONE', *, *, #2645, .T. ) ;
#3461 = FACE_OUTER_BOUND ( 'NONE', #3256, .T. ) ;
#3462 = CARTESIAN_POINT ( 'NONE',  ( -0.4064818079579924359, 3.019999999999999574, -0.9113187227711542215 ) ) ;
#3463 = FILL_AREA_STYLE ('',( #231 ) ) ;
#3464 = COLOUR_RGB ( '',1.000000000000000000, 1.000000000000000000, 1.000000000000000000 ) ;
#3465 = CLOSED_SHELL ( 'NONE', ( #4027, #4243, #4147, #2368, #3371, #664 ) ) ;
#3466 = CARTESIAN_POINT ( 'NONE',  ( -3.600000000000000089, 1.351261177893192666, -1.590000000000000302 ) ) ;
#3467 = VECTOR ( 'NONE', #3356, 1000.000000000000000 ) ;
#3468 = AXIS2_PLACEMENT_3D ( 'NONE', #1554, #5925, #5387 ) ;
#3469 = EDGE_CURVE ( 'NONE', #2310, #1246, #5392, .T. ) ;
#3470 = VERTEX_POINT ( 'NONE', #4988 ) ;
#3471 = ORIENTED_EDGE ( 'NONE', *, *, #4506, .T. ) ;
#3472 = FILL_AREA_STYLE ('',( #1335 ) ) ;
#3473 = PRESENTATION_STYLE_ASSIGNMENT (( #2986 ) ) ;
#3474 = CARTESIAN_POINT ( 'NONE',  ( -0.3705739246011777177, 3.000000000000000000, -1.405893694968084251 ) ) ;
#3475 = PLANE ( 'NONE',  #2211 ) ;
#3476 = VECTOR ( 'NONE', #2342, 1000.000000000000000 ) ;
#3477 = ORIENTED_EDGE ( 'NONE', *, *, #3638, .T. ) ;
#3478 = DIRECTION ( 'NONE',  ( -1.000000000000000000, 0.0000000000000000000, 3.188829919075012374E-16 ) ) ;
#3479 = CARTESIAN_POINT ( 'NONE',  ( -0.3552753784723763353, 3.000000000000000888, -0.9113514499095941579 ) ) ;
#3480 = CARTESIAN_POINT ( 'NONE',  ( -1.918150568064052042, 3.000000000000000444, -1.534772667437316329 ) ) ;
#3481 = ADVANCED_FACE ( 'NONE', ( #91 ), #2260, .T. ) ;
#3482 = LINE ( 'NONE', #784, #6061 ) ;
#3483 = CARTESIAN_POINT ( 'NONE',  ( -55.74906976069122777, 0.2000000000000000111, -19.21036380780025254 ) ) ;
#3484 = SURFACE_STYLE_FILL_AREA ( #3372 ) ;
#3485 = ORIENTED_EDGE ( 'NONE', *, *, #1934, .F. ) ;
#3486 = CARTESIAN_POINT ( 'NONE',  ( -0.2147743888557331060, 2.999999999999999556, -1.354462825955624838 ) ) ;
#3487 = CARTESIAN_POINT ( 'NONE',  ( 3.399999999999999911, 1.360000000000000098, -1.591797999708434164 ) ) ;
#3488 = CARTESIAN_POINT ( 'NONE',  ( -0.3501980494232977414, 3.000000000000001776, -1.912176249954232965 ) ) ;
#3489 = PRESENTATION_LAYER_ASSIGNMENT (  '', '', ( #4640 ) ) ;
#3490 = CARTESIAN_POINT ( 'NONE',  ( 0.2368008971931841733, 2.999999999999999556, -1.020314554001693574 ) ) ;
#3491 = CARTESIAN_POINT ( 'NONE',  ( 3.600000000000001865, 3.000000000000000000, 2.289999999999999147 ) ) ;
#3492 = CARTESIAN_POINT ( 'NONE',  ( -0.1789111289488996004, 2.999999999999999556, -1.475406274729326395 ) ) ;
#3493 = ORIENTED_EDGE ( 'NONE', *, *, #714, .F. ) ;
#3494 = CARTESIAN_POINT ( 'NONE',  ( -1.875891902797027999, 3.020000000000000018, -1.405268571614174844 ) ) ;
#3495 = VERTEX_POINT ( 'NONE', #4888 ) ;
#3496 = CARTESIAN_POINT ( 'NONE',  ( -1.677759168096796039, 3.000000000000000888, -1.707754741635870932 ) ) ;
#3497 = ORIENTED_EDGE ( 'NONE', *, *, #2486, .T. ) ;
#3498 = DIRECTION ( 'NONE',  ( 0.0000000000000000000, -1.000000000000000000, 5.421010862427523156E-16 ) ) ;
#3499 = CARTESIAN_POINT ( 'NONE',  ( 0.03484176524215466808, 3.020000000000000018, -1.165628305175144597 ) ) ;
#3500 = SURFACE_SIDE_STYLE ('',( #5741 ) ) ;
#3501 = ADVANCED_FACE ( 'NONE', ( #4297 ), #4737, .T. ) ;
#3502 = CARTESIAN_POINT ( 'NONE',  ( -0.4212872070475179309, 3.019999999999999574, -1.535350746615559370 ) ) ;
#3503 = CARTESIAN_POINT ( 'NONE',  ( -0.3735595324893458136, 2.999999999999999556, -0.9110907622462384170 ) ) ;
#3504 = LINE ( 'NONE', #197, #4917 ) ;
#3505 = ORIENTED_EDGE ( 'NONE', *, *, #4692, .T. ) ;
#3506 = CARTESIAN_POINT ( 'NONE',  ( -1.696496707064867326, 3.000000000000000888, -1.354462825955624616 ) ) ;
#3507 = CARTESIAN_POINT ( 'NONE',  ( -0.6446069468154494997, 3.020000000000000906, -1.977621574351265066 ) ) ;
#3508 = CARTESIAN_POINT ( 'NONE',  ( -2.194608622693443145, 3.020000000000001350, -0.9174277886334085697 ) ) ;
#3509 = FILL_AREA_STYLE ('',( #2441 ) ) ;
#3510 = EDGE_CURVE ( 'NONE', #1726, #2848, #209, .T. ) ;
#3511 = EDGE_CURVE ( 'NONE', #1297, #214, #5140, .T. ) ;
#3512 = LINE ( 'NONE', #5242, #3188 ) ;
#3513 = UNCERTAINTY_MEASURE_WITH_UNIT (LENGTH_MEASURE( 1.000000000000000082E-05 ), #3326, 'distance_accuracy_value', 'NONE');
#3514 = AXIS2_PLACEMENT_3D ( 'NONE', #1020, #4921, #2813 ) ;
#3515 = CARTESIAN_POINT ( 'NONE',  ( -0.1297940478921935925, 3.020000000000000018, -1.166914522465256621 ) ) ;
#3516 = SURFACE_SIDE_STYLE ('',( #167 ) ) ;
#3517 = ORIENTED_EDGE ( 'NONE', *, *, #4111, .F. ) ;
#3518 = PRESENTATION_STYLE_ASSIGNMENT (( #5176 ) ) ;
#3519 = CARTESIAN_POINT ( 'NONE',  ( -0.1826099314732211876, 3.019999999999998685, -1.003235697412466543 ) ) ;
#3520 = DIRECTION ( 'NONE',  ( -0.0000000000000000000, -0.0000000000000000000, -1.000000000000000000 ) ) ;
#3521 = FILL_AREA_STYLE ('',( #4226 ) ) ;
#3522 = CARTESIAN_POINT ( 'NONE',  ( 0.5840565481200197251, 3.020000000000000018, -0.9109572817329495420 ) ) ;
#3523 = AXIS2_PLACEMENT_3D ( 'NONE', #5199, #314, #502 ) ;
#3524 = CARTESIAN_POINT ( 'NONE',  ( -1.035291020131108963, 3.020000000000000018, -0.9438844443598192191 ) ) ;
#3525 = AXIS2_PLACEMENT_3D ( 'NONE', #1329, #6803, #6764 ) ;
#3526 = ORIENTED_EDGE ( 'NONE', *, *, #7018, .T. ) ;
#3527 = CARTESIAN_POINT ( 'NONE',  ( -1.836997696681510917, 3.000000000000000444, -0.9113514499095943799 ) ) ;
#3528 = CARTESIAN_POINT ( 'NONE',  ( -0.2263628805092005314, 3.020000000000000462, -1.835437900399443434 ) ) ;
#3529 = CARTESIAN_POINT ( 'NONE',  ( 0.2344443702640544580, 3.000000000000000888, -1.053954009598210950 ) ) ;
#3530 = CARTESIAN_POINT ( 'NONE',  ( -0.6072379059818034941, 2.999999999999999556, -1.717672766091256298 ) ) ;
#3531 = STYLED_ITEM ( 'NONE', ( #381 ), #5219 ) ;
#3532 = VECTOR ( 'NONE', #1843, 1000.000000000000000 ) ;
#3533 = CARTESIAN_POINT ( 'NONE',  ( -0.01390465344548528701, 3.000000000000000888, -1.351925302067296331 ) ) ;
#3534 = CARTESIAN_POINT ( 'NONE',  ( -1.929245225112653728, 3.020000000000000906, -1.396263457214643067 ) ) ;
#3535 = ORIENTED_EDGE ( 'NONE', *, *, #4454, .F. ) ;
#3536 = CARTESIAN_POINT ( 'NONE',  ( -55.34906976069122919, 0.2000000000000000111, -19.21036380780025254 ) ) ;
#3537 = ORIENTED_EDGE ( 'NONE', *, *, #2106, .T. ) ;
#3538 = LINE ( 'NONE', #4102, #5893 ) ;
#3539 =( GEOMETRIC_REPRESENTATION_CONTEXT ( 3 ) GLOBAL_UNCERTAINTY_ASSIGNED_CONTEXT ( ( #6817 ) ) GLOBAL_UNIT_ASSIGNED_CONTEXT ( ( #2546, #5886, #4701 ) ) REPRESENTATION_CONTEXT ( 'NONE', 'WORKASPACE' ) );
#3540 = CARTESIAN_POINT ( 'NONE',  ( 0.0000000000000000000, 0.0000000000000000000, 0.0000000000000000000 ) ) ;
#3541 = EDGE_CURVE ( 'NONE', #2308, #1027, #3094, .T. ) ;
#3542 = CARTESIAN_POINT ( 'NONE',  ( -0.1974668901743991400, 3.020000000000000462, -1.338470141058727414 ) ) ;
#3543 = DIRECTION ( 'NONE',  ( 0.9950371902099891530, 0.0000000000000000000, 0.09950371902099786059 ) ) ;
#3544 = CARTESIAN_POINT ( 'NONE',  ( -0.6237014872952384437, 3.020000000000000018, -1.141447420121037171 ) ) ;
#3545 = CARTESIAN_POINT ( 'NONE',  ( -3.399999999999999911, 1.351261177893192666, 1.589999999999999858 ) ) ;
#3546 = EDGE_CURVE ( 'NONE', #4615, #5601, #4155, .T. ) ;
#3547 = VERTEX_POINT ( 'NONE', #3697 ) ;
#3548 = PLANE ( 'NONE',  #2210 ) ;
#3549 = VECTOR ( 'NONE', #6580, 1000.000000000000000 ) ;
#3550 = LINE ( 'NONE', #840, #4915 ) ;
#3551 = PLANE ( 'NONE',  #2502 ) ;
#3552 = CARTESIAN_POINT ( 'NONE',  ( -1.718935763698464347, 3.020000000000000462, -1.610104445450003974 ) ) ;
#3553 = SURFACE_STYLE_FILL_AREA ( #1406 ) ;
#3554 = VECTOR ( 'NONE', #6395, 1000.000000000000114 ) ;
#3555 = EDGE_CURVE ( 'NONE', #398, #1297, #4534, .T. ) ;
#3556 = LINE ( 'NONE', #1447, #5767 ) ;
#3557 = CARTESIAN_POINT ( 'NONE',  ( 0.8246654449114056984, 3.020000000000000018, -1.196835763433007793 ) ) ;
#3558 = ORIENTED_EDGE ( 'NONE', *, *, #3555, .T. ) ;
#3559 = CARTESIAN_POINT ( 'NONE',  ( -0.3465964745662698521, 3.000000000000000888, -2.061796266670198996 ) ) ;
#3560 =( NAMED_UNIT ( * ) SI_UNIT ( $, .STERADIAN. ) SOLID_ANGLE_UNIT ( ) );
#3561 = CARTESIAN_POINT ( 'NONE',  ( 0.8250936682870266825, 3.020000000000000018, -0.9325657322068328092 ) ) ;
#3562 = CARTESIAN_POINT ( 'NONE',  ( -2.223125289055032816, 2.999999999999999556, -1.841755062513199981 ) ) ;
#3563 = DIRECTION ( 'NONE',  ( 0.0000000000000000000, 1.000000000000000000, -0.0000000000000000000 ) ) ;
#3564 =( NAMED_UNIT ( * ) PLANE_ANGLE_UNIT ( ) SI_UNIT ( $, .RADIAN. ) );
#3565 = B_SPLINE_CURVE_WITH_KNOTS ( 'NONE', 3,
 ( #3845, #4378, #4967, #6007, #2133, #1065, #5550, #1708, #33, #6077, #1169, #2820, #643, #5512, #4305, #6576, #5977, #6643, #6036 ),
 .UNSPECIFIED., .F., .F.,
 ( 4, 1, 1, 1, 1, 1, 1, 1, 1, 1, 1, 1, 1, 1, 1, 1, 4 ),
 ( 0.0000000000000000000, 0.07103632301205817234, 0.1393433396034171323, 0.2049584727025961228, 0.2683315830770491850, 0.3301292609669972955, 0.3906639764805654447, 0.4508614486151500955, 0.5105872658343560966, 0.5703738539616981518, 0.6294550091547365112, 0.6879935230805727109, 0.7475809941037837580, 0.8078387614769656500, 0.8700340388224000465, 0.9338104563665483582, 1.000000000000000000 ),
 .UNSPECIFIED. ) ;
#3566 = CARTESIAN_POINT ( 'NONE',  ( 0.01944397972111198969, 3.019999999999999574, -1.279743727460097347 ) ) ;
#3567 = ORIENTED_EDGE ( 'NONE', *, *, #2581, .T. ) ;
#3568 = CARTESIAN_POINT ( 'NONE',  ( -1.929492488472029921, 3.020000000000000018, -1.535226642933064101 ) ) ;
#3569 = B_SPLINE_CURVE_WITH_KNOTS ( 'NONE', 3,
 ( #744, #1235, #2843, #5063, #134, #4990, #2884, #6248, #635, #4053, #6101 ),
 .UNSPECIFIED., .F., .F.,
 ( 4, 1, 1, 1, 1, 1, 1, 1, 4 ),
 ( 0.0000000000000000000, 0.1270458709708517930, 0.2477885837762612287, 0.3662718927430975158, 0.4861082949655097796, 0.6077316964575412150, 0.7322595708502630529, 0.8614728828879455458, 1.000000000000000000 ),
 .UNSPECIFIED. ) ;
#3570 = CARTESIAN_POINT ( 'NONE',  ( -0.3501980494232977414, 3.020000000000000018, -1.912176249954232965 ) ) ;
#3571 = CARTESIAN_POINT ( 'NONE',  ( 0.2324518338096122072, 3.000000000000000000, -1.123436598778318807 ) ) ;
#3572 = FILL_AREA_STYLE_COLOUR ( '', #3863 ) ;
#3573 = VERTEX_POINT ( 'NONE', #5827 ) ;
#3574 = CARTESIAN_POINT ( 'NONE',  ( -1.958795034431594084, 3.000000000000000000, -1.388401139822559527 ) ) ;
#3575 = VERTEX_POINT ( 'NONE', #1380 ) ;
#3576 = ORIENTED_EDGE ( 'NONE', *, *, #6658, .T. ) ;
#3577 = CARTESIAN_POINT ( 'NONE',  ( 0.5009321752572393205, 3.020000000000000018, -0.7639810398096320565 ) ) ;
#3578 = DIRECTION ( 'NONE',  ( -1.000000000000000000, -0.0000000000000000000, -0.0000000000000000000 ) ) ;
#3579 = CARTESIAN_POINT ( 'NONE',  ( -0.2971128801610283809, 3.019999999999999574, -1.396811617065946587 ) ) ;
#3580 = CARTESIAN_POINT ( 'NONE',  ( -0.4364282498549171274, 3.020000000000000018, -1.534772667437316107 ) ) ;
#3581 = B_SPLINE_CURVE_WITH_KNOTS ( 'NONE', 3,
 ( #6588, #1079, #1221, #121, #2872, #3288, #618, #4981, #2801, #1687, #3927, #2832, #6090, #2287, #46, #3255, #3857, #5452, #3394 ),
 .UNSPECIFIED., .F., .F.,
 ( 4, 1, 1, 1, 1, 1, 1, 1, 1, 1, 1, 1, 1, 1, 1, 1, 4 ),
 ( 0.0000000000000000000, 0.07103632301205813071, 0.1393433396034171046, 0.2049584727025960118, 0.2683315830770492960, 0.3301292609669971845, 0.3906639764805656667, 0.4508614486151502621, 0.5105872658343565407, 0.5703738539616980407, 0.6294550091547364001, 0.6879935230805729329, 0.7475809941037844242, 0.8078387614769664271, 0.8700340388224008237, 0.9338104563665488023, 1.000000000000000000 ),
 .UNSPECIFIED. ) ;
#3582 = LINE ( 'NONE', #6916, #1576 ) ;
#3583 =( LENGTH_UNIT ( ) NAMED_UNIT ( * ) SI_UNIT ( .MILLI., .METRE. ) );
#3584 = ORIENTED_EDGE ( 'NONE', *, *, #3119, .F. ) ;
#3585 = LINE ( 'NONE', #1334, #2678 ) ;
#3586 = CARTESIAN_POINT ( 'NONE',  ( -1.812792555447627851, 3.000000000000000888, -1.908134922655280175 ) ) ;
#3587 = B_SPLINE_CURVE_WITH_KNOTS ( 'NONE', 3,
 ( #4772, #2476, #5241, #2512, #1475, #6313, #945, #1977, #6379, #3654, #4144 ),
 .UNSPECIFIED., .F., .F.,
 ( 4, 1, 1, 1, 1, 1, 1, 1, 4 ),
 ( 0.0000000000000000000, 0.1391553721775537489, 0.2696191397265682577, 0.3941159387666369751, 0.5146268937418990719, 0.6329159631348559856, 0.7523074279855065383, 0.8734441129988691488, 1.000000000000000000 ),
 .UNSPECIFIED. ) ;
#3588 = FILL_AREA_STYLE_COLOUR ( '', #3635 ) ;
#3589 = LINE ( 'NONE', #4663, #1374 ) ;
#3590 = UNCERTAINTY_MEASURE_WITH_UNIT (LENGTH_MEASURE( 1.000000000000000082E-05 ), #2397, 'distance_accuracy_value', 'NONE');
#3591 = SURFACE_SIDE_STYLE ('',( #2551 ) ) ;
#3592 = DIRECTION ( 'NONE',  ( -3.188826088501217729E-16, -0.001549997886716649549, -0.9999987987525541522 ) ) ;
#3593 = ORIENTED_EDGE ( 'NONE', *, *, #3196, .F. ) ;
#3594 = CARTESIAN_POINT ( 'NONE',  ( -0.5895577476934913408, 3.020000000000000462, -1.784565123809666476 ) ) ;
#3595 = CARTESIAN_POINT ( 'NONE',  ( -1.565885932216751320, 2.999999999999999556, -1.427546764598112805 ) ) ;
#3596 = DIRECTION ( 'NONE',  ( -0.0000000000000000000, 0.9999987987525540412, -0.001549997886716649115 ) ) ;
#3597 = CARTESIAN_POINT ( 'NONE',  ( 0.8192547693391107888, 3.000000000000000444, -1.121376640051062523 ) ) ;
#3598 = ADVANCED_FACE ( 'NONE', ( #5861 ), #4711, .F. ) ;
#3599 = DIRECTION ( 'NONE',  ( 1.275531967630005245E-16, 0.0000000000000000000, 1.000000000000000000 ) ) ;
#3600 = CARTESIAN_POINT ( 'NONE',  ( 0.5954053489924360232, 2.999999999999999556, -0.9114256439812392641 ) ) ;
#3601 =( LENGTH_UNIT ( ) NAMED_UNIT ( * ) SI_UNIT ( .MILLI., .METRE. ) );
#3602 = EDGE_LOOP ( 'NONE', ( #4761, #1322, #4040, #5105 ) ) ;
#3603 = CARTESIAN_POINT ( 'NONE',  ( 3.399999999999999467, 2.160000000000000142, -2.291797999708434563 ) ) ;
#3604 = EDGE_CURVE ( 'NONE', #1499, #1575, #920, .T. ) ;
#3605 = CARTESIAN_POINT ( 'NONE',  ( 0.4065585620845507675, 2.999999999999999556, -1.042665932240428139 ) ) ;
#3606 = VERTEX_POINT ( 'NONE', #3126 ) ;
#3607 = LINE ( 'NONE', #5907, #4478 ) ;
#3608 = ORIENTED_EDGE ( 'NONE', *, *, #1244, .F. ) ;
#3609 = CARTESIAN_POINT ( 'NONE',  ( 3.600000000000001421, 1.360000000000000098, 2.289999999999999591 ) ) ;
#3610 = COLOUR_RGB ( '',1.000000000000000000, 1.000000000000000000, 1.000000000000000000 ) ;
#3611 = ORIENTED_EDGE ( 'NONE', *, *, #2462, .F. ) ;
#3612 = CARTESIAN_POINT ( 'NONE',  ( -0.05529138793102883476, 3.020000000000000018, -1.622360429834539985 ) ) ;
#3613 = LINE ( 'NONE', #406, #3178 ) ;
#3614 = CARTESIAN_POINT ( 'NONE',  ( -0.6056899898030867480, 3.020000000000000906, -0.8192007842939864615 ) ) ;
#3615 = DIRECTION ( 'NONE',  ( 0.0000000000000000000, -1.000000000000000000, 5.421010862427523156E-16 ) ) ;
#3616 = FILL_AREA_STYLE ('',( #5913 ) ) ;
#3617 = FILL_AREA_STYLE ('',( #6344 ) ) ;
#3618 = ORIENTED_EDGE ( 'NONE', *, *, #4160, .F. ) ;
#3619 = CARTESIAN_POINT ( 'NONE',  ( -0.3841127569600500391, 3.000000000000000444, -1.915118964585510675 ) ) ;
#3620 =( NAMED_UNIT ( * ) SI_UNIT ( $, .STERADIAN. ) SOLID_ANGLE_UNIT ( ) );
#3621 = LINE ( 'NONE', #1040, #3653 ) ;
#3622 = CARTESIAN_POINT ( 'NONE',  ( 1.434246176884115043, 3.020000000000000018, -1.388401139822559527 ) ) ;
#3623 = CARTESIAN_POINT ( 'NONE',  ( -1.512734878220719281, 3.000000000000000000, -1.736966025442937545 ) ) ;
#3624 = CARTESIAN_POINT ( 'NONE',  ( 2.240961661242421687, 3.000000000000000000, -2.063407973673387463 ) ) ;
#3625 = ORIENTED_EDGE ( 'NONE', *, *, #2469, .F. ) ;
#3626 = CARTESIAN_POINT ( 'NONE',  ( -0.1559748108900966823, 2.999999999999999556, -1.282589565623013961 ) ) ;
#3627 = CARTESIAN_POINT ( 'NONE',  ( -2.268479116379690907, 3.020000000000000018, -1.111914769944495340 ) ) ;
#3628 = CARTESIAN_POINT ( 'NONE',  ( 0.8112775397019797996, 2.999999999999999556, -1.079903931853200216 ) ) ;
#3629 = CARTESIAN_POINT ( 'NONE',  ( 2.330000000000001403, 0.0000000000000000000, -1.590000000000000302 ) ) ;
#3630 = CARTESIAN_POINT ( 'NONE',  ( 0.7142460109342885222, 3.019999999999999574, -0.9462077998457704142 ) ) ;
#3631 = EDGE_CURVE ( 'NONE', #2068, #6295, #4669, .T. ) ;
#3632 = VERTEX_POINT ( 'NONE', #2594 ) ;
#3633 = LINE ( 'NONE', #3036, #4540 ) ;
#3634 = CARTESIAN_POINT ( 'NONE',  ( -0.6090886474356613789, 3.000000000000000444, -1.084993003504291842 ) ) ;
#3635 = COLOUR_RGB ( '',1.000000000000000000, 1.000000000000000000, 1.000000000000000000 ) ;
#3636 = VERTEX_POINT ( 'NONE', #6962 ) ;
#3637 = CARTESIAN_POINT ( 'NONE',  ( 0.2440959516002921270, 3.020000000000000018, -0.9802675701200810332 ) ) ;
#3638 = EDGE_CURVE ( 'NONE', #5599, #874, #2625, .T. ) ;
#3639 = VERTEX_POINT ( 'NONE', #3561 ) ;
#3640 = CARTESIAN_POINT ( 'NONE',  ( -1.952559891934862124, 3.020000000000001794, -0.9242756092754117470 ) ) ;
#3641 = B_SPLINE_SURFACE_WITH_KNOTS ( 'NONE', 3, 1, ( 
 ( #3580, #3138 ),
 ( #3502, #5324 ),
 ( #468, #3367 ),
 ( #2261, #6597 ),
 ( #4441, #4957 ),
 ( #6068, #1696 ),
 ( #3332, #3301 ),
 ( #2842, #4989 ),
 ( #3233, #4331 ),
 ( #4403, #2162 ),
 ( #6565, #92 ),
 ( #3803, #4889 ),
 ( #6530, #24 ),
 ( #1092, #565 ),
 ( #2743, #1664 ) ),
 .UNSPECIFIED., .F., .F., .F.,
 ( 4, 1, 1, 1, 1, 1, 1, 1, 1, 1, 1, 1, 4 ),
 ( 2, 2 ),
 ( 0.0000000000000000000, 0.1297890756576312588, 0.2546053700922396579, 0.3784354924817370791, 0.5029195826750443299, 0.5650179669759697321, 0.6248477746307949943, 0.6834480871906739585, 0.7427645197557696255, 0.8027569578129468697, 0.8652203742489509297, 0.9307788121001255854, 0.9999999999999998890 ),
 ( 0.0000000000000000000, 1.000000000000000000 ),
 .UNSPECIFIED. ) ;
#3642 = ORIENTED_EDGE ( 'NONE', *, *, #2687, .F. ) ;
#3643 = CARTESIAN_POINT ( 'NONE',  ( -0.09942977120133594804, 2.999999999999999556, -1.555872507903556468 ) ) ;
#3644 =( NAMED_UNIT ( * ) SI_UNIT ( $, .STERADIAN. ) SOLID_ANGLE_UNIT ( ) );
#3645 = CARTESIAN_POINT ( 'NONE',  ( -1.649223447553037403, 3.000000000000000444, -1.302550663260015895 ) ) ;
#3646 = PRESENTATION_LAYER_ASSIGNMENT (  '', '', ( #911 ) ) ;
#3647 =( GEOMETRIC_REPRESENTATION_CONTEXT ( 3 ) GLOBAL_UNCERTAINTY_ASSIGNED_CONTEXT ( ( #2363 ) ) GLOBAL_UNIT_ASSIGNED_CONTEXT ( ( #6831, #1277, #4059 ) ) REPRESENTATION_CONTEXT ( 'NONE', 'WORKASPACE' ) );
#3648 = VECTOR ( 'NONE', #1319, 1000.000000000000000 ) ;
#3649 = EDGE_LOOP ( 'NONE', ( #5738, #6083, #646, #7079 ) ) ;
#3650 = PRESENTATION_STYLE_ASSIGNMENT (( #5301 ) ) ;
#3651 = B_SPLINE_CURVE_WITH_KNOTS ( 'NONE', 3,
 ( #2922, #6666, #5612, #2961, #1198, #5576, #5028, #2373, #669, #6700, #3906 ),
 .UNSPECIFIED., .F., .F.,
 ( 4, 1, 1, 1, 1, 1, 1, 1, 4 ),
 ( 0.0000000000000000000, 0.1219512022493431380, 0.2407868053279231257, 0.3585498723707457591, 0.4790658414002764154, 0.6015185447735337254, 0.7275505189308990595, 0.8599320866628444859, 1.000000000000000000 ),
 .UNSPECIFIED. ) ;
#3652 = CARTESIAN_POINT ( 'NONE',  ( -1.852046931774274707, 3.000000000000000444, -1.914890272204889943 ) ) ;
#3653 = VECTOR ( 'NONE', #5304, 1000.000000000000000 ) ;
#3654 = CARTESIAN_POINT ( 'NONE',  ( 0.5545124000204816328, 3.000000000000000000, -0.7632317121687269834 ) ) ;
#3655 = COLOUR_RGB ( '',1.000000000000000000, 1.000000000000000000, 1.000000000000000000 ) ;
#3656 = FACE_OUTER_BOUND ( 'NONE', #3203, .T. ) ;
#3657 = CARTESIAN_POINT ( 'NONE',  ( -0.2503532462710357231, 3.020000000000000018, -1.863214182657017437 ) ) ;
#3658 = UNCERTAINTY_MEASURE_WITH_UNIT (LENGTH_MEASURE( 1.000000000000000082E-05 ), #579, 'distance_accuracy_value', 'NONE');
#3659 =( NAMED_UNIT ( * ) SI_UNIT ( $, .STERADIAN. ) SOLID_ANGLE_UNIT ( ) );
#3660 = VECTOR ( 'NONE', #6872, 1000.000000000000000 ) ;
#3661 = CARTESIAN_POINT ( 'NONE',  ( 3.400000000000000799, 0.2000000000000000111, 1.590000000000000080 ) ) ;
#3662 = CARTESIAN_POINT ( 'NONE',  ( -0.6215066947362412053, 3.000000000000001332, -1.131555125425880215 ) ) ;
#3663 = ORIENTED_EDGE ( 'NONE', *, *, #4180, .T. ) ;
#3664 = DIRECTION ( 'NONE',  ( 0.0000000000000000000, 0.0000000000000000000, 1.000000000000000000 ) ) ;
#3665 = CARTESIAN_POINT ( 'NONE',  ( -2.145685196996995892, 3.020000000000000018, -0.8632252606038544052 ) ) ;
#3666 = DIRECTION ( 'NONE',  ( 0.0000000000000000000, 0.0000000000000000000, 1.000000000000000000 ) ) ;
#3667 = CARTESIAN_POINT ( 'NONE',  ( 0.7857101688161546305, 3.020000000000001350, -1.015392855233271163 ) ) ;
#3668 = ADVANCED_FACE ( 'NONE', ( #847 ), #3027, .T. ) ;
#3669 = CARTESIAN_POINT ( 'NONE',  ( -0.04591302346992675448, 3.020000000000000018, -1.392978393604722420 ) ) ;
#3670 = ORIENTED_EDGE ( 'NONE', *, *, #3196, .T. ) ;
#3671 = LINE ( 'NONE', #6938, #4273 ) ;
#3672 = CARTESIAN_POINT ( 'NONE',  ( 2.059862266794638241, 3.020000000000000018, -0.7792486312254709446 ) ) ;
#3673 = CARTESIAN_POINT ( 'NONE',  ( -2.098982252159766304, 3.000000000000002220, -1.112414269029738501 ) ) ;
#3674 = CARTESIAN_POINT ( 'NONE',  ( -1.872875719452105958, 3.000000000000000000, -1.915235741852474138 ) ) ;
#3675 = ORIENTED_EDGE ( 'NONE', *, *, #1234, .F. ) ;
#3676 = CARTESIAN_POINT ( 'NONE',  ( 0.3075791768584469899, 3.019999999999999574, -0.8500838463471690476 ) ) ;
#3677 = EDGE_LOOP ( 'NONE', ( #824, #206, #2947, #3150 ) ) ;
#3678 = CARTESIAN_POINT ( 'NONE',  ( -2.071480897853275049, 3.020000000000000018, -1.036624395013399980 ) ) ;
#3679 = DIRECTION ( 'NONE',  ( 0.0000000000000000000, -1.000000000000000000, 5.421010862427523156E-16 ) ) ;
#3680 = CARTESIAN_POINT ( 'NONE',  ( -1.522795468930435714, 3.020000000000000906, -1.658823691771469377 ) ) ;
#3681 = EDGE_CURVE ( 'NONE', #4119, #1528, #5003, .T. ) ;
#3682 = PLANE ( 'NONE',  #483 ) ;
#3683 = APPLICATION_CONTEXT ( 'automotive_design' ) ;
#3684 = PRESENTATION_STYLE_ASSIGNMENT (( #904 ) ) ;
#3685 = ORIENTED_EDGE ( 'NONE', *, *, #6579, .T. ) ;
#3686 = CARTESIAN_POINT ( 'NONE',  ( 3.100000000000001421, 2.149999999999999911, -2.290000000000000480 ) ) ;
#3687 = VECTOR ( 'NONE', #6797, 1000.000000000000000 ) ;
#3688 = CARTESIAN_POINT ( 'NONE',  ( -0.1956483731459326414, 3.020000000000000018, -1.731563912824466867 ) ) ;
#3689 = EDGE_CURVE ( 'NONE', #214, #4960, #4973, .T. ) ;
#3690 = FACE_OUTER_BOUND ( 'NONE', #2400, .T. ) ;
#3691 = AXIS2_PLACEMENT_3D ( 'NONE', #4784, #6898, #6433 ) ;
#3692 = LINE ( 'NONE', #3058, #4036 ) ;
#3693 = CARTESIAN_POINT ( 'NONE',  ( -0.4506246351568716779, 3.000000000000000888, -0.9183093752987026015 ) ) ;
#3694 = VERTEX_POINT ( 'NONE', #4935 ) ;
#3695 = DIRECTION ( 'NONE',  ( 0.0000000000000000000, 0.0000000000000000000, 1.000000000000000000 ) ) ;
#3696 = CARTESIAN_POINT ( 'NONE',  ( -1.610303193252563769, 2.999999999999999112, -1.454894656635153494 ) ) ;
#3697 = CARTESIAN_POINT ( 'NONE',  ( 0.2324047410033726890, 3.000000000000000444, -1.139132228998835705 ) ) ;
#3698 = COLOUR_RGB ( '',1.000000000000000000, 1.000000000000000000, 1.000000000000000000 ) ;
#3699 = DIRECTION ( 'NONE',  ( -0.0000000000000000000, -0.0000000000000000000, -1.000000000000000000 ) ) ;
#3700 = LINE ( 'NONE', #4677, #6353 ) ;
#3701 = CARTESIAN_POINT ( 'NONE',  ( -2.061040613975312574, 3.020000000000000462, -1.015309225000133875 ) ) ;
#3702 = CARTESIAN_POINT ( 'NONE',  ( -1.913262143559251838, 2.999999999999999556, -1.913661008579338407 ) ) ;
#3703 = VERTEX_POINT ( 'NONE', #73 ) ;
#3704 = SURFACE_SIDE_STYLE ('',( #6334 ) ) ;
#3705 = EDGE_LOOP ( 'NONE', ( #2965, #3422, #717, #1411, #3642, #3248, #120, #6203 ) ) ;
#3706 =( NAMED_UNIT ( * ) PLANE_ANGLE_UNIT ( ) SI_UNIT ( $, .RADIAN. ) );
#3707 =( LENGTH_UNIT ( ) NAMED_UNIT ( * ) SI_UNIT ( .MILLI., .METRE. ) );
#3708 = VECTOR ( 'NONE', #4597, 1000.000000000000000 ) ;
#3709 = CARTESIAN_POINT ( 'NONE',  ( -1.674162883489001885, 3.020000000000000906, -1.489049086990397841 ) ) ;
#3710 = CARTESIAN_POINT ( 'NONE',  ( -1.677730277028448125, 2.999999999999999112, -1.750851709550557578 ) ) ;
#3711 = CARTESIAN_POINT ( 'NONE',  ( -1.779928146876207373, 3.000000000000000000, -2.053311126813548881 ) ) ;
#3712 =( GEOMETRIC_REPRESENTATION_CONTEXT ( 3 ) GLOBAL_UNCERTAINTY_ASSIGNED_CONTEXT ( ( #4511 ) ) GLOBAL_UNIT_ASSIGNED_CONTEXT ( ( #275, #3047, #5701 ) ) REPRESENTATION_CONTEXT ( 'NONE', 'WORKASPACE' ) );
#3713 =( NAMED_UNIT ( * ) PLANE_ANGLE_UNIT ( ) SI_UNIT ( $, .RADIAN. ) );
#3714 = ADVANCED_FACE ( 'NONE', ( #109 ), #6314, .T. ) ;
#3715 = B_SPLINE_CURVE_WITH_KNOTS ( 'NONE', 3,
 ( #538, #54, #1053, #4363, #6491, #2704, #3194, #3835, #6564, #2161, #1125, #2227, #4402, #1588, #2742, #3300, #6529, #1624, #6067 ),
 .UNSPECIFIED., .F., .F.,
 ( 4, 1, 1, 1, 1, 1, 1, 1, 1, 1, 1, 1, 1, 1, 1, 1, 4 ),
 ( 0.0000000000000000000, 0.06350344145461814249, 0.1248046405781821078, 0.1849202801139812613, 0.2443762015685238265, 0.3037746372808737827, 0.3641325964146212013, 0.4253755063553630866, 0.4883879977208412937, 0.5517433281320240912, 0.6138598322814834418, 0.6756404471380683674, 0.7377369491926122347, 0.8004171140764982928, 0.8646584058363336878, 0.9309845230655545700, 1.000000000000000000 ),
 .UNSPECIFIED. ) ;
#3716 = CARTESIAN_POINT ( 'NONE',  ( -2.088960224190938408, 3.020000000000000018, -1.717672766091256298 ) ) ;
#3717 = UNCERTAINTY_MEASURE_WITH_UNIT (LENGTH_MEASURE( 1.000000000000000082E-05 ), #3117, 'distance_accuracy_value', 'NONE');
#3718 =( NAMED_UNIT ( * ) PLANE_ANGLE_UNIT ( ) SI_UNIT ( $, .RADIAN. ) );
#3719 = CARTESIAN_POINT ( 'NONE',  ( -1.705570597113654552, 3.020000000000000462, -1.626034491164713769 ) ) ;
#3720 =( NAMED_UNIT ( * ) SI_UNIT ( $, .STERADIAN. ) SOLID_ANGLE_UNIT ( ) );
#3721 = EDGE_CURVE ( 'NONE', #3006, #845, #5303, .T. ) ;
#3722 = EDGE_LOOP ( 'NONE', ( #3429, #149, #4308, #804 ) ) ;
#3723 = CARTESIAN_POINT ( 'NONE',  ( -0.1463852926260599541, 3.020000000000000018, -1.261665224972226884 ) ) ;
#3724 = CARTESIAN_POINT ( 'NONE',  ( 0.02807456949150433784, 3.019999999999999130, -1.084716072172517531 ) ) ;
#3725 = EDGE_CURVE ( 'NONE', #1974, #3470, #2040, .T. ) ;
#3726 = EDGE_CURVE ( 'NONE', #363, #1499, #382, .T. ) ;
#3727 = CARTESIAN_POINT ( 'NONE',  ( 1.434246176884115043, 3.020000000000000018, -1.388401139822559527 ) ) ;
#3728 = CARTESIAN_POINT ( 'NONE',  ( 0.3970405541377209357, 3.020000000000000018, -1.717672766091256298 ) ) ;
#3729 = CARTESIAN_POINT ( 'NONE',  ( -1.872875719452105958, 3.000000000000000000, -1.915235741852474138 ) ) ;
#3730 = B_SPLINE_CURVE_WITH_KNOTS ( 'NONE', 3,
 ( #2218, #5564, #5523, #694, #5051, #4469, #655, #556, #6551, #3825, #6625, #4350, #1185, #5489, #81 ),
 .UNSPECIFIED., .F., .F.,
 ( 4, 1, 1, 1, 1, 1, 1, 1, 1, 1, 1, 1, 4 ),
 ( 0.0000000000000000000, 0.09511658830318206470, 0.1880947988798429005, 0.2799532837253069228, 0.3719752916477173654, 0.4600177676538099725, 0.5418298413512775413, 0.6179602578445309025, 0.6902898091201377095, 0.7626301574627215585, 0.8378316159713233846, 0.9164849246389654702, 0.9999999999999998890 ),
 .UNSPECIFIED. ) ;
#3731 = CARTESIAN_POINT ( 'NONE',  ( -1.597198743964322709, 2.999999999999998668, -0.8518878056760209594 ) ) ;
#3732 =( NAMED_UNIT ( * ) PLANE_ANGLE_UNIT ( ) SI_UNIT ( $, .RADIAN. ) );
#3733 =( NAMED_UNIT ( * ) SI_UNIT ( $, .STERADIAN. ) SOLID_ANGLE_UNIT ( ) );
#3734 = CARTESIAN_POINT ( 'NONE',  ( -1.985878436049924867, 3.020000000000000906, -1.888529696073001807 ) ) ;
#3735 = CARTESIAN_POINT ( 'NONE',  ( -0.5478621465278167291, 3.000000000000000000, -1.852899892034636009 ) ) ;
#3736 = CARTESIAN_POINT ( 'NONE',  ( 0.5398106733401639712, 3.020000000000000018, -0.7627850499120361061 ) ) ;
#3737 = VECTOR ( 'NONE', #929, 1000.000000000000000 ) ;
#3738 = ORIENTED_EDGE ( 'NONE', *, *, #6407, .T. ) ;
#3739 = PLANE ( 'NONE',  #6918 ) ;
#3740 = CARTESIAN_POINT ( 'NONE',  ( -55.74906976069122777, 1.560000000000000275, -16.03036380780025283 ) ) ;
#3741 =( NAMED_UNIT ( * ) PLANE_ANGLE_UNIT ( ) SI_UNIT ( $, .RADIAN. ) );
#3742 = CARTESIAN_POINT ( 'NONE',  ( -0.5739960907516892252, 3.020000000000000018, -0.8014251924854067788 ) ) ;
#3743 = CARTESIAN_POINT ( 'NONE',  ( 2.059862266794638241, 3.020000000000000018, -1.388401139822559527 ) ) ;
#3744 = FACE_OUTER_BOUND ( 'NONE', #29, .T. ) ;
#3745 = ORIENTED_EDGE ( 'NONE', *, *, #1670, .T. ) ;
#3746 = PRESENTATION_STYLE_ASSIGNMENT (( #6476 ) ) ;
#3747 = ADVANCED_FACE ( 'NONE', ( #3656 ), #5340, .T. ) ;
#3748 = AXIS2_PLACEMENT_3D ( 'NONE', #5782, #2002, #872 ) ;
#3749 = VERTEX_POINT ( 'NONE', #5820 ) ;
#3750 = CARTESIAN_POINT ( 'NONE',  ( 0.4146225407201737378, 2.999999999999999112, -1.013686492009945095 ) ) ;
#3751 = PRESENTATION_LAYER_ASSIGNMENT (  '', '', ( #2376 ) ) ;
#3752 =( LENGTH_UNIT ( ) NAMED_UNIT ( * ) SI_UNIT ( .MILLI., .METRE. ) );
#3753 =( GEOMETRIC_REPRESENTATION_CONTEXT ( 3 ) GLOBAL_UNCERTAINTY_ASSIGNED_CONTEXT ( ( #4347 ) ) GLOBAL_UNIT_ASSIGNED_CONTEXT ( ( #6721, #837, #4732 ) ) REPRESENTATION_CONTEXT ( 'NONE', 'WORKASPACE' ) );
#3754 = CARTESIAN_POINT ( 'NONE',  ( -54.37906976069123033, 0.2000000000000000111, -19.21036380780025254 ) ) ;
#3755 = CARTESIAN_POINT ( 'NONE',  ( -1.859853545209661840, 3.020000000000000018, -1.405693478223773996 ) ) ;
#3756 = CARTESIAN_POINT ( 'NONE',  ( -1.581152089410471140, 3.020000000000000018, -1.555872507903556690 ) ) ;
#3757 = FACE_OUTER_BOUND ( 'NONE', #816, .T. ) ;
#3758 = ORIENTED_EDGE ( 'NONE', *, *, #3925, .T. ) ;
#3759 = COLOUR_RGB ( '',0.9686274509803921573, 0.8784313725490195957, 0.5999999999999999778 ) ;
#3760 = CARTESIAN_POINT ( 'NONE',  ( -0.01139931079585372424, 3.000000000000000888, -0.9744569369357216626 ) ) ;
#3761 = EDGE_CURVE ( 'NONE', #5439, #5631, #6421, .T. ) ;
#3762 =( GEOMETRIC_REPRESENTATION_CONTEXT ( 3 ) GLOBAL_UNCERTAINTY_ASSIGNED_CONTEXT ( ( #1446 ) ) GLOBAL_UNIT_ASSIGNED_CONTEXT ( ( #4045, #2442, #4631 ) ) REPRESENTATION_CONTEXT ( 'NONE', 'WORKASPACE' ) );
#3763 = CARTESIAN_POINT ( 'NONE',  ( -2.088960224190938408, 3.020000000000000018, -1.717672766091256298 ) ) ;
#3764 = CARTESIAN_POINT ( 'NONE',  ( 2.059862266794638241, 3.020000000000000018, -0.7792486312254709446 ) ) ;
#3765 = ORIENTED_EDGE ( 'NONE', *, *, #771, .T. ) ;
#3766 = CARTESIAN_POINT ( 'NONE',  ( -1.665537189682890551, 2.999999999999999556, -0.8079146238642840316 ) ) ;
#3767 =( LENGTH_UNIT ( ) NAMED_UNIT ( * ) SI_UNIT ( .MILLI., .METRE. ) );
#3768 = CARTESIAN_POINT ( 'NONE',  ( 1.434246176884115043, 3.000000000000000000, -1.388401139822559527 ) ) ;
#3769 = AXIS2_PLACEMENT_3D ( 'NONE', #1963, #3039, #6404 ) ;
#3770 = CARTESIAN_POINT ( 'NONE',  ( -54.37906976069123033, 0.2000000000000000111, -19.21036380780025254 ) ) ;
#3771 = SHAPE_REPRESENTATION ( 'Left', ( #4922 ), #5039 ) ;
#3772 = CARTESIAN_POINT ( 'NONE',  ( -2.082180292724367554, 3.019999999999999130, -1.059539937681451605 ) ) ;
#3773 = LINE ( 'NONE', #1023, #1833 ) ;
#3774 = CARTESIAN_POINT ( 'NONE',  ( -0.6029934545657694711, 3.000000000000000444, -1.741259688068000910 ) ) ;
#3775 = EDGE_CURVE ( 'NONE', #1200, #3866, #1943, .T. ) ;
#3776 = FACE_OUTER_BOUND ( 'NONE', #619, .T. ) ;
#3777 = ORIENTED_EDGE ( 'NONE', *, *, #5669, .F. ) ;
#3778 = CARTESIAN_POINT ( 'NONE',  ( -0.5041561178407896193, 3.019999999999999574, -1.888529696073000919 ) ) ;
#3779 = CARTESIAN_POINT ( 'NONE',  ( -55.34906976069122919, 2.360000000000000320, -15.33036380780025354 ) ) ;
#3780 = CARTESIAN_POINT ( 'NONE',  ( 0.01944397972111198969, 3.019999999999999574, -1.279743727460097347 ) ) ;
#3781 = CARTESIAN_POINT ( 'NONE',  ( 0.5398106733401639712, 3.020000000000000018, -0.7627850499120361061 ) ) ;
#3782 = CARTESIAN_POINT ( 'NONE',  ( -1.719087608802553957, 3.000000000000001332, -1.849998970191792935 ) ) ;
#3783 = CARTESIAN_POINT ( 'NONE',  ( -3.400000000000000355, 2.151261177893192489, -2.290000000000000480 ) ) ;
#3784 = ORIENTED_EDGE ( 'NONE', *, *, #6513, .F. ) ;
#3785 = ORIENTED_EDGE ( 'NONE', *, *, #863, .F. ) ;
#3786 = LINE ( 'NONE', #5005, #4630 ) ;
#3787 = CARTESIAN_POINT ( 'NONE',  ( -1.199926833265457349, 3.020000000000000018, -0.9438844443598192191 ) ) ;
#3788 = LINE ( 'NONE', #1078, #4622 ) ;
#3789 =( LENGTH_UNIT ( ) NAMED_UNIT ( * ) SI_UNIT ( .MILLI., .METRE. ) );
#3790 = COLOUR_RGB ( '',1.000000000000000000, 1.000000000000000000, 1.000000000000000000 ) ;
#3791 = ORIENTED_EDGE ( 'NONE', *, *, #3973, .T. ) ;
#3792 = FILL_AREA_STYLE_COLOUR ( '', #4173 ) ;
#3793 = UNCERTAINTY_MEASURE_WITH_UNIT (LENGTH_MEASURE( 1.000000000000000082E-05 ), #2635, 'distance_accuracy_value', 'NONE');
#3794 = PRESENTATION_STYLE_ASSIGNMENT (( #5923 ) ) ;
#3795 = DIRECTION ( 'NONE',  ( 0.0000000000000000000, -1.000000000000000000, 0.0000000000000000000 ) ) ;
#3796 = FILL_AREA_STYLE_COLOUR ( '', #613 ) ;
#3797 = ORIENTED_EDGE ( 'NONE', *, *, #5839, .T. ) ;
#3798 = CARTESIAN_POINT ( 'NONE',  ( -1.782907943783439864, 3.000000000000000888, -0.7692340927347679491 ) ) ;
#3799 = ADVANCED_FACE ( 'NONE', ( #4146 ), #6351, .F. ) ;
#3800 = MECHANICAL_DESIGN_GEOMETRIC_PRESENTATION_REPRESENTATION (  '', ( #3230 ), #3910 ) ;
#3801 = LINE ( 'NONE', #3263, #4416 ) ;
#3802 = VECTOR ( 'NONE', #6602, 1000.000000000000000 ) ;
#3803 = CARTESIAN_POINT ( 'NONE',  ( -0.1999273309507519081, 3.019999999999999574, -1.685043697489151837 ) ) ;
#3804 =( NAMED_UNIT ( * ) PLANE_ANGLE_UNIT ( ) SI_UNIT ( $, .RADIAN. ) );
#3805 = CARTESIAN_POINT ( 'NONE',  ( -1.035291020131108963, 3.020000000000000018, -0.7792486312254709446 ) ) ;
#3806 = CARTESIAN_POINT ( 'NONE',  ( -2.251020641774190256, 3.020000000000000462, -1.746866167604332221 ) ) ;
#3807 = STYLED_ITEM ( 'NONE', ( #6839 ), #1421 ) ;
#3808 = CARTESIAN_POINT ( 'NONE',  ( -1.557585016299994018, 3.020000000000000906, -1.899480994951179502 ) ) ;
#3809 = EDGE_LOOP ( 'NONE', ( #4963, #5453, #592, #1914, #222, #1794 ) ) ;
#3810 = B_SPLINE_SURFACE_WITH_KNOTS ( 'NONE', 3, 1, ( 
 ( #4602, #5645 ),
 ( #6102, #2845 ),
 ( #1236, #4562 ),
 ( #1199, #1774 ),
 ( #670, #4445 ),
 ( #3942, #257 ),
 ( #3444, #3370 ),
 ( #6748, #1271 ),
 ( #5577, #6638 ),
 ( #3408, #1345 ),
 ( #4054, #5613 ) ),
 .UNSPECIFIED., .F., .F., .F.,
 ( 4, 1, 1, 1, 1, 1, 1, 1, 4 ),
 ( 2, 2 ),
 ( 0.0000000000000000000, 0.1391553721775537489, 0.2696191397265682577, 0.3941159387666369751, 0.5146268937418990719, 0.6329159631348559856, 0.7523074279855065383, 0.8734441129988691488, 1.000000000000000000 ),
 ( 0.0000000000000000000, 1.000000000000000000 ),
 .UNSPECIFIED. ) ;
#3811 = CARTESIAN_POINT ( 'NONE',  ( -0.3705739246011776622, 3.000000000000000000, -1.405893694968084029 ) ) ;
#3812 = EDGE_CURVE ( 'NONE', #3317, #874, #228, .T. ) ;
#3813 = CARTESIAN_POINT ( 'NONE',  ( -0.01390465344548528701, 3.020000000000000906, -1.351925302067296331 ) ) ;
#3814 = LINE ( 'NONE', #711, #2929 ) ;
#3815 = CARTESIAN_POINT ( 'NONE',  ( -1.677492348997924321, 2.999999999999999556, -1.738089500630947581 ) ) ;
#3816 = ADVANCED_FACE ( 'NONE', ( #4579 ), #1970, .F. ) ;
#3817 = LINE ( 'NONE', #4341, #3549 ) ;
#3818 = ORIENTED_EDGE ( 'NONE', *, *, #6578, .F. ) ;
#3819 = EDGE_LOOP ( 'NONE', ( #4785, #2231, #4325, #7053, #5817, #958, #4945, #6829, #2894, #3920, #4203, #6103, #4878, #6298 ) ) ;
#3820 = CARTESIAN_POINT ( 'NONE',  ( -2.084715772774904607, 3.000000000000000888, -1.741259688068000910 ) ) ;
#3821 =( NAMED_UNIT ( * ) SI_UNIT ( $, .STERADIAN. ) SOLID_ANGLE_UNIT ( ) );
#3822 = VECTOR ( 'NONE', #1305, 1000.000000000000000 ) ;
#3823 = CARTESIAN_POINT ( 'NONE',  ( -0.2081127356598356515, 3.000000000000001776, -2.020085302194129628 ) ) ;
#3824 = CARTESIAN_POINT ( 'NONE',  ( -1.873307558523109151, 3.019999999999999574, -1.536484756256768280 ) ) ;
#3825 = CARTESIAN_POINT ( 'NONE',  ( 0.2880753654570256672, 3.000000000000000888, -0.8734585606997788965 ) ) ;
#3826 = ORIENTED_EDGE ( 'NONE', *, *, #8, .F. ) ;
#3827 = CARTESIAN_POINT ( 'NONE',  ( -0.1838148714737567468, 3.020000000000000462, -0.8079146238642841427 ) ) ;
#3828 = SURFACE_SIDE_STYLE ('',( #2770 ) ) ;
#3829 = CARTESIAN_POINT ( 'NONE',  ( -1.910579855588545817, 3.019999999999999574, -0.7635388514647974967 ) ) ;
#3830 = CARTESIAN_POINT ( 'NONE',  ( -1.986644719492195010, 3.000000000000000444, -0.7761373993735662946 ) ) ;
#3831 =( LENGTH_UNIT ( ) NAMED_UNIT ( * ) SI_UNIT ( .MILLI., .METRE. ) );
#3832 = ORIENTED_EDGE ( 'NONE', *, *, #2058, .T. ) ;
#3833 = DIRECTION ( 'NONE',  ( 1.000000000000000000, 0.0000000000000000000, 0.0000000000000000000 ) ) ;
#3834 = CARTESIAN_POINT ( 'NONE',  ( -0.7326941055806012182, 3.000000000000000888, -0.9475634840590850816 ) ) ;
#3835 = CARTESIAN_POINT ( 'NONE',  ( -0.03239302601137346999, 3.019999999999997797, -0.9410349672355213801 ) ) ;
#3836 = SURFACE_SIDE_STYLE ('',( #5503 ) ) ;
#3837 = CARTESIAN_POINT ( 'NONE',  ( -1.861265235044257560, 3.000000000000000888, -2.062864638765018910 ) ) ;
#3838 = CARTESIAN_POINT ( 'NONE',  ( -2.053068408851634885, 3.019999999999999574, -1.821838541363574482 ) ) ;
#3839 = EDGE_CURVE ( 'NONE', #363, #6624, #1865, .T. ) ;
#3840 = CARTESIAN_POINT ( 'NONE',  ( -54.94906976069123061, 2.360000000000000320, -15.33036380780025354 ) ) ;
#3841 = CARTESIAN_POINT ( 'NONE',  ( -0.5402161917732289931, 2.999999999999999556, -0.7875309464302361340 ) ) ;
#3842 = ORIENTED_EDGE ( 'NONE', *, *, #534, .F. ) ;
#3843 = CARTESIAN_POINT ( 'NONE',  ( -1.620903217863525203, 3.020000000000000018, -1.090317141010583413 ) ) ;
#3844 = LINE ( 'NONE', #604, #6394 ) ;
#3845 = CARTESIAN_POINT ( 'NONE',  ( -2.253596037325287238, 3.000000000000000000, -1.734136347404691136 ) ) ;
#3846 = CARTESIAN_POINT ( 'NONE',  ( -1.745984538153606103, 3.000000000000000000, -1.875621304611893470 ) ) ;
#3847 = CARTESIAN_POINT ( 'NONE',  ( 3.399999999999999911, 1.360000000000000098, -1.591797999708434164 ) ) ;
#3848 = EDGE_CURVE ( 'NONE', #3575, #6222, #1931, .T. ) ;
#3849 =( NAMED_UNIT ( * ) PLANE_ANGLE_UNIT ( ) SI_UNIT ( $, .RADIAN. ) );
#3850 = SURFACE_SIDE_STYLE ('',( #38 ) ) ;
#3851 = EDGE_LOOP ( 'NONE', ( #4286, #130, #5066, #2702 ) ) ;
#3852 = CARTESIAN_POINT ( 'NONE',  ( -2.087521423310182644, 3.000000000000000444, -1.725668353927710008 ) ) ;
#3853 = DIRECTION ( 'NONE',  ( 0.0000000000000000000, -0.0000000000000000000, 1.000000000000000000 ) ) ;
#3854 = PLANE ( 'NONE',  #6292 ) ;
#3855 = CARTESIAN_POINT ( 'NONE',  ( -1.901205798222122434, 3.020000000000000462, -1.401516807261640851 ) ) ;
#3856 = CARTESIAN_POINT ( 'NONE',  ( -1.687917673133986884, 3.020000000000000462, -1.482295002000742823 ) ) ;
#3857 = CARTESIAN_POINT ( 'NONE',  ( -0.4321701329309213802, 3.000000000000000888, -2.062787849101243243 ) ) ;
#3858 = ORIENTED_EDGE ( 'NONE', *, *, #986, .F. ) ;
#3859 = CARTESIAN_POINT ( 'NONE',  ( -0.3888382101207695785, 3.000000000000000000, -0.7627850499120361061 ) ) ;
#3860 = COLOUR_RGB ( '',1.000000000000000000, 1.000000000000000000, 1.000000000000000000 ) ;
#3861 = UNCERTAINTY_MEASURE_WITH_UNIT (LENGTH_MEASURE( 1.000000000000000082E-05 ), #478, 'distance_accuracy_value', 'NONE');
#3862 = CARTESIAN_POINT ( 'NONE',  ( 0.3974104669878707474, 3.000000000000001332, -1.151988679806903670 ) ) ;
#3863 = COLOUR_RGB ( '',1.000000000000000000, 1.000000000000000000, 1.000000000000000000 ) ;
#3864 = CARTESIAN_POINT ( 'NONE',  ( 0.3993003115827673533, 3.020000000000001350, -1.105856693643484601 ) ) ;
#3865 = VECTOR ( 'NONE', #2038, 1000.000000000000114 ) ;
#3866 = VERTEX_POINT ( 'NONE', #3046 ) ;
#3867 = CARTESIAN_POINT ( 'NONE',  ( -1.446880552966979705, 3.000000000000000444, -1.165628305175144597 ) ) ;
#3868 = CARTESIAN_POINT ( 'NONE',  ( -3.399999999999999467, 1.351261177893192666, 2.290000000000000036 ) ) ;
#3869 = DIRECTION ( 'NONE',  ( -0.0000000000000000000, 1.000000000000000000, -0.0000000000000000000 ) ) ;
#3870 = CARTESIAN_POINT ( 'NONE',  ( 3.100000000000000977, 2.149999999999999911, 2.289999999999999591 ) ) ;
#3871 = CARTESIAN_POINT ( 'NONE',  ( -1.677502508581933505, 3.019999999999999574, -1.723485027828418392 ) ) ;
#3872 = STYLED_ITEM ( 'NONE', ( #6774 ), #5885 ) ;
#3873 = VECTOR ( 'NONE', #2595, 1000.000000000000000 ) ;
#3874 = LINE ( 'NONE', #5467, #5849 ) ;
#3875 = CARTESIAN_POINT ( 'NONE',  ( -2.014131104583468446, 3.020000000000000462, -2.042248344519796532 ) ) ;
#3876 = CARTESIAN_POINT ( 'NONE',  ( 0.01853392301512964135, 3.000000000000001332, -1.046471747391922502 ) ) ;
#3877 = ORIENTED_EDGE ( 'NONE', *, *, #5691, .T. ) ;
#3878 = CARTESIAN_POINT ( 'NONE',  ( -0.3911534012429715435, 3.000000000000000888, -1.915235741852474138 ) ) ;
#3879 = MECHANICAL_DESIGN_GEOMETRIC_PRESENTATION_REPRESENTATION (  '', ( #6874 ), #820 ) ;
#3880 = CARTESIAN_POINT ( 'NONE',  ( -54.37906976069123033, 0.2000000000000000111, -19.21036380780025254 ) ) ;
#3881 = DIRECTION ( 'NONE',  ( 6.195440985631457289E-16, -0.0000000000000000000, 1.000000000000000000 ) ) ;
#3882 = CARTESIAN_POINT ( 'NONE',  ( -1.495626971654620441, 3.020000000000000018, -1.351925302067295664 ) ) ;
#3883 = MECHANICAL_DESIGN_GEOMETRIC_PRESENTATION_REPRESENTATION (  '', ( #5743 ), #5502 ) ;
#3884 = DIRECTION ( 'NONE',  ( 1.000000000000000000, 0.0000000000000000000, -1.275531967630005245E-16 ) ) ;
#3885 = EDGE_LOOP ( 'NONE', ( #6594, #393, #4201, #4344 ) ) ;
#3886 = ORIENTED_EDGE ( 'NONE', *, *, #3084, .F. ) ;
#3887 = ORIENTED_EDGE ( 'NONE', *, *, #4791, .F. ) ;
#3888 = LINE ( 'NONE', #1609, #6804 ) ;
#3889 = EDGE_CURVE ( 'NONE', #4417, #5042, #2939, .T. ) ;
#3890 = FACE_OUTER_BOUND ( 'NONE', #2428, .T. ) ;
#3891 = EDGE_CURVE ( 'NONE', #2021, #2719, #835, .T. ) ;
#3892 = CARTESIAN_POINT ( 'NONE',  ( 0.5398106733401639712, 3.020000000000000018, -0.7627850499120361061 ) ) ;
#3893 = PRESENTATION_STYLE_ASSIGNMENT (( #3323 ) ) ;
#3894 = ORIENTED_EDGE ( 'NONE', *, *, #6981, .F. ) ;
#3895 = EDGE_CURVE ( 'NONE', #4460, #1281, #274, .T. ) ;
#3896 = CARTESIAN_POINT ( 'NONE',  ( -0.6189785838019753461, 3.019999999999999574, -1.997923291443938432 ) ) ;
#3897 = SURFACE_STYLE_FILL_AREA ( #5417 ) ;
#3898 = EDGE_CURVE ( 'NONE', #3632, #5794, #3008, .T. ) ;
#3899 = CARTESIAN_POINT ( 'NONE',  ( -2.256988067986609448, 3.000000000000000000, -1.048779485120968635 ) ) ;
#3900 = CARTESIAN_POINT ( 'NONE',  ( 0.3974104669878707474, 3.000000000000001332, -1.151988679806903670 ) ) ;
#3901 = ORIENTED_EDGE ( 'NONE', *, *, #4422, .F. ) ;
#3902 = CARTESIAN_POINT ( 'NONE',  ( -1.870560528329904271, 3.000000000000000444, -0.7627850499120361061 ) ) ;
#3903 = PRESENTATION_STYLE_ASSIGNMENT (( #630 ) ) ;
#3904 = CARTESIAN_POINT ( 'NONE',  ( -3.600000000000000533, 3.000000000000000000, -2.899999999999999911 ) ) ;
#3905 = MECHANICAL_DESIGN_GEOMETRIC_PRESENTATION_REPRESENTATION (  '', ( #7009 ), #1292 ) ;
#3906 = CARTESIAN_POINT ( 'NONE',  ( -0.2061953549248518314, 3.000000000000000000, -1.482295002000742601 ) ) ;
#3907 = CARTESIAN_POINT ( 'NONE',  ( -0.4023188122627303076, 3.000000000000000000, -0.7630389696933730370 ) ) ;
#3908 = ORIENTED_EDGE ( 'NONE', *, *, #5342, .F. ) ;
#3909 = CARTESIAN_POINT ( 'NONE',  ( -0.2337147877373208227, 2.999999999999999556, -1.368066662903413722 ) ) ;
#3910 =( GEOMETRIC_REPRESENTATION_CONTEXT ( 3 ) GLOBAL_UNCERTAINTY_ASSIGNED_CONTEXT ( ( #658 ) ) GLOBAL_UNIT_ASSIGNED_CONTEXT ( ( #1346, #177, #5686 ) ) REPRESENTATION_CONTEXT ( 'NONE', 'WORKASPACE' ) );
#3911 = CARTESIAN_POINT ( 'NONE',  ( -1.611516366101327868, 3.020000000000000018, -1.166914522465256621 ) ) ;
#3912 = CARTESIAN_POINT ( 'NONE',  ( -0.02915363715317644683, 3.020000000000000462, -1.373102610874840535 ) ) ;
#3913 = CARTESIAN_POINT ( 'NONE',  ( 3.100000000000001421, 2.149999999999999911, -2.290000000000000480 ) ) ;
#3914 = CARTESIAN_POINT ( 'NONE',  ( -1.852046931774274707, 3.020000000000000462, -1.914890272204889943 ) ) ;
#3915 = STYLED_ITEM ( 'NONE', ( #4707 ), #1153 ) ;
#3916 = CARTESIAN_POINT ( 'NONE',  ( -0.1675364326465846598, 3.020000000000000462, -1.996499328758881697 ) ) ;
#3917 = SHAPE_DEFINITION_REPRESENTATION ( #2913, #3950 ) ;
#3918 = ORIENTED_EDGE ( 'NONE', *, *, #1629, .F. ) ;
#3919 = CARTESIAN_POINT ( 'NONE',  ( -1.566641392996084958, 3.000000000000001776, -0.8793496920310615028 ) ) ;
#3920 = ORIENTED_EDGE ( 'NONE', *, *, #1541, .F. ) ;
#3921 = CARTESIAN_POINT ( 'NONE',  ( -1.865835075169184121, 3.020000000000000018, -1.915118964585510231 ) ) ;
#3922 = CARTESIAN_POINT ( 'NONE',  ( -55.34906976069122919, 2.360000000000000320, -19.91036380780025539 ) ) ;
#3923 = CARTESIAN_POINT ( 'NONE',  ( -0.2166058027103659189, 3.000000000000000444, -0.9670024162672197221 ) ) ;
#3924 = VECTOR ( 'NONE', #7082, 1000.000000000000000 ) ;
#3925 = EDGE_CURVE ( 'NONE', #379, #2347, #5160, .T. ) ;
#3926 = EDGE_LOOP ( 'NONE', ( #6013, #4585, #995, #5097, #6168, #2275, #2908, #2480, #1514, #2534, #1142, #3908, #5745, #5625, #6044, #6777 ) ) ;
#3927 = CARTESIAN_POINT ( 'NONE',  ( -0.6189785838019753461, 2.999999999999999556, -1.997923291443938432 ) ) ;
#3928 = VERTEX_POINT ( 'NONE', #5628 ) ;
#3929 = CARTESIAN_POINT ( 'NONE',  ( -0.4084026577478603870, 3.020000000000000018, -2.063198722536307539 ) ) ;
#3930 = AXIS2_PLACEMENT_3D ( 'NONE', #6329, #1425, #3067 ) ;
#3931 = LINE ( 'NONE', #2874, #3291 ) ;
#3932 = UNCERTAINTY_MEASURE_WITH_UNIT (LENGTH_MEASURE( 1.000000000000000082E-05 ), #2539, 'distance_accuracy_value', 'NONE');
#3933 = EDGE_CURVE ( 'NONE', #379, #6332, #4619, .T. ) ;
#3934 = CARTESIAN_POINT ( 'NONE',  ( -2.214416423789735688, 2.999999999999999556, -0.9475634840590850816 ) ) ;
#3935 = VECTOR ( 'NONE', #3158, 1000.000000000000000 ) ;
#3936 = EDGE_LOOP ( 'NONE', ( #1105, #3663, #6376, #3745, #3102, #1493, #6116, #2498, #455, #6891, #6400, #6032, #2251, #2232 ) ) ;
#3937 = EDGE_CURVE ( 'NONE', #6583, #5765, #1206, .T. ) ;
#3938 = CARTESIAN_POINT ( 'NONE',  ( -0.3888382101207695785, 3.020000000000000018, -0.7627850499120361061 ) ) ;
#3939 = CARTESIAN_POINT ( 'NONE',  ( -0.1299581765368014175, 3.019999999999999574, -1.157984966513125213 ) ) ;
#3940 = CARTESIAN_POINT ( 'NONE',  ( -1.873307558523109151, 2.999999999999999556, -1.536484756256768280 ) ) ;
#3941 = CARTESIAN_POINT ( 'NONE',  ( -1.638218510669772643, 3.000000000000000000, -1.044569058784599491 ) ) ;
#3942 = CARTESIAN_POINT ( 'NONE',  ( 0.7021008906236357872, 3.020000000000000018, -0.8044998634685897043 ) ) ;
#3943 = CARTESIAN_POINT ( 'NONE',  ( -0.3011856255743054489, 3.000000000000000000, -0.7692340927347680601 ) ) ;
#3944 = SURFACE_STYLE_USAGE ( .BOTH. , #6537 ) ;
#3945 = CARTESIAN_POINT ( 'NONE',  ( -1.615520028308490286, 3.019999999999999574, -1.114844987330205539 ) ) ;
#3946 =( LENGTH_UNIT ( ) NAMED_UNIT ( * ) SI_UNIT ( .MILLI., .METRE. ) );
#3947 = DIRECTION ( 'NONE',  ( 1.000000000000000000, -0.0000000000000000000, -3.188829919075012374E-16 ) ) ;
#3948 = LINE ( 'NONE', #5040, #5495 ) ;
#3949 = ORIENTED_EDGE ( 'NONE', *, *, #5021, .F. ) ;
#3950 = SHAPE_REPRESENTATION ( 'Right', ( #4922 ), #6635 ) ;
#3951 = ORIENTED_EDGE ( 'NONE', *, *, #2723, .F. ) ;
#3952 = CARTESIAN_POINT ( 'NONE',  ( -1.514115344220508641, 3.000000000000000444, -0.9410349672355222683 ) ) ;
#3953 = ORIENTED_EDGE ( 'NONE', *, *, #4071, .F. ) ;
#3954 = CARTESIAN_POINT ( 'NONE',  ( 0.3075791768584469899, 3.019999999999999574, -0.8500838463471690476 ) ) ;
#3955 = CARTESIAN_POINT ( 'NONE',  ( -0.2238482789045196653, 3.000000000000000000, -1.626034491164713769 ) ) ;
#3956 = PLANE ( 'NONE',  #479 ) ;
#3957 = FILL_AREA_STYLE_COLOUR ( '', #4206 ) ;
#3958 = LINE ( 'NONE', #4072, #4449 ) ;
#3959 = EDGE_CURVE ( 'NONE', #5717, #5633, #2351, .T. ) ;
#3960 = ORIENTED_EDGE ( 'NONE', *, *, #5494, .T. ) ;
#3961 = CARTESIAN_POINT ( 'NONE',  ( -1.756531509968729310, 3.020000000000000018, -1.389287256132887949 ) ) ;
#3962 = AXIS2_PLACEMENT_3D ( 'NONE', #1107, #4385, #5443 ) ;
#3963 = ORIENTED_EDGE ( 'NONE', *, *, #6170, .F. ) ;
#3964 = LINE ( 'NONE', #6160, #5606 ) ;
#3965 = B_SPLINE_CURVE_WITH_KNOTS ( 'NONE', 3,
 ( #3100, #2602, #4787, #5901, #6436 ),
 .UNSPECIFIED., .F., .F.,
 ( 4, 1, 4 ),
 ( 0.0000000000000000000, 0.5660412240200385359, 1.000000000000000000 ),
 .UNSPECIFIED. ) ;
#3966 = B_SPLINE_CURVE_WITH_KNOTS ( 'NONE', 3,
 ( #1845, #4013, #6208, #5685, #1883, #5542, #2814, #4444, #6637, #2526, #5318 ),
 .UNSPECIFIED., .F., .F.,
 ( 4, 1, 1, 1, 1, 1, 1, 1, 4 ),
 ( 0.0000000000000000000, 0.1270458709708517930, 0.2477885837762612287, 0.3662718927430975158, 0.4861082949655097796, 0.6077316964575412150, 0.7322595708502630529, 0.8614728828879455458, 1.000000000000000000 ),
 .UNSPECIFIED. ) ;
#3967 = CARTESIAN_POINT ( 'NONE',  ( 0.3982294276893040275, 3.019999999999999574, -1.127719209016205149 ) ) ;
#3968 = PLANE ( 'NONE',  #2559 ) ;
#3969 = VERTEX_POINT ( 'NONE', #6188 ) ;
#3970 = DIRECTION ( 'NONE',  ( -0.1138384583614900220, 0.0000000000000000000, 0.9934992729729998917 ) ) ;
#3971 = CARTESIAN_POINT ( 'NONE',  ( -55.74906976069122777, 0.2000000000000000111, -19.21036380780025254 ) ) ;
#3972 = CARTESIAN_POINT ( 'NONE',  ( -2.126329265024584192, 3.000000000000000444, -1.977621574351265066 ) ) ;
#3973 = EDGE_CURVE ( 'NONE', #1356, #5599, #1288, .T. ) ;
#3974 = MECHANICAL_DESIGN_GEOMETRIC_PRESENTATION_REPRESENTATION (  '', ( #5944 ), #2736 ) ;
#3975 = CARTESIAN_POINT ( 'NONE',  ( -1.717965227381488935, 3.000000000000000444, -0.9520666836456226356 ) ) ;
#3976 = STYLED_ITEM ( 'NONE', ( #141 ), #4161 ) ;
#3977 = SURFACE_SIDE_STYLE ('',( #2815 ) ) ;
#3978 = CARTESIAN_POINT ( 'NONE',  ( -55.74906976069122777, 0.0000000000000000000, -19.21036380780025254 ) ) ;
#3979 = ORIENTED_EDGE ( 'NONE', *, *, #5924, .T. ) ;
#3980 = CARTESIAN_POINT ( 'NONE',  ( -0.1463852926260599541, 2.999999999999999556, -1.261665224972226884 ) ) ;
#3981 = B_SPLINE_SURFACE_WITH_KNOTS ( 'NONE', 3, 1, ( 
 ( #4682, #3674 ),
 ( #4232, #437 ),
 ( #6975, #3702 ),
 ( #4096, #5505 ),
 ( #3734, #5394 ),
 ( #2127, #7043 ),
 ( #4333, #4890 ),
 ( #6495, #2636 ),
 ( #3838, #2746 ),
 ( #4925, #2195 ),
 ( #6029, #6000 ),
 ( #3335, #2096 ),
 ( #26, #3235 ),
 ( #7078, #4299 ),
 ( #2165, #1163 ) ),
 .UNSPECIFIED., .F., .F., .F.,
 ( 4, 1, 1, 1, 1, 1, 1, 1, 1, 1, 1, 1, 4 ),
 ( 2, 2 ),
 ( 0.0000000000000000000, 0.1277971582348373381, 0.2467952527166556165, 0.3622843155839160501, 0.4776524647273051594, 0.5362368417287138866, 0.5955904355162852104, 0.6563437591396384940, 0.7190851405078759750, 0.7843491651281224719, 0.8528755346365584078, 0.9245512555167005875, 1.000000000000000000 ),
 ( 0.0000000000000000000, 1.000000000000000000 ),
 .UNSPECIFIED. ) ;
#3982 = CARTESIAN_POINT ( 'NONE',  ( -1.717965227381488935, 3.020000000000000462, -0.9520666836456226356 ) ) ;
#3983 = CARTESIAN_POINT ( 'NONE',  ( -0.3841127569600500391, 3.000000000000002220, -1.915118964585510675 ) ) ;
#3984 = PRESENTATION_LAYER_ASSIGNMENT (  '', '', ( #239 ) ) ;
#3985 = AXIS2_PLACEMENT_3D ( 'NONE', #1111, #6515, #2077 ) ;
#3986 = LINE ( 'NONE', #1279, #4210 ) ;
#3987 = EDGE_CURVE ( 'NONE', #5446, #5773, #5116, .T. ) ;
#3988 = LINE ( 'NONE', #3002, #6416 ) ;
#3989 = COLOUR_RGB ( '',1.000000000000000000, 1.000000000000000000, 1.000000000000000000 ) ;
#3990 = CARTESIAN_POINT ( 'NONE',  ( -0.2520380731756560744, 3.020000000000000906, -1.595093122918747719 ) ) ;
#3991 = ORIENTED_EDGE ( 'NONE', *, *, #4194, .T. ) ;
#3992 = CARTESIAN_POINT ( 'NONE',  ( -1.686984323928594875, 3.020000000000001350, -1.663721632383341698 ) ) ;
#3993 = ORIENTED_EDGE ( 'NONE', *, *, #3453, .F. ) ;
#3994 = CARTESIAN_POINT ( 'NONE',  ( 3.600000000000001421, 0.0000000000000000000, 2.899999999999999911 ) ) ;
#3995 = DIRECTION ( 'NONE',  ( -0.0000000000000000000, -1.000000000000000000, -0.0000000000000000000 ) ) ;
#3996 = LINE ( 'NONE', #2316, #4198 ) ;
#3997 = CARTESIAN_POINT ( 'NONE',  ( -0.07586269809085945115, 3.000000000000001776, -1.899480994951179946 ) ) ;
#3998 = ORIENTED_EDGE ( 'NONE', *, *, #980, .T. ) ;
#3999 = CARTESIAN_POINT ( 'NONE',  ( -1.735369524005142328, 3.000000000000002665, -1.379807217455032209 ) ) ;
#4000 = VERTEX_POINT ( 'NONE', #5295 ) ;
#4001 = SURFACE_STYLE_FILL_AREA ( #1834 ) ;
#4002 = CARTESIAN_POINT ( 'NONE',  ( -2.256988067986609448, 3.000000000000000444, -1.048779485120968635 ) ) ;
#4003 = CARTESIAN_POINT ( 'NONE',  ( -3.600000000000000533, 3.000000000000000000, -3.399999999999999911 ) ) ;
#4004 = UNCERTAINTY_MEASURE_WITH_UNIT (LENGTH_MEASURE( 1.000000000000000082E-05 ), #3767, 'distance_accuracy_value', 'NONE');
#4005 = CARTESIAN_POINT ( 'NONE',  ( 0.3970405541377209357, 3.000000000000000000, -1.207301745374776525 ) ) ;
#4006 = B_SPLINE_CURVE_WITH_KNOTS ( 'NONE', 3,
 ( #6620, #5558, #2794, #4462, #6118, #765, #152, #687, #5082, #1215, #5518, #1718, #6720, #193, #2867, #2353, #4539, #6190, #1825 ),
 .UNSPECIFIED., .F., .F.,
 ( 4, 1, 1, 1, 1, 1, 1, 1, 1, 1, 1, 1, 1, 1, 1, 1, 4 ),
 ( 0.0000000000000000000, 0.08256648184309005323, 0.1597600173463221140, 0.2331545001529421179, 0.3013562791316528600, 0.3657520143271564828, 0.4264371723179329887, 0.4841852540351036516, 0.5395491542935743068, 0.5931555898196895216, 0.6470483404201382571, 0.7014463748055865810, 0.7569996743770369685, 0.8138396236591044497, 0.8730579525107790007, 0.9349625940127606061, 0.9999999999999998890 ),
 .UNSPECIFIED. ) ;
#4007 = CARTESIAN_POINT ( 'NONE',  ( 0.4003600845610983394, 2.999999999999999112, -1.086527549917051694 ) ) ;
#4008 = VERTEX_POINT ( 'NONE', #6948 ) ;
#4009 = PLANE ( 'NONE',  #2220 ) ;
#4010 = CARTESIAN_POINT ( 'NONE',  ( -1.527635341679061565, 3.000000000000001776, -1.392978393604721754 ) ) ;
#4011 = CARTESIAN_POINT ( 'NONE',  ( -0.3829216105862539021, 3.000000000000001332, -0.9109572817329495420 ) ) ;
#4012 = CARTESIAN_POINT ( 'NONE',  ( -1.890124975956994469, 2.999999999999999112, -2.063198722536307095 ) ) ;
#4013 = CARTESIAN_POINT ( 'NONE',  ( 0.4092917558352273666, 3.000000000000000000, -1.032843680903332340 ) ) ;
#4014 = CARTESIAN_POINT ( 'NONE',  ( -54.37906976069123743, 0.2000000000000000111, -16.03036380780025283 ) ) ;
#4015 = CARTESIAN_POINT ( 'NONE',  ( -0.1154764257551886553, 2.999999999999999112, -0.8518878056760208484 ) ) ;
#4016 = EDGE_CURVE ( 'NONE', #3289, #3928, #3613, .T. ) ;
#4017 = ORIENTED_EDGE ( 'NONE', *, *, #5189, .F. ) ;
#4018 = CARTESIAN_POINT ( 'NONE',  ( -0.1388805520114952952, 3.020000000000000018, -1.239604617066078385 ) ) ;
#4019 = CARTESIAN_POINT ( 'NONE',  ( -1.738905686193399802, 3.000000000000000444, -0.9393473058409254062 ) ) ;
#4020 = CARTESIAN_POINT ( 'NONE',  ( -0.3703246135651403481, 3.020000000000000018, -1.914890272204889721 ) ) ;
#4021 = PRESENTATION_LAYER_ASSIGNMENT (  '', '', ( #1749 ) ) ;
#4022 =( LENGTH_UNIT ( ) NAMED_UNIT ( * ) SI_UNIT ( .MILLI., .METRE. ) );
#4023 = CARTESIAN_POINT ( 'NONE',  ( -1.447068594431571986, 3.020000000000000462, -1.175755038520549300 ) ) ;
#4024 = CARTESIAN_POINT ( 'NONE',  ( -0.04140360328527587647, 3.020000000000000018, -1.820725840425060360 ) ) ;
#4025 = STYLED_ITEM ( 'NONE', ( #4551 ), #987 ) ;
#4026 = CARTESIAN_POINT ( 'NONE',  ( -2.253596037325287238, 3.000000000000000000, -1.734136347404691136 ) ) ;
#4027 = ADVANCED_FACE ( 'NONE', ( #1999 ), #5263, .T. ) ;
#4028 = EDGE_LOOP ( 'NONE', ( #4542, #6884, #3960, #718 ) ) ;
#4029 = CARTESIAN_POINT ( 'NONE',  ( -1.447809721626673873, 2.999999999999999112, -1.124631477816143477 ) ) ;
#4030 = EDGE_LOOP ( 'NONE', ( #6604, #6186, #3558, #4971 ) ) ;
#4031 = CARTESIAN_POINT ( 'NONE',  ( 0.2440959516002921270, 3.020000000000000018, -0.9802675701200810332 ) ) ;
#4032 = CARTESIAN_POINT ( 'NONE',  ( 3.399999999999999467, 2.160000000000000142, -2.291797999708434563 ) ) ;
#4033 = CARTESIAN_POINT ( 'NONE',  ( -0.2520380731756560744, 3.000000000000000888, -1.595093122918747719 ) ) ;
#4034 = ADVANCED_FACE ( 'NONE', ( #3080 ), #1436, .T. ) ;
#4035 = EDGE_CURVE ( 'NONE', #6327, #3606, #1502, .T. ) ;
#4036 = VECTOR ( 'NONE', #5754, 1000.000000000000000 ) ;
#4037 = CARTESIAN_POINT ( 'NONE',  ( -0.3286323501930181190, 3.000000000000000444, -0.9152627620483099191 ) ) ;
#4038 = CARTESIAN_POINT ( 'NONE',  ( -0.03101256001158438080, 3.000000000000001332, -1.736966025442937545 ) ) ;
#4039 = MECHANICAL_DESIGN_GEOMETRIC_PRESENTATION_REPRESENTATION (  '', ( #2448 ), #1429 ) ;
#4040 = ORIENTED_EDGE ( 'NONE', *, *, #6954, .F. ) ;
#4041 = LINE ( 'NONE', #1831, #5422 ) ;
#4042 = CARTESIAN_POINT ( 'NONE',  ( -0.4321701329309213802, 3.020000000000000906, -2.062787849101243243 ) ) ;
#4043 = CARTESIAN_POINT ( 'NONE',  ( -0.1986585840893331789, 3.000000000000000444, -1.769562455291811220 ) ) ;
#4044 = CARTESIAN_POINT ( 'NONE',  ( -1.830007848895457423, 3.020000000000000462, -1.545907426626785819 ) ) ;
#4045 =( LENGTH_UNIT ( ) NAMED_UNIT ( * ) SI_UNIT ( .MILLI., .METRE. ) );
#4046 = SURFACE_STYLE_FILL_AREA ( #2587 ) ;
#4047 = PLANE ( 'NONE',  #6907 ) ;
#4048 = PRESENTATION_LAYER_ASSIGNMENT (  '', '', ( #634 ) ) ;
#4049 = DIRECTION ( 'NONE',  ( 0.0000000000000000000, 1.000000000000000000, 0.0000000000000000000 ) ) ;
#4050 = CARTESIAN_POINT ( 'NONE',  ( -1.462278338488021578, 3.019999999999999130, -1.279743727460097347 ) ) ;
#4051 = CARTESIAN_POINT ( 'NONE',  ( -0.1826099314732211876, 3.000000000000000000, -1.003235697412466543 ) ) ;
#4052 = CARTESIAN_POINT ( 'NONE',  ( -1.913892451140055684, 3.019999999999999574, -2.062787849101242355 ) ) ;
#4053 = CARTESIAN_POINT ( 'NONE',  ( 0.5729652133106418743, 3.020000000000000462, -0.9114160198587855088 ) ) ;
#4054 = CARTESIAN_POINT ( 'NONE',  ( 0.5398106733401639712, 3.020000000000000018, -0.7627850499120361061 ) ) ;
#4055 = ADVANCED_FACE ( 'NONE', ( #6982 ), #2039, .T. ) ;
#4056 = PLANE ( 'NONE',  #1067 ) ;
#4057 = ORIENTED_EDGE ( 'NONE', *, *, #6786, .T. ) ;
#4058 = CARTESIAN_POINT ( 'NONE',  ( -1.761292833356258525, 3.020000000000000018, -0.9290547804331493742 ) ) ;
#4059 =( NAMED_UNIT ( * ) SI_UNIT ( $, .STERADIAN. ) SOLID_ANGLE_UNIT ( ) );
#4060 = FACE_OUTER_BOUND ( 'NONE', #927, .T. ) ;
#4061 = EDGE_CURVE ( 'NONE', #1860, #3639, #65, .T. ) ;
#4062 = CARTESIAN_POINT ( 'NONE',  ( -0.06407429407157828882, 3.000000000000001332, -1.411344646737302755 ) ) ;
#4063 = ORIENTED_EDGE ( 'NONE', *, *, #3035, .T. ) ;
#4064 = LINE ( 'NONE', #6297, #5524 ) ;
#4065 = ORIENTED_EDGE ( 'NONE', *, *, #7016, .F. ) ;
#4066 = ORIENTED_EDGE ( 'NONE', *, *, #5266, .F. ) ;
#4067 = CARTESIAN_POINT ( 'NONE',  ( -1.649223447553037403, 3.020000000000000462, -1.302550663260015895 ) ) ;
#4068 = CARTESIAN_POINT ( 'NONE',  ( 3.400000000000001243, 2.160000000000000142, 2.289999999999999147 ) ) ;
#4069 = CARTESIAN_POINT ( 'NONE',  ( 0.8250936682870266825, 3.020000000000000018, -1.717672766091256298 ) ) ;
#4070 = PLANE ( 'NONE',  #5725 ) ;
#4071 = EDGE_CURVE ( 'NONE', #6560, #3104, #4899, .T. ) ;
#4072 = CARTESIAN_POINT ( 'NONE',  ( -55.74906976069122777, 0.2000000000000000111, -16.03036380780025283 ) ) ;
#4073 = ORIENTED_EDGE ( 'NONE', *, *, #2141, .F. ) ;
#4074 = DIRECTION ( 'NONE',  ( 1.275531967630005245E-16, 0.0000000000000000000, 1.000000000000000000 ) ) ;
#4075 = FACE_OUTER_BOUND ( 'NONE', #224, .T. ) ;
#4076 =( NAMED_UNIT ( * ) SI_UNIT ( $, .STERADIAN. ) SOLID_ANGLE_UNIT ( ) );
#4077 = CARTESIAN_POINT ( 'NONE',  ( -1.903009525256652790, 3.020000000000000462, -1.535350746615560036 ) ) ;
#4078 = DIRECTION ( 'NONE',  ( -0.0000000000000000000, -1.000000000000000000, -0.0000000000000000000 ) ) ;
#4079 = UNCERTAINTY_MEASURE_WITH_UNIT (LENGTH_MEASURE( 1.000000000000000082E-05 ), #6231, 'distance_accuracy_value', 'NONE');
#4080 = CARTESIAN_POINT ( 'NONE',  ( 0.8215869112903896321, 3.020000000000000462, -1.144852744718732218 ) ) ;
#4081 = EDGE_LOOP ( 'NONE', ( #4891, #656, #3526, #3685 ) ) ;
#4082 = DIRECTION ( 'NONE',  ( -1.000000000000000000, 0.0000000000000000000, 0.0000000000000000000 ) ) ;
#4083 = CARTESIAN_POINT ( 'NONE',  ( -1.587143878271131570, 3.000000000000002220, -1.442365052313585805 ) ) ;
#4084 = CARTESIAN_POINT ( 'NONE',  ( -1.453647748717630694, 3.020000000000000462, -1.084716072172517753 ) ) ;
#4085 = CARTESIAN_POINT ( 'NONE',  ( -2.208055384847487534, 3.020000000000000462, -1.873243738275925052 ) ) ;
#4086 = B_SPLINE_SURFACE_WITH_KNOTS ( 'NONE', 3, 1, ( 
 ( #5032, #5918 ),
 ( #6925, #3662 ),
 ( #2046, #1547 ),
 ( #4744, #6959 ),
 ( #1481, #5278 ),
 ( #3122, #1043 ),
 ( #5343, #1009 ),
 ( #3182, #2083 ),
 ( #2013, #915 ),
 ( #4220, #7060 ),
 ( #4877, #6425 ),
 ( #420, #454 ),
 ( #4317, #1513 ),
 ( #2619, #5381 ),
 ( #4810, #3693 ),
 ( #3218, #4184 ),
 ( #6994, #5889 ),
 ( #5413, #2115 ),
 ( #5308, #6454 ) ),
 .UNSPECIFIED., .F., .F., .F.,
 ( 4, 1, 1, 1, 1, 1, 1, 1, 1, 1, 1, 1, 1, 1, 1, 1, 4 ),
 ( 2, 2 ),
 ( 0.0000000000000000000, 0.08256648184309033078, 0.1597600173463222251, 0.2331545001529422290, 0.3013562791316529710, 0.3657520143271565383, 0.4264371723179330442, 0.4841852540351040957, 0.5395491542935743068, 0.5931555898196895216, 0.6470483404201382571, 0.7014463748055871362, 0.7569996743770369685, 0.8138396236591044497, 0.8730579525107790007, 0.9349625940127606061, 0.9999999999999998890 ),
 ( 0.0000000000000000000, 1.000000000000000000 ),
 .UNSPECIFIED. ) ;
#4087 = CARTESIAN_POINT ( 'NONE',  ( -0.7263330666383522871, 3.019999999999999574, -1.873243738275924386 ) ) ;
#4088 = CARTESIAN_POINT ( 'NONE',  ( 0.8250936682870266825, 3.020000000000000018, -1.224794300520300805 ) ) ;
#4089 = VECTOR ( 'NONE', #6264, 1000.000000000000000 ) ;
#4090 = EDGE_LOOP ( 'NONE', ( #5482, #3918, #5785, #2591 ) ) ;
#4091 =( NAMED_UNIT ( * ) SI_UNIT ( $, .STERADIAN. ) SOLID_ANGLE_UNIT ( ) );
#4092 = CARTESIAN_POINT ( 'NONE',  ( -0.3310702372384929371, 3.000000000000002220, -1.908134922655279953 ) ) ;
#4093 = DIRECTION ( 'NONE',  ( -1.000000000000000000, -0.0000000000000000000, -0.0000000000000000000 ) ) ;
#4094 = LINE ( 'NONE', #5692, #6974 ) ;
#4095 = MECHANICAL_DESIGN_GEOMETRIC_PRESENTATION_REPRESENTATION (  '', ( #2262 ), #682 ) ;
#4096 = CARTESIAN_POINT ( 'NONE',  ( -1.951357324225850176, 3.019999999999999574, -1.904062053855921199 ) ) ;
#4097 = EDGE_LOOP ( 'NONE', ( #6128, #6869, #6346, #309, #4468, #1258, #4535, #2684, #1152, #2543, #2176, #5076 ) ) ;
#4098 = CARTESIAN_POINT ( 'NONE',  ( -0.2138767722609818678, 3.020000000000001794, -1.644306830553907695 ) ) ;
#4099 = ORIENTED_EDGE ( 'NONE', *, *, #5275, .T. ) ;
#4100 = CARTESIAN_POINT ( 'NONE',  ( 0.5398106733401639712, 3.000000000000000000, -0.7627850499120361061 ) ) ;
#4101 = VERTEX_POINT ( 'NONE', #6642 ) ;
#4102 = CARTESIAN_POINT ( 'NONE',  ( -3.600000000000000533, 2.151261177893192489, -2.290000000000000480 ) ) ;
#4103 = PRESENTATION_LAYER_ASSIGNMENT (  '', '', ( #5368 ) ) ;
#4104 = CARTESIAN_POINT ( 'NONE',  ( -0.6090886474356613789, 3.020000000000000462, -1.084993003504291842 ) ) ;
#4105 = CARTESIAN_POINT ( 'NONE',  ( -0.1956483731459326414, 3.000000000000000444, -1.731563912824466867 ) ) ;
#4106 = FACE_OUTER_BOUND ( 'NONE', #6185, .T. ) ;
#4107 = VECTOR ( 'NONE', #4873, 1000.000000000000000 ) ;
#4108 = CARTESIAN_POINT ( 'NONE',  ( -0.4600946479929796662, 3.020000000000000018, -1.536573371643473296 ) ) ;
#4109 = ORIENTED_EDGE ( 'NONE', *, *, #432, .F. ) ;
#4110 = CARTESIAN_POINT ( 'NONE',  ( -1.696496707064867326, 3.019999999999999574, -1.354462825955624616 ) ) ;
#4111 = EDGE_CURVE ( 'NONE', #6012, #544, #3844, .T. ) ;
#4112 = AXIS2_PLACEMENT_3D ( 'NONE', #1527, #5838, #5905 ) ;
#4113 = LINE ( 'NONE', #2510, #361 ) ;
#4114 = DIRECTION ( 'NONE',  ( 1.000000000000000000, -0.0000000000000000000, -0.0000000000000000000 ) ) ;
#4115 = CARTESIAN_POINT ( 'NONE',  ( -1.199926833265457349, 3.020000000000000018, -0.9438844443598192191 ) ) ;
#4116 = COLOUR_RGB ( '',0.9686274509803921573, 0.8784313725490195957, 0.5999999999999999778 ) ;
#4117 = CARTESIAN_POINT ( 'NONE',  ( -0.1683156460689147760, 3.020000000000000018, -1.023282998499520868 ) ) ;
#4118 = LINE ( 'NONE', #3661, #2564 ) ;
#4119 = VERTEX_POINT ( 'NONE', #3271 ) ;
#4120 = CARTESIAN_POINT ( 'NONE',  ( -0.5602583706561239385, 3.020000000000000018, -1.838138938650642373 ) ) ;
#4121 = CARTESIAN_POINT ( 'NONE',  ( 0.9897294814213749570, 3.000000000000000000, -1.717672766091256298 ) ) ;
#4122 = CARTESIAN_POINT ( 'NONE',  ( -1.597198743964322709, 3.019999999999998241, -0.8518878056760209594 ) ) ;
#4123 = ADVANCED_FACE ( 'NONE', ( #6502 ), #3376, .F. ) ;
#4124 = DIRECTION ( 'NONE',  ( 0.0000000000000000000, 0.0000000000000000000, -1.000000000000000000 ) ) ;
#4125 = CARTESIAN_POINT ( 'NONE',  ( -2.062879049339339410, 3.020000000000000018, -1.804004510402034800 ) ) ;
#4126 = CARTESIAN_POINT ( 'NONE',  ( 0.8112775397019797996, 2.999999999999998668, -1.079903931853200216 ) ) ;
#4127 = DIRECTION ( 'NONE',  ( 0.0000000000000000000, 0.0000000000000000000, -1.000000000000000000 ) ) ;
#4128 = ORIENTED_EDGE ( 'NONE', *, *, #5916, .T. ) ;
#4129 = CARTESIAN_POINT ( 'NONE',  ( -1.929492488472029921, 3.000000000000000000, -1.535226642933064101 ) ) ;
#4130 =( NAMED_UNIT ( * ) PLANE_ANGLE_UNIT ( ) SI_UNIT ( $, .RADIAN. ) );
#4131 = CARTESIAN_POINT ( 'NONE',  ( -0.6004579745152337500, 2.999999999999999556, -1.059539937681451827 ) ) ;
#4132 = ORIENTED_EDGE ( 'NONE', *, *, #2141, .T. ) ;
#4133 = ORIENTED_EDGE ( 'NONE', *, *, #5751, .F. ) ;
#4134 = CARTESIAN_POINT ( 'NONE',  ( -1.855538969863144150, 3.000000000000000000, -0.7631222124181720190 ) ) ;
#4135 = ORIENTED_EDGE ( 'NONE', *, *, #3895, .T. ) ;
#4136 =( NAMED_UNIT ( * ) SI_UNIT ( $, .STERADIAN. ) SOLID_ANGLE_UNIT ( ) );
#4137 = LINE ( 'NONE', #408, #3044 ) ;
#4138 =( NAMED_UNIT ( * ) SI_UNIT ( $, .STERADIAN. ) SOLID_ANGLE_UNIT ( ) );
#4139 =( GEOMETRIC_REPRESENTATION_CONTEXT ( 3 ) GLOBAL_UNCERTAINTY_ASSIGNED_CONTEXT ( ( #4356 ) ) GLOBAL_UNIT_ASSIGNED_CONTEXT ( ( #2692, #5950, #2727 ) ) REPRESENTATION_CONTEXT ( 'NONE', 'WORKASPACE' ) );
#4140 = CARTESIAN_POINT ( 'NONE',  ( -1.582595026496423696, 2.999999999999999556, -1.935775245845978487 ) ) ;
#4141 = COLOUR_RGB ( '',1.000000000000000000, 1.000000000000000000, 1.000000000000000000 ) ;
#4142 = CARTESIAN_POINT ( 'NONE',  ( -0.3705739246011776622, 3.020000000000000018, -1.405893694968084029 ) ) ;
#4143 = B_SPLINE_SURFACE_WITH_KNOTS ( 'NONE', 3, 1, ( 
 ( #919, #5455 ),
 ( #620, #6021 ),
 ( #3221, #494 ),
 ( #3724, #5955 ),
 ( #6590, #1082 ),
 ( #2656, #6554 ),
 ( #2731, #3760 ),
 ( #1551, #1046 ),
 ( #2803, #7030 ),
 ( #5416, #83 ),
 ( #7064, #1654 ),
 ( #2697, #2119 ),
 ( #3827, #4916 ),
 ( #1688, #2219 ),
 ( #4842, #558 ),
 ( #2151, #5921 ),
 ( #2769, #5526 ),
 ( #3258, #13 ),
 ( #4321, #3859 ) ),
 .UNSPECIFIED., .F., .F., .F.,
 ( 4, 1, 1, 1, 1, 1, 1, 1, 1, 1, 1, 1, 1, 1, 1, 1, 4 ),
 ( 2, 2 ),
 ( 0.0000000000000000000, 0.06350344145461814249, 0.1248046405781821078, 0.1849202801139812613, 0.2443762015685238265, 0.3037746372808737827, 0.3641325964146212013, 0.4253755063553630866, 0.4883879977208412937, 0.5517433281320240912, 0.6138598322814834418, 0.6756404471380683674, 0.7377369491926122347, 0.8004171140764982928, 0.8646584058363336878, 0.9309845230655545700, 1.000000000000000000 ),
 ( 0.0000000000000000000, 1.000000000000000000 ),
 .UNSPECIFIED. ) ;
#4144 = CARTESIAN_POINT ( 'NONE',  ( 0.5398106733401639712, 3.000000000000000000, -0.7627850499120361061 ) ) ;
#4145 = B_SPLINE_CURVE_WITH_KNOTS ( 'NONE', 3,
 ( #6682, #983, #5345, #4812, #6456, #3723, #1932, #2433, #6304, #3542, #6265, #5118, #836, #799, #3579, #341, #2468, #3009, #721 ),
 .UNSPECIFIED., .F., .F.,
 ( 4, 1, 1, 1, 1, 1, 1, 1, 1, 1, 1, 1, 1, 1, 1, 1, 4 ),
 ( 0.0000000000000000000, 0.06705099218804687344, 0.1311799203918660173, 0.1937216912651208711, 0.2544994837594227177, 0.3147627139698853660, 0.3751170680683996728, 0.4360228218750036300, 0.4982967466743270513, 0.5605706714736504725, 0.6216191234624541817, 0.6819734775609678223, 0.7428529083782502429, 0.8042715696802850145, 0.8674725557694046296, 0.9322728234051278484, 0.9999999999999998890 ),
 .UNSPECIFIED. ) ;
#4146 = FACE_OUTER_BOUND ( 'NONE', #1948, .T. ) ;
#4147 = ADVANCED_FACE ( 'NONE', ( #2270 ), #1168, .T. ) ;
#4148 = VECTOR ( 'NONE', #403, 1000.000000000000000 ) ;
#4149 = UNCERTAINTY_MEASURE_WITH_UNIT (LENGTH_MEASURE( 1.000000000000000082E-05 ), #2061, 'distance_accuracy_value', 'NONE');
#4150 = CARTESIAN_POINT ( 'NONE',  ( -0.1986593761242874123, 3.020000000000000906, -0.9842560978625056745 ) ) ;
#4151 = VERTEX_POINT ( 'NONE', #4897 ) ;
#4152 =( NAMED_UNIT ( * ) PLANE_ANGLE_UNIT ( ) SI_UNIT ( $, .RADIAN. ) );
#4153 = CARTESIAN_POINT ( 'NONE',  ( -1.447439201904787698, 2.999999999999999556, -1.195713631510698427 ) ) ;
#4154 =( GEOMETRIC_REPRESENTATION_CONTEXT ( 3 ) GLOBAL_UNCERTAINTY_ASSIGNED_CONTEXT ( ( #812 ) ) GLOBAL_UNIT_ASSIGNED_CONTEXT ( ( #6751, #4605, #5146 ) ) REPRESENTATION_CONTEXT ( 'NONE', 'WORKASPACE' ) );
#4155 = LINE ( 'NONE', #6894, #3398 ) ;
#4156 = CARTESIAN_POINT ( 'NONE',  ( 0.7142460109342885222, 2.999999999999999556, -0.9462077998457704142 ) ) ;
#4157 = ADVANCED_FACE ( 'NONE', ( #5036 ), #3078, .T. ) ;
#4158 = LINE ( 'NONE', #6934, #4455 ) ;
#4159 = AXIS2_PLACEMENT_3D ( 'NONE', #3779, #4930, #2131 ) ;
#4160 = EDGE_CURVE ( 'NONE', #5670, #4566, #2380, .T. ) ;
#4161 = ADVANCED_FACE ( 'NONE', ( #6216 ), #5775, .T. ) ;
#4162 = CARTESIAN_POINT ( 'NONE',  ( -0.1969736862174531755, 3.019999999999999574, -1.479966713092396358 ) ) ;
#4163 = VERTEX_POINT ( 'NONE', #6563 ) ;
#4164 =( LENGTH_UNIT ( ) NAMED_UNIT ( * ) SI_UNIT ( .MILLI., .METRE. ) );
#4165 = CARTESIAN_POINT ( 'NONE',  ( -0.6898192915142195014, 3.000000000000000888, -0.8892942258499478836 ) ) ;
#4166 = CARTESIAN_POINT ( 'NONE',  ( -0.3705739246011776622, 3.020000000000000018, -1.405893694968084029 ) ) ;
#4167 = PRESENTATION_STYLE_ASSIGNMENT (( #3071 ) ) ;
#4168 =( NAMED_UNIT ( * ) PLANE_ANGLE_UNIT ( ) SI_UNIT ( $, .RADIAN. ) );
#4169 = ORIENTED_EDGE ( 'NONE', *, *, #3283, .F. ) ;
#4170 = CARTESIAN_POINT ( 'NONE',  ( 0.2880753654570256672, 3.000000000000000888, -0.8734585606997788965 ) ) ;
#4171 = ORIENTED_EDGE ( 'NONE', *, *, #4813, .T. ) ;
#4172 = SURFACE_STYLE_FILL_AREA ( #1998 ) ;
#4173 = COLOUR_RGB ( '',1.000000000000000000, 1.000000000000000000, 1.000000000000000000 ) ;
#4174 = ORIENTED_EDGE ( 'NONE', *, *, #5429, .F. ) ;
#4175 = CARTESIAN_POINT ( 'NONE',  ( -1.843712683747921410, 3.000000000000000000, -1.405700797738484775 ) ) ;
#4176 = CARTESIAN_POINT ( 'NONE',  ( 0.2324047410033726890, 3.000000000000000444, -1.139132228998835705 ) ) ;
#4177 = ORIENTED_EDGE ( 'NONE', *, *, #2235, .F. ) ;
#4178 = SURFACE_SIDE_STYLE ('',( #6420 ) ) ;
#4179 = CARTESIAN_POINT ( 'NONE',  ( -0.2642622199444707443, 3.000000000000000444, -1.875621304611893692 ) ) ;
#4180 = EDGE_CURVE ( 'NONE', #6145, #6727, #3193, .T. ) ;
#4181 = CARTESIAN_POINT ( 'NONE',  ( -0.1297940478921935925, 3.020000000000000018, -1.166914522465256621 ) ) ;
#4182 = CARTESIAN_POINT ( 'NONE',  ( -0.2795705151471239436, 3.020000000000000906, -0.9290547804331498183 ) ) ;
#4183 = CARTESIAN_POINT ( 'NONE',  ( 0.8249478890009047660, 3.020000000000000018, -1.215276427817314264 ) ) ;
#4184 = CARTESIAN_POINT ( 'NONE',  ( -0.4292104581174822631, 3.000000000000001776, -0.9139284779254963631 ) ) ;
#4185 = ORIENTED_EDGE ( 'NONE', *, *, #6886, .F. ) ;
#4186 = CARTESIAN_POINT ( 'NONE',  ( -0.5811567311302046068, 3.019999999999999574, -1.804004510402034356 ) ) ;
#4187 = CARTESIAN_POINT ( 'NONE',  ( -1.455492853760782745, 3.000000000000000888, -1.252974633896040801 ) ) ;
#4188 = CARTESIAN_POINT ( 'NONE',  ( -2.270059618638720966, 3.020000000000000018, -1.124983838807602332 ) ) ;
#4189 = CARTESIAN_POINT ( 'NONE',  ( 0.7984349951365734555, 2.999999999999999556, -1.040026712436762146 ) ) ;
#4190 = VECTOR ( 'NONE', #1091, 1000.000000000000000 ) ;
#4191 = CARTESIAN_POINT ( 'NONE',  ( -1.985878436049924867, 3.020000000000000906, -1.888529696073001807 ) ) ;
#4192 = CARTESIAN_POINT ( 'NONE',  ( -0.08416361400761683542, 3.019999999999999130, -1.427546764598112805 ) ) ;
#4193 = VERTEX_POINT ( 'NONE', #6633 ) ;
#4194 = EDGE_CURVE ( 'NONE', #2613, #4952, #2776, .T. ) ;
#4195 = CARTESIAN_POINT ( 'NONE',  ( -0.4288575373794117351, 3.020000000000000462, -0.7635388514647977187 ) ) ;
#4196 = LINE ( 'NONE', #7003, #3737 ) ;
#4197 = CARTESIAN_POINT ( 'NONE',  ( -0.4899591212853738886, 2.999999999999998668, -0.9316458022749662948 ) ) ;
#4198 = VECTOR ( 'NONE', #5047, 1000.000000000000000 ) ;
#4199 = ORIENTED_EDGE ( 'NONE', *, *, #5916, .F. ) ;
#4200 = CARTESIAN_POINT ( 'NONE',  ( 0.5009321752572393205, 3.000000000000000000, -0.7639810398096320565 ) ) ;
#4201 = ORIENTED_EDGE ( 'NONE', *, *, #2197, .T. ) ;
#4202 = FACE_OUTER_BOUND ( 'NONE', #2267, .T. ) ;
#4203 = ORIENTED_EDGE ( 'NONE', *, *, #6221, .F. ) ;
#4204 = DIRECTION ( 'NONE',  ( 0.0000000000000000000, 0.0000000000000000000, 1.000000000000000000 ) ) ;
#4205 = CARTESIAN_POINT ( 'NONE',  ( -1.512734878220719281, 3.020000000000000018, -1.736966025442937545 ) ) ;
#4206 = COLOUR_RGB ( '',1.000000000000000000, 1.000000000000000000, 1.000000000000000000 ) ;
#4207 = DIRECTION ( 'NONE',  ( -1.000000000000000000, 0.0000000000000000000, -1.707404996040164018E-16 ) ) ;
#4208 = EDGE_CURVE ( 'NONE', #398, #1260, #4953, .T. ) ;
#4209 = CARTESIAN_POINT ( 'NONE',  ( 3.399999999999999911, 2.149999999999999911, -2.166582156445822888E-15 ) ) ;
#4210 = VECTOR ( 'NONE', #3947, 1000.000000000000000 ) ;
#4211 = STYLED_ITEM ( 'NONE', ( #4946 ), #4408 ) ;
#4212 = ORIENTED_EDGE ( 'NONE', *, *, #1320, .T. ) ;
#4213 = CARTESIAN_POINT ( 'NONE',  ( 0.4065585620845507675, 2.999999999999999556, -1.042665932240428139 ) ) ;
#4214 = CARTESIAN_POINT ( 'NONE',  ( 3.399999999999999467, 1.360000000000000098, -2.291797999708434563 ) ) ;
#4215 = PRESENTATION_LAYER_ASSIGNMENT (  '', '', ( #1122 ) ) ;
#4216 = SURFACE_STYLE_FILL_AREA ( #5854 ) ;
#4217 = UNCERTAINTY_MEASURE_WITH_UNIT (LENGTH_MEASURE( 1.000000000000000082E-05 ), #2791, 'distance_accuracy_value', 'NONE');
#4218 = VECTOR ( 'NONE', #6232, 1000.000000000000000 ) ;
#4219 = SURFACE_STYLE_USAGE ( .BOTH. , #1480 ) ;
#4220 = CARTESIAN_POINT ( 'NONE',  ( -0.5397472235380863514, 3.020000000000000018, -0.9648386158327396656 ) ) ;
#4221 = ORIENTED_EDGE ( 'NONE', *, *, #2723, .T. ) ;
#4222 = LINE ( 'NONE', #1515, #195 ) ;
#4223 = DIRECTION ( 'NONE',  ( 0.0000000000000000000, 1.000000000000000000, 0.0000000000000000000 ) ) ;
#4224 = CARTESIAN_POINT ( 'NONE',  ( -2.087412308012221107, 3.019999999999999574, -0.8192007842939863504 ) ) ;
#4225 = CYLINDRICAL_SURFACE ( 'NONE', #2981, 0.5000000000000000000 ) ;
#4226 = FILL_AREA_STYLE_COLOUR ( '', #487 ) ;
#4227 = CARTESIAN_POINT ( 'NONE',  ( 0.6514262304221941635, 3.000000000000000000, -0.9191859382882995311 ) ) ;
#4228 = CARTESIAN_POINT ( 'NONE',  ( -1.199926833265457349, 3.020000000000000018, -0.9438844443598192191 ) ) ;
#4229 = CARTESIAN_POINT ( 'NONE',  ( -0.3781312270005268705, 3.020000000000000462, -1.405693478223774218 ) ) ;
#4230 =( NAMED_UNIT ( * ) PLANE_ANGLE_UNIT ( ) SI_UNIT ( $, .RADIAN. ) );
#4231 = CARTESIAN_POINT ( 'NONE',  ( -2.090810965644795960, 3.000000000000002665, -1.084993003504291398 ) ) ;
#4232 = CARTESIAN_POINT ( 'NONE',  ( -1.886654082497556617, 3.020000000000000462, -1.914698500756816912 ) ) ;
#4233 = EDGE_CURVE ( 'NONE', #882, #2027, #1663, .T. ) ;
#4234 = ORIENTED_EDGE ( 'NONE', *, *, #623, .F. ) ;
#4235 = CARTESIAN_POINT ( 'NONE',  ( 0.2416655054921800772, 3.020000000000000018, -0.9914744840939667681 ) ) ;
#4236 = ORIENTED_EDGE ( 'NONE', *, *, #637, .F. ) ;
#4237 = SURFACE_STYLE_FILL_AREA ( #3171 ) ;
#4238 =( LENGTH_UNIT ( ) NAMED_UNIT ( * ) SI_UNIT ( .MILLI., .METRE. ) );
#4239 = CARTESIAN_POINT ( 'NONE',  ( -1.647408109953036659, 3.020000000000000462, -1.502186620824422114 ) ) ;
#4240 = CARTESIAN_POINT ( 'NONE',  ( -1.690689864480281468, 3.000000000000000000, -1.804228030044988440 ) ) ;
#4241 = B_SPLINE_CURVE_WITH_KNOTS ( 'NONE', 3,
 ( #2646, #7015, #6343, #3711, #1438, #5882, #6987, #343, #4140, #4733, #5268, #1538, #2074, #3148, #5334 ),
 .UNSPECIFIED., .F., .F.,
 ( 4, 1, 1, 1, 1, 1, 1, 1, 1, 1, 1, 1, 4 ),
 ( 0.0000000000000000000, 0.09205398927685827515, 0.1810079047848999201, 0.2691300759875089876, 0.3571374727068740151, 0.4435490135848204063, 0.5264334456319725852, 0.6074529357589962819, 0.6883846385144208879, 0.7678538499318543487, 0.8455305897600619014, 0.9225294439554589943, 1.000000000000000000 ),
 .UNSPECIFIED. ) ;
#4242 = DIRECTION ( 'NONE',  ( -6.195440985631453345E-16, 0.0000000000000000000, -1.000000000000000000 ) ) ;
#4243 = ADVANCED_FACE ( 'NONE', ( #5500 ), #3299, .T. ) ;
#4244 = VERTEX_POINT ( 'NONE', #3868 ) ;
#4245 = FILL_AREA_STYLE_COLOUR ( '', #3134 ) ;
#4246 = LINE ( 'NONE', #5448, #1942 ) ;
#4247 = AXIS2_PLACEMENT_3D ( 'NONE', #5934, #3041, #5227 ) ;
#4248 = CARTESIAN_POINT ( 'NONE',  ( -0.3310702372384929371, 3.020000000000000462, -1.908134922655279953 ) ) ;
#4249 = CARTESIAN_POINT ( 'NONE',  ( -3.599999999999999645, 1.351261177893192666, 2.290000000000000036 ) ) ;
#4250 = CIRCLE ( 'NONE', #42, 0.5000000000000000000 ) ;
#4251 = VECTOR ( 'NONE', #1884, 1000.000000000000114 ) ;
#4252 = VERTEX_POINT ( 'NONE', #4920 ) ;
#4253 = CARTESIAN_POINT ( 'NONE',  ( -0.7718737191161517686, 3.000000000000002665, -1.734136347404690914 ) ) ;
#4254 = CARTESIAN_POINT ( 'NONE',  ( 3.599999999999999645, 2.160000000000000142, -2.291797999708434563 ) ) ;
#4255 = COLOUR_RGB ( '',1.000000000000000000, 1.000000000000000000, 1.000000000000000000 ) ;
#4256 = VECTOR ( 'NONE', #18, 1000.000000000000000 ) ;
#4257 = LINE ( 'NONE', #3226, #1635 ) ;
#4258 = STYLED_ITEM ( 'NONE', ( #3650 ), #1746 ) ;
#4259 = CARTESIAN_POINT ( 'NONE',  ( -1.447193898028675152, 3.019999999999999130, -1.151802878258184393 ) ) ;
#4260 = CARTESIAN_POINT ( 'NONE',  ( -0.6358677689201646110, 3.020000000000000906, -0.8396064748795865063 ) ) ;
#4261 =( LENGTH_UNIT ( ) NAMED_UNIT ( * ) SI_UNIT ( .MILLI., .METRE. ) );
#4262 = SURFACE_STYLE_FILL_AREA ( #435 ) ;
#4263 = CARTESIAN_POINT ( 'NONE',  ( -2.082180292724367554, 3.000000000000001332, -1.059539937681451605 ) ) ;
#4264 = MECHANICAL_DESIGN_GEOMETRIC_PRESENTATION_REPRESENTATION (  '', ( #6567 ), #870 ) ;
#4265 = ADVANCED_FACE ( 'NONE', ( #4851 ), #53, .F. ) ;
#4266 = LINE ( 'NONE', #4369, #585 ) ;
#4267 = CARTESIAN_POINT ( 'NONE',  ( -0.5297138847073341594, 3.000000000000000888, -1.870314576606030732 ) ) ;
#4268 = DIRECTION ( 'NONE',  ( -1.000000000000000000, 0.0000000000000000000, 0.0000000000000000000 ) ) ;
#4269 = ORIENTED_EDGE ( 'NONE', *, *, #2106, .F. ) ;
#4270 = CARTESIAN_POINT ( 'NONE',  ( -0.6029934545657694711, 3.020000000000000462, -1.741259688068000910 ) ) ;
#4271 = CARTESIAN_POINT ( 'NONE',  ( -0.03101256001158438774, 3.000000000000000000, -1.736966025442937767 ) ) ;
#4272 = PRESENTATION_STYLE_ASSIGNMENT (( #1467 ) ) ;
#4273 = VECTOR ( 'NONE', #5867, 1000.000000000000000 ) ;
#4274 = CARTESIAN_POINT ( 'NONE',  ( -0.5049224012830606512, 3.020000000000000018, -0.7761373993735664056 ) ) ;
#4275 = EDGE_CURVE ( 'NONE', #2021, #2139, #2043, .T. ) ;
#4276 = PRESENTATION_STYLE_ASSIGNMENT (( #2716 ) ) ;
#4277 = CARTESIAN_POINT ( 'NONE',  ( 1.434246176884115043, 3.000000000000000000, -0.7792486312254709446 ) ) ;
#4278 = ORIENTED_EDGE ( 'NONE', *, *, #6855, .T. ) ;
#4279 =( NAMED_UNIT ( * ) PLANE_ANGLE_UNIT ( ) SI_UNIT ( $, .RADIAN. ) );
#4280 = EDGE_CURVE ( 'NONE', #898, #882, #4439, .T. ) ;
#4281 = DIRECTION ( 'NONE',  ( -1.000000000000000000, 0.0000000000000000000, 0.0000000000000000000 ) ) ;
#4282 = ADVANCED_BREP_SHAPE_REPRESENTATION ( '', ( #4289, #4922 ), #1498 ) ;
#4283 = CARTESIAN_POINT ( 'NONE',  ( -0.1986585840893331789, 3.020000000000000462, -1.769562455291811220 ) ) ;
#4284 = DIRECTION ( 'NONE',  ( -1.000000000000000000, -3.501148020787492612E-13, 0.0000000000000000000 ) ) ;
#4285 = DIRECTION ( 'NONE',  ( 0.0000000000000000000, 0.0000000000000000000, -1.000000000000000000 ) ) ;
#4286 = ORIENTED_EDGE ( 'NONE', *, *, #6612, .F. ) ;
#4287 = DIRECTION ( 'NONE',  ( -0.0000000000000000000, -1.000000000000000000, -0.0000000000000000000 ) ) ;
#4288 = CARTESIAN_POINT ( 'NONE',  ( -0.7718737191161517686, 3.020000000000000018, -1.734136347404690914 ) ) ;
#4289 = MANIFOLD_SOLID_BREP ( 'Boss-Extrude2', #2317 ) ;
#4290 = PRESENTATION_STYLE_ASSIGNMENT (( #2221 ) ) ;
#4291 = EDGE_CURVE ( 'NONE', #4685, #5359, #2992, .T. ) ;
#4292 = UNCERTAINTY_MEASURE_WITH_UNIT (LENGTH_MEASURE( 1.000000000000000082E-05 ), #412, 'distance_accuracy_value', 'NONE');
#4293 = CARTESIAN_POINT ( 'NONE',  ( -1.949427069284702441, 2.999999999999999112, -0.7687467679522782538 ) ) ;
#4294 = DIRECTION ( 'NONE',  ( 0.0000000000000000000, 0.0000000000000000000, -1.000000000000000000 ) ) ;
#4295 = FILL_AREA_STYLE ('',( #6065 ) ) ;
#4296 = DIRECTION ( 'NONE',  ( -0.0000000000000000000, -1.000000000000000000, -0.0000000000000000000 ) ) ;
#4297 = FACE_OUTER_BOUND ( 'NONE', #5286, .T. ) ;
#4298 = CARTESIAN_POINT ( 'NONE',  ( -0.6072379059818034941, 3.020000000000000018, -1.717672766091256298 ) ) ;
#4299 = CARTESIAN_POINT ( 'NONE',  ( -2.087521423310182644, 3.000000000000000444, -1.725668353927710008 ) ) ;
#4300 = CARTESIAN_POINT ( 'NONE',  ( -0.5895577476934913408, 3.000000000000000444, -1.784565123809666476 ) ) ;
#4301 = DIRECTION ( 'NONE',  ( 0.0000000000000000000, 0.0000000000000000000, -1.000000000000000000 ) ) ;
#4302 = ORIENTED_EDGE ( 'NONE', *, *, #6745, .T. ) ;
#4303 = CARTESIAN_POINT ( 'NONE',  ( -0.4398606538960616597, 3.020000000000000462, -1.534910053988282730 ) ) ;
#4304 = CARTESIAN_POINT ( 'NONE',  ( 0.03484176524215466808, 3.020000000000000018, -1.165628305175144597 ) ) ;
#4305 = CARTESIAN_POINT ( 'NONE',  ( -1.982258757923397452, 3.000000000000000000, -2.051979699773586407 ) ) ;
#4306 = CARTESIAN_POINT ( 'NONE',  ( -1.677492348997924321, 3.019999999999999574, -1.738089500630947581 ) ) ;
#4307 = FACE_OUTER_BOUND ( 'NONE', #3722, .T. ) ;
#4308 = ORIENTED_EDGE ( 'NONE', *, *, #2274, .F. ) ;
#4309 = PRESENTATION_LAYER_ASSIGNMENT (  '', '', ( #7077 ) ) ;
#4310 = ORIENTED_EDGE ( 'NONE', *, *, #3312, .F. ) ;
#4311 = DIRECTION ( 'NONE',  ( -1.000000000000000000, 0.0000000000000000000, 0.0000000000000000000 ) ) ;
#4312 =( GEOMETRIC_REPRESENTATION_CONTEXT ( 3 ) GLOBAL_UNCERTAINTY_ASSIGNED_CONTEXT ( ( #5094 ) ) GLOBAL_UNIT_ASSIGNED_CONTEXT ( ( #4238, #3741, #3644 ) ) REPRESENTATION_CONTEXT ( 'NONE', 'WORKASPACE' ) );
#4313 = FILL_AREA_STYLE ('',( #5 ) ) ;
#4314 = VECTOR ( 'NONE', #6706, 1000.000000000000000 ) ;
#4315 = ADVANCED_FACE ( 'NONE', ( #1159 ), #4671, .T. ) ;
#4316 = CARTESIAN_POINT ( 'NONE',  ( -1.647408109953036659, 3.000000000000000444, -1.502186620824422114 ) ) ;
#4317 = CARTESIAN_POINT ( 'NONE',  ( -0.4899591212853738886, 3.019999999999998685, -0.9316458022749662948 ) ) ;
#4318 = ORIENTED_EDGE ( 'NONE', *, *, #6513, .T. ) ;
#4319 = AXIS2_PLACEMENT_3D ( 'NONE', #416, #4773, #2042 ) ;
#4320 = COLOUR_RGB ( '',1.000000000000000000, 1.000000000000000000, 1.000000000000000000 ) ;
#4321 = CARTESIAN_POINT ( 'NONE',  ( -0.3888382101207695785, 3.020000000000000018, -0.7627850499120361061 ) ) ;
#4322 = EDGE_CURVE ( 'NONE', #845, #2137, #2921, .T. ) ;
#4323 = PLANE ( 'NONE',  #5781 ) ;
#4324 = CARTESIAN_POINT ( 'NONE',  ( 0.4057222058325298253, 3.019999999999999574, -1.046599961874100648 ) ) ;
#4325 = ORIENTED_EDGE ( 'NONE', *, *, #1194, .F. ) ;
#4326 = PRODUCT_RELATED_PRODUCT_CATEGORY ( 'part', '', ( #2850 ) ) ;
#4327 = CARTESIAN_POINT ( 'NONE',  ( -1.453647748717630694, 3.000000000000000888, -1.084716072172517753 ) ) ;
#4328 = DIRECTION ( 'NONE',  ( -1.000000000000000000, 0.0000000000000000000, 0.0000000000000000000 ) ) ;
#4329 = DIRECTION ( 'NONE',  ( 0.0000000000000000000, 1.000000000000000000, 0.0000000000000000000 ) ) ;
#4330 =( GEOMETRIC_REPRESENTATION_CONTEXT ( 3 ) GLOBAL_UNCERTAINTY_ASSIGNED_CONTEXT ( ( #3658 ) ) GLOBAL_UNIT_ASSIGNED_CONTEXT ( ( #579, #6082, #37 ) ) REPRESENTATION_CONTEXT ( 'NONE', 'WORKASPACE' ) );
#4331 = CARTESIAN_POINT ( 'NONE',  ( -0.2238482789045196653, 3.000000000000001776, -1.626034491164713769 ) ) ;
#4332 = CARTESIAN_POINT ( 'NONE',  ( -1.989550546529374797, 3.020000000000001350, -0.9409544661237361218 ) ) ;
#4333 = CARTESIAN_POINT ( 'NONE',  ( -2.029584464736951421, 3.020000000000000462, -1.852899892034636231 ) ) ;
#4334 = DIRECTION ( 'NONE',  ( -1.000000000000000000, -0.0000000000000000000, -0.0000000000000000000 ) ) ;
#4335 = CARTESIAN_POINT ( 'NONE',  ( -1.613352067104278031, 3.020000000000000018, -1.968232976005762636 ) ) ;
#4336 = ORIENTED_EDGE ( 'NONE', *, *, #2931, .F. ) ;
#4337 = SURFACE_STYLE_FILL_AREA ( #2168 ) ;
#4338 = PRESENTATION_STYLE_ASSIGNMENT (( #2170 ) ) ;
#4339 = CARTESIAN_POINT ( 'NONE',  ( -55.34906976069122919, 2.360000000000000320, -19.91036380780025539 ) ) ;
#4340 = CARTESIAN_POINT ( 'NONE',  ( -0.7883373004295866071, 3.020000000000000018, -1.124983838807602332 ) ) ;
#4341 = CARTESIAN_POINT ( 'NONE',  ( -0.3705739246011776622, 3.020000000000000018, -1.405893694968084029 ) ) ;
#4342 = VERTEX_POINT ( 'NONE', #4121 ) ;
#4343 = ORIENTED_EDGE ( 'NONE', *, *, #1460, .F. ) ;
#4344 = ORIENTED_EDGE ( 'NONE', *, *, #6182, .T. ) ;
#4345 = CARTESIAN_POINT ( 'NONE',  ( -55.74906976069122777, 2.560000000000000053, -15.33036380780025354 ) ) ;
#4346 = SURFACE_SIDE_STYLE ('',( #119 ) ) ;
#4347 = UNCERTAINTY_MEASURE_WITH_UNIT (LENGTH_MEASURE( 1.000000000000000082E-05 ), #6721, 'distance_accuracy_value', 'NONE');
#4348 = LINE ( 'NONE', #2081, #2088 ) ;
#4349 =( LENGTH_UNIT ( ) NAMED_UNIT ( * ) SI_UNIT ( .MILLI., .METRE. ) );
#4350 = CARTESIAN_POINT ( 'NONE',  ( 0.2594939105843244720, 3.000000000000000000, -0.9276418254978499034 ) ) ;
#4351 = ORIENTED_EDGE ( 'NONE', *, *, #3721, .F. ) ;
#4352 = LINE ( 'NONE', #6553, #5215 ) ;
#4353 = FILL_AREA_STYLE_COLOUR ( '', #4561 ) ;
#4354 = ADVANCED_FACE ( 'NONE', ( #327 ), #6390, .F. ) ;
#4355 = VECTOR ( 'NONE', #1584, 1000.000000000000000 ) ;
#4356 = UNCERTAINTY_MEASURE_WITH_UNIT (LENGTH_MEASURE( 1.000000000000000082E-05 ), #2692, 'distance_accuracy_value', 'NONE');
#4357 = LINE ( 'NONE', #5420, #6557 ) ;
#4358 =( NAMED_UNIT ( * ) PLANE_ANGLE_UNIT ( ) SI_UNIT ( $, .RADIAN. ) );
#4359 = ORIENTED_EDGE ( 'NONE', *, *, #754, .F. ) ;
#4360 = CARTESIAN_POINT ( 'NONE',  ( -1.921582972105196685, 3.000000000000000444, -1.534910053988282730 ) ) ;
#4361 = CARTESIAN_POINT ( 'NONE',  ( -0.7867567981705563263, 3.000000000000000888, -1.111914769944495118 ) ) ;
#4362 = MECHANICAL_DESIGN_GEOMETRIC_PRESENTATION_REPRESENTATION (  '', ( #3807 ), #6214 ) ;
#4363 = CARTESIAN_POINT ( 'NONE',  ( 0.02807456949150433784, 3.019999999999999130, -1.084716072172517531 ) ) ;
#4364 = PRESENTATION_LAYER_ASSIGNMENT (  '', '', ( #966 ) ) ;
#4365 =( NAMED_UNIT ( * ) SI_UNIT ( $, .STERADIAN. ) SOLID_ANGLE_UNIT ( ) );
#4366 = EDGE_CURVE ( 'NONE', #4604, #1260, #4434, .T. ) ;
#4367 = PRESENTATION_STYLE_ASSIGNMENT (( #6531 ) ) ;
#4368 = ADVANCED_FACE ( 'NONE', ( #5826 ), #4143, .T. ) ;
#4369 = CARTESIAN_POINT ( 'NONE',  ( 0.4065585620845507675, 3.020000000000000018, -1.042665932240428139 ) ) ;
#4370 = ORIENTED_EDGE ( 'NONE', *, *, #1155, .F. ) ;
#4371 = PRESENTATION_LAYER_ASSIGNMENT (  '', '', ( #4258 ) ) ;
#4372 = AXIS2_PLACEMENT_3D ( 'NONE', #3728, #1689, #7034 ) ;
#4373 = CARTESIAN_POINT ( 'NONE',  ( -1.878020588612554276, 3.020000000000000018, -2.063407973673387463 ) ) ;
#4374 = ORIENTED_EDGE ( 'NONE', *, *, #5302, .F. ) ;
#4375 = CARTESIAN_POINT ( 'NONE',  ( -0.5895577476934913408, 3.000000000000001332, -1.784565123809666476 ) ) ;
#4376 = CARTESIAN_POINT ( 'NONE',  ( -55.74906976069122777, 0.2000000000000000111, -19.21036380780025254 ) ) ;
#4377 = CARTESIAN_POINT ( 'NONE',  ( 0.03108130030042716846, 3.020000000000000462, -1.224932125661505333 ) ) ;
#4378 = CARTESIAN_POINT ( 'NONE',  ( -2.251020641774190256, 3.000000000000000444, -1.746866167604332221 ) ) ;
#4379 = COLOUR_RGB ( '',1.000000000000000000, 1.000000000000000000, 1.000000000000000000 ) ;
#4380 = DIRECTION ( 'NONE',  ( 0.9950371902099890420, 0.0000000000000000000, -0.09950371902099917898 ) ) ;
#4381 = CARTESIAN_POINT ( 'NONE',  ( -54.94906976069123061, 2.360000000000000320, -19.91036380780025539 ) ) ;
#4382 = VERTEX_POINT ( 'NONE', #1118 ) ;
#4383 = APPLICATION_PROTOCOL_DEFINITION ( 'draft international standard', 'automotive_design', 1998, #128 ) ;
#4384 = ORIENTED_EDGE ( 'NONE', *, *, #4986, .F. ) ;
#4385 = DIRECTION ( 'NONE',  ( 0.0000000000000000000, 0.0000000000000000000, -1.000000000000000000 ) ) ;
#4386 = VECTOR ( 'NONE', #216, 1000.000000000000000 ) ;
#4387 = ORIENTED_EDGE ( 'NONE', *, *, #6745, .F. ) ;
#4388 = CARTESIAN_POINT ( 'NONE',  ( 2.240961661242421687, 3.020000000000000018, -0.7792486312254709446 ) ) ;
#4389 = FACE_OUTER_BOUND ( 'NONE', #3926, .T. ) ;
#4390 = LINE ( 'NONE', #1181, #4107 ) ;
#4391 = LINE ( 'NONE', #792, #3223 ) ;
#4392 = CARTESIAN_POINT ( 'NONE',  ( -1.903009525256652790, 3.020000000000000462, -1.535350746615560036 ) ) ;
#4393 = FILL_AREA_STYLE ('',( #2323 ) ) ;
#4394 = ORIENTED_EDGE ( 'NONE', *, *, #2997, .T. ) ;
#4395 = SURFACE_SIDE_STYLE ('',( #6058 ) ) ;
#4396 = EDGE_CURVE ( 'NONE', #1499, #6687, #528, .T. ) ;
#4397 = PLANE ( 'NONE',  #4372 ) ;
#4398 = APPLICATION_CONTEXT ( 'automotive_design' ) ;
#4399 = CARTESIAN_POINT ( 'NONE',  ( -3.600000000000000533, 0.2000000000000000111, -1.590000000000000302 ) ) ;
#4400 = SURFACE_STYLE_FILL_AREA ( #4295 ) ;
#4401 = DIRECTION ( 'NONE',  ( 0.0000000000000000000, 0.0000000000000000000, 1.000000000000000000 ) ) ;
#4402 = CARTESIAN_POINT ( 'NONE',  ( -0.1838148714737567468, 3.020000000000000462, -0.8079146238642841427 ) ) ;
#4403 = CARTESIAN_POINT ( 'NONE',  ( -0.2138767722609818678, 3.020000000000001794, -1.644306830553907695 ) ) ;
#4404 = CARTESIAN_POINT ( 'NONE',  ( -1.582595026496423696, 3.019999999999999574, -1.935775245845978487 ) ) ;
#4405 = CARTESIAN_POINT ( 'NONE',  ( -0.1299849339599210007, 3.020000000000000906, -1.527427375831621914 ) ) ;
#4406 = CARTESIAN_POINT ( 'NONE',  ( -2.208055384847487534, 3.020000000000000462, -1.873243738275925052 ) ) ;
#4407 = LINE ( 'NONE', #6570, #2201 ) ;
#4408 = ADVANCED_FACE ( 'NONE', ( #1616 ), #6911, .T. ) ;
#4409 = ORIENTED_EDGE ( 'NONE', *, *, #4160, .T. ) ;
#4410 = CARTESIAN_POINT ( 'NONE',  ( -0.5602583706561239385, 3.020000000000000018, -1.838138938650642373 ) ) ;
#4411 = PRESENTATION_STYLE_ASSIGNMENT (( #1599 ) ) ;
#4412 = CARTESIAN_POINT ( 'NONE',  ( 0.8250936682870266825, 3.020000000000000018, -0.7792486312254709446 ) ) ;
#4413 = LINE ( 'NONE', #3311, #6685 ) ;
#4414 = CARTESIAN_POINT ( 'NONE',  ( -1.865835075169184121, 3.020000000000000018, -1.915118964585510231 ) ) ;
#4415 = LINE ( 'NONE', #5437, #1953 ) ;
#4416 = VECTOR ( 'NONE', #6596, 1000.000000000000000 ) ;
#4417 = VERTEX_POINT ( 'NONE', #2359 ) ;
#4418 = EDGE_CURVE ( 'NONE', #780, #3260, #3964, .T. ) ;
#4419 = MANIFOLD_SOLID_BREP ( 'Boss-Extrude3', #730 ) ;
#4420 = ORIENTED_EDGE ( 'NONE', *, *, #6855, .F. ) ;
#4421 = CARTESIAN_POINT ( 'NONE',  ( -1.872875719452105958, 3.000000000000000000, -1.915235741852474138 ) ) ;
#4422 = EDGE_CURVE ( 'NONE', #3547, #1549, #731, .T. ) ;
#4423 = COLOUR_RGB ( '',1.000000000000000000, 1.000000000000000000, 1.000000000000000000 ) ;
#4424 = DIRECTION ( 'NONE',  ( 0.0000000000000000000, 0.0000000000000000000, -1.000000000000000000 ) ) ;
#4425 =( NAMED_UNIT ( * ) SI_UNIT ( $, .STERADIAN. ) SOLID_ANGLE_UNIT ( ) );
#4426 = VECTOR ( 'NONE', #5198, 1000.000000000000000 ) ;
#4427 = EDGE_LOOP ( 'NONE', ( #2388, #4459, #1403, #3240 ) ) ;
#4428 = SURFACE_SIDE_STYLE ('',( #587 ) ) ;
#4429 = ORIENTED_EDGE ( 'NONE', *, *, #4061, .T. ) ;
#4430 = CARTESIAN_POINT ( 'NONE',  ( -0.7094564748736669202, 3.020000000000000462, -1.902743854191271122 ) ) ;
#4431 =( GEOMETRIC_REPRESENTATION_CONTEXT ( 3 ) GLOBAL_UNCERTAINTY_ASSIGNED_CONTEXT ( ( #3717 ) ) GLOBAL_UNIT_ASSIGNED_CONTEXT ( ( #3117, #5205, #2829 ) ) REPRESENTATION_CONTEXT ( 'NONE', 'WORKASPACE' ) );
#4432 = PRESENTATION_LAYER_ASSIGNMENT (  '', '', ( #5604 ) ) ;
#4433 = UNCERTAINTY_MEASURE_WITH_UNIT (LENGTH_MEASURE( 1.000000000000000082E-05 ), #2865, 'distance_accuracy_value', 'NONE');
#4434 = B_SPLINE_CURVE_WITH_KNOTS ( 'NONE', 3,
 ( #356, #3125, #1985, #1452, #3696, #6321, #3595, #5796, #424, #884, #2556, #6862, #5246, #1379, #4187, #2593, #4153, #4778, #2050 ),
 .UNSPECIFIED., .F., .F.,
 ( 4, 1, 1, 1, 1, 1, 1, 1, 1, 1, 1, 1, 1, 1, 1, 1, 4 ),
 ( 0.0000000000000000000, 0.06582824467819001213, 0.1289383166014413107, 0.1908583237191147641, 0.2511862310452442348, 0.3109740177800719430, 0.3700498785126950518, 0.4296723095349292976, 0.4895072568266738977, 0.5499752717322409223, 0.6100748076115776186, 0.6709148653422595254, 0.7329088543890386331, 0.7967107088217864064, 0.8618253836021727565, 0.9298919770519393779, 1.000000000000000000 ),
 .UNSPECIFIED. ) ;
#4435 = CARTESIAN_POINT ( 'NONE',  ( 0.5954053489924360232, 3.020000000000000462, -0.9114256439812392641 ) ) ;
#4436 = STYLED_ITEM ( 'NONE', ( #1298 ), #4419 ) ;
#4437 = VERTEX_POINT ( 'NONE', #6092 ) ;
#4438 = LINE ( 'NONE', #250, #3708 ) ;
#4439 = LINE ( 'NONE', #7038, #6619 ) ;
#4440 = DIRECTION ( 'NONE',  ( 0.0000000000000000000, -1.000000000000000000, 0.0000000000000000000 ) ) ;
#4441 = CARTESIAN_POINT ( 'NONE',  ( -0.3072501053399334658, 3.020000000000000018, -1.560743116897136185 ) ) ;
#4442 = VECTOR ( 'NONE', #777, 1000.000000000000000 ) ;
#4443 = COLOUR_RGB ( '',1.000000000000000000, 1.000000000000000000, 1.000000000000000000 ) ;
#4444 = CARTESIAN_POINT ( 'NONE',  ( 0.5206112203400161675, 2.999999999999999556, -0.9187407103010203357 ) ) ;
#4445 = CARTESIAN_POINT ( 'NONE',  ( 0.7367491345493075716, 3.000000000000000000, -0.8287507247245767816 ) ) ;
#4446 = CARTESIAN_POINT ( 'NONE',  ( -1.861265235044257560, 3.020000000000000462, -2.062864638765018910 ) ) ;
#4447 = EDGE_LOOP ( 'NONE', ( #4359, #1472, #373, #6019 ) ) ;
#4448 = SURFACE_STYLE_FILL_AREA ( #4484 ) ;
#4449 = VECTOR ( 'NONE', #5704, 1000.000000000000000 ) ;
#4450 = DIRECTION ( 'NONE',  ( 1.000000000000000000, 0.0000000000000000000, 0.0000000000000000000 ) ) ;
#4451 = CARTESIAN_POINT ( 'NONE',  ( -0.08416361400761683542, 2.999999999999999112, -1.427546764598112805 ) ) ;
#4452 = CARTESIAN_POINT ( 'NONE',  ( 0.8162002175480201904, 3.020000000000000462, -0.9190716331131640882 ) ) ;
#4453 = DIRECTION ( 'NONE',  ( 0.0000000000000000000, 0.0000000000000000000, 1.000000000000000000 ) ) ;
#4454 = EDGE_CURVE ( 'NONE', #4811, #916, #6255, .T. ) ;
#4455 = VECTOR ( 'NONE', #4641, 1000.000000000000000 ) ;
#4456 = CARTESIAN_POINT ( 'NONE',  ( 0.02622946444835236313, 3.000000000000000000, -1.252974633896040801 ) ) ;
#4457 = ORIENTED_EDGE ( 'NONE', *, *, #5130, .F. ) ;
#4458 = APPLICATION_PROTOCOL_DEFINITION ( 'draft international standard', 'automotive_design', 1998, #32 ) ;
#4459 = ORIENTED_EDGE ( 'NONE', *, *, #4906, .F. ) ;
#4460 = VERTEX_POINT ( 'NONE', #3016 ) ;
#4461 = CARTESIAN_POINT ( 'NONE',  ( -1.719087608802553957, 3.020000000000001350, -1.849998970191792935 ) ) ;
#4462 = CARTESIAN_POINT ( 'NONE',  ( -2.090810965644795960, 3.000000000000000444, -1.084993003504291398 ) ) ;
#4463 = CARTESIAN_POINT ( 'NONE',  ( -0.1302797678605847054, 2.999999999999999556, -1.140488522024077467 ) ) ;
#4464 = EDGE_CURVE ( 'NONE', #4252, #2802, #1908, .T. ) ;
#4465 = CARTESIAN_POINT ( 'NONE',  ( 0.0000000000000000000, 3.000000000000000000, 0.0000000000000000000 ) ) ;
#4466 = ADVANCED_FACE ( 'NONE', ( #6953 ), #6887, .F. ) ;
#4467 = EDGE_CURVE ( 'NONE', #3694, #2208, #2007, .T. ) ;
#4468 = ORIENTED_EDGE ( 'NONE', *, *, #2632, .F. ) ;
#4469 = CARTESIAN_POINT ( 'NONE',  ( 0.3913860562521925268, 3.000000000000000444, -0.7936815248060263839 ) ) ;
#4470 = ORIENTED_EDGE ( 'NONE', *, *, #1283, .T. ) ;
#4471 = SURFACE_SIDE_STYLE ('',( #4001 ) ) ;
#4472 = LINE ( 'NONE', #1226, #2672 ) ;
#4473 = CARTESIAN_POINT ( 'NONE',  ( 0.3982294276893040275, 2.999999999999999556, -1.127719209016205149 ) ) ;
#4474 = EDGE_LOOP ( 'NONE', ( #1327, #6846, #4934, #1450 ) ) ;
#4475 = DIRECTION ( 'NONE',  ( -0.9934992729729998917, 0.0000000000000000000, -0.1138384583614900220 ) ) ;
#4476 = CARTESIAN_POINT ( 'NONE',  ( -1.678696004426587951, 3.019999999999999574, -1.479966713092396136 ) ) ;
#4477 = CARTESIAN_POINT ( 'NONE',  ( -1.948795384435676237, 3.020000000000000018, -2.058426746749671743 ) ) ;
#4478 = VECTOR ( 'NONE', #6406, 1000.000000000000114 ) ;
#4479 = MANIFOLD_SOLID_BREP ( 'Boss-Extrude3', #6904 ) ;
#4480 = LINE ( 'NONE', #2298, #4581 ) ;
#4481 = SURFACE_STYLE_FILL_AREA ( #2923 ) ;
#4482 = DIRECTION ( 'NONE',  ( -0.0000000000000000000, -1.000000000000000000, -0.0000000000000000000 ) ) ;
#4483 = ORIENTED_EDGE ( 'NONE', *, *, #5266, .T. ) ;
#4484 = FILL_AREA_STYLE ('',( #2966 ) ) ;
#4485 =( GEOMETRIC_REPRESENTATION_CONTEXT ( 3 ) GLOBAL_UNCERTAINTY_ASSIGNED_CONTEXT ( ( #5458 ) ) GLOBAL_UNIT_ASSIGNED_CONTEXT ( ( #247, #2329, #6127 ) ) REPRESENTATION_CONTEXT ( 'NONE', 'WORKASPACE' ) );
#4486 = CARTESIAN_POINT ( 'NONE',  ( -1.761292833356258525, 3.000000000000000444, -0.9290547804331493742 ) ) ;
#4487 = CARTESIAN_POINT ( 'NONE',  ( -0.2642622199444707443, 3.020000000000000462, -1.875621304611893692 ) ) ;
#4488 = LINE ( 'NONE', #1278, #5903 ) ;
#4489 = B_SPLINE_CURVE_WITH_KNOTS ( 'NONE', 3,
 ( #1123, #22, #4886, #4360, #6561 ),
 .UNSPECIFIED., .F., .F.,
 ( 4, 1, 4 ),
 ( 0.0000000000000000000, 0.5660412240200385359, 1.000000000000000000 ),
 .UNSPECIFIED. ) ;
#4490 = ADVANCED_FACE ( 'NONE', ( #4075 ), #6271, .F. ) ;
#4491 = CARTESIAN_POINT ( 'NONE',  ( -1.634691518408449840, 3.020000000000000018, -1.465957174887511094 ) ) ;
#4492 = PRESENTATION_LAYER_ASSIGNMENT (  '', '', ( #2905 ) ) ;
#4493 = CARTESIAN_POINT ( 'NONE',  ( 0.01000130505303315973, 3.000000000000000888, -1.305032025826435182 ) ) ;
#4494 = ORIENTED_EDGE ( 'NONE', *, *, #1063, .F. ) ;
#4495 = CARTESIAN_POINT ( 'NONE',  ( -1.476391370369928735, 2.999999999999999112, -1.009768632962657620 ) ) ;
#4496 = ORIENTED_EDGE ( 'NONE', *, *, #583, .T. ) ;
#4497 = CARTESIAN_POINT ( 'NONE',  ( 0.9897294814213749570, 3.000000000000000000, -0.7792486312254709446 ) ) ;
#4498 = PRESENTATION_LAYER_ASSIGNMENT (  '', '', ( #2448 ) ) ;
#4499 = CARTESIAN_POINT ( 'NONE',  ( -3.399999999999999911, 0.2000000000000000111, 1.589999999999999858 ) ) ;
#4500 = CARTESIAN_POINT ( 'NONE',  ( -1.611707252169055193, 3.000000000000000444, -1.527427375831621914 ) ) ;
#4501 = PRODUCT_DEFINITION_SHAPE ( 'NONE', 'NONE',  #5969 ) ;
#4502 = LINE ( 'NONE', #5665, #5365 ) ;
#4503 = APPLICATION_CONTEXT ( 'automotive_design' ) ;
#4504 = VERTEX_POINT ( 'NONE', #4214 ) ;
#4505 = DIRECTION ( 'NONE',  ( -3.188829919075012867E-16, -0.0000000000000000000, -1.000000000000000000 ) ) ;
#4506 = EDGE_CURVE ( 'NONE', #6812, #4811, #3550, .T. ) ;
#4507 = ORIENTED_EDGE ( 'NONE', *, *, #947, .T. ) ;
#4508 = CARTESIAN_POINT ( 'NONE',  ( -0.3962982704034199166, 3.000000000000002665, -2.063407973673387463 ) ) ;
#4509 =( LENGTH_UNIT ( ) NAMED_UNIT ( * ) SI_UNIT ( .MILLI., .METRE. ) );
#4510 = DIRECTION ( 'NONE',  ( 1.000000000000000000, 0.0000000000000000000, 0.0000000000000000000 ) ) ;
#4511 = UNCERTAINTY_MEASURE_WITH_UNIT (LENGTH_MEASURE( 1.000000000000000082E-05 ), #275, 'distance_accuracy_value', 'NONE');
#4512 = CARTESIAN_POINT ( 'NONE',  ( 0.3973235309365747425, 3.019999999999999574, -1.178833930040721789 ) ) ;
#4513 = B_SPLINE_CURVE_WITH_KNOTS ( 'NONE', 3,
 ( #242, #4077, #1336, #4044, #2911, #5711, #5676, #3552, #5206, #284, #810, #5504, #1697, #3871, #6773 ),
 .UNSPECIFIED., .F., .F.,
 ( 4, 1, 1, 1, 1, 1, 1, 1, 1, 1, 1, 1, 4 ),
 ( 0.0000000000000000000, 0.1297890756576318971, 0.2546053700922403240, 0.3784354924817366350, 0.5029195826750438858, 0.5650179669759702872, 0.6248477746307946612, 0.6834480871906740695, 0.7427645197557700696, 0.8027569578129467587, 0.8652203742489509297, 0.9307788121001255854, 0.9999999999999998890 ),
 .UNSPECIFIED. ) ;
#4514 = PRESENTATION_STYLE_ASSIGNMENT (( #5056 ) ) ;
#4515 = ORIENTED_EDGE ( 'NONE', *, *, #6003, .F. ) ;
#4516 =( LENGTH_UNIT ( ) NAMED_UNIT ( * ) SI_UNIT ( .MILLI., .METRE. ) );
#4517 = CARTESIAN_POINT ( 'NONE',  ( -1.495626971654620441, 3.020000000000000018, -1.351925302067295664 ) ) ;
#4518 = CARTESIAN_POINT ( 'NONE',  ( -0.1297940478921935925, 3.020000000000000018, -1.166914522465256621 ) ) ;
#4519 = EDGE_CURVE ( 'NONE', #6295, #3703, #4113, .T. ) ;
#4520 = CARTESIAN_POINT ( 'NONE',  ( -1.982258757923397452, 3.020000000000000018, -2.051979699773586407 ) ) ;
#4521 = PLANE ( 'NONE',  #6306 ) ;
#4522 = DIRECTION ( 'NONE',  ( 0.0000000000000000000, 0.0000000000000000000, -1.000000000000000000 ) ) ;
#4523 = CARTESIAN_POINT ( 'NONE',  ( -0.08491907478694998845, 3.000000000000000888, -0.8793496920310616138 ) ) ;
#4524 = ORIENTED_EDGE ( 'NONE', *, *, #2264, .F. ) ;
#4525 = CARTESIAN_POINT ( 'NONE',  ( -0.1463852926260599541, 3.020000000000000018, -1.261665224972226884 ) ) ;
#4526 = LINE ( 'NONE', #3448, #414 ) ;
#4527 = CARTESIAN_POINT ( 'NONE',  ( -0.2030423927851601473, 3.020000000000000462, -1.787291463098428235 ) ) ;
#4528 = DIRECTION ( 'NONE',  ( 0.0000000000000000000, 0.0000000000000000000, -1.000000000000000000 ) ) ;
#4529 = CARTESIAN_POINT ( 'NONE',  ( -1.812792555447627851, 3.000000000000000888, -1.908134922655280175 ) ) ;
#4530 = CARTESIAN_POINT ( 'NONE',  ( -0.1316297488951431449, 3.019999999999999574, -1.968232976005763080 ) ) ;
#4531 = CARTESIAN_POINT ( 'NONE',  ( -0.3911534012429715435, 3.020000000000000018, -1.915235741852474138 ) ) ;
#4532 = VERTEX_POINT ( 'NONE', #4142 ) ;
#4533 = DIRECTION ( 'NONE',  ( -1.000000000000000000, 0.0000000000000000000, 0.0000000000000000000 ) ) ;
#4534 = B_SPLINE_CURVE_WITH_KNOTS ( 'NONE', 3,
 ( #5757, #390, #5894, #4084, #885, #1951, #3160, #1487, #985, #328, #4122, #2557, #2523, #2017, #6929, #5213, #3062, #2483, #6322 ),
 .UNSPECIFIED., .F., .F.,
 ( 4, 1, 1, 1, 1, 1, 1, 1, 1, 1, 1, 1, 1, 1, 1, 1, 4 ),
 ( 0.0000000000000000000, 0.06350344145461818413, 0.1248046405781821633, 0.1849202801139813446, 0.2443762015685237987, 0.3037746372808736162, 0.3641325964146212568, 0.4253755063553633087, 0.4883879977208413492, 0.5517433281320244243, 0.6138598322814835528, 0.6756404471380687005, 0.7377369491926125677, 0.8004171140764986259, 0.8646584058363333547, 0.9309845230655547921, 1.000000000000000000 ),
 .UNSPECIFIED. ) ;
#4535 = ORIENTED_EDGE ( 'NONE', *, *, #3726, .F. ) ;
#4536 = DIRECTION ( 'NONE',  ( 0.0000000000000000000, -1.000000000000000000, 0.0000000000000000000 ) ) ;
#4537 = CARTESIAN_POINT ( 'NONE',  ( 2.059862266794638241, 3.020000000000000018, -2.063407973673387463 ) ) ;
#4538 = FILL_AREA_STYLE ('',( #5778 ) ) ;
#4539 = CARTESIAN_POINT ( 'NONE',  ( -1.888204126167126962, 2.999999999999999556, -0.9113187227711539995 ) ) ;
#4540 = VECTOR ( 'NONE', #1557, 1000.000000000000000 ) ;
#4541 = CARTESIAN_POINT ( 'NONE',  ( -0.05605827846798371733, 3.000000000000000888, -1.860838463836622880 ) ) ;
#4542 = ORIENTED_EDGE ( 'NONE', *, *, #1808, .F. ) ;
#4543 = CARTESIAN_POINT ( 'NONE',  ( -1.615189128100763982, 3.000000000000001776, -1.216440128398399656 ) ) ;
#4544 = ORIENTED_EDGE ( 'NONE', *, *, #5438, .F. ) ;
#4545 = CARTESIAN_POINT ( 'NONE',  ( -0.6899881018327639337, 3.020000000000000906, -1.929905493478005774 ) ) ;
#4546 = CARTESIAN_POINT ( 'NONE',  ( -2.214416423789735688, 3.000000000000000000, -0.9475634840590850816 ) ) ;
#4547 = CARTESIAN_POINT ( 'NONE',  ( -1.557585016299994018, 3.000000000000001332, -1.899480994951179502 ) ) ;
#4548 = CARTESIAN_POINT ( 'NONE',  ( -0.3962982704034199166, 3.020000000000000018, -2.063407973673387463 ) ) ;
#4549 = VECTOR ( 'NONE', #763, 1000.000000000000000 ) ;
#4550 = ADVANCED_FACE ( 'NONE', ( #6348 ), #4870, .T. ) ;
#4551 = PRESENTATION_STYLE_ASSIGNMENT (( #1876 ) ) ;
#4552 = VERTEX_POINT ( 'NONE', #3213 ) ;
#4553 = PRESENTATION_LAYER_ASSIGNMENT (  '', '', ( #1816 ) ) ;
#4554 = LINE ( 'NONE', #6129, #5320 ) ;
#4555 = MECHANICAL_DESIGN_GEOMETRIC_PRESENTATION_REPRESENTATION (  '', ( #3976 ), #5256 ) ;
#4556 = CARTESIAN_POINT ( 'NONE',  ( -1.446880552966979705, 3.020000000000000018, -1.165628305175144597 ) ) ;
#4557 = CARTESIAN_POINT ( 'NONE',  ( -1.686984323928594875, 3.000000000000001332, -1.663721632383341698 ) ) ;
#4558 = ADVANCED_FACE ( 'NONE', ( #6990 ), #4835, .F. ) ;
#4559 = COLOUR_RGB ( '',1.000000000000000000, 1.000000000000000000, 1.000000000000000000 ) ;
#4560 = CARTESIAN_POINT ( 'NONE',  ( -1.784999128282048764, 3.000000000000000444, -0.9206333661622516651 ) ) ;
#4561 = COLOUR_RGB ( '',1.000000000000000000, 1.000000000000000000, 1.000000000000000000 ) ;
#4562 = CARTESIAN_POINT ( 'NONE',  ( 0.7989687984520181807, 3.000000000000000888, -0.8929262724843423094 ) ) ;
#4563 = ADVANCED_FACE ( 'NONE', ( #5371 ), #1074, .F. ) ;
#4564 = EDGE_CURVE ( 'NONE', #6258, #1246, #4246, .T. ) ;
#4565 = CARTESIAN_POINT ( 'NONE',  ( -2.270059618638720966, 3.020000000000000018, -1.124983838807602332 ) ) ;
#4566 = VERTEX_POINT ( 'NONE', #448 ) ;
#4567 = CARTESIAN_POINT ( 'NONE',  ( -0.1303643396706524182, 3.019999999999999574, -1.192037697719342315 ) ) ;
#4568 = CARTESIAN_POINT ( 'NONE',  ( -1.698328120919500694, 3.000000000000000444, -0.9670024162672201662 ) ) ;
#4569 = CARTESIAN_POINT ( 'NONE',  ( 0.2416655054921800772, 3.020000000000000018, -0.9914744840939667681 ) ) ;
#4570 = PRESENTATION_STYLE_ASSIGNMENT (( #5652 ) ) ;
#4571 = CARTESIAN_POINT ( 'NONE',  ( -1.545796612280712967, 3.020000000000000906, -1.411344646737302755 ) ) ;
#4572 = CARTESIAN_POINT ( 'NONE',  ( -0.6237014872952384437, 3.020000000000000018, -1.141447420121037171 ) ) ;
#4573 = VECTOR ( 'NONE', #6220, 1000.000000000000000 ) ;
#4574 = CARTESIAN_POINT ( 'NONE',  ( -1.948621269346981100, 3.000000000000000000, -1.391108073370061371 ) ) ;
#4575 = EDGE_LOOP ( 'NONE', ( #4073, #1238, #3998, #6004 ) ) ;
#4576 = CARTESIAN_POINT ( 'NONE',  ( -1.446880552966979705, 2.999999999999999556, -1.165628305175144597 ) ) ;
#4577 = VERTEX_POINT ( 'NONE', #1039 ) ;
#4578 = CARTESIAN_POINT ( 'NONE',  ( -1.611709265528993962, 3.020000000000000018, -1.175412358679482461 ) ) ;
#4579 = FACE_OUTER_BOUND ( 'NONE', #1184, .T. ) ;
#4580 = SURFACE_STYLE_USAGE ( .BOTH. , #2393 ) ;
#4581 = VECTOR ( 'NONE', #6174, 1000.000000000000000 ) ;
#4582 = CARTESIAN_POINT ( 'NONE',  ( -0.1683156460689147760, 3.000000000000000000, -1.023282998499520868 ) ) ;
#4583 = SURFACE_STYLE_FILL_AREA ( #2980 ) ;
#4584 = AXIS2_PLACEMENT_3D ( 'NONE', #143, #712, #5620 ) ;
#4585 = ORIENTED_EDGE ( 'NONE', *, *, #1381, .F. ) ;
#4586 = CARTESIAN_POINT ( 'NONE',  ( -1.611709265528993962, 3.000000000000001332, -1.175412358679482461 ) ) ;
#4587 = ORIENTED_EDGE ( 'NONE', *, *, #6233, .F. ) ;
#4588 = CARTESIAN_POINT ( 'NONE',  ( -0.7414029708458986789, 3.000000000000002665, -1.841755062513200203 ) ) ;
#4589 = PLANE ( 'NONE',  #6616 ) ;
#4590 = B_SPLINE_CURVE_WITH_KNOTS ( 'NONE', 3,
 ( #1853, #1350, #3490, #3529, #6291, #3571, #5768 ),
 .UNSPECIFIED., .F., .F.,
 ( 4, 1, 1, 1, 4 ),
 ( 0.0000000000000000000, 0.1827258013779606283, 0.4092837859163755421, 0.6821927053231796600, 1.000000000000000000 ),
 .UNSPECIFIED. ) ;
#4591 = ADVANCED_FACE ( 'NONE', ( #2142 ), #5914, .T. ) ;
#4592 = CARTESIAN_POINT ( 'NONE',  ( -1.888204126167126962, 3.000000000000001776, -0.9113187227711539995 ) ) ;
#4593 = SURFACE_STYLE_USAGE ( .BOTH. , #5791 ) ;
#4594 = UNCERTAINTY_MEASURE_WITH_UNIT (LENGTH_MEASURE( 1.000000000000000082E-05 ), #465, 'distance_accuracy_value', 'NONE');
#4595 = DIRECTION ( 'NONE',  ( 1.000000000000000000, -0.0000000000000000000, -3.188829919075012374E-16 ) ) ;
#4596 = ORIENTED_EDGE ( 'NONE', *, *, #20, .T. ) ;
#4597 = DIRECTION ( 'NONE',  ( 0.0000000000000000000, 0.0000000000000000000, 1.000000000000000000 ) ) ;
#4598 = EDGE_CURVE ( 'NONE', #6943, #2463, #1542, .T. ) ;
#4599 = CARTESIAN_POINT ( 'NONE',  ( -0.1391808996543904553, 3.019999999999999574, -1.090317141010583191 ) ) ;
#4600 = LINE ( 'NONE', #6665, #6413 ) ;
#4601 = CARTESIAN_POINT ( 'NONE',  ( -1.620903217863525203, 3.000000000000000000, -1.090317141010583413 ) ) ;
#4602 = CARTESIAN_POINT ( 'NONE',  ( 0.8250936682870266825, 3.020000000000000018, -0.9325657322068328092 ) ) ;
#4603 = FACE_OUTER_BOUND ( 'NONE', #6009, .T. ) ;
#4604 = VERTEX_POINT ( 'NONE', #2212 ) ;
#4605 =( NAMED_UNIT ( * ) PLANE_ANGLE_UNIT ( ) SI_UNIT ( $, .RADIAN. ) );
#4606 = B_SPLINE_CURVE_WITH_KNOTS ( 'NONE', 3,
 ( #2816, #3907, #1740, #5431, #4991, #3841, #638, #6497, #1058, #2198, #6535, #6031, #28, #2129, #7080, #1595, #5972, #506, #2710 ),
 .UNSPECIFIED., .F., .F.,
 ( 4, 1, 1, 1, 1, 1, 1, 1, 1, 1, 1, 1, 1, 1, 1, 1, 4 ),
 ( 0.0000000000000000000, 0.06779439940133707987, 0.1334641369291914015, 0.1969337335573701220, 0.2584806216111270039, 0.3197865376803736837, 0.3804313677831001606, 0.4409901724489913022, 0.5028674288973122852, 0.5648063393097807472, 0.6255263416925381792, 0.6856036068581816689, 0.7460408460006122677, 0.8073467620698590030, 0.8697170363588135888, 0.9337895409055554374, 1.000000000000000000 ),
 .UNSPECIFIED. ) ;
#4607 = CARTESIAN_POINT ( 'NONE',  ( -55.34906976069122919, 1.560000000000000275, -19.21036380780025254 ) ) ;
#4608 = ADVANCED_FACE ( 'NONE', ( #4389 ), #6585, .F. ) ;
#4609 = CARTESIAN_POINT ( 'NONE',  ( -0.2503532462710357231, 3.020000000000000018, -1.863214182657017437 ) ) ;
#4610 = VECTOR ( 'NONE', #2461, 1000.000000000000000 ) ;
#4611 = DIRECTION ( 'NONE',  ( -0.0000000000000000000, -1.000000000000000000, -0.0000000000000000000 ) ) ;
#4612 = PLANE ( 'NONE',  #3295 ) ;
#4613 = CARTESIAN_POINT ( 'NONE',  ( -0.04591302346992675448, 3.000000000000000000, -1.392978393604722420 ) ) ;
#4614 = CARTESIAN_POINT ( 'NONE',  ( -55.34906976069122919, 2.360000000000000320, -19.91036380780025539 ) ) ;
#4615 = VERTEX_POINT ( 'NONE', #6047 ) ;
#4616 = CARTESIAN_POINT ( 'NONE',  ( 0.3970405541377209357, 3.000000000000000000, -1.207301745374776525 ) ) ;
#4617 = ORIENTED_EDGE ( 'NONE', *, *, #725, .F. ) ;
#4618 = CARTESIAN_POINT ( 'NONE',  ( -1.615189128100763982, 3.020000000000000462, -1.216440128398399656 ) ) ;
#4619 = LINE ( 'NONE', #3424, #3285 ) ;
#4620 = SURFACE_STYLE_USAGE ( .BOTH. , #3500 ) ;
#4621 = PRESENTATION_STYLE_ASSIGNMENT (( #5902 ) ) ;
#4622 = VECTOR ( 'NONE', #5451, 1000.000000000000000 ) ;
#4623 = DIRECTION ( 'NONE',  ( -0.0000000000000000000, -1.000000000000000000, -0.0000000000000000000 ) ) ;
#4624 = CARTESIAN_POINT ( 'NONE',  ( 0.2416655054921800772, 3.020000000000000018, -0.9914744840939667681 ) ) ;
#4625 =( NAMED_UNIT ( * ) SI_UNIT ( $, .STERADIAN. ) SOLID_ANGLE_UNIT ( ) );
#4626 = MECHANICAL_DESIGN_GEOMETRIC_PRESENTATION_REPRESENTATION (  '', ( #1647 ), #2567 ) ;
#4627 = ORIENTED_EDGE ( 'NONE', *, *, #3726, .T. ) ;
#4628 = CARTESIAN_POINT ( 'NONE',  ( -1.649223447553037403, 3.020000000000000462, -1.302550663260015895 ) ) ;
#4629 = CARTESIAN_POINT ( 'NONE',  ( -0.1957700307887894342, 3.000000000000000000, -1.738089500630947359 ) ) ;
#4630 = VECTOR ( 'NONE', #112, 1000.000000000000000 ) ;
#4631 =( NAMED_UNIT ( * ) SI_UNIT ( $, .STERADIAN. ) SOLID_ANGLE_UNIT ( ) );
#4632 = CARTESIAN_POINT ( 'NONE',  ( 0.4057222058325298253, 2.999999999999999556, -1.046599961874100648 ) ) ;
#4633 = CARTESIAN_POINT ( 'NONE',  ( -1.514381320317141677, 3.000000000000000000, -1.697311913310611819 ) ) ;
#4634 =( GEOMETRIC_REPRESENTATION_CONTEXT ( 3 ) GLOBAL_UNCERTAINTY_ASSIGNED_CONTEXT ( ( #3224 ) ) GLOBAL_UNIT_ASSIGNED_CONTEXT ( ( #4516, #1801, #1734 ) ) REPRESENTATION_CONTEXT ( 'NONE', 'WORKASPACE' ) );
#4635 = EDGE_CURVE ( 'NONE', #2831, #1968, #1145, .T. ) ;
#4636 = EDGE_LOOP ( 'NONE', ( #6287, #6703, #5112, #6521 ) ) ;
#4637 = CARTESIAN_POINT ( 'NONE',  ( 3.599999999999999645, 3.000000000000000000, -3.400000000000000355 ) ) ;
#4638 = CARTESIAN_POINT ( 'NONE',  ( -0.1683156460689147760, 3.000000000000001332, -1.023282998499520868 ) ) ;
#4639 = CARTESIAN_POINT ( 'NONE',  ( -1.941816966202114303, 3.020000000000000018, -1.536573371643473296 ) ) ;
#4640 = STYLED_ITEM ( 'NONE', ( #6892 ), #2642 ) ;
#4641 = DIRECTION ( 'NONE',  ( -0.0000000000000000000, -1.000000000000000000, -0.0000000000000000000 ) ) ;
#4642 = SURFACE_STYLE_FILL_AREA ( #2452 ) ;
#4643 = ORIENTED_EDGE ( 'NONE', *, *, #4936, .F. ) ;
#4644 = CARTESIAN_POINT ( 'NONE',  ( -1.664332249682355380, 3.000000000000000888, -1.003235697412466543 ) ) ;
#4645 = CARTESIAN_POINT ( 'NONE',  ( -0.3911534012429715435, 3.000000000000001776, -1.915235741852474138 ) ) ;
#4646 = CARTESIAN_POINT ( 'NONE',  ( -0.3909031632673231615, 3.000000000000000444, -0.9110797281047694485 ) ) ;
#4647 =( NAMED_UNIT ( * ) SI_UNIT ( $, .STERADIAN. ) SOLID_ANGLE_UNIT ( ) );
#4648 = EDGE_CURVE ( 'NONE', #2563, #4604, #5566, .T. ) ;
#4649 = CARTESIAN_POINT ( 'NONE',  ( -0.3482855306863225642, 3.020000000000000462, -1.545907426626785819 ) ) ;
#4650 = ORIENTED_EDGE ( 'NONE', *, *, #5562, .F. ) ;
#4651 = CARTESIAN_POINT ( 'NONE',  ( -0.3911534012429715435, 3.020000000000000018, -1.915235741852474138 ) ) ;
#4652 = CARTESIAN_POINT ( 'NONE',  ( -55.34906976069122919, 2.360000000000000320, -15.33036380780025354 ) ) ;
#4653 = CARTESIAN_POINT ( 'NONE',  ( -0.6172599339506315008, 3.020000000000000018, -1.112414269029738279 ) ) ;
#4654 = CARTESIAN_POINT ( 'NONE',  ( -0.4364282498549171829, 3.000000000000000444, -1.534772667437316329 ) ) ;
#4655 = DIRECTION ( 'NONE',  ( 0.0000000000000000000, 0.0000000000000000000, 1.000000000000000000 ) ) ;
#4656 = CARTESIAN_POINT ( 'NONE',  ( -0.03264721491507743129, 3.000000000000001332, -1.779189300928328832 ) ) ;
#4657 = EDGE_CURVE ( 'NONE', #6750, #4119, #6651, .T. ) ;
#4658 = ADVANCED_FACE ( 'NONE', ( #4976 ), #1789, .F. ) ;
#4659 = EDGE_LOOP ( 'NONE', ( #5220, #6799, #1133, #226 ) ) ;
#4660 = CARTESIAN_POINT ( 'NONE',  ( -0.4770727162224594475, 3.020000000000000018, -1.388401139822559527 ) ) ;
#4661 = CARTESIAN_POINT ( 'NONE',  ( -1.708085198718334530, 2.999999999999999112, -1.835437900399442324 ) ) ;
#4662 = CARTESIAN_POINT ( 'NONE',  ( -1.779928146876207373, 3.020000000000000018, -2.053311126813548881 ) ) ;
#4663 = CARTESIAN_POINT ( 'NONE',  ( -3.599999999999999645, 3.000000000000000000, 3.399999999999999911 ) ) ;
#4664 = VECTOR ( 'NONE', #4093, 1000.000000000000000 ) ;
#4665 = PLANE ( 'NONE',  #2658 ) ;
#4666 = CARTESIAN_POINT ( 'NONE',  ( 3.600000000000000977, 2.160000000000000142, 1.589999999999999414 ) ) ;
#4667 = ORIENTED_EDGE ( 'NONE', *, *, #1586, .F. ) ;
#4668 = FACE_OUTER_BOUND ( 'NONE', #3602, .T. ) ;
#4669 = LINE ( 'NONE', #5314, #1237 ) ;
#4670 = CARTESIAN_POINT ( 'NONE',  ( 0.8155748824734234681, 2.999999999999999112, -1.099760146781523007 ) ) ;
#4671 = B_SPLINE_SURFACE_WITH_KNOTS ( 'NONE', 3, 1, ( 
 ( #2956, #291 ),
 ( #4476, #782 ),
 ( #6742, #5609 ),
 ( #665, #5059 ),
 ( #6822, #1230 ),
 ( #2333, #4083 ),
 ( #5099, #5137 ),
 ( #6697, #170 ),
 ( #251, #4010 ),
 ( #5721, #6245 ),
 ( #4517, #2370 ),
 ( #2411, #6779 ),
 ( #1879, #2447 ),
 ( #4050, #1802 ),
 ( #208, #1915 ),
 ( #1342, #1195 ),
 ( #3440, #5641 ),
 ( #740, #2840 ),
 ( #4556, #5024 ) ),
 .UNSPECIFIED., .F., .F., .F.,
 ( 4, 1, 1, 1, 1, 1, 1, 1, 1, 1, 1, 1, 1, 1, 1, 1, 4 ),
 ( 2, 2 ),
 ( 0.0000000000000000000, 0.06582824467819001213, 0.1289383166014413107, 0.1908583237191147641, 0.2511862310452442348, 0.3109740177800719430, 0.3700498785126950518, 0.4296723095349292976, 0.4895072568266738977, 0.5499752717322409223, 0.6100748076115776186, 0.6709148653422595254, 0.7329088543890386331, 0.7967107088217864064, 0.8618253836021727565, 0.9298919770519393779, 1.000000000000000000 ),
 ( 0.0000000000000000000, 1.000000000000000000 ),
 .UNSPECIFIED. ) ;
#4672 = CARTESIAN_POINT ( 'NONE',  ( -3.600000000000000533, 0.0000000000000000000, -3.399999999999999911 ) ) ;
#4673 = AXIS2_PLACEMENT_3D ( 'NONE', #3083, #6267, #3615 ) ;
#4674 = DIRECTION ( 'NONE',  ( 0.0000000000000000000, -1.000000000000000000, -0.0000000000000000000 ) ) ;
#4675 = MECHANICAL_DESIGN_GEOMETRIC_PRESENTATION_REPRESENTATION (  '', ( #2376 ), #4312 ) ;
#4676 = ORIENTED_EDGE ( 'NONE', *, *, #1656, .F. ) ;
#4677 = CARTESIAN_POINT ( 'NONE',  ( 3.399999999999999467, 1.360000000000000098, -2.291797999708434563 ) ) ;
#4678 = DIRECTION ( 'NONE',  ( -1.000000000000000000, 0.0000000000000000000, 0.0000000000000000000 ) ) ;
#4679 = FACE_OUTER_BOUND ( 'NONE', #4636, .T. ) ;
#4680 = AXIS2_PLACEMENT_3D ( 'NONE', #6794, #2969, #2460 ) ;
#4681 = VECTOR ( 'NONE', #5462, 1000.000000000000000 ) ;
#4682 = CARTESIAN_POINT ( 'NONE',  ( -1.872875719452105958, 3.020000000000000018, -1.915235741852474138 ) ) ;
#4683 = ORIENTED_EDGE ( 'NONE', *, *, #3025, .T. ) ;
#4684 = FACE_OUTER_BOUND ( 'NONE', #1996, .T. ) ;
#4685 = VERTEX_POINT ( 'NONE', #1291 ) ;
#4686 = DIRECTION ( 'NONE',  ( -1.000000000000000000, -0.0000000000000000000, -0.0000000000000000000 ) ) ;
#4687 = ORIENTED_EDGE ( 'NONE', *, *, #3049, .T. ) ;
#4688 = SURFACE_STYLE_USAGE ( .BOTH. , #1435 ) ;
#4689 = STYLED_ITEM ( 'NONE', ( #5983 ), #4591 ) ;
#4690 = CARTESIAN_POINT ( 'NONE',  ( -0.5078282283202395497, 3.020000000000002238, -0.9409544661237363439 ) ) ;
#4691 = DIRECTION ( 'NONE',  ( -0.0000000000000000000, 1.000000000000000000, -0.0000000000000000000 ) ) ;
#4692 = EDGE_CURVE ( 'NONE', #7028, #6226, #5664, .T. ) ;
#4693 = LINE ( 'NONE', #6374, #6494 ) ;
#4694 = VECTOR ( 'NONE', #285, 1000.000000000000000 ) ;
#4695 = CARTESIAN_POINT ( 'NONE',  ( 0.2324518338096122072, 3.000000000000000000, -1.123436598778318807 ) ) ;
#4696 = ORIENTED_EDGE ( 'NONE', *, *, #4464, .T. ) ;
#4697 = CARTESIAN_POINT ( 'NONE',  ( 0.4673404645652688427, 3.020000000000000906, -0.9450893914334836943 ) ) ;
#4698 = B_SPLINE_CURVE_WITH_KNOTS ( 'NONE', 3,
 ( #79, #6259, #306, #4649, #1859, #2247, #3990, #6837, #1927, #4098, #6052, #223, #1394, #1282, #1148 ),
 .UNSPECIFIED., .F., .F.,
 ( 4, 1, 1, 1, 1, 1, 1, 1, 1, 1, 1, 1, 4 ),
 ( 0.0000000000000000000, 0.1297890756576312588, 0.2546053700922396579, 0.3784354924817370791, 0.5029195826750443299, 0.5650179669759697321, 0.6248477746307949943, 0.6834480871906739585, 0.7427645197557696255, 0.8027569578129468697, 0.8652203742489509297, 0.9307788121001255854, 0.9999999999999998890 ),
 .UNSPECIFIED. ) ;
#4699 = STYLED_ITEM ( 'NONE', ( #2026 ), #6757 ) ;
#4700 = ADVANCED_FACE ( 'NONE', ( #3388 ), #5629, .F. ) ;
#4701 =( NAMED_UNIT ( * ) SI_UNIT ( $, .STERADIAN. ) SOLID_ANGLE_UNIT ( ) );
#4702 = SURFACE_SIDE_STYLE ('',( #4216 ) ) ;
#4703 = EDGE_CURVE ( 'NONE', #3969, #3042, #4006, .T. ) ;
#4704 = EDGE_CURVE ( 'NONE', #3573, #1726, #3996, .T. ) ;
#4705 = PRESENTATION_LAYER_ASSIGNMENT (  '', '', ( #6752 ) ) ;
#4706 = CARTESIAN_POINT ( 'NONE',  ( -0.1337977100993564816, 3.020000000000000462, -1.114844987330205983 ) ) ;
#4707 = PRESENTATION_STYLE_ASSIGNMENT (( #4219 ) ) ;
#4708 = ORIENTED_EDGE ( 'NONE', *, *, #498, .T. ) ;
#4709 = FACE_OUTER_BOUND ( 'NONE', #3106, .T. ) ;
#4710 = CARTESIAN_POINT ( 'NONE',  ( -0.2748091917595948397, 3.000000000000000444, -1.389287256132888171 ) ) ;
#4711 = PLANE ( 'NONE',  #348 ) ;
#4712 = LINE ( 'NONE', #391, #3873 ) ;
#4713 = B_SPLINE_CURVE_WITH_KNOTS ( 'NONE', 3,
 ( #3480, #2372, #3940, #6283, #2994, #848, #5642, #783, #2959, #2414, #4557, #1917, #5724, #1343, #5178 ),
 .UNSPECIFIED., .F., .F.,
 ( 4, 1, 1, 1, 1, 1, 1, 1, 1, 1, 1, 1, 4 ),
 ( 0.0000000000000000000, 0.1297890756576318971, 0.2546053700922403240, 0.3784354924817366350, 0.5029195826750438858, 0.5650179669759702872, 0.6248477746307946612, 0.6834480871906740695, 0.7427645197557700696, 0.8027569578129467587, 0.8652203742489509297, 0.9307788121001255854, 0.9999999999999998890 ),
 .UNSPECIFIED. ) ;
#4714 = CARTESIAN_POINT ( 'NONE',  ( -0.3962982704034199166, 3.020000000000000018, -2.063407973673387463 ) ) ;
#4715 = CARTESIAN_POINT ( 'NONE',  ( 0.7665957868548317622, 3.019999999999999574, -0.9885310998577181429 ) ) ;
#4716 = PLANE ( 'NONE',  #3691 ) ;
#4717 = ORIENTED_EDGE ( 'NONE', *, *, #4657, .F. ) ;
#4718 = SURFACE_STYLE_USAGE ( .BOTH. , #5899 ) ;
#4719 = CARTESIAN_POINT ( 'NONE',  ( -0.6898192915142195014, 3.019999999999999574, -0.8892942258499478836 ) ) ;
#4720 = SURFACE_STYLE_USAGE ( .BOTH. , #3137 ) ;
#4721 = CARTESIAN_POINT ( 'NONE',  ( -2.088960224190938408, 3.020000000000000018, -1.717672766091256298 ) ) ;
#4722 =( LENGTH_UNIT ( ) NAMED_UNIT ( * ) SI_UNIT ( .MILLI., .METRE. ) );
#4723 = ORIENTED_EDGE ( 'NONE', *, *, #5924, .F. ) ;
#4724 = ORIENTED_EDGE ( 'NONE', *, *, #2415, .F. ) ;
#4725 = CARTESIAN_POINT ( 'NONE',  ( 3.600000000000001421, 2.149999999999999911, -2.290000000000000480 ) ) ;
#4726 = COLOUR_RGB ( '',1.000000000000000000, 1.000000000000000000, 1.000000000000000000 ) ;
#4727 = VERTEX_POINT ( 'NONE', #6683 ) ;
#4728 = CARTESIAN_POINT ( 'NONE',  ( -0.03156608787163357049, 2.999999999999999556, -1.723634456796557579 ) ) ;
#4729 = FILL_AREA_STYLE ('',( #5363 ) ) ;
#4730 = ADVANCED_FACE ( 'NONE', ( #3890 ), #3956, .T. ) ;
#4731 = CARTESIAN_POINT ( 'NONE',  ( -1.756531509968729310, 3.000000000000000000, -1.389287256132887949 ) ) ;
#4732 =( NAMED_UNIT ( * ) SI_UNIT ( $, .STERADIAN. ) SOLID_ANGLE_UNIT ( ) );
#4733 = CARTESIAN_POINT ( 'NONE',  ( -1.557585016299994018, 3.000000000000000888, -1.899480994951179502 ) ) ;
#4734 = ORIENTED_EDGE ( 'NONE', *, *, #6366, .T. ) ;
#4735 = VECTOR ( 'NONE', #5532, 1000.000000000000000 ) ;
#4736 = CARTESIAN_POINT ( 'NONE',  ( -1.698455366609463280, 3.000000000000000000, -1.820283394106908315 ) ) ;
#4737 = B_SPLINE_SURFACE_WITH_KNOTS ( 'NONE', 3, 1, ( 
 ( #5965, #4011 ),
 ( #2957, #5177 ),
 ( #6663, #3479 ),
 ( #6743, #3405 ),
 ( #3366, #5610 ),
 ( #2449, #1770 ),
 ( #172, #1916 ),
 ( #1803, #5683 ),
 ( #2881, #742 ),
 ( #666, #3441 ),
 ( #3519, #4051 ),
 ( #292, #4638 ),
 ( #5138, #252 ),
 ( #2412, #5722 ),
 ( #4599, #2334 ),
 ( #5100, #818 ),
 ( #1881, #6246 ),
 ( #3939, #1231 ),
 ( #4518, #6823 ) ),
 .UNSPECIFIED., .F., .F., .F.,
 ( 4, 1, 1, 1, 1, 1, 1, 1, 1, 1, 1, 1, 1, 1, 1, 1, 4 ),
 ( 2, 2 ),
 ( 0.0000000000000000000, 0.06946111841118109143, 0.1356576792112471619, 0.1996202009683167855, 0.2616514289943385196, 0.3220529346075964305, 0.3823401897046094788, 0.4432232029819944130, 0.5049299582480397675, 0.5668204626337183250, 0.6276001402177071586, 0.6874756430229486126, 0.7473511458281908437, 0.8081741791096781480, 0.8701334489244721970, 0.9337207833931581158, 1.000000000000000000 ),
 ( 0.0000000000000000000, 1.000000000000000000 ),
 .UNSPECIFIED. ) ;
#4738 = B_SPLINE_CURVE_WITH_KNOTS ( 'NONE', 3,
 ( #6825, #5829, #3095, #1455, #3029, #4087, #821, #5216, #6324, #6965, #6284, #4783, #1418, #6431, #5180, #5249, #5283, #360, #4714 ),
 .UNSPECIFIED., .F., .F.,
 ( 4, 1, 1, 1, 1, 1, 1, 1, 1, 1, 1, 1, 1, 1, 1, 1, 4 ),
 ( 0.0000000000000000000, 0.07103632301205813071, 0.1393433396034171046, 0.2049584727025960118, 0.2683315830770492960, 0.3301292609669971845, 0.3906639764805656667, 0.4508614486151502621, 0.5105872658343565407, 0.5703738539616980407, 0.6294550091547364001, 0.6879935230805729329, 0.7475809941037844242, 0.8078387614769664271, 0.8700340388224008237, 0.9338104563665488023, 1.000000000000000000 ),
 .UNSPECIFIED. ) ;
#4739 = DIRECTION ( 'NONE',  ( 0.0000000000000000000, 0.0000000000000000000, 1.000000000000000000 ) ) ;
#4740 = UNCERTAINTY_MEASURE_WITH_UNIT (LENGTH_MEASURE( 1.000000000000000082E-05 ), #7068, 'distance_accuracy_value', 'NONE');
#4741 = ADVANCED_FACE ( 'NONE', ( #962 ), #2603, .T. ) ;
#4742 = CARTESIAN_POINT ( 'NONE',  ( -0.1302797678605847054, 3.019999999999999574, -1.140488522024077467 ) ) ;
#4743 = DIRECTION ( 'NONE',  ( 0.0000000000000000000, 0.9999987987525540412, -0.001549997886716649332 ) ) ;
#4744 = CARTESIAN_POINT ( 'NONE',  ( -0.6090886474356613789, 3.020000000000000462, -1.084993003504291842 ) ) ;
#4745 = EDGE_LOOP ( 'NONE', ( #4587, #5640, #6677, #2256 ) ) ;
#4746 = PLANE ( 'NONE',  #1197 ) ;
#4747 = DIRECTION ( 'NONE',  ( 0.0000000000000000000, -0.0000000000000000000, 1.000000000000000000 ) ) ;
#4748 = VECTOR ( 'NONE', #1762, 1000.000000000000000 ) ;
#4749 = CARTESIAN_POINT ( 'NONE',  ( -2.214416423789735688, 3.019999999999999574, -0.9475634840590850816 ) ) ;
#4750 = CARTESIAN_POINT ( 'NONE',  ( -1.852296242810312465, 3.020000000000000018, -1.405893694968084029 ) ) ;
#4751 = LINE ( 'NONE', #2020, #3554 ) ;
#4752 = CARTESIAN_POINT ( 'NONE',  ( 0.7857101688161546305, 3.000000000000000444, -1.015392855233271163 ) ) ;
#4753 =( GEOMETRIC_REPRESENTATION_CONTEXT ( 3 ) GLOBAL_UNCERTAINTY_ASSIGNED_CONTEXT ( ( #1579 ) ) GLOBAL_UNIT_ASSIGNED_CONTEXT ( ( #1473, #6377, #4834 ) ) REPRESENTATION_CONTEXT ( 'NONE', 'WORKASPACE' ) );
#4754 = ORIENTED_EDGE ( 'NONE', *, *, #301, .T. ) ;
#4755 = ADVANCED_FACE ( 'NONE', ( #5779 ), #800, .F. ) ;
#4756 = PLANE ( 'NONE',  #421 ) ;
#4757 = CARTESIAN_POINT ( 'NONE',  ( -0.4288575373794117351, 3.000000000000001776, -0.7635388514647977187 ) ) ;
#4758 = FILL_AREA_STYLE ('',( #5255 ) ) ;
#4759 = AXIS2_PLACEMENT_3D ( 'NONE', #5098, #4049, #1341 ) ;
#4760 = CARTESIAN_POINT ( 'NONE',  ( -0.5078282283202395497, 3.000000000000002220, -0.9409544661237363439 ) ) ;
#4761 = ORIENTED_EDGE ( 'NONE', *, *, #5585, .T. ) ;
#4762 = CARTESIAN_POINT ( 'NONE',  ( 0.2488153572419376791, 3.020000000000000018, -0.9585061441591171683 ) ) ;
#4763 = ORIENTED_EDGE ( 'NONE', *, *, #3437, .F. ) ;
#4764 = CARTESIAN_POINT ( 'NONE',  ( -1.932346953366005371, 3.019999999999998241, -0.9183093752987022684 ) ) ;
#4765 = MECHANICAL_DESIGN_GEOMETRIC_PRESENTATION_REPRESENTATION (  '', ( #5799 ), #3712 ) ;
#4766 = CARTESIAN_POINT ( 'NONE',  ( -0.1924405652798669153, 3.000000000000000000, -1.489049086990398063 ) ) ;
#4767 = CARTESIAN_POINT ( 'NONE',  ( -0.1529692001993146477, 3.020000000000001794, -1.465957174887511316 ) ) ;
#4768 = DIRECTION ( 'NONE',  ( 0.1138384583614900220, 0.0000000000000000000, -0.9934992729729998917 ) ) ;
#4769 =( NAMED_UNIT ( * ) PLANE_ANGLE_UNIT ( ) SI_UNIT ( $, .RADIAN. ) );
#4770 = VERTEX_POINT ( 'NONE', #4853 ) ;
#4771 = CARTESIAN_POINT ( 'NONE',  ( 3.399999999999999911, 1.360000000000000098, -1.591797999708434164 ) ) ;
#4772 = CARTESIAN_POINT ( 'NONE',  ( 0.8250936682870266825, 3.000000000000000000, -0.9325657322068328092 ) ) ;
#4773 = DIRECTION ( 'NONE',  ( 0.0000000000000000000, -1.000000000000000000, 0.0000000000000000000 ) ) ;
#4774 = CARTESIAN_POINT ( 'NONE',  ( 0.4065585620845507675, 3.000000000000000000, -1.042665932240428139 ) ) ;
#4775 = LINE ( 'NONE', #5307, #171 ) ;
#4776 = ORIENTED_EDGE ( 'NONE', *, *, #383, .F. ) ;
#4777 = SURFACE_STYLE_USAGE ( .BOTH. , #2446 ) ;
#4778 = CARTESIAN_POINT ( 'NONE',  ( -1.447068594431571986, 3.000000000000000444, -1.175755038520549300 ) ) ;
#4779 = CARTESIAN_POINT ( 'NONE',  ( -2.117590087129299192, 3.020000000000000462, -0.8396064748795863952 ) ) ;
#4780 = CARTESIAN_POINT ( 'NONE',  ( 0.8238318979750564042, 3.000000000000000000, -1.169963128733397584 ) ) ;
#4781 = ADVANCED_FACE ( 'NONE', ( #4106 ), #3641, .T. ) ;
#4782 =( GEOMETRIC_REPRESENTATION_CONTEXT ( 3 ) GLOBAL_UNCERTAINTY_ASSIGNED_CONTEXT ( ( #2290 ) ) GLOBAL_UNIT_ASSIGNED_CONTEXT ( ( #4261, #4130, #5223 ) ) REPRESENTATION_CONTEXT ( 'NONE', 'WORKASPACE' ) );
#4783 = CARTESIAN_POINT ( 'NONE',  ( -0.5916283776728237243, 3.019999999999999574, -2.015436186200724844 ) ) ;
#4784 = CARTESIAN_POINT ( 'NONE',  ( -1.035291020131108963, 3.020000000000000018, -0.7792486312254709446 ) ) ;
#4785 = ORIENTED_EDGE ( 'NONE', *, *, #1851, .F. ) ;
#4786 = PRESENTATION_STYLE_ASSIGNMENT (( #6830 ) ) ;
#4787 = CARTESIAN_POINT ( 'NONE',  ( -0.4477701702628951730, 3.000000000000000000, -1.535226642933064101 ) ) ;
#4788 = EDGE_CURVE ( 'NONE', #695, #3575, #6100, .T. ) ;
#4789 = APPLICATION_CONTEXT ( 'automotive_design' ) ;
#4790 = CARTESIAN_POINT ( 'NONE',  ( -1.952559891934862124, 3.020000000000001794, -0.9242756092754117470 ) ) ;
#4791 = EDGE_CURVE ( 'NONE', #695, #4615, #5026, .T. ) ;
#4792 = STYLED_ITEM ( 'NONE', ( #5790 ), #3747 ) ;
#4793 = CARTESIAN_POINT ( 'NONE',  ( 0.3913860562521925268, 3.000000000000000444, -0.7936815248060263839 ) ) ;
#4794 = ORIENTED_EDGE ( 'NONE', *, *, #3631, .T. ) ;
#4795 = CARTESIAN_POINT ( 'NONE',  ( -55.74906976069122777, 2.360000000000000320, -15.33036380780025354 ) ) ;
#4796 = CARTESIAN_POINT ( 'NONE',  ( -0.4194834800129875751, 3.000000000000000444, -1.401516807261640629 ) ) ;
#4797 = CARTESIAN_POINT ( 'NONE',  ( 2.059862266794638241, 3.020000000000000018, -1.388401139822559527 ) ) ;
#4798 = CARTESIAN_POINT ( 'NONE',  ( 0.0000000000000000000, 0.2000000000000000111, 0.0000000000000000000 ) ) ;
#4799 = DIRECTION ( 'NONE',  ( -0.0000000000000000000, -1.000000000000000000, -0.0000000000000000000 ) ) ;
#4800 = CARTESIAN_POINT ( 'NONE',  ( 0.2368008971931841733, 2.999999999999999556, -1.020314554001693574 ) ) ;
#4801 = MECHANICAL_DESIGN_GEOMETRIC_PRESENTATION_REPRESENTATION (  '', ( #5368 ), #3539 ) ;
#4802 = ORIENTED_EDGE ( 'NONE', *, *, #1586, .T. ) ;
#4803 = CARTESIAN_POINT ( 'NONE',  ( 0.4284692833524751387, 2.999999999999999112, -0.9876083456427207086 ) ) ;
#4804 = DIRECTION ( 'NONE',  ( 0.0000000000000000000, -1.000000000000000000, 0.0000000000000000000 ) ) ;
#4805 = CARTESIAN_POINT ( 'NONE',  ( -0.2956348949958004790, 3.000000000000000000, -1.895353349385554331 ) ) ;
#4806 =( GEOMETRIC_REPRESENTATION_CONTEXT ( 3 ) GLOBAL_UNCERTAINTY_ASSIGNED_CONTEXT ( ( #3793 ) ) GLOBAL_UNIT_ASSIGNED_CONTEXT ( ( #2635, #276, #1361 ) ) REPRESENTATION_CONTEXT ( 'NONE', 'WORKASPACE' ) );
#4807 = CARTESIAN_POINT ( 'NONE',  ( -0.2089675462711467480, 3.019999999999998685, -1.804228030044987774 ) ) ;
#4808 = CIRCLE ( 'NONE', #4112, 0.5000000000000000000 ) ;
#4809 = CARTESIAN_POINT ( 'NONE',  ( -1.788972423549068491, 3.000000000000000444, -1.560743116897136629 ) ) ;
#4810 = CARTESIAN_POINT ( 'NONE',  ( -0.4506246351568716779, 3.019999999999999574, -0.9183093752987026015 ) ) ;
#4811 = VERTEX_POINT ( 'NONE', #1589 ) ;
#4812 = CARTESIAN_POINT ( 'NONE',  ( -0.1334668098916292900, 3.020000000000000462, -1.216440128398399656 ) ) ;
#4813 = EDGE_CURVE ( 'NONE', #5623, #2293, #55, .T. ) ;
#4814 = CARTESIAN_POINT ( 'NONE',  ( -3.399999999999999911, 0.2000000000000000111, -1.590000000000000302 ) ) ;
#4815 = CARTESIAN_POINT ( 'NONE',  ( 0.7665957868548317622, 2.999999999999999556, -0.9885310998577181429 ) ) ;
#4816 = DIRECTION ( 'NONE',  ( 0.0000000000000000000, 0.0000000000000000000, 1.000000000000000000 ) ) ;
#4817 = CARTESIAN_POINT ( 'NONE',  ( 0.0000000000000000000, 0.2000000000000000111, 0.0000000000000000000 ) ) ;
#4818 = FILL_AREA_STYLE_COLOUR ( '', #4141 ) ;
#4819 = EDGE_CURVE ( 'NONE', #6820, #1741, #7075, .T. ) ;
#4820 = CARTESIAN_POINT ( 'NONE',  ( -1.463188395194005897, 3.020000000000000462, -1.046471747391922280 ) ) ;
#4821 = CARTESIAN_POINT ( 'NONE',  ( -0.4194834800129875751, 3.020000000000000462, -1.401516807261640629 ) ) ;
#4822 =( NAMED_UNIT ( * ) PLANE_ANGLE_UNIT ( ) SI_UNIT ( $, .RADIAN. ) );
#4823 = CARTESIAN_POINT ( 'NONE',  ( -0.07450910603163300727, 3.020000000000000462, -1.587794194115608626 ) ) ;
#4824 = CARTESIAN_POINT ( 'NONE',  ( 2.240961661242421687, 3.000000000000000000, -2.063407973673387463 ) ) ;
#4825 = CARTESIAN_POINT ( 'NONE',  ( 0.5267533237301010862, 2.999999999999999112, -0.7631867233046065735 ) ) ;
#4826 = ADVANCED_FACE ( 'NONE', ( #5966 ), #2561, .T. ) ;
#4827 = ORIENTED_EDGE ( 'NONE', *, *, #1755, .T. ) ;
#4828 = CARTESIAN_POINT ( 'NONE',  ( -0.4668989511378464630, 3.000000000000000000, -1.391108073370061371 ) ) ;
#4829 =( NAMED_UNIT ( * ) SI_UNIT ( $, .STERADIAN. ) SOLID_ANGLE_UNIT ( ) );
#4830 = CARTESIAN_POINT ( 'NONE',  ( -0.4023188122627303076, 3.020000000000000018, -0.7630389696933730370 ) ) ;
#4831 = FILL_AREA_STYLE ('',( #34 ) ) ;
#4832 = SURFACE_STYLE_USAGE ( .BOTH. , #5815 ) ;
#4833 = EDGE_LOOP ( 'NONE', ( #3777, #4174, #1615, #5844 ) ) ;
#4834 =( NAMED_UNIT ( * ) SI_UNIT ( $, .STERADIAN. ) SOLID_ANGLE_UNIT ( ) );
#4835 = PLANE ( 'NONE',  #5837 ) ;
#4836 = COLOUR_RGB ( '',1.000000000000000000, 1.000000000000000000, 1.000000000000000000 ) ;
#4837 = DIRECTION ( 'NONE',  ( -0.0000000000000000000, -1.000000000000000000, -0.0000000000000000000 ) ) ;
#4838 = SURFACE_STYLE_FILL_AREA ( #3254 ) ;
#4839 = CARTESIAN_POINT ( 'NONE',  ( 0.2324047410033726613, 3.020000000000000018, -1.139132228998835483 ) ) ;
#4840 = VERTEX_POINT ( 'NONE', #6824 ) ;
#4841 = CARTESIAN_POINT ( 'NONE',  ( 3.600000000000001421, 0.0000000000000000000, 1.589999999999999414 ) ) ;
#4842 = CARTESIAN_POINT ( 'NONE',  ( -0.2601072449089140148, 3.019999999999999130, -0.7785085495972525749 ) ) ;
#4843 = CARTESIAN_POINT ( 'NONE',  ( -1.949427069284702441, 2.999999999999999556, -0.7687467679522782538 ) ) ;
#4844 = MECHANICAL_DESIGN_GEOMETRIC_PRESENTATION_REPRESENTATION (  '', ( #2905 ), #6789 ) ;
#4845 = MECHANICAL_DESIGN_GEOMETRIC_PRESENTATION_REPRESENTATION (  '', ( #5540 ), #300 ) ;
#4846 = SHAPE_REPRESENTATION_RELATIONSHIP ( 'NONE' , 'NONE' ,  #6946, #4282 ) ;
#4847 = SURFACE_STYLE_FILL_AREA ( #2122 ) ;
#4848 = CARTESIAN_POINT ( 'NONE',  ( 0.3982294276893040275, 3.019999999999999574, -1.127719209016205149 ) ) ;
#4849 = COLOUR_RGB ( '',1.000000000000000000, 1.000000000000000000, 1.000000000000000000 ) ;
#4850 = CARTESIAN_POINT ( 'NONE',  ( -3.600000000000000533, 0.0000000000000000000, -2.899999999999999911 ) ) ;
#4851 = FACE_OUTER_BOUND ( 'NONE', #4427, .T. ) ;
#4852 = DIRECTION ( 'NONE',  ( 0.0000000000000000000, -0.0000000000000000000, 1.000000000000000000 ) ) ;
#4853 = CARTESIAN_POINT ( 'NONE',  ( -0.03101256001158438080, 3.000000000000000000, -1.736966025442937545 ) ) ;
#4854 = VECTOR ( 'NONE', #6034, 1000.000000000000000 ) ;
#4855 = CARTESIAN_POINT ( 'NONE',  ( -1.859853545209661840, 3.000000000000000000, -1.405693478223773996 ) ) ;
#4856 = CARTESIAN_POINT ( 'NONE',  ( -0.3911534012429715435, 3.000000000000000000, -1.915235741852474138 ) ) ;
#4857 = DIRECTION ( 'NONE',  ( 0.0000000000000000000, -1.000000000000000000, 0.0000000000000000000 ) ) ;
#4858 = ORIENTED_EDGE ( 'NONE', *, *, #2264, .T. ) ;
#4859 = CARTESIAN_POINT ( 'NONE',  ( -0.4696350060167160390, 3.000000000000001332, -1.904062053855922088 ) ) ;
#4860 = SURFACE_STYLE_FILL_AREA ( #1062 ) ;
#4861 = CARTESIAN_POINT ( 'NONE',  ( -0.7642743647563223774, 3.020000000000000018, -1.013085924912181968 ) ) ;
#4862 = CARTESIAN_POINT ( 'NONE',  ( -1.680380902298467927, 3.000000000000000888, -1.769562455291811220 ) ) ;
#4863 = EDGE_CURVE ( 'NONE', #5414, #4811, #4713, .T. ) ;
#4864 = DIRECTION ( 'NONE',  ( 0.0000000000000000000, -1.000000000000000000, 0.0000000000000000000 ) ) ;
#4865 = ORIENTED_EDGE ( 'NONE', *, *, #3689, .T. ) ;
#4866 = B_SPLINE_CURVE_WITH_KNOTS ( 'NONE', 3,
 ( #1571, #5948, #5274, #4283, #384, #4807, #5915, #1445, #912, #3657, #6382, #489, #1005, #2080, #4248, #2550, #5341, #1979, #6480 ),
 .UNSPECIFIED., .F., .F.,
 ( 4, 1, 1, 1, 1, 1, 1, 1, 1, 1, 1, 1, 1, 1, 1, 1, 4 ),
 ( 0.0000000000000000000, 0.06509335070708799353, 0.1273042315324057483, 0.1881220215801462092, 0.2471305161007631979, 0.3060769160082418838, 0.3656782273658523708, 0.4261033481625809971, 0.4878414950797355099, 0.5503167167998637144, 0.6118052235137838579, 0.6727373158544526222, 0.7348834089993229179, 0.7976802029336788058, 0.8624746871088670996, 0.9297754033859680911, 1.000000000000000000 ),
 .UNSPECIFIED. ) ;
#4867 = ORIENTED_EDGE ( 'NONE', *, *, #3280, .F. ) ;
#4868 = ORIENTED_EDGE ( 'NONE', *, *, #3604, .F. ) ;
#4869 = CARTESIAN_POINT ( 'NONE',  ( 0.9897294814213749570, 3.020000000000000018, -0.7792486312254709446 ) ) ;
#4870 = CYLINDRICAL_SURFACE ( 'NONE', #5020, 0.5000000000000000000 ) ;
#4871 = B_SPLINE_CURVE_WITH_KNOTS ( 'NONE', 3,
 ( #5993, #1016, #3190, #4293, #3830, #6022, #6488, #5959, #1048, #5017, #1264, #127, #3934, #1303, #6630, #3899, #3362, #736, #6095 ),
 .UNSPECIFIED., .F., .F.,
 ( 4, 1, 1, 1, 1, 1, 1, 1, 1, 1, 1, 1, 1, 1, 1, 1, 4 ),
 ( 0.0000000000000000000, 0.06779439940133707987, 0.1334641369291914292, 0.1969337335573704828, 0.2584806216111270039, 0.3197865376803740722, 0.3804313677831002161, 0.4409901724489913577, 0.5028674288973123963, 0.5648063393097808582, 0.6255263416925385123, 0.6856036068581818910, 0.7460408460006126008, 0.8073467620698591141, 0.8697170363588136999, 0.9337895409055554374, 1.000000000000000000 ),
 .UNSPECIFIED. ) ;
#4872 = EDGE_CURVE ( 'NONE', #1607, #3249, #4600, .T. ) ;
#4873 = DIRECTION ( 'NONE',  ( -0.0000000000000000000, -1.000000000000000000, -0.0000000000000000000 ) ) ;
#4874 = UNCERTAINTY_MEASURE_WITH_UNIT (LENGTH_MEASURE( 1.000000000000000082E-05 ), #2604, 'distance_accuracy_value', 'NONE');
#4875 = CARTESIAN_POINT ( 'NONE',  ( 3.599999999999999645, 0.0000000000000000000, -3.400000000000000355 ) ) ;
#4876 = DIRECTION ( 'NONE',  ( -0.0000000000000000000, -1.000000000000000000, -0.0000000000000000000 ) ) ;
#4877 = CARTESIAN_POINT ( 'NONE',  ( -0.5243080843429748228, 3.019999999999999130, -0.9521007689923013384 ) ) ;
#4878 = ORIENTED_EDGE ( 'NONE', *, *, #3073, .F. ) ;
#4879 = SURFACE_STYLE_FILL_AREA ( #6522 ) ;
#4880 = FILL_AREA_STYLE ('',( #4353 ) ) ;
#4881 = UNCERTAINTY_MEASURE_WITH_UNIT (LENGTH_MEASURE( 1.000000000000000082E-05 ), #5060, 'distance_accuracy_value', 'NONE');
#4882 =( LENGTH_UNIT ( ) NAMED_UNIT ( * ) SI_UNIT ( .MILLI., .METRE. ) );
#4883 =( NAMED_UNIT ( * ) PLANE_ANGLE_UNIT ( ) SI_UNIT ( $, .RADIAN. ) );
#4884 = CARTESIAN_POINT ( 'NONE',  ( 0.3971377206338493893, 3.020000000000000018, -1.197526675900362436 ) ) ;
#4885 = ORIENTED_EDGE ( 'NONE', *, *, #460, .T. ) ;
#4886 = CARTESIAN_POINT ( 'NONE',  ( -1.929492488472029921, 3.000000000000000000, -1.535226642933064101 ) ) ;
#4887 = SURFACE_SIDE_STYLE ('',( #5537 ) ) ;
#4888 = CARTESIAN_POINT ( 'NONE',  ( -2.330000000000000515, 0.2000000000000000111, -1.590000000000000302 ) ) ;
#4889 = CARTESIAN_POINT ( 'NONE',  ( -0.1999273309507519081, 3.000000000000001332, -1.685043697489151837 ) ) ;
#4890 = CARTESIAN_POINT ( 'NONE',  ( -2.029584464736951421, 3.000000000000000444, -1.852899892034636231 ) ) ;
#4891 = ORIENTED_EDGE ( 'NONE', *, *, #1619, .F. ) ;
#4892 = CARTESIAN_POINT ( 'NONE',  ( -0.4770727162224594475, 3.020000000000000018, -1.388401139822559527 ) ) ;
#4893 = VECTOR ( 'NONE', #5480, 1000.000000000000000 ) ;
#4894 = ORIENTED_EDGE ( 'NONE', *, *, #4467, .F. ) ;
#4895 = FILL_AREA_STYLE_COLOUR ( '', #746 ) ;
#4896 = FACE_OUTER_BOUND ( 'NONE', #3885, .T. ) ;
#4897 = CARTESIAN_POINT ( 'NONE',  ( 3.599999999999999645, 0.0000000000000000000, -2.900000000000000355 ) ) ;
#4898 = CARTESIAN_POINT ( 'NONE',  ( 3.600000000000001421, 3.000000000000000000, 2.899999999999999911 ) ) ;
#4899 = CIRCLE ( 'NONE', #1810, 0.5000000000000000000 ) ;
#4900 = DIRECTION ( 'NONE',  ( -0.0000000000000000000, -1.000000000000000000, -0.0000000000000000000 ) ) ;
#4901 = ORIENTED_EDGE ( 'NONE', *, *, #6593, .F. ) ;
#4902 = DIRECTION ( 'NONE',  ( 1.000000000000000000, 0.0000000000000000000, 0.0000000000000000000 ) ) ;
#4903 = ORIENTED_EDGE ( 'NONE', *, *, #2997, .F. ) ;
#4904 = DIRECTION ( 'NONE',  ( -0.0000000000000000000, -1.000000000000000000, -0.0000000000000000000 ) ) ;
#4905 =( GEOMETRIC_REPRESENTATION_CONTEXT ( 3 ) GLOBAL_UNCERTAINTY_ASSIGNED_CONTEXT ( ( #4004 ) ) GLOBAL_UNIT_ASSIGNED_CONTEXT ( ( #3767, #23, #6528 ) ) REPRESENTATION_CONTEXT ( 'NONE', 'WORKASPACE' ) );
#4906 = EDGE_CURVE ( 'NONE', #3249, #7028, #1382, .T. ) ;
#4907 = DIRECTION ( 'NONE',  ( 0.0000000000000000000, 0.0000000000000000000, 1.000000000000000000 ) ) ;
#4908 = PRESENTATION_LAYER_ASSIGNMENT (  '', '', ( #2621 ) ) ;
#4909 = AXIS2_PLACEMENT_3D ( 'NONE', #1064, #2852, #5549 ) ;
#4910 = SURFACE_SIDE_STYLE ('',( #4838 ) ) ;
#4911 =( NAMED_UNIT ( * ) PLANE_ANGLE_UNIT ( ) SI_UNIT ( $, .RADIAN. ) );
#4912 = ADVANCED_FACE ( 'NONE', ( #819 ), #293, .F. ) ;
#4913 = ORIENTED_EDGE ( 'NONE', *, *, #1797, .T. ) ;
#4914 = VECTOR ( 'NONE', #243, 1000.000000000000000 ) ;
#4915 = VECTOR ( 'NONE', #1940, 1000.000000000000000 ) ;
#4916 = CARTESIAN_POINT ( 'NONE',  ( -0.1838148714737567468, 3.000000000000000444, -0.8079146238642841427 ) ) ;
#4917 = VECTOR ( 'NONE', #155, 1000.000000000000000 ) ;
#4918 = ORIENTED_EDGE ( 'NONE', *, *, #1721, .F. ) ;
#4919 = CARTESIAN_POINT ( 'NONE',  ( -1.453647748717630694, 3.020000000000000462, -1.084716072172517753 ) ) ;
#4920 = CARTESIAN_POINT ( 'NONE',  ( 3.399999999999999911, 0.2000000000000000111, -1.590000000000000302 ) ) ;
#4921 = DIRECTION ( 'NONE',  ( 0.0000000000000000000, 0.0000000000000000000, -1.000000000000000000 ) ) ;
#4922 = AXIS2_PLACEMENT_3D ( 'NONE', #692, #4816, #2699 ) ;
#4923 = FILL_AREA_STYLE_COLOUR ( '', #3655 ) ;
#4924 =( LENGTH_UNIT ( ) NAMED_UNIT ( * ) SI_UNIT ( .MILLI., .METRE. ) );
#4925 = CARTESIAN_POINT ( 'NONE',  ( -2.062879049339339410, 3.020000000000000018, -1.804004510402034800 ) ) ;
#4926 = CARTESIAN_POINT ( 'NONE',  ( -1.913892451140055684, 3.019999999999999574, -2.062787849101242355 ) ) ;
#4927 = DIRECTION ( 'NONE',  ( 0.0000000000000000000, 0.0000000000000000000, 1.000000000000000000 ) ) ;
#4928 = VERTEX_POINT ( 'NONE', #4639 ) ;
#4929 = CARTESIAN_POINT ( 'NONE',  ( -2.105423805504372581, 3.020000000000000018, -1.141447420121037171 ) ) ;
#4930 = DIRECTION ( 'NONE',  ( 0.0000000000000000000, 0.0000000000000000000, -1.000000000000000000 ) ) ;
#4931 = LINE ( 'NONE', #5435, #3363 ) ;
#4932 = CARTESIAN_POINT ( 'NONE',  ( -1.745984538153606103, 3.020000000000000018, -1.875621304611893470 ) ) ;
#4933 = PLANE ( 'NONE',  #1261 ) ;
#4934 = ORIENTED_EDGE ( 'NONE', *, *, #888, .T. ) ;
#4935 = CARTESIAN_POINT ( 'NONE',  ( 1.434246176884115043, 3.000000000000000000, -2.063407973673387463 ) ) ;
#4936 = EDGE_CURVE ( 'NONE', #4727, #4252, #3028, .T. ) ;
#4937 = ORIENTED_EDGE ( 'NONE', *, *, #2958, .F. ) ;
#4938 = CARTESIAN_POINT ( 'NONE',  ( -2.029584464736951421, 3.000000000000000444, -1.852899892034636231 ) ) ;
#4939 = DIRECTION ( 'NONE',  ( -0.0000000000000000000, -1.000000000000000000, -0.0000000000000000000 ) ) ;
#4940 = CARTESIAN_POINT ( 'NONE',  ( -0.1008727082872894337, 3.019999999999999574, -1.935775245845977821 ) ) ;
#4941 = CARTESIAN_POINT ( 'NONE',  ( -0.4770727162224594475, 3.000000000000000000, -1.388401139822559527 ) ) ;
#4942 = CARTESIAN_POINT ( 'NONE',  ( -1.674162883489001885, 3.000000000000000888, -1.489049086990397841 ) ) ;
#4943 = LINE ( 'NONE', #1727, #4748 ) ;
#4944 = STYLED_ITEM ( 'NONE', ( #2011 ), #334 ) ;
#4945 = ORIENTED_EDGE ( 'NONE', *, *, #895, .F. ) ;
#4946 = PRESENTATION_STYLE_ASSIGNMENT (( #6485 ) ) ;
#4947 = EDGE_CURVE ( 'NONE', #2308, #1997, #1772, .T. ) ;
#4948 = PRESENTATION_LAYER_ASSIGNMENT (  '', '', ( #6207 ) ) ;
#4949 = UNCERTAINTY_MEASURE_WITH_UNIT (LENGTH_MEASURE( 1.000000000000000082E-05 ), #6242, 'distance_accuracy_value', 'NONE');
#4950 = FILL_AREA_STYLE_COLOUR ( '', #409 ) ;
#4951 = CARTESIAN_POINT ( 'NONE',  ( 1.434246176884115043, 3.020000000000000018, -1.536573371643473296 ) ) ;
#4952 = VERTEX_POINT ( 'NONE', #6895 ) ;
#4953 = LINE ( 'NONE', #3229, #4681 ) ;
#4954 = MECHANICAL_DESIGN_GEOMETRIC_PRESENTATION_REPRESENTATION (  '', ( #856 ), #2320 ) ;
#4955 = DIRECTION ( 'NONE',  ( -1.000000000000000000, 0.0000000000000000000, -0.0000000000000000000 ) ) ;
#4956 = MECHANICAL_DESIGN_GEOMETRIC_PRESENTATION_REPRESENTATION (  '', ( #966 ), #1525 ) ;
#4957 = CARTESIAN_POINT ( 'NONE',  ( -0.3072501053399334658, 3.000000000000001776, -1.560743116897136185 ) ) ;
#4958 = CARTESIAN_POINT ( 'NONE',  ( -1.649258750855719713, 3.000000000000000888, -1.996499328758882141 ) ) ;
#4959 = CARTESIAN_POINT ( 'NONE',  ( -0.05529138793102883476, 3.020000000000000018, -1.622360429834539985 ) ) ;
#4960 = VERTEX_POINT ( 'NONE', #5348 ) ;
#4961 = ADVANCED_FACE ( 'NONE', ( #5895 ), #4225, .T. ) ;
#4962 = CARTESIAN_POINT ( 'NONE',  ( -3.099999999999999645, 3.000000000000000000, 2.899999999999999911 ) ) ;
#4963 = ORIENTED_EDGE ( 'NONE', *, *, #1381, .T. ) ;
#4964 = CARTESIAN_POINT ( 'NONE',  ( -0.5811567311302046068, 3.019999999999999574, -1.804004510402034356 ) ) ;
#4965 = FACE_OUTER_BOUND ( 'NONE', #600, .T. ) ;
#4966 = CARTESIAN_POINT ( 'NONE',  ( 0.03484176524215466808, 3.000000000000000000, -1.165628305175144597 ) ) ;
#4967 = CARTESIAN_POINT ( 'NONE',  ( -2.245968800664273068, 2.999999999999999112, -1.771836712023810101 ) ) ;
#4968 = MECHANICAL_DESIGN_GEOMETRIC_PRESENTATION_REPRESENTATION (  '', ( #2915 ), #2576 ) ;
#4969 = DIRECTION ( 'NONE',  ( -1.000000000000000000, -0.0000000000000000000, 6.023345402697246719E-17 ) ) ;
#4970 = CARTESIAN_POINT ( 'NONE',  ( 2.059862266794638241, 3.020000000000000018, -1.388401139822559527 ) ) ;
#4971 = ORIENTED_EDGE ( 'NONE', *, *, #6985, .T. ) ;
#4972 = ORIENTED_EDGE ( 'NONE', *, *, #5342, .T. ) ;
#4973 = LINE ( 'NONE', #3278, #4893 ) ;
#4974 = ORIENTED_EDGE ( 'NONE', *, *, #1626, .F. ) ;
#4975 = CARTESIAN_POINT ( 'NONE',  ( -1.677492348997924321, 3.019999999999999574, -1.738089500630947581 ) ) ;
#4976 = FACE_OUTER_BOUND ( 'NONE', #2014, .T. ) ;
#4977 =( GEOMETRIC_REPRESENTATION_CONTEXT ( 3 ) GLOBAL_UNCERTAINTY_ASSIGNED_CONTEXT ( ( #6164 ) ) GLOBAL_UNIT_ASSIGNED_CONTEXT ( ( #4022, #2890, #5186 ) ) REPRESENTATION_CONTEXT ( 'NONE', 'WORKASPACE' ) );
#4978 = SURFACE_STYLE_USAGE ( .BOTH. , #4346 ) ;
#4979 = LINE ( 'NONE', #2934, #2547 ) ;
#4980 = ORIENTED_EDGE ( 'NONE', *, *, #700, .T. ) ;
#4981 = CARTESIAN_POINT ( 'NONE',  ( -0.6899881018327639337, 3.000000000000000888, -1.929905493478005774 ) ) ;
#4982 = ORIENTED_EDGE ( 'NONE', *, *, #4396, .T. ) ;
#4983 = CARTESIAN_POINT ( 'NONE',  ( -2.055718408960824028, 3.020000000000000906, -0.8014251924854066678 ) ) ;
#4984 = FACE_OUTER_BOUND ( 'NONE', #5825, .T. ) ;
#4985 = CARTESIAN_POINT ( 'NONE',  ( -1.870560528329904271, 3.020000000000000018, -0.7627850499120361061 ) ) ;
#4986 = EDGE_CURVE ( 'NONE', #2324, #1713, #6430, .T. ) ;
#4987 = DIRECTION ( 'NONE',  ( 0.0000000000000000000, -0.0000000000000000000, -1.000000000000000000 ) ) ;
#4988 = CARTESIAN_POINT ( 'NONE',  ( 2.059862266794638241, 3.000000000000000000, -1.536573371643473296 ) ) ;
#4989 = CARTESIAN_POINT ( 'NONE',  ( -0.2372134454893294053, 3.000000000000001776, -1.610104445450003752 ) ) ;
#4990 = CARTESIAN_POINT ( 'NONE',  ( 0.4673404645652688427, 3.020000000000000906, -0.9450893914334836943 ) ) ;
#4991 = CARTESIAN_POINT ( 'NONE',  ( -0.5049224012830606512, 3.000000000000000000, -0.7761373993735664056 ) ) ;
#4992 = ORIENTED_EDGE ( 'NONE', *, *, #5444, .F. ) ;
#4993 = LINE ( 'NONE', #4376, #4854 ) ;
#4994 = EDGE_CURVE ( 'NONE', #272, #4119, #93, .T. ) ;
#4995 = CARTESIAN_POINT ( 'NONE',  ( 0.03108130030042716846, 3.000000000000000444, -1.224932125661505333 ) ) ;
#4996 = CARTESIAN_POINT ( 'NONE',  ( 0.2324047410033726613, 3.020000000000000018, -1.717672766091256298 ) ) ;
#4997 = CARTESIAN_POINT ( 'NONE',  ( -1.878020588612554276, 3.000000000000000000, -2.063407973673387463 ) ) ;
#4998 = EDGE_CURVE ( 'NONE', #5004, #6820, #196, .T. ) ;
#4999 = LINE ( 'NONE', #105, #2525 ) ;
#5000 = STYLED_ITEM ( 'NONE', ( #6131 ), #3501 ) ;
#5001 = CARTESIAN_POINT ( 'NONE',  ( 0.0000000000000000000, 0.0000000000000000000, 0.0000000000000000000 ) ) ;
#5002 = ORIENTED_EDGE ( 'NONE', *, *, #3239, .F. ) ;
#5003 = LINE ( 'NONE', #7052, #902 ) ;
#5004 = VERTEX_POINT ( 'NONE', #2524 ) ;
#5005 = CARTESIAN_POINT ( 'NONE',  ( 3.399999999999998579, -1.250772314175438285E-30, -2.290000000000000480 ) ) ;
#5006 = CARTESIAN_POINT ( 'NONE',  ( -55.74906976069122777, 0.2000000000000000111, -16.03036380780025283 ) ) ;
#5007 = CARTESIAN_POINT ( 'NONE',  ( -0.1986593761242874123, 3.000000000000000888, -0.9842560978625056745 ) ) ;
#5008 = CARTESIAN_POINT ( 'NONE',  ( -1.918150568064052042, 3.020000000000000462, -1.534772667437316329 ) ) ;
#5009 = PRESENTATION_LAYER_ASSIGNMENT (  '', '', ( #1014 ) ) ;
#5010 = ORIENTED_EDGE ( 'NONE', *, *, #5870, .F. ) ;
#5011 = CARTESIAN_POINT ( 'NONE',  ( -0.4364282498549171829, 3.000000000000000444, -1.534772667437316329 ) ) ;
#5012 = ORIENTED_EDGE ( 'NONE', *, *, #1273, .T. ) ;
#5013 = DIRECTION ( 'NONE',  ( -0.0000000000000000000, -1.000000000000000000, -0.0000000000000000000 ) ) ;
#5014 = VECTOR ( 'NONE', #766, 1000.000000000000000 ) ;
#5015 = CARTESIAN_POINT ( 'NONE',  ( -2.231880883045649355, 3.020000000000001350, -0.9792504244827749948 ) ) ;
#5016 = UNCERTAINTY_MEASURE_WITH_UNIT (LENGTH_MEASURE( 1.000000000000000082E-05 ), #1070, 'distance_accuracy_value', 'NONE');
#5017 = CARTESIAN_POINT ( 'NONE',  ( -2.145685196996995892, 3.000000000000000000, -0.8632252606038544052 ) ) ;
#5018 = VECTOR ( 'NONE', #2891, 1000.000000000000000 ) ;
#5019 = SURFACE_SIDE_STYLE ('',( #6166 ) ) ;
#5020 = AXIS2_PLACEMENT_3D ( 'NONE', #7022, #4804, #7056 ) ;
#5021 = EDGE_CURVE ( 'NONE', #6269, #3438, #954, .T. ) ;
#5022 = ORIENTED_EDGE ( 'NONE', *, *, #1629, .T. ) ;
#5023 = CARTESIAN_POINT ( 'NONE',  ( 2.059862266794638241, 3.000000000000000000, -0.7792486312254709446 ) ) ;
#5024 = CARTESIAN_POINT ( 'NONE',  ( -1.446880552966979705, 3.000000000000001776, -1.165628305175144597 ) ) ;
#5025 = CARTESIAN_POINT ( 'NONE',  ( -1.949427069284702441, 3.019999999999999130, -0.7687467679522782538 ) ) ;
#5026 = LINE ( 'NONE', #3870, #581 ) ;
#5027 = STYLED_ITEM ( 'NONE', ( #5519 ), #6085 ) ;
#5028 = CARTESIAN_POINT ( 'NONE',  ( -0.09942977120133594804, 3.000000000000000000, -1.555872507903556468 ) ) ;
#5029 = EDGE_CURVE ( 'NONE', #122, #438, #4712, .T. ) ;
#5030 = FACE_OUTER_BOUND ( 'NONE', #1333, .T. ) ;
#5031 = ORIENTED_EDGE ( 'NONE', *, *, #2186, .T. ) ;
#5032 = CARTESIAN_POINT ( 'NONE',  ( -0.6237014872952384437, 3.020000000000000018, -1.141447420121037171 ) ) ;
#5033 = B_SPLINE_CURVE_WITH_KNOTS ( 'NONE', 3,
 ( #2254, #4435, #6631, #660, #2012, #1913, #3021, #5209, #3091, #844, #2553, #1947, #6352, #5277, #4080, #2479, #3557, #4183, #6385 ),
 .UNSPECIFIED., .F., .F.,
 ( 4, 1, 1, 1, 1, 1, 1, 1, 1, 1, 1, 1, 1, 1, 1, 1, 4 ),
 ( 0.0000000000000000000, 0.07537085109579096109, 0.1503358761237572339, 0.2252900779090946659, 0.3019756111850402935, 0.3776729863361335537, 0.4510033123941088462, 0.5227906109976394600, 0.5956547792065487457, 0.6343964396512066228, 0.6758689473700093542, 0.7207897720536116104, 0.7693020043902744076, 0.8214539220298131550, 0.8774671605108845807, 0.9367565102922555953, 1.000000000000000000 ),
 .UNSPECIFIED. ) ;
#5034 = VECTOR ( 'NONE', #4242, 1000.000000000000000 ) ;
#5035 = CARTESIAN_POINT ( 'NONE',  ( -1.638218510669772643, 3.020000000000000018, -1.044569058784599491 ) ) ;
#5036 = FACE_OUTER_BOUND ( 'NONE', #2084, .T. ) ;
#5037 = DIRECTION ( 'NONE',  ( 0.0000000000000000000, -1.000000000000000000, 0.0000000000000000000 ) ) ;
#5038 = CARTESIAN_POINT ( 'NONE',  ( -55.74906976069122777, 2.360000000000000320, -19.91036380780025539 ) ) ;
#5039 =( GEOMETRIC_REPRESENTATION_CONTEXT ( 3 ) GLOBAL_UNCERTAINTY_ASSIGNED_CONTEXT ( ( #6451 ) ) GLOBAL_UNIT_ASSIGNED_CONTEXT ( ( #2121, #5419, #4625 ) ) REPRESENTATION_CONTEXT ( 'NONE', 'WORKASPACE' ) );
#5040 = CARTESIAN_POINT ( 'NONE',  ( -55.74906976069122777, 1.560000000000000275, -19.91036380780025539 ) ) ;
#5041 = EDGE_CURVE ( 'NONE', #3104, #5601, #6323, .T. ) ;
#5042 = VERTEX_POINT ( 'NONE', #4254 ) ;
#5043 = CARTESIAN_POINT ( 'NONE',  ( -1.677759168096796039, 3.020000000000000462, -1.707754741635870932 ) ) ;
#5044 = ORIENTED_EDGE ( 'NONE', *, *, #5466, .T. ) ;
#5045 = CARTESIAN_POINT ( 'NONE',  ( -1.802259326998676636, 3.019999999999999130, -1.402219522957757869 ) ) ;
#5046 = CARTESIAN_POINT ( 'NONE',  ( -0.4398606538960616597, 3.000000000000000444, -1.534910053988282730 ) ) ;
#5047 = DIRECTION ( 'NONE',  ( -1.000000000000000000, -0.0000000000000000000, -0.0000000000000000000 ) ) ;
#5048 = LINE ( 'NONE', #2395, #6281 ) ;
#5049 = ADVANCED_FACE ( 'NONE', ( #6458 ), #1552, .T. ) ;
#5050 = ORIENTED_EDGE ( 'NONE', *, *, #6658, .F. ) ;
#5051 = CARTESIAN_POINT ( 'NONE',  ( 0.4261012807534146352, 2.999999999999999556, -0.7798017264119558867 ) ) ;
#5052 = ORIENTED_EDGE ( 'NONE', *, *, #2707, .T. ) ;
#5053 = CARTESIAN_POINT ( 'NONE',  ( -0.6189785838019753461, 3.000000000000002220, -1.997923291443938432 ) ) ;
#5054 = PRESENTATION_STYLE_ASSIGNMENT (( #2948 ) ) ;
#5055 = DIRECTION ( 'NONE',  ( 0.0000000000000000000, 0.0000000000000000000, 1.000000000000000000 ) ) ;
#5056 = SURFACE_STYLE_USAGE ( .BOTH. , #3516 ) ;
#5057 = ORIENTED_EDGE ( 'NONE', *, *, #725, .T. ) ;
#5058 = SURFACE_SIDE_STYLE ('',( #5608 ) ) ;
#5059 = CARTESIAN_POINT ( 'NONE',  ( -1.634691518408449840, 3.000000000000001776, -1.465957174887511094 ) ) ;
#5060 =( LENGTH_UNIT ( ) NAMED_UNIT ( * ) SI_UNIT ( .MILLI., .METRE. ) );
#5061 = CARTESIAN_POINT ( 'NONE',  ( -1.913892451140055684, 2.999999999999999556, -2.062787849101242355 ) ) ;
#5062 = VECTOR ( 'NONE', #452, 1000.000000000000000 ) ;
#5063 = CARTESIAN_POINT ( 'NONE',  ( 0.4284692833524751387, 3.019999999999999574, -0.9876083456427207086 ) ) ;
#5064 = CARTESIAN_POINT ( 'NONE',  ( 3.599999999999999645, 3.000000000000000000, -2.900000000000000355 ) ) ;
#5065 = CARTESIAN_POINT ( 'NONE',  ( -0.2209966292413470812, 3.000000000000000888, -0.7914466682654155427 ) ) ;
#5066 = ORIENTED_EDGE ( 'NONE', *, *, #863, .T. ) ;
#5067 = PRESENTATION_STYLE_ASSIGNMENT (( #3944 ) ) ;
#5068 = CARTESIAN_POINT ( 'NONE',  ( -1.650037964278049829, 3.000000000000000000, -1.023282998499520646 ) ) ;
#5069 = FACE_OUTER_BOUND ( 'NONE', #6545, .T. ) ;
#5070 = CARTESIAN_POINT ( 'NONE',  ( -1.831920367632432267, 2.999999999999999112, -1.912176249954232299 ) ) ;
#5071 = COLOUR_RGB ( '',1.000000000000000000, 1.000000000000000000, 1.000000000000000000 ) ;
#5072 = CARTESIAN_POINT ( 'NONE',  ( -0.3962982704034199166, 3.020000000000000018, -2.063407973673387463 ) ) ;
#5073 = ORIENTED_EDGE ( 'NONE', *, *, #3925, .F. ) ;
#5074 = VERTEX_POINT ( 'NONE', #1618 ) ;
#5075 = DIRECTION ( 'NONE',  ( -1.000000000000000000, 0.0000000000000000000, 0.0000000000000000000 ) ) ;
#5076 = ORIENTED_EDGE ( 'NONE', *, *, #5234, .F. ) ;
#5077 = DIRECTION ( 'NONE',  ( -1.000000000000000000, 0.0000000000000000000, 0.0000000000000000000 ) ) ;
#5078 = CARTESIAN_POINT ( 'NONE',  ( -0.4292104581174822631, 3.020000000000000462, -0.9139284779254963631 ) ) ;
#5079 = VECTOR ( 'NONE', #1651, 1000.000000000000000 ) ;
#5080 = DIRECTION ( 'NONE',  ( -0.1138384583614900220, 0.0000000000000000000, 0.9934992729729998917 ) ) ;
#5081 = EDGE_CURVE ( 'NONE', #729, #588, #1119, .T. ) ;
#5082 = CARTESIAN_POINT ( 'NONE',  ( -2.035662126050466370, 3.000000000000000444, -0.9796307649470453738 ) ) ;
#5083 = CARTESIAN_POINT ( 'NONE',  ( -0.05605827846798371733, 3.019999999999999574, -1.860838463836622880 ) ) ;
#5084 = STYLED_ITEM ( 'NONE', ( #3144 ), #2090 ) ;
#5085 = B_SPLINE_CURVE_WITH_KNOTS ( 'NONE', 3,
 ( #6134, #174, #1773, #2337, #4560, #1270, #1309, #3975, #2263, #3443, #256, #1344, #3941, #3407, #4601, #5644, #6783, #5102, #212 ),
 .UNSPECIFIED., .F., .F.,
 ( 4, 1, 1, 1, 1, 1, 1, 1, 1, 1, 1, 1, 1, 1, 1, 1, 4 ),
 ( 0.0000000000000000000, 0.06946111841118056407, 0.1356576792112466068, 0.1996202009683162581, 0.2616514289943390192, 0.3220529346075968746, 0.3823401897046099784, 0.4432232029819940244, 0.5049299582480402115, 0.5668204626337187690, 0.6276001402177070476, 0.6874756430229489457, 0.7473511458281907327, 0.8081741791096781480, 0.8701334489244721970, 0.9337207833931580048, 1.000000000000000000 ),
 .UNSPECIFIED. ) ;
#5086 = ORIENTED_EDGE ( 'NONE', *, *, #3546, .F. ) ;
#5087 = CARTESIAN_POINT ( 'NONE',  ( -1.663321079935717428, 3.000000000000001332, -1.321111070178176083 ) ) ;
#5088 = ORIENTED_EDGE ( 'NONE', *, *, #3775, .F. ) ;
#5089 = ADVANCED_FACE ( 'NONE', ( #5528 ), #3129, .T. ) ;
#5090 = FILL_AREA_STYLE_COLOUR ( '', #3759 ) ;
#5091 = CARTESIAN_POINT ( 'NONE',  ( -3.599999999999999645, 0.0000000000000000000, 3.399999999999999911 ) ) ;
#5092 = CARTESIAN_POINT ( 'NONE',  ( -1.828318792775404322, 3.000000000000000888, -2.061796266670198108 ) ) ;
#5093 = CARTESIAN_POINT ( 'NONE',  ( -1.199926833265457349, 3.020000000000000018, -0.9438844443598192191 ) ) ;
#5094 = UNCERTAINTY_MEASURE_WITH_UNIT (LENGTH_MEASURE( 1.000000000000000082E-05 ), #4238, 'distance_accuracy_value', 'NONE');
#5095 = CARTESIAN_POINT ( 'NONE',  ( 0.3993003115827673533, 3.020000000000001350, -1.105856693643484601 ) ) ;
#5096 = AXIS2_PLACEMENT_3D ( 'NONE', #6608, #3272, #5474 ) ;
#5097 = ORIENTED_EDGE ( 'NONE', *, *, #3284, .F. ) ;
#5098 = CARTESIAN_POINT ( 'NONE',  ( 0.0000000000000000000, 0.0000000000000000000, 0.0000000000000000000 ) ) ;
#5099 = CARTESIAN_POINT ( 'NONE',  ( -1.565885932216751320, 3.019999999999999574, -1.427546764598112805 ) ) ;
#5100 = CARTESIAN_POINT ( 'NONE',  ( -0.1337977100993564816, 3.020000000000000462, -1.114844987330205983 ) ) ;
#5101 = DIRECTION ( 'NONE',  ( -7.902483030738067455E-32, 1.000000000000000000, -6.195440985631453345E-16 ) ) ;
#5102 = CARTESIAN_POINT ( 'NONE',  ( -1.611680494745935777, 2.999999999999999556, -1.157984966513125435 ) ) ;
#5103 = CARTESIAN_POINT ( 'NONE',  ( -0.6057991051010478412, 3.000000000000000888, -1.725668353927709786 ) ) ;
#5104 = CARTESIAN_POINT ( 'NONE',  ( -0.1486605394898799504, 3.000000000000000888, -0.8281084377046471490 ) ) ;
#5105 = ORIENTED_EDGE ( 'NONE', *, *, #417, .T. ) ;
#5106 = CARTESIAN_POINT ( 'NONE',  ( -0.2795994149715619881, 3.000000000000000888, -1.886070645818263447 ) ) ;
#5107 = FILL_AREA_STYLE ('',( #1317 ) ) ;
#5108 = CARTESIAN_POINT ( 'NONE',  ( -1.872875719452105958, 3.020000000000000018, -1.915235741852474138 ) ) ;
#5109 = CARTESIAN_POINT ( 'NONE',  ( -0.2982058286670728475, 3.020000000000000462, -2.053311126813548437 ) ) ;
#5110 = ORIENTED_EDGE ( 'NONE', *, *, #2669, .F. ) ;
#5111 = CARTESIAN_POINT ( 'NONE',  ( 0.9897294814213749570, 3.020000000000000018, -0.7792486312254709446 ) ) ;
#5112 = ORIENTED_EDGE ( 'NONE', *, *, #6652, .F. ) ;
#5113 = CARTESIAN_POINT ( 'NONE',  ( -1.677370691355067445, 3.020000000000000018, -1.731563912824466867 ) ) ;
#5114 = VERTEX_POINT ( 'NONE', #2404 ) ;
#5115 = DIRECTION ( 'NONE',  ( 0.0000000000000000000, -0.0000000000000000000, -1.000000000000000000 ) ) ;
#5116 = LINE ( 'NONE', #5846, #6278 ) ;
#5117 = EDGE_CURVE ( 'NONE', #5074, #2139, #5127, .T. ) ;
#5118 = CARTESIAN_POINT ( 'NONE',  ( -0.2337147877373208227, 3.020000000000000018, -1.368066662903413722 ) ) ;
#5119 = CARTESIAN_POINT ( 'NONE',  ( 3.600000000000001421, 0.0000000000000000000, -1.590000000000000302 ) ) ;
#5120 = LINE ( 'NONE', #3892, #1937 ) ;
#5121 = CARTESIAN_POINT ( 'NONE',  ( -0.03155855312498864751, 3.000000000000001776, -1.751069074099343537 ) ) ;
#5122 = EDGE_CURVE ( 'NONE', #5599, #3495, #5710, .T. ) ;
#5123 = ORIENTED_EDGE ( 'NONE', *, *, #1808, .T. ) ;
#5124 = CARTESIAN_POINT ( 'NONE',  ( -1.802259326998676636, 3.019999999999999130, -1.402219522957757869 ) ) ;
#5125 = ORIENTED_EDGE ( 'NONE', *, *, #1189, .T. ) ;
#5126 =( NAMED_UNIT ( * ) PLANE_ANGLE_UNIT ( ) SI_UNIT ( $, .RADIAN. ) );
#5127 = LINE ( 'NONE', #5091, #5718 ) ;
#5128 = MECHANICAL_DESIGN_GEOMETRIC_PRESENTATION_REPRESENTATION (  '', ( #1122 ), #6038 ) ;
#5129 = LINE ( 'NONE', #6163, #4914 ) ;
#5130 = EDGE_CURVE ( 'NONE', #5995, #1463, #3931, .T. ) ;
#5131 = CARTESIAN_POINT ( 'NONE',  ( 0.5840565481200197251, 2.999999999999999556, -0.9109572817329495420 ) ) ;
#5132 = VERTEX_POINT ( 'NONE', #6196 ) ;
#5133 = VECTOR ( 'NONE', #5384, 1000.000000000000000 ) ;
#5134 = ADVANCED_FACE ( 'NONE', ( #1299 ), #4589, .T. ) ;
#5135 = CARTESIAN_POINT ( 'NONE',  ( -1.826081205314979528, 3.000000000000000000, -0.7637833990548450469 ) ) ;
#5136 = STYLED_ITEM ( 'NONE', ( #5346 ), #4368 ) ;
#5137 = CARTESIAN_POINT ( 'NONE',  ( -1.565885932216751320, 3.000000000000001332, -1.427546764598112805 ) ) ;
#5138 = CARTESIAN_POINT ( 'NONE',  ( -0.1564961924606383115, 3.020000000000000018, -1.044569058784599269 ) ) ;
#5139 = CARTESIAN_POINT ( 'NONE',  ( -1.878020588612554276, 3.020000000000000018, -2.063407973673387463 ) ) ;
#5140 = B_SPLINE_CURVE_WITH_KNOTS ( 'NONE', 3,
 ( #6171, #6099, #1196, #5025, #1268, #2371, #2841, #4224, #4779, #3665, #6998, #6356, #4749, #357, #6429, #1986, #1517, #3627, #4188 ),
 .UNSPECIFIED., .F., .F.,
 ( 4, 1, 1, 1, 1, 1, 1, 1, 1, 1, 1, 1, 1, 1, 1, 1, 4 ),
 ( 0.0000000000000000000, 0.06779439940133707987, 0.1334641369291914292, 0.1969337335573704828, 0.2584806216111270039, 0.3197865376803740722, 0.3804313677831002161, 0.4409901724489913577, 0.5028674288973123963, 0.5648063393097808582, 0.6255263416925385123, 0.6856036068581818910, 0.7460408460006126008, 0.8073467620698591141, 0.8697170363588136999, 0.9337895409055554374, 1.000000000000000000 ),
 .UNSPECIFIED. ) ;
#5141 = PRESENTATION_LAYER_ASSIGNMENT (  '', '', ( #2507 ) ) ;
#5142 = DIRECTION ( 'NONE',  ( 0.0000000000000000000, 0.0000000000000000000, -1.000000000000000000 ) ) ;
#5143 = MECHANICAL_DESIGN_GEOMETRIC_PRESENTATION_REPRESENTATION (  '', ( #4436 ), #5487 ) ;
#5144 = CARTESIAN_POINT ( 'NONE',  ( -54.37906976069123033, 0.0000000000000000000, -19.21036380780025254 ) ) ;
#5145 = VERTEX_POINT ( 'NONE', #6161 ) ;
#5146 =( NAMED_UNIT ( * ) SI_UNIT ( $, .STERADIAN. ) SOLID_ANGLE_UNIT ( ) );
#5147 = CARTESIAN_POINT ( 'NONE',  ( -54.37906976069123033, 0.2000000000000000111, -19.21036380780025254 ) ) ;
#5148 = LINE ( 'NONE', #142, #1783 ) ;
#5149 = VECTOR ( 'NONE', #2053, 1000.000000000000000 ) ;
#5150 = CARTESIAN_POINT ( 'NONE',  ( 3.400000000000000799, 2.160000000000000142, -2.290000000000000480 ) ) ;
#5151 = CARTESIAN_POINT ( 'NONE',  ( -0.07586269809085945115, 3.020000000000000462, -1.899480994951179946 ) ) ;
#5152 = ORIENTED_EDGE ( 'NONE', *, *, #1443, .T. ) ;
#5153 = VECTOR ( 'NONE', #59, 1000.000000000000000 ) ;
#5154 = CARTESIAN_POINT ( 'NONE',  ( -3.600000000000000533, 0.2000000000000000111, 1.589999999999999858 ) ) ;
#5155 = ORIENTED_EDGE ( 'NONE', *, *, #1104, .T. ) ;
#5156 = CARTESIAN_POINT ( 'NONE',  ( 0.8250936682870266825, 3.020000000000000018, -1.717672766091256298 ) ) ;
#5157 =( REPRESENTATION_RELATIONSHIP ('NONE','NONE', #5166, #3950 ) REPRESENTATION_RELATIONSHIP_WITH_TRANSFORMATION ( #1858 )SHAPE_REPRESENTATION_RELATIONSHIP( ) );
#5158 = VERTEX_POINT ( 'NONE', #1224 ) ;
#5159 = DIRECTION ( 'NONE',  ( -0.0000000000000000000, -1.000000000000000000, -0.0000000000000000000 ) ) ;
#5160 = LINE ( 'NONE', #2432, #4089 ) ;
#5161 = CARTESIAN_POINT ( 'NONE',  ( -0.1957801903727988402, 2.999999999999999556, -1.723485027828418392 ) ) ;
#5162 = PRESENTATION_LAYER_ASSIGNMENT (  '', '', ( #10 ) ) ;
#5163 =( NAMED_UNIT ( * ) PLANE_ANGLE_UNIT ( ) SI_UNIT ( $, .RADIAN. ) );
#5164 = ORIENTED_EDGE ( 'NONE', *, *, #5870, .T. ) ;
#5165 = CARTESIAN_POINT ( 'NONE',  ( -1.735369524005142328, 3.020000000000001350, -1.379807217455032209 ) ) ;
#5166 = SHAPE_REPRESENTATION ( 'User Library-IHLP', ( #2413, #705, #2065, #377 ), #4330 ) ;
#5167 =( NAMED_UNIT ( * ) SI_UNIT ( $, .STERADIAN. ) SOLID_ANGLE_UNIT ( ) );
#5168 = CARTESIAN_POINT ( 'NONE',  ( -2.194608622693443145, 3.000000000000001776, -0.9174277886334085697 ) ) ;
#5169 = FACE_OUTER_BOUND ( 'NONE', #4745, .T. ) ;
#5170 = DIRECTION ( 'NONE',  ( -1.000000000000000000, -0.0000000000000000000, 1.275531967630005245E-16 ) ) ;
#5171 = UNCERTAINTY_MEASURE_WITH_UNIT (LENGTH_MEASURE( 1.000000000000000082E-05 ), #5673, 'distance_accuracy_value', 'NONE');
#5172 = FACE_OUTER_BOUND ( 'NONE', #1786, .T. ) ;
#5173 = CARTESIAN_POINT ( 'NONE',  ( -1.513288406080768089, 3.020000000000000462, -1.723634456796558023 ) ) ;
#5174 = VERTEX_POINT ( 'NONE', #2440 ) ;
#5175 = CARTESIAN_POINT ( 'NONE',  ( -0.2061953549248518314, 3.020000000000000018, -1.482295002000742601 ) ) ;
#5176 = SURFACE_STYLE_USAGE ( .BOTH. , #703 ) ;
#5177 = CARTESIAN_POINT ( 'NONE',  ( -0.3735595324893458136, 3.000000000000000888, -0.9110907622462384170 ) ) ;
#5178 = CARTESIAN_POINT ( 'NONE',  ( -1.677370691355067445, 2.999999999999999556, -1.731563912824466867 ) ) ;
#5179 = EDGE_CURVE ( 'NONE', #1463, #5252, #3001, .T. ) ;
#5180 = CARTESIAN_POINT ( 'NONE',  ( -0.5005364397142632038, 3.020000000000001350, -2.051979699773587296 ) ) ;
#5181 = FACE_OUTER_BOUND ( 'NONE', #475, .T. ) ;
#5182 = DIRECTION ( 'NONE',  ( 0.9950371902099890420, 0.0000000000000000000, -0.09950371902099917898 ) ) ;
#5183 = EDGE_LOOP ( 'NONE', ( #3322, #6640, #1266, #2130 ) ) ;
#5184 = LINE ( 'NONE', #3487, #1318 ) ;
#5185 = CARTESIAN_POINT ( 'NONE',  ( -0.2089675462711467480, 3.019999999999998685, -1.804228030044987774 ) ) ;
#5186 =( NAMED_UNIT ( * ) SI_UNIT ( $, .STERADIAN. ) SOLID_ANGLE_UNIT ( ) );
#5187 = EDGE_CURVE ( 'NONE', #2802, #6295, #878, .T. ) ;
#5188 = PLANE ( 'NONE',  #4680 ) ;
#5189 = EDGE_CURVE ( 'NONE', #6727, #1386, #3587, .T. ) ;
#5190 = CARTESIAN_POINT ( 'NONE',  ( -0.001072484142330330315, 2.999999999999998668, -1.329034521154249360 ) ) ;
#5191 = VECTOR ( 'NONE', #1660, 1000.000000000000000 ) ;
#5192 = AXIS2_PLACEMENT_3D ( 'NONE', #3483, #2338, #4522 ) ;
#5193 = CARTESIAN_POINT ( 'NONE',  ( -55.34906976069122919, 1.560000000000000275, -19.91036380780025539 ) ) ;
#5194 = ORIENTED_EDGE ( 'NONE', *, *, #3604, .T. ) ;
#5195 = CARTESIAN_POINT ( 'NONE',  ( -1.681649649159886462, 3.019999999999999574, -1.685043697489152059 ) ) ;
#5196 = ORIENTED_EDGE ( 'NONE', *, *, #2632, .T. ) ;
#5197 = CARTESIAN_POINT ( 'NONE',  ( -1.778835198370164017, 3.020000000000000906, -1.396811617065947031 ) ) ;
#5198 = DIRECTION ( 'NONE',  ( 1.000000000000000000, -0.0000000000000000000, -3.188829919075012374E-16 ) ) ;
#5199 = CARTESIAN_POINT ( 'NONE',  ( -3.600000000000000533, 0.2000000000000000111, 1.589999999999999858 ) ) ;
#5200 = LINE ( 'NONE', #316, #118 ) ;
#5201 = CARTESIAN_POINT ( 'NONE',  ( 0.8250936682870266825, 3.000000000000000000, -0.7792486312254709446 ) ) ;
#5202 = ORIENTED_EDGE ( 'NONE', *, *, #2213, .T. ) ;
#5203 = CARTESIAN_POINT ( 'NONE',  ( -1.620602870220630098, 3.020000000000000018, -1.239604617066078607 ) ) ;
#5204 = CARTESIAN_POINT ( 'NONE',  ( -1.831920367632432267, 2.999999999999999112, -1.912176249954232299 ) ) ;
#5205 =( NAMED_UNIT ( * ) PLANE_ANGLE_UNIT ( ) SI_UNIT ( $, .RADIAN. ) );
#5206 = CARTESIAN_POINT ( 'NONE',  ( -1.705570597113654552, 3.020000000000000462, -1.626034491164713769 ) ) ;
#5207 = CARTESIAN_POINT ( 'NONE',  ( -1.513280871334123256, 3.000000000000000444, -1.751069074099343315 ) ) ;
#5208 = CARTESIAN_POINT ( 'NONE',  ( -0.3735595324893458136, 3.019999999999999574, -0.9110907622462384170 ) ) ;
#5209 = CARTESIAN_POINT ( 'NONE',  ( 0.7665957868548317622, 3.019999999999999574, -0.9885310998577181429 ) ) ;
#5210 = COLOUR_RGB ( '',1.000000000000000000, 1.000000000000000000, 1.000000000000000000 ) ;
#5211 = ORIENTED_EDGE ( 'NONE', *, *, #4598, .F. ) ;
#5212 = CARTESIAN_POINT ( 'NONE',  ( -0.3911534012429715435, 3.020000000000000018, -1.915235741852474138 ) ) ;
#5213 = CARTESIAN_POINT ( 'NONE',  ( -1.782907943783439864, 3.020000000000000462, -0.7692340927347679491 ) ) ;
#5214 = CARTESIAN_POINT ( 'NONE',  ( 3.399999999999999911, 0.2000000000000000111, -1.590000000000000302 ) ) ;
#5215 = VECTOR ( 'NONE', #2622, 1000.000000000000000 ) ;
#5216 = CARTESIAN_POINT ( 'NONE',  ( -0.6899881018327639337, 3.020000000000000906, -1.929905493478005774 ) ) ;
#5217 = CARTESIAN_POINT ( 'NONE',  ( 0.8060998283484014371, 3.020000000000000462, -1.061782395318177752 ) ) ;
#5218 = CARTESIAN_POINT ( 'NONE',  ( 2.330000000000001403, 0.0000000000000000000, 1.589999999999999858 ) ) ;
#5219 = ADVANCED_FACE ( 'NONE', ( #6449 ), #3551, .T. ) ;
#5220 = ORIENTED_EDGE ( 'NONE', *, *, #495, .T. ) ;
#5221 = PLANE ( 'NONE',  #3930 ) ;
#5222 = CARTESIAN_POINT ( 'NONE',  ( -0.7128863044843075647, 3.000000000000000888, -0.9174277886334082366 ) ) ;
#5223 =( NAMED_UNIT ( * ) SI_UNIT ( $, .STERADIAN. ) SOLID_ANGLE_UNIT ( ) );
#5224 = PRESENTATION_STYLE_ASSIGNMENT (( #3038 ) ) ;
#5225 = SURFACE_STYLE_USAGE ( .BOTH. , #5871 ) ;
#5226 = ORIENTED_EDGE ( 'NONE', *, *, #2470, .F. ) ;
#5227 = DIRECTION ( 'NONE',  ( 0.0000000000000000000, 0.0000000000000000000, 1.000000000000000000 ) ) ;
#5228 = EDGE_CURVE ( 'NONE', #6335, #845, #5465, .T. ) ;
#5229 = ORIENTED_EDGE ( 'NONE', *, *, #183, .F. ) ;
#5230 = CARTESIAN_POINT ( 'NONE',  ( -2.006030402552109848, 3.020000000000000462, -0.9521007689923015604 ) ) ;
#5231 = ORIENTED_EDGE ( 'NONE', *, *, #5400, .F. ) ;
#5232 = CARTESIAN_POINT ( 'NONE',  ( 3.600000000000001421, 2.149999999999999911, -2.290000000000000480 ) ) ;
#5233 = DIRECTION ( 'NONE',  ( -0.0000000000000000000, -0.0000000000000000000, -1.000000000000000000 ) ) ;
#5234 = EDGE_CURVE ( 'NONE', #2310, #122, #4502, .T. ) ;
#5235 = PRODUCT_DEFINITION ( 'UNKNOWN', '', #1391, #5821 ) ;
#5236 = LINE ( 'NONE', #342, #3401 ) ;
#5237 = CARTESIAN_POINT ( 'NONE',  ( 0.2324518338096122072, 3.020000000000000018, -1.123436598778318807 ) ) ;
#5238 = VERTEX_POINT ( 'NONE', #277 ) ;
#5239 = CARTESIAN_POINT ( 'NONE',  ( -1.612086657879786999, 3.000000000000000888, -1.192037697719342537 ) ) ;
#5240 = DIRECTION ( 'NONE',  ( 0.0000000000000000000, -0.0000000000000000000, -1.000000000000000000 ) ) ;
#5241 = CARTESIAN_POINT ( 'NONE',  ( 0.7989687984520181807, 3.000000000000000888, -0.8929262724843423094 ) ) ;
#5242 = CARTESIAN_POINT ( 'NONE',  ( -1.864643928795388428, 3.020000000000000018, -0.9109572817329495420 ) ) ;
#5243 = DIRECTION ( 'NONE',  ( 1.000000000000000000, 0.0000000000000000000, 0.0000000000000000000 ) ) ;
#5244 = FACE_OUTER_BOUND ( 'NONE', #3074, .T. ) ;
#5245 = VERTEX_POINT ( 'NONE', #117 ) ;
#5246 = CARTESIAN_POINT ( 'NONE',  ( -1.471721013156102043, 3.000000000000000888, -1.305032025826435182 ) ) ;
#5247 = FILL_AREA_STYLE ('',( #5797 ) ) ;
#5248 = VECTOR ( 'NONE', #2052, 1000.000000000000000 ) ;
#5249 = CARTESIAN_POINT ( 'NONE',  ( -0.4670730662265412669, 3.020000000000000018, -2.058426746749671299 ) ) ;
#5250 = CARTESIAN_POINT ( 'NONE',  ( 0.8238318979750564042, 2.999999999999999112, -1.169963128733397584 ) ) ;
#5251 = PRESENTATION_STYLE_ASSIGNMENT (( #6326 ) ) ;
#5252 = VERTEX_POINT ( 'NONE', #6154 ) ;
#5253 = SURFACE_SIDE_STYLE ('',( #673 ) ) ;
#5254 = CARTESIAN_POINT ( 'NONE',  ( -0.6056899898030867480, 3.020000000000000906, -0.8192007842939864615 ) ) ;
#5255 = FILL_AREA_STYLE_COLOUR ( '', #1233 ) ;
#5256 =( GEOMETRIC_REPRESENTATION_CONTEXT ( 3 ) GLOBAL_UNCERTAINTY_ASSIGNED_CONTEXT ( ( #6735 ) ) GLOBAL_UNIT_ASSIGNED_CONTEXT ( ( #3946, #3732, #6364 ) ) REPRESENTATION_CONTEXT ( 'NONE', 'WORKASPACE' ) );
#5257 = CARTESIAN_POINT ( 'NONE',  ( 0.8250936682870266825, 3.000000000000000000, -0.9325657322068328092 ) ) ;
#5258 = EDGE_LOOP ( 'NONE', ( #3505, #7062, #2207, #6212, #2340 ) ) ;
#5259 = CARTESIAN_POINT ( 'NONE',  ( 0.5009321752572393205, 3.020000000000000018, -0.7639810398096320565 ) ) ;
#5260 = ORIENTED_EDGE ( 'NONE', *, *, #5669, .T. ) ;
#5261 = DIRECTION ( 'NONE',  ( -1.000000000000000000, 0.0000000000000000000, 0.0000000000000000000 ) ) ;
#5262 = COLOUR_RGB ( '',0.9686274509803921573, 0.8784313725490195957, 0.5999999999999999778 ) ;
#5263 = PLANE ( 'NONE',  #104 ) ;
#5264 = FACE_OUTER_BOUND ( 'NONE', #6937, .T. ) ;
#5265 = CARTESIAN_POINT ( 'NONE',  ( -1.035291020131108963, 3.000000000000000000, -0.7792486312254709446 ) ) ;
#5266 = EDGE_CURVE ( 'NONE', #2823, #3547, #5048, .T. ) ;
#5267 = VECTOR ( 'NONE', #2383, 1000.000000000000000 ) ;
#5268 = CARTESIAN_POINT ( 'NONE',  ( -1.537780596677118083, 2.999999999999999112, -1.860838463836623102 ) ) ;
#5269 = VERTEX_POINT ( 'NONE', #2434 ) ;
#5270 = CARTESIAN_POINT ( 'NONE',  ( 0.5206112203400161675, 2.999999999999999112, -0.9187407103010203357 ) ) ;
#5271 = DIRECTION ( 'NONE',  ( 0.0000000000000000000, 0.0000000000000000000, -1.000000000000000000 ) ) ;
#5272 = SURFACE_STYLE_USAGE ( .BOTH. , #3088 ) ;
#5273 = CARTESIAN_POINT ( 'NONE',  ( 2.059862266794638241, 3.020000000000000018, -1.536573371643473296 ) ) ;
#5274 = CARTESIAN_POINT ( 'NONE',  ( -0.1960079588193131550, 3.019999999999999574, -1.750851709550556912 ) ) ;
#5275 = EDGE_CURVE ( 'NONE', #1186, #2907, #6622, .T. ) ;
#5276 = PLANE ( 'NONE',  #2193 ) ;
#5277 = CARTESIAN_POINT ( 'NONE',  ( 0.8192547693391107888, 3.020000000000000462, -1.121376640051062523 ) ) ;
#5278 = CARTESIAN_POINT ( 'NONE',  ( -0.6004579745152337500, 3.000000000000000888, -1.059539937681451827 ) ) ;
#5279 = ORIENTED_EDGE ( 'NONE', *, *, #2067, .T. ) ;
#5280 = DIRECTION ( 'NONE',  ( -1.000000000000000000, -0.0000000000000000000, 1.275531967630005245E-16 ) ) ;
#5281 = CARTESIAN_POINT ( 'NONE',  ( -0.2971128801610283809, 2.999999999999999556, -1.396811617065946587 ) ) ;
#5282 = DIRECTION ( 'NONE',  ( -0.0000000000000000000, -0.0000000000000000000, -1.000000000000000000 ) ) ;
#5283 = CARTESIAN_POINT ( 'NONE',  ( -0.4321701329309213802, 3.020000000000000906, -2.062787849101243243 ) ) ;
#5284 =( LENGTH_UNIT ( ) NAMED_UNIT ( * ) SI_UNIT ( .MILLI., .METRE. ) );
#5285 = FILL_AREA_STYLE ('',( #6249 ) ) ;
#5286 = EDGE_LOOP ( 'NONE', ( #3373, #1465, #2312, #1080 ) ) ;
#5287 = CARTESIAN_POINT ( 'NONE',  ( -2.330000000000000515, 0.2000000000000000111, 1.589999999999999858 ) ) ;
#5288 = FACE_OUTER_BOUND ( 'NONE', #5866, .T. ) ;
#5289 =( NAMED_UNIT ( * ) SI_UNIT ( $, .STERADIAN. ) SOLID_ANGLE_UNIT ( ) );
#5290 = CARTESIAN_POINT ( 'NONE',  ( 0.0000000000000000000, 0.0000000000000000000, -19.91036380780025539 ) ) ;
#5291 = EDGE_LOOP ( 'NONE', ( #4318, #4723, #550, #5842, #6646, #47 ) ) ;
#5292 = VECTOR ( 'NONE', #4268, 1000.000000000000000 ) ;
#5293 = ORIENTED_EDGE ( 'NONE', *, *, #4016, .T. ) ;
#5294 = CARTESIAN_POINT ( 'NONE',  ( -0.1299849339599210007, 3.020000000000000906, -1.527427375831621914 ) ) ;
#5295 = CARTESIAN_POINT ( 'NONE',  ( -0.7883373004295866071, 3.000000000000000000, -1.124983838807602332 ) ) ;
#5296 = CARTESIAN_POINT ( 'NONE',  ( -1.696496707064867326, 2.999999999999999556, -1.354462825955624616 ) ) ;
#5297 = DIRECTION ( 'NONE',  ( -0.0000000000000000000, -1.000000000000000000, -0.0000000000000000000 ) ) ;
#5298 = STYLED_ITEM ( 'NONE', ( #332 ), #849 ) ;
#5299 = FACE_OUTER_BOUND ( 'NONE', #5840, .T. ) ;
#5300 = ORIENTED_EDGE ( 'NONE', *, *, #6562, .T. ) ;
#5301 = SURFACE_STYLE_USAGE ( .BOTH. , #2648 ) ;
#5302 = EDGE_CURVE ( 'NONE', #6715, #1386, #5120, .T. ) ;
#5303 = LINE ( 'NONE', #4181, #1360 ) ;
#5304 = DIRECTION ( 'NONE',  ( -1.000000000000000000, -0.0000000000000000000, 1.275531967630005245E-16 ) ) ;
#5305 =( GEOMETRIC_REPRESENTATION_CONTEXT ( 3 ) GLOBAL_UNCERTAINTY_ASSIGNED_CONTEXT ( ( #4292 ) ) GLOBAL_UNIT_ASSIGNED_CONTEXT ( ( #412, #4279, #3086 ) ) REPRESENTATION_CONTEXT ( 'NONE', 'WORKASPACE' ) );
#5306 = CARTESIAN_POINT ( 'NONE',  ( 0.4057222058325298253, 3.019999999999999574, -1.046599961874100648 ) ) ;
#5307 = CARTESIAN_POINT ( 'NONE',  ( 3.600000000000001421, 0.2000000000000000111, 1.590000000000000080 ) ) ;
#5308 = CARTESIAN_POINT ( 'NONE',  ( -0.3829216105862539021, 3.020000000000000018, -0.9109572817329495420 ) ) ;
#5309 = EDGE_CURVE ( 'NONE', #536, #3438, #6087, .T. ) ;
#5310 = ORIENTED_EDGE ( 'NONE', *, *, #6266, .F. ) ;
#5311 = LINE ( 'NONE', #1484, #317 ) ;
#5312 = CARTESIAN_POINT ( 'NONE',  ( -0.1974668901743991400, 3.000000000000000444, -1.338470141058727414 ) ) ;
#5313 = PRESENTATION_LAYER_ASSIGNMENT (  '', '', ( #1310 ) ) ;
#5314 = CARTESIAN_POINT ( 'NONE',  ( 3.600000000000000089, 1.360000000000000098, -1.591797999708434164 ) ) ;
#5315 = ADVANCED_FACE ( 'NONE', ( #5559 ), #652, .T. ) ;
#5316 = ADVANCED_FACE ( 'NONE', ( #5813 ), #2578, .F. ) ;
#5317 = CARTESIAN_POINT ( 'NONE',  ( -1.929245225112653728, 3.020000000000000906, -1.396263457214643067 ) ) ;
#5318 = CARTESIAN_POINT ( 'NONE',  ( 0.5840565481200197251, 2.999999999999999556, -0.9109572817329495420 ) ) ;
#5319 = CARTESIAN_POINT ( 'NONE',  ( 0.8250936682870266825, 2.999999999999999112, -1.224794300520300805 ) ) ;
#5320 = VECTOR ( 'NONE', #6204, 1000.000000000000000 ) ;
#5321 = ORIENTED_EDGE ( 'NONE', *, *, #3198, .T. ) ;
#5322 = CARTESIAN_POINT ( 'NONE',  ( 3.100000000000001421, 3.000000000000000000, -2.290000000000000480 ) ) ;
#5323 = CARTESIAN_POINT ( 'NONE',  ( 1.253146782436332041, 3.000000000000000000, -2.063407973673387463 ) ) ;
#5324 = CARTESIAN_POINT ( 'NONE',  ( -0.4212872070475179309, 3.000000000000001332, -1.535350746615559370 ) ) ;
#5325 = CARTESIAN_POINT ( 'NONE',  ( -2.105423805504372581, 3.000000000000002220, -1.141447420121037171 ) ) ;
#5326 = FILL_AREA_STYLE ('',( #893 ) ) ;
#5327 = ORIENTED_EDGE ( 'NONE', *, *, #4791, .T. ) ;
#5328 = CARTESIAN_POINT ( 'NONE',  ( 0.4629144379006353560, 3.020000000000000018, -0.7701276156296047448 ) ) ;
#5329 = EDGE_LOOP ( 'NONE', ( #759, #4374, #3454, #4409 ) ) ;
#5330 = CARTESIAN_POINT ( 'NONE',  ( -3.399999999999999911, 1.351261177893192666, -1.590000000000000302 ) ) ;
#5331 = CARTESIAN_POINT ( 'NONE',  ( -0.03156608787163357049, 3.020000000000000018, -1.723634456796557579 ) ) ;
#5332 = SURFACE_STYLE_FILL_AREA ( #1031 ) ;
#5333 = DIRECTION ( 'NONE',  ( 1.000000000000000000, 0.0000000000000000000, 0.0000000000000000000 ) ) ;
#5334 = CARTESIAN_POINT ( 'NONE',  ( -1.512734878220719281, 3.000000000000000000, -1.736966025442937545 ) ) ;
#5335 = EDGE_CURVE ( 'NONE', #2293, #2761, #3582, .T. ) ;
#5336 = VERTEX_POINT ( 'NONE', #3048 ) ;
#5337 = CARTESIAN_POINT ( 'NONE',  ( 0.5729652133106418743, 3.000000000000000000, -0.9114160198587855088 ) ) ;
#5338 = CARTESIAN_POINT ( 'NONE',  ( 0.3970405541377209357, 3.020000000000000018, -1.717672766091256298 ) ) ;
#5339 = CARTESIAN_POINT ( 'NONE',  ( -0.2795994149715619881, 2.999999999999999112, -1.886070645818263447 ) ) ;
#5340 = PLANE ( 'NONE',  #1474 ) ;
#5341 = CARTESIAN_POINT ( 'NONE',  ( -0.3703246135651403481, 3.020000000000000018, -1.914890272204889721 ) ) ;
#5342 = EDGE_CURVE ( 'NONE', #2719, #864, #4693, .T. ) ;
#5343 = CARTESIAN_POINT ( 'NONE',  ( -0.5793182957661777710, 3.019999999999999574, -1.015309225000133653 ) ) ;
#5344 = EDGE_LOOP ( 'NONE', ( #2059, #2878, #2107, #3791, #3477, #5478, #968, #1458 ) ) ;
#5345 = CARTESIAN_POINT ( 'NONE',  ( -0.1303643396706524182, 3.019999999999999574, -1.192037697719342315 ) ) ;
#5346 = PRESENTATION_STYLE_ASSIGNMENT (( #2482 ) ) ;
#5347 = DIRECTION ( 'NONE',  ( -0.0000000000000000000, -1.000000000000000000, -0.0000000000000000000 ) ) ;
#5348 = CARTESIAN_POINT ( 'NONE',  ( -2.270059618638720966, 3.000000000000000000, -1.124983838807602332 ) ) ;
#5349 = EDGE_CURVE ( 'NONE', #1549, #6091, #5236, .T. ) ;
#5350 = CARTESIAN_POINT ( 'NONE',  ( 0.02622946444835236313, 3.020000000000000018, -1.252974633896040801 ) ) ;
#5351 = PRESENTATION_LAYER_ASSIGNMENT (  '', '', ( #2145 ) ) ;
#5352 = CARTESIAN_POINT ( 'NONE',  ( -0.5402161917732289931, 3.000000000000000888, -0.7875309464302361340 ) ) ;
#5353 = CARTESIAN_POINT ( 'NONE',  ( -1.929492488472029921, 3.020000000000000018, -1.535226642933064101 ) ) ;
#5354 = DIRECTION ( 'NONE',  ( -0.09950371902099787447, 0.0000000000000000000, 0.9950371902099892640 ) ) ;
#5355 = CARTESIAN_POINT ( 'NONE',  ( -2.048771699394464463, 3.019999999999999130, -0.9964751504194176990 ) ) ;
#5356 = VECTOR ( 'NONE', #667, 1000.000000000000000 ) ;
#5357 = DIRECTION ( 'NONE',  ( -0.0000000000000000000, -1.000000000000000000, -0.0000000000000000000 ) ) ;
#5358 = VECTOR ( 'NONE', #1900, 1000.000000000000000 ) ;
#5359 = VERTEX_POINT ( 'NONE', #5265 ) ;
#5360 = ORIENTED_EDGE ( 'NONE', *, *, #5880, .F. ) ;
#5361 = PLANE ( 'NONE',  #6341 ) ;
#5362 = SURFACE_STYLE_FILL_AREA ( #997 ) ;
#5363 = FILL_AREA_STYLE_COLOUR ( '', #6854 ) ;
#5364 = CARTESIAN_POINT ( 'NONE',  ( -3.600000000000000533, 0.0000000000000000000, 1.589999999999999858 ) ) ;
#5365 = VECTOR ( 'NONE', #2979, 1000.000000000000000 ) ;
#5366 = AXIS2_PLACEMENT_3D ( 'NONE', #3880, #675, #6006 ) ;
#5367 = VECTOR ( 'NONE', #102, 1000.000000000000000 ) ;
#5368 = STYLED_ITEM ( 'NONE', ( #319 ), #4479 ) ;
#5369 = ORIENTED_EDGE ( 'NONE', *, *, #3417, .F. ) ;
#5370 = FILL_AREA_STYLE ('',( #4245 ) ) ;
#5371 = FACE_OUTER_BOUND ( 'NONE', #2682, .T. ) ;
#5372 = B_SPLINE_CURVE_WITH_KNOTS ( 'NONE', 3,
 ( #6079, #6109, #5552, #4491, #6708, #1242, #3415, #4571, #5653, #6756, #3882, #1780, #6674, #2856, #68, #1855, #6181, #4023, #2272 ),
 .UNSPECIFIED., .F., .F.,
 ( 4, 1, 1, 1, 1, 1, 1, 1, 1, 1, 1, 1, 1, 1, 1, 1, 4 ),
 ( 0.0000000000000000000, 0.06582824467819001213, 0.1289383166014413107, 0.1908583237191147641, 0.2511862310452442348, 0.3109740177800719430, 0.3700498785126950518, 0.4296723095349292976, 0.4895072568266738977, 0.5499752717322409223, 0.6100748076115776186, 0.6709148653422595254, 0.7329088543890386331, 0.7967107088217864064, 0.8618253836021727565, 0.9298919770519393779, 1.000000000000000000 ),
 .UNSPECIFIED. ) ;
#5373 = MECHANICAL_DESIGN_GEOMETRIC_PRESENTATION_REPRESENTATION (  '', ( #3872 ), #3762 ) ;
#5374 = STYLED_ITEM ( 'NONE', ( #5574 ), #4826 ) ;
#5375 = CARTESIAN_POINT ( 'NONE',  ( -0.4194834800129875751, 3.020000000000000462, -1.401516807261640629 ) ) ;
#5376 = PRODUCT_DEFINITION_CONTEXT ( 'detailed design', #6388, 'design' ) ;
#5377 =( NAMED_UNIT ( * ) SI_UNIT ( $, .STERADIAN. ) SOLID_ANGLE_UNIT ( ) );
#5378 = B_SPLINE_CURVE_WITH_KNOTS ( 'NONE', 3,
 ( #1227, #5639, #205, #3900, #4473, #5571, #4007, #6201, #3399, #2292, #2366 ),
 .UNSPECIFIED., .F., .F.,
 ( 4, 1, 1, 1, 1, 1, 1, 1, 4 ),
 ( 0.0000000000000000000, 0.1775769699460470197, 0.3395782688209963984, 0.4876271483371432125, 0.6186165648933792394, 0.7372525701187148117, 0.8390841169167242430, 0.9269903762738797015, 1.000000000000000000 ),
 .UNSPECIFIED. ) ;
#5379 = PRESENTATION_LAYER_ASSIGNMENT (  '', '', ( #6874 ) ) ;
#5380 = CARTESIAN_POINT ( 'NONE',  ( -1.695599090470115922, 3.020000000000000018, -1.644306830553906140 ) ) ;
#5381 = CARTESIAN_POINT ( 'NONE',  ( -0.4708375737257265436, 3.000000000000001332, -0.9242756092754111918 ) ) ;
#5382 = ORIENTED_EDGE ( 'NONE', *, *, #1851, .T. ) ;
#5383 = CARTESIAN_POINT ( 'NONE',  ( -0.03264721491507743129, 3.000000000000000000, -1.779189300928328832 ) ) ;
#5384 = DIRECTION ( 'NONE',  ( -3.188829919075012867E-16, -0.0000000000000000000, -1.000000000000000000 ) ) ;
#5385 = UNCERTAINTY_MEASURE_WITH_UNIT (LENGTH_MEASURE( 1.000000000000000082E-05 ), #3261, 'distance_accuracy_value', 'NONE');
#5386 = SURFACE_STYLE_FILL_AREA ( #1520 ) ;
#5387 = DIRECTION ( 'NONE',  ( 1.000000000000000000, 0.0000000000000000000, -0.0000000000000000000 ) ) ;
#5388 = CARTESIAN_POINT ( 'NONE',  ( 0.4003600845610983394, 3.019999999999999130, -1.086527549917051694 ) ) ;
#5389 = CARTESIAN_POINT ( 'NONE',  ( -1.665537189682890551, 3.019999999999999130, -0.8079146238642840316 ) ) ;
#5390 = ADVANCED_FACE ( 'NONE', ( #5881 ), #4070, .T. ) ;
#5391 = CARTESIAN_POINT ( 'NONE',  ( -0.7326941055806012182, 3.019999999999999574, -0.9475634840590850816 ) ) ;
#5392 = LINE ( 'NONE', #7039, #4190 ) ;
#5393 = CARTESIAN_POINT ( 'NONE',  ( -2.035662126050466370, 3.000000000000002665, -0.9796307649470453738 ) ) ;
#5394 = CARTESIAN_POINT ( 'NONE',  ( -1.985878436049924867, 3.000000000000000888, -1.888529696073001807 ) ) ;
#5395 = CARTESIAN_POINT ( 'NONE',  ( -0.4696350060167160390, 3.000000000000000444, -1.904062053855922088 ) ) ;
#5396 = CARTESIAN_POINT ( 'NONE',  ( 0.03452842018045929051, 3.000000000000000000, -1.151802878258184615 ) ) ;
#5397 = VERTEX_POINT ( 'NONE', #3147 ) ;
#5398 = CARTESIAN_POINT ( 'NONE',  ( -0.6029934545657694711, 3.000000000000001332, -1.741259688068000910 ) ) ;
#5399 = LINE ( 'NONE', #6075, #1191 ) ;
#5400 = EDGE_CURVE ( 'NONE', #2293, #3210, #2542, .T. ) ;
#5401 = DIRECTION ( 'NONE',  ( 0.0000000000000000000, -0.0000000000000000000, 1.000000000000000000 ) ) ;
#5402 = CARTESIAN_POINT ( 'NONE',  ( -0.7128863044843075647, 3.019999999999999574, -0.9174277886334082366 ) ) ;
#5403 = DIRECTION ( 'NONE',  ( -0.0000000000000000000, -1.000000000000000000, -0.0000000000000000000 ) ) ;
#5404 = EDGE_CURVE ( 'NONE', #6947, #5545, #1902, .T. ) ;
#5405 = DIRECTION ( 'NONE',  ( 1.000000000000000000, 0.0000000000000000000, -6.023345402697246719E-17 ) ) ;
#5406 = ORIENTED_EDGE ( 'NONE', *, *, #2860, .F. ) ;
#5407 =( NAMED_UNIT ( * ) PLANE_ANGLE_UNIT ( ) SI_UNIT ( $, .RADIAN. ) );
#5408 = ORIENTED_EDGE ( 'NONE', *, *, #2586, .F. ) ;
#5409 = ORIENTED_EDGE ( 'NONE', *, *, #1535, .F. ) ;
#5410 = CARTESIAN_POINT ( 'NONE',  ( 0.4458218859580466154, 3.020000000000000462, -0.9645510872279650094 ) ) ;
#5411 = CARTESIAN_POINT ( 'NONE',  ( -0.1675364326465846598, 3.000000000000001776, -1.996499328758881697 ) ) ;
#5412 = AXIS2_PLACEMENT_3D ( 'NONE', #6738, #2877, #1265 ) ;
#5413 = CARTESIAN_POINT ( 'NONE',  ( -0.3909031632673231615, 3.020000000000000462, -0.9110797281047694485 ) ) ;
#5414 = VERTEX_POINT ( 'NONE', #3111 ) ;
#5415 = CARTESIAN_POINT ( 'NONE',  ( -0.4364282498549171829, 3.020000000000000462, -1.534772667437316329 ) ) ;
#5416 = CARTESIAN_POINT ( 'NONE',  ( -0.08491907478694998845, 3.020000000000000906, -0.8793496920310616138 ) ) ;
#5417 = FILL_AREA_STYLE ('',( #6524 ) ) ;
#5418 = B_SPLINE_SURFACE_WITH_KNOTS ( 'NONE', 3, 1, ( 
 ( #1636, #5729 ),
 ( #1202, #1812 ),
 ( #2419, #3527 ),
 ( #2379, #6179 ),
 ( #1743, #6672 ),
 ( #4058, #4486 ),
 ( #5650, #4019 ),
 ( #3982, #5618 ),
 ( #789, #4568 ),
 ( #2927, #3375 ),
 ( #826, #4644 ),
 ( #2303, #5068 ),
 ( #5035, #1777 ),
 ( #180, #6753 ),
 ( #2851, #710 ),
 ( #3945, #5581 ),
 ( #1240, #6252 ),
 ( #1276, #1850 ),
 ( #3911, #140 ) ),
 .UNSPECIFIED., .F., .F., .F.,
 ( 4, 1, 1, 1, 1, 1, 1, 1, 1, 1, 1, 1, 1, 1, 1, 1, 4 ),
 ( 2, 2 ),
 ( 0.0000000000000000000, 0.06946111841118056407, 0.1356576792112466068, 0.1996202009683162581, 0.2616514289943390192, 0.3220529346075968746, 0.3823401897046099784, 0.4432232029819940244, 0.5049299582480402115, 0.5668204626337187690, 0.6276001402177070476, 0.6874756430229489457, 0.7473511458281907327, 0.8081741791096781480, 0.8701334489244721970, 0.9337207833931580048, 1.000000000000000000 ),
 ( 0.0000000000000000000, 1.000000000000000000 ),
 .UNSPECIFIED. ) ;
#5419 =( NAMED_UNIT ( * ) PLANE_ANGLE_UNIT ( ) SI_UNIT ( $, .RADIAN. ) );
#5420 = CARTESIAN_POINT ( 'NONE',  ( -54.94906976069123061, 2.360000000000000320, -15.33036380780025354 ) ) ;
#5421 = CARTESIAN_POINT ( 'NONE',  ( -0.4600946479929796662, 3.020000000000000018, -1.536573371643473296 ) ) ;
#5422 = VECTOR ( 'NONE', #1404, 1000.000000000000000 ) ;
#5423 = ORIENTED_EDGE ( 'NONE', *, *, #6452, .F. ) ;
#5424 = DIRECTION ( 'NONE',  ( -1.000000000000000000, 0.0000000000000000000, -0.0000000000000000000 ) ) ;
#5425 = CARTESIAN_POINT ( 'NONE',  ( -55.34906976069122919, 1.560000000000000275, -19.91036380780025539 ) ) ;
#5426 = SURFACE_STYLE_FILL_AREA ( #3231 ) ;
#5427 = CARTESIAN_POINT ( 'NONE',  ( -2.071480897853275049, 3.020000000000000018, -1.036624395013399980 ) ) ;
#5428 = CARTESIAN_POINT ( 'NONE',  ( -1.852296242810312465, 3.000000000000000000, -1.405893694968084029 ) ) ;
#5429 = EDGE_CURVE ( 'NONE', #6583, #5174, #939, .T. ) ;
#5430 = ORIENTED_EDGE ( 'NONE', *, *, #4703, .T. ) ;
#5431 = CARTESIAN_POINT ( 'NONE',  ( -0.4677047510755679149, 3.000000000000000000, -0.7687467679522785868 ) ) ;
#5432 = ORIENTED_EDGE ( 'NONE', *, *, #1771, .F. ) ;
#5433 = CARTESIAN_POINT ( 'NONE',  ( -2.253596037325286794, 3.020000000000000018, -1.734136347404690914 ) ) ;
#5434 = CARTESIAN_POINT ( 'NONE',  ( -0.06407429407157828882, 3.000000000000001332, -1.411344646737302755 ) ) ;
#5435 = CARTESIAN_POINT ( 'NONE',  ( -55.34906976069122919, 2.360000000000000320, -15.33036380780025354 ) ) ;
#5436 = CARTESIAN_POINT ( 'NONE',  ( -1.732075564480170637, 3.000000000000000444, -1.863214182657017659 ) ) ;
#5437 = CARTESIAN_POINT ( 'NONE',  ( -1.852296242810312465, 3.020000000000000018, -1.405893694968084029 ) ) ;
#5438 = EDGE_CURVE ( 'NONE', #2897, #2027, #5200, .T. ) ;
#5439 = VERTEX_POINT ( 'NONE', #2679 ) ;
#5440 = VECTOR ( 'NONE', #4691, 1000.000000000000000 ) ;
#5441 = DIRECTION ( 'NONE',  ( 0.0000000000000000000, 0.0000000000000000000, 1.000000000000000000 ) ) ;
#5442 = EDGE_LOOP ( 'NONE', ( #4135, #2800, #578, #5050, #3268, #3348 ) ) ;
#5443 = DIRECTION ( 'NONE',  ( -1.000000000000000000, 0.0000000000000000000, -0.0000000000000000000 ) ) ;
#5444 = EDGE_CURVE ( 'NONE', #3325, #536, #482, .T. ) ;
#5445 = EDGE_CURVE ( 'NONE', #3249, #4252, #6474, .T. ) ;
#5446 = VERTEX_POINT ( 'NONE', #2644 ) ;
#5447 = CARTESIAN_POINT ( 'NONE',  ( -3.600000000000000089, 0.0000000000000000000, -1.590000000000000302 ) ) ;
#5448 = CARTESIAN_POINT ( 'NONE',  ( 1.434246176884115043, 3.000000000000000000, -0.7792486312254709446 ) ) ;
#5449 = CARTESIAN_POINT ( 'NONE',  ( 0.2324047410033726613, 3.020000000000000018, -1.717672766091256298 ) ) ;
#5450 = DIRECTION ( 'NONE',  ( -3.188829919075012867E-16, -0.0000000000000000000, -1.000000000000000000 ) ) ;
#5451 = DIRECTION ( 'NONE',  ( 2.182042108146928133E-15, -0.0000000000000000000, -1.000000000000000000 ) ) ;
#5452 = CARTESIAN_POINT ( 'NONE',  ( -0.4084026577478603870, 3.000000000000000000, -2.063198722536307539 ) ) ;
#5453 = ORIENTED_EDGE ( 'NONE', *, *, #460, .F. ) ;
#5454 = LINE ( 'NONE', #3220, #2116 ) ;
#5455 = CARTESIAN_POINT ( 'NONE',  ( 0.03484176524215466808, 3.000000000000000000, -1.165628305175144597 ) ) ;
#5456 = CARTESIAN_POINT ( 'NONE',  ( -2.145685196996995892, 3.000000000000000444, -0.8632252606038544052 ) ) ;
#5457 = B_SPLINE_CURVE_WITH_KNOTS ( 'NONE', 3,
 ( #6641, #2269, #64, #4303, #2784 ),
 .UNSPECIFIED., .F., .F.,
 ( 4, 1, 4 ),
 ( 0.0000000000000000000, 0.5660412240200385359, 1.000000000000000000 ),
 .UNSPECIFIED. ) ;
#5458 = UNCERTAINTY_MEASURE_WITH_UNIT (LENGTH_MEASURE( 1.000000000000000082E-05 ), #247, 'distance_accuracy_value', 'NONE');
#5459 = SURFACE_SIDE_STYLE ('',( #5386 ) ) ;
#5460 =( NAMED_UNIT ( * ) SI_UNIT ( $, .STERADIAN. ) SOLID_ANGLE_UNIT ( ) );
#5461 = CARTESIAN_POINT ( 'NONE',  ( 0.3973235309365747425, 3.019999999999999574, -1.178833930040721789 ) ) ;
#5462 = DIRECTION ( 'NONE',  ( -0.0000000000000000000, -1.000000000000000000, -0.0000000000000000000 ) ) ;
#5463 = FACE_OUTER_BOUND ( 'NONE', #2863, .T. ) ;
#5464 =( NAMED_UNIT ( * ) PLANE_ANGLE_UNIT ( ) SI_UNIT ( $, .RADIAN. ) );
#5465 = B_SPLINE_CURVE_WITH_KNOTS ( 'NONE', 3,
 ( #1180, #3503, #801, #4037, #6684, #232, #688, #6191, #3923, #5007, #153, #4582, #5595, #1720, #194, #2869, #4463, #2942, #2318 ),
 .UNSPECIFIED., .F., .F.,
 ( 4, 1, 1, 1, 1, 1, 1, 1, 1, 1, 1, 1, 1, 1, 1, 1, 4 ),
 ( 0.0000000000000000000, 0.06946111841118109143, 0.1356576792112471619, 0.1996202009683167855, 0.2616514289943385196, 0.3220529346075964305, 0.3823401897046094788, 0.4432232029819944130, 0.5049299582480397675, 0.5668204626337183250, 0.6276001402177071586, 0.6874756430229486126, 0.7473511458281908437, 0.8081741791096781480, 0.8701334489244721970, 0.9337207833931581158, 1.000000000000000000 ),
 .UNSPECIFIED. ) ;
#5466 = EDGE_CURVE ( 'NONE', #4101, #7019, #548, .T. ) ;
#5467 = CARTESIAN_POINT ( 'NONE',  ( -55.74906976069122777, 0.0000000000000000000, -19.21036380780025254 ) ) ;
#5468 = CARTESIAN_POINT ( 'NONE',  ( -2.245968800664273068, 3.019999999999999130, -1.771836712023810101 ) ) ;
#5469 = CARTESIAN_POINT ( 'NONE',  ( -1.513280871334123256, 3.020000000000000018, -1.751069074099343315 ) ) ;
#5470 = VECTOR ( 'NONE', #5347, 1000.000000000000000 ) ;
#5471 = ORIENTED_EDGE ( 'NONE', *, *, #3761, .T. ) ;
#5472 = CARTESIAN_POINT ( 'NONE',  ( -0.6057991051010478412, 3.020000000000000906, -1.725668353927709786 ) ) ;
#5473 = DIRECTION ( 'NONE',  ( 0.0000000000000000000, 0.0000000000000000000, -1.000000000000000000 ) ) ;
#5474 = DIRECTION ( 'NONE',  ( 0.0000000000000000000, 0.0000000000000000000, 1.000000000000000000 ) ) ;
#5475 = CARTESIAN_POINT ( 'NONE',  ( -1.684764710994294035, 3.019999999999999130, -1.787291463098427791 ) ) ;
#5476 =( GEOMETRIC_REPRESENTATION_CONTEXT ( 3 ) GLOBAL_UNCERTAINTY_ASSIGNED_CONTEXT ( ( #531 ) ) GLOBAL_UNIT_ASSIGNED_CONTEXT ( ( #3707, #971, #4829 ) ) REPRESENTATION_CONTEXT ( 'NONE', 'WORKASPACE' ) );
#5477 = DIRECTION ( 'NONE',  ( 1.275531967630005245E-16, 0.0000000000000000000, 1.000000000000000000 ) ) ;
#5478 = ORIENTED_EDGE ( 'NONE', *, *, #2681, .T. ) ;
#5479 = APPLICATION_PROTOCOL_DEFINITION ( 'draft international standard', 'automotive_design', 1998, #4398 ) ;
#5480 = DIRECTION ( 'NONE',  ( -0.0000000000000000000, -1.000000000000000000, -0.0000000000000000000 ) ) ;
#5481 = PRESENTATION_LAYER_ASSIGNMENT (  '', '', ( #566 ) ) ;
#5482 = ORIENTED_EDGE ( 'NONE', *, *, #4564, .F. ) ;
#5483 = LINE ( 'NONE', #4388, #1539 ) ;
#5484 = ADVANCED_FACE ( 'NONE', ( #3173 ), #2072, .F. ) ;
#5485 = CIRCLE ( 'NONE', #1248, 0.5000000000000000000 ) ;
#5486 = CARTESIAN_POINT ( 'NONE',  ( -0.3962982704034199166, 3.000000000000001332, -2.063407973673387463 ) ) ;
#5487 =( GEOMETRIC_REPRESENTATION_CONTEXT ( 3 ) GLOBAL_UNCERTAINTY_ASSIGNED_CONTEXT ( ( #5171 ) ) GLOBAL_UNIT_ASSIGNED_CONTEXT ( ( #5673, #5126, #5167 ) ) REPRESENTATION_CONTEXT ( 'NONE', 'WORKASPACE' ) );
#5488 = CARTESIAN_POINT ( 'NONE',  ( -1.537013706140163194, 3.000000000000000000, -1.622360429834539763 ) ) ;
#5489 = CARTESIAN_POINT ( 'NONE',  ( 0.2440959516002921270, 3.000000000000000000, -0.9802675701200810332 ) ) ;
#5490 = ORIENTED_EDGE ( 'NONE', *, *, #107, .T. ) ;
#5491 = AXIS2_PLACEMENT_3D ( 'NONE', #2870, #3013, #1903 ) ;
#5492 =( NAMED_UNIT ( * ) PLANE_ANGLE_UNIT ( ) SI_UNIT ( $, .RADIAN. ) );
#5493 = SURFACE_SIDE_STYLE ('',( #3897 ) ) ;
#5494 = EDGE_CURVE ( 'NONE', #3636, #6583, #5513, .T. ) ;
#5495 = VECTOR ( 'NONE', #680, 1000.000000000000000 ) ;
#5496 =( NAMED_UNIT ( * ) PLANE_ANGLE_UNIT ( ) SI_UNIT ( $, .RADIAN. ) );
#5497 = CARTESIAN_POINT ( 'NONE',  ( -55.34906976069122919, 2.360000000000000320, -19.91036380780025539 ) ) ;
#5498 = ORIENTED_EDGE ( 'NONE', *, *, #3812, .T. ) ;
#5499 = SURFACE_SIDE_STYLE ('',( #4400 ) ) ;
#5500 = FACE_OUTER_BOUND ( 'NONE', #3649, .T. ) ;
#5501 = PLANE ( 'NONE',  #2833 ) ;
#5502 =( GEOMETRIC_REPRESENTATION_CONTEXT ( 3 ) GLOBAL_UNCERTAINTY_ASSIGNED_CONTEXT ( ( #2726 ) ) GLOBAL_UNIT_ASSIGNED_CONTEXT ( ( #4882, #1553, #2089 ) ) REPRESENTATION_CONTEXT ( 'NONE', 'WORKASPACE' ) );
#5503 = SURFACE_STYLE_FILL_AREA ( #3264 ) ;
#5504 = CARTESIAN_POINT ( 'NONE',  ( -1.681649649159886462, 3.019999999999999574, -1.685043697489152059 ) ) ;
#5505 = CARTESIAN_POINT ( 'NONE',  ( -1.951357324225850176, 2.999999999999999556, -1.904062053855921199 ) ) ;
#5506 = ORIENTED_EDGE ( 'NONE', *, *, #583, .F. ) ;
#5507 = CARTESIAN_POINT ( 'NONE',  ( -1.537780596677118083, 3.019999999999999130, -1.860838463836623102 ) ) ;
#5508 = ORIENTED_EDGE ( 'NONE', *, *, #2687, .T. ) ;
#5509 = CARTESIAN_POINT ( 'NONE',  ( -0.5713460906425008590, 3.000000000000000888, -1.821838541363575592 ) ) ;
#5510 = CARTESIAN_POINT ( 'NONE',  ( -3.099999999999999645, 3.000000000000000000, 3.399999999999999911 ) ) ;
#5511 = CARTESIAN_POINT ( 'NONE',  ( -0.001072484142330330315, 2.999999999999998668, -1.329034521154249360 ) ) ;
#5512 = CARTESIAN_POINT ( 'NONE',  ( -2.014131104583468446, 3.000000000000000444, -2.042248344519796532 ) ) ;
#5513 = LINE ( 'NONE', #4340, #6623 ) ;
#5514 = CARTESIAN_POINT ( 'NONE',  ( 2.240961661242421687, 3.000000000000000000, -0.7792486312254709446 ) ) ;
#5515 = EDGE_LOOP ( 'NONE', ( #4099, #1652, #4937, #2117 ) ) ;
#5516 = ITEM_DEFINED_TRANSFORMATION ( 'NONE', 'NONE', #705,  #4922 ) ;
#5517 = LINE ( 'NONE', #4869, #6350 ) ;
#5518 = CARTESIAN_POINT ( 'NONE',  ( -2.006030402552109848, 3.000000000000000444, -0.9521007689923015604 ) ) ;
#5519 = PRESENTATION_STYLE_ASSIGNMENT (( #4978 ) ) ;
#5520 = ADVANCED_FACE ( 'NONE', ( #1102 ), #315, .T. ) ;
#5521 = LINE ( 'NONE', #4614, #3012 ) ;
#5522 = EDGE_LOOP ( 'NONE', ( #4524, #1228, #3059, #518 ) ) ;
#5523 = CARTESIAN_POINT ( 'NONE',  ( 0.5009321752572393205, 3.000000000000000000, -0.7639810398096320565 ) ) ;
#5524 = VECTOR ( 'NONE', #6759, 1000.000000000000114 ) ;
#5525 = EDGE_LOOP ( 'NONE', ( #3040, #5231, #7007, #3979 ) ) ;
#5526 = CARTESIAN_POINT ( 'NONE',  ( -0.3443588871058452794, 2.999999999999999556, -0.7637833990548449359 ) ) ;
#5527 = SURFACE_STYLE_USAGE ( .BOTH. , #3828 ) ;
#5528 = FACE_OUTER_BOUND ( 'NONE', #1432, .T. ) ;
#5529 = UNCERTAINTY_MEASURE_WITH_UNIT (LENGTH_MEASURE( 1.000000000000000082E-05 ), #1673, 'distance_accuracy_value', 'NONE');
#5530 = EDGE_CURVE ( 'NONE', #2166, #5439, #2345, .T. ) ;
#5531 = CARTESIAN_POINT ( 'NONE',  ( 0.4024067804108388824, 3.020000000000000018, -1.069675277076434172 ) ) ;
#5532 = DIRECTION ( 'NONE',  ( 1.000000000000000000, 0.0000000000000000000, 0.0000000000000000000 ) ) ;
#5533 = VERTEX_POINT ( 'NONE', #753 ) ;
#5534 = ADVANCED_FACE ( 'NONE', ( #2306 ), #220, .F. ) ;
#5535 = EDGE_CURVE ( 'NONE', #6369, #398, #5372, .T. ) ;
#5536 = CARTESIAN_POINT ( 'NONE',  ( -1.476391370369928735, 3.019999999999999130, -1.009768632962657620 ) ) ;
#5537 = SURFACE_STYLE_FILL_AREA ( #1735 ) ;
#5538 = VECTOR ( 'NONE', #1212, 1000.000000000000000 ) ;
#5539 = DIRECTION ( 'NONE',  ( 1.000000000000000000, 0.0000000000000000000, 0.0000000000000000000 ) ) ;
#5540 = STYLED_ITEM ( 'NONE', ( #1086 ), #157 ) ;
#5541 = CARTESIAN_POINT ( 'NONE',  ( 3.600000000000001865, 2.149999999999999911, 2.289999999999999147 ) ) ;
#5542 = CARTESIAN_POINT ( 'NONE',  ( 0.4673404645652688427, 3.000000000000000888, -0.9450893914334836943 ) ) ;
#5543 = CARTESIAN_POINT ( 'NONE',  ( -1.982258757923397452, 3.020000000000000018, -2.051979699773586407 ) ) ;
#5544 = CARTESIAN_POINT ( 'NONE',  ( 3.100000000000000977, 2.149999999999999911, 2.289999999999999591 ) ) ;
#5545 = VERTEX_POINT ( 'NONE', #1207 ) ;
#5546 = CARTESIAN_POINT ( 'NONE',  ( -0.7718737191161517686, 3.000000000000000000, -1.734136347404690914 ) ) ;
#5547 = PRODUCT_DEFINITION_SHAPE ( 'NONE', 'NONE',  #7087 ) ;
#5548 = DIRECTION ( 'NONE',  ( -0.0000000000000000000, -1.000000000000000000, -0.0000000000000000000 ) ) ;
#5549 = DIRECTION ( 'NONE',  ( 0.0000000000000000000, 0.0000000000000000000, -1.000000000000000000 ) ) ;
#5550 = CARTESIAN_POINT ( 'NONE',  ( -2.191178793082801057, 2.999999999999999556, -1.902743854191270900 ) ) ;
#5551 = VECTOR ( 'NONE', #5077, 1000.000000000000000 ) ;
#5552 = CARTESIAN_POINT ( 'NONE',  ( -1.660633447158034182, 3.020000000000000018, -1.475406274729326173 ) ) ;
#5553 = CARTESIAN_POINT ( 'NONE',  ( 0.2324047410033726613, 3.020000000000000018, -1.717672766091256298 ) ) ;
#5554 = VERTEX_POINT ( 'NONE', #4997 ) ;
#5555 = MECHANICAL_DESIGN_GEOMETRIC_PRESENTATION_REPRESENTATION (  '', ( #3252 ), #2004 ) ;
#5556 = ORIENTED_EDGE ( 'NONE', *, *, #3119, .T. ) ;
#5557 = CARTESIAN_POINT ( 'NONE',  ( 3.600000000000001421, 0.2000000000000000111, 1.590000000000000080 ) ) ;
#5558 = CARTESIAN_POINT ( 'NONE',  ( -2.103229012945375676, 2.999999999999999556, -1.131555125425879993 ) ) ;
#5559 = FACE_OUTER_BOUND ( 'NONE', #964, .T. ) ;
#5560 = VECTOR ( 'NONE', #456, 1000.000000000000000 ) ;
#5561 = CARTESIAN_POINT ( 'NONE',  ( -0.2519204306478595723, 3.019999999999999130, -2.039386842767528574 ) ) ;
#5562 = EDGE_CURVE ( 'NONE', #508, #6096, #3986, .T. ) ;
#5563 = EDGE_LOOP ( 'NONE', ( #5406, #2367, #5279, #683 ) ) ;
#5564 = CARTESIAN_POINT ( 'NONE',  ( 0.5267533237301010862, 2.999999999999999112, -0.7631867233046065735 ) ) ;
#5565 = ORIENTED_EDGE ( 'NONE', *, *, #1893, .F. ) ;
#5566 = B_SPLINE_CURVE_WITH_KNOTS ( 'NONE', 3,
 ( #76, #1177, #3351, #1253, #6086, #722, #115, #4500, #3426, #2245, #2828 ),
 .UNSPECIFIED., .F., .F.,
 ( 4, 1, 1, 1, 1, 1, 1, 1, 4 ),
 ( 0.0000000000000000000, 0.1219512022493429854, 0.2407868053279231813, 0.3585498723707452595, 0.4790658414002762489, 0.6015185447735338364, 0.7275505189308981713, 0.8599320866628441529, 1.000000000000000000 ),
 .UNSPECIFIED. ) ;
#5567 = CARTESIAN_POINT ( 'NONE',  ( -0.5005364397142632038, 3.000000000000003997, -2.051979699773587296 ) ) ;
#5568 = CARTESIAN_POINT ( 'NONE',  ( -0.2503532462710357231, 3.000000000000000000, -1.863214182657017437 ) ) ;
#5569 = EDGE_CURVE ( 'NONE', #3308, #3694, #6143, .T. ) ;
#5570 =( NAMED_UNIT ( * ) SI_UNIT ( $, .STERADIAN. ) SOLID_ANGLE_UNIT ( ) );
#5571 = CARTESIAN_POINT ( 'NONE',  ( 0.3993003115827673533, 3.000000000000001332, -1.105856693643484601 ) ) ;
#5572 = ORIENTED_EDGE ( 'NONE', *, *, #6328, .T. ) ;
#5573 = CARTESIAN_POINT ( 'NONE',  ( -54.94906976069123061, 2.560000000000000053, -15.33036380780025354 ) ) ;
#5574 = PRESENTATION_STYLE_ASSIGNMENT (( #1161 ) ) ;
#5575 = EDGE_CURVE ( 'NONE', #2445, #88, #1710, .T. ) ;
#5576 = CARTESIAN_POINT ( 'NONE',  ( -0.07450910603163300727, 3.000000000000000444, -1.587794194115608626 ) ) ;
#5577 = CARTESIAN_POINT ( 'NONE',  ( 0.5832863162782809807, 3.020000000000000462, -0.7641059103257876739 ) ) ;
#5578 = CARTESIAN_POINT ( 'NONE',  ( -0.3443588871058452794, 2.999999999999999556, -0.7637833990548449359 ) ) ;
#5579 = ORIENTED_EDGE ( 'NONE', *, *, #6798, .T. ) ;
#5580 = CARTESIAN_POINT ( 'NONE',  ( -0.3205370087895423881, 3.000000000000000000, -1.402219522957758091 ) ) ;
#5581 = CARTESIAN_POINT ( 'NONE',  ( -1.615520028308490286, 3.000000000000000000, -1.114844987330205539 ) ) ;
#5582 = CARTESIAN_POINT ( 'NONE',  ( 0.01000130505303315973, 3.020000000000000906, -1.305032025826435182 ) ) ;
#5583 = CARTESIAN_POINT ( 'NONE',  ( 0.7691454796976190389, 3.020000000000000018, -0.8580532452824732870 ) ) ;
#5584 = DIRECTION ( 'NONE',  ( 0.0000000000000000000, 0.0000000000000000000, 1.000000000000000000 ) ) ;
#5585 = EDGE_CURVE ( 'NONE', #4193, #5397, #3451, .T. ) ;
#5586 = CARTESIAN_POINT ( 'NONE',  ( -1.872875719452105958, 3.020000000000000018, -1.915235741852474138 ) ) ;
#5587 = APPLICATION_PROTOCOL_DEFINITION ( 'draft international standard', 'automotive_design', 1998, #2085 ) ;
#5588 = ORIENTED_EDGE ( 'NONE', *, *, #1771, .T. ) ;
#5589 = CARTESIAN_POINT ( 'NONE',  ( -55.34906976069122919, 2.360000000000000320, -19.91036380780025539 ) ) ;
#5590 = ORIENTED_EDGE ( 'NONE', *, *, #5751, .T. ) ;
#5591 = CARTESIAN_POINT ( 'NONE',  ( -2.053068408851634885, 2.999999999999999556, -1.821838541363574482 ) ) ;
#5592 = CARTESIAN_POINT ( 'NONE',  ( -0.4556399999589790806, 3.000000000000000444, -1.536086600314615191 ) ) ;
#5593 = MECHANICAL_DESIGN_GEOMETRIC_PRESENTATION_REPRESENTATION (  '', ( #5000 ), #6490 ) ;
#5594 = DIRECTION ( 'NONE',  ( 0.0000000000000000000, -0.0000000000000000000, 1.000000000000000000 ) ) ;
#5595 = CARTESIAN_POINT ( 'NONE',  ( -0.1564961924606383115, 3.000000000000000000, -1.044569058784599269 ) ) ;
#5596 = DIRECTION ( 'NONE',  ( -0.0000000000000000000, -1.000000000000000000, -0.0000000000000000000 ) ) ;
#5597 =( GEOMETRIC_REPRESENTATION_CONTEXT ( 3 ) GLOBAL_UNCERTAINTY_ASSIGNED_CONTEXT ( ( #1512 ) ) GLOBAL_UNIT_ASSIGNED_CONTEXT ( ( #3063, #5956, #6059 ) ) REPRESENTATION_CONTEXT ( 'NONE', 'WORKASPACE' ) );
#5598 = VECTOR ( 'NONE', #797, 1000.000000000000000 ) ;
#5599 = VERTEX_POINT ( 'NONE', #3378 ) ;
#5600 = LINE ( 'NONE', #6123, #5079 ) ;
#5601 = VERTEX_POINT ( 'NONE', #3491 ) ;
#5602 = CARTESIAN_POINT ( 'NONE',  ( -0.6683843836296341490, 3.019999999999999130, -1.954890135931790063 ) ) ;
#5603 = VECTOR ( 'NONE', #266, 1000.000000000000000 ) ;
#5604 = STYLED_ITEM ( 'NONE', ( #3518 ), #4315 ) ;
#5605 = STYLED_ITEM ( 'NONE', ( #1256 ), #6115 ) ;
#5606 = VECTOR ( 'NONE', #5013, 1000.000000000000000 ) ;
#5607 = ORIENTED_EDGE ( 'NONE', *, *, #1144, .F. ) ;
#5608 = SURFACE_STYLE_FILL_AREA ( #3402 ) ;
#5609 = CARTESIAN_POINT ( 'NONE',  ( -1.660633447158034182, 3.000000000000001776, -1.475406274729326173 ) ) ;
#5610 = CARTESIAN_POINT ( 'NONE',  ( -0.3032768100729138494, 3.000000000000001332, -0.9206333661622514430 ) ) ;
#5611 = CARTESIAN_POINT ( 'NONE',  ( -2.044503099626454823, 3.000000000000000000, -2.030280888219688329 ) ) ;
#5612 = CARTESIAN_POINT ( 'NONE',  ( -0.03265900210800768561, 3.000000000000000444, -1.697311913310612042 ) ) ;
#5613 = CARTESIAN_POINT ( 'NONE',  ( 0.5398106733401639712, 3.000000000000000000, -0.7627850499120361061 ) ) ;
#5614 = CARTESIAN_POINT ( 'NONE',  ( -0.3888382101207695785, 3.000000000000000000, -0.7627850499120361061 ) ) ;
#5615 = EDGE_CURVE ( 'NONE', #5238, #5132, #606, .T. ) ;
#5616 = CARTESIAN_POINT ( 'NONE',  ( -0.1559748108900966823, 3.019999999999999574, -1.282589565623013961 ) ) ;
#5617 =( GEOMETRIC_REPRESENTATION_CONTEXT ( 3 ) GLOBAL_UNCERTAINTY_ASSIGNED_CONTEXT ( ( #2515 ) ) GLOBAL_UNIT_ASSIGNED_CONTEXT ( ( #6942, #4168, #4647 ) ) REPRESENTATION_CONTEXT ( 'NONE', 'WORKASPACE' ) );
#5618 = CARTESIAN_POINT ( 'NONE',  ( -1.717965227381488935, 3.000000000000000888, -0.9520666836456226356 ) ) ;
#5619 = DIRECTION ( 'NONE',  ( 0.0000000000000000000, -1.000000000000000000, 0.0000000000000000000 ) ) ;
#5620 = DIRECTION ( 'NONE',  ( 0.0000000000000000000, -0.0000000000000000000, -1.000000000000000000 ) ) ;
#5621 = STYLED_ITEM ( 'NONE', ( #6724 ), #3185 ) ;
#5622 = CARTESIAN_POINT ( 'NONE',  ( -0.1285808750434294934, 3.000000000000000444, -1.454894656635153938 ) ) ;
#5623 = VERTEX_POINT ( 'NONE', #6609 ) ;
#5624 = EDGE_CURVE ( 'NONE', #5238, #4151, #5485, .T. ) ;
#5625 = ORIENTED_EDGE ( 'NONE', *, *, #4275, .T. ) ;
#5626 = ORIENTED_EDGE ( 'NONE', *, *, #3725, .F. ) ;
#5627 = LINE ( 'NONE', #4652, #977 ) ;
#5628 = CARTESIAN_POINT ( 'NONE',  ( -3.600000000000000533, 2.151261177893192489, -2.290000000000000480 ) ) ;
#5629 = PLANE ( 'NONE',  #1012 ) ;
#5630 = DIRECTION ( 'NONE',  ( 0.0000000000000000000, 0.0000000000000000000, -1.000000000000000000 ) ) ;
#5631 = VERTEX_POINT ( 'NONE', #6644 ) ;
#5632 =( NAMED_UNIT ( * ) SI_UNIT ( $, .STERADIAN. ) SOLID_ANGLE_UNIT ( ) );
#5633 = VERTEX_POINT ( 'NONE', #3530 ) ;
#5634 = CARTESIAN_POINT ( 'NONE',  ( -0.3962982704034199166, 3.020000000000000018, -2.063407973673387463 ) ) ;
#5635 =( NAMED_UNIT ( * ) PLANE_ANGLE_UNIT ( ) SI_UNIT ( $, .RADIAN. ) );
#5636 = CARTESIAN_POINT ( 'NONE',  ( -0.3781312270005268705, 3.020000000000000462, -1.405693478223774218 ) ) ;
#5637 = SURFACE_STYLE_FILL_AREA ( #1190 ) ;
#5638 = VECTOR ( 'NONE', #6712, 1000.000000000000000 ) ;
#5639 = CARTESIAN_POINT ( 'NONE',  ( 0.3971377206338493893, 3.000000000000000000, -1.197526675900362436 ) ) ;
#5640 = ORIENTED_EDGE ( 'NONE', *, *, #283, .F. ) ;
#5641 = CARTESIAN_POINT ( 'NONE',  ( -1.447439201904787698, 3.000000000000001332, -1.195713631510698427 ) ) ;
#5642 = CARTESIAN_POINT ( 'NONE',  ( -1.733760391384790323, 2.999999999999999112, -1.595093122918747275 ) ) ;
#5643 = COLOUR_RGB ( '',1.000000000000000000, 1.000000000000000000, 1.000000000000000000 ) ;
#5644 = CARTESIAN_POINT ( 'NONE',  ( -1.615520028308490286, 2.999999999999999556, -1.114844987330205539 ) ) ;
#5645 = CARTESIAN_POINT ( 'NONE',  ( 0.8250936682870266825, 3.000000000000000000, -0.9325657322068328092 ) ) ;
#5646 = ORIENTED_EDGE ( 'NONE', *, *, #3115, .T. ) ;
#5647 = CARTESIAN_POINT ( 'NONE',  ( -0.1334668098916292900, 3.000000000000000000, -1.216440128398399656 ) ) ;
#5648 = VECTOR ( 'NONE', #61, 1000.000000000000000 ) ;
#5649 = VECTOR ( 'NONE', #1096, 1000.000000000000114 ) ;
#5650 = CARTESIAN_POINT ( 'NONE',  ( -1.738905686193399802, 3.020000000000000018, -0.9393473058409254062 ) ) ;
#5651 = CARTESIAN_POINT ( 'NONE',  ( -0.1986585840893331789, 3.000000000000002220, -1.769562455291811220 ) ) ;
#5652 = SURFACE_STYLE_USAGE ( .BOTH. , #1814 ) ;
#5653 = CARTESIAN_POINT ( 'NONE',  ( -1.527635341679061565, 3.020000000000000018, -1.392978393604721754 ) ) ;
#5654 = ADVANCED_FACE ( 'NONE', ( #5288 ), #828, .T. ) ;
#5655 = CARTESIAN_POINT ( 'NONE',  ( 3.100000000000001421, 3.000000000000000000, 3.399999999999999911 ) ) ;
#5656 = ORIENTED_EDGE ( 'NONE', *, *, #1460, .T. ) ;
#5657 = LINE ( 'NONE', #6223, #6543 ) ;
#5658 = ORIENTED_EDGE ( 'NONE', *, *, #4947, .T. ) ;
#5659 = LINE ( 'NONE', #5156, #5538 ) ;
#5660 = EDGE_LOOP ( 'NONE', ( #6571, #4643, #2159, #3380 ) ) ;
#5661 = PLANE ( 'NONE',  #3031 ) ;
#5662 = CARTESIAN_POINT ( 'NONE',  ( -3.399999999999999911, 1.351261177893192666, -1.590000000000000302 ) ) ;
#5663 = DIRECTION ( 'NONE',  ( -0.0000000000000000000, -1.000000000000000000, -0.0000000000000000000 ) ) ;
#5664 = LINE ( 'NONE', #5119, #1933 ) ;
#5665 = CARTESIAN_POINT ( 'NONE',  ( 1.253146782436332041, 3.020000000000000018, -0.7792486312254709446 ) ) ;
#5666 = ADVANCED_FACE ( 'NONE', ( #4679 ), #5188, .T. ) ;
#5667 = CARTESIAN_POINT ( 'NONE',  ( -54.37906976069123743, 0.2000000000000000111, -16.03036380780025283 ) ) ;
#5668 = VECTOR ( 'NONE', #750, 1000.000000000000000 ) ;
#5669 = EDGE_CURVE ( 'NONE', #5174, #6335, #1875, .T. ) ;
#5670 = VERTEX_POINT ( 'NONE', #1924 ) ;
#5671 = CARTESIAN_POINT ( 'NONE',  ( -1.628107610835194841, 3.000000000000001776, -1.261665224972226884 ) ) ;
#5672 = ORIENTED_EDGE ( 'NONE', *, *, #5444, .T. ) ;
#5673 =( LENGTH_UNIT ( ) NAMED_UNIT ( * ) SI_UNIT ( .MILLI., .METRE. ) );
#5674 = MECHANICAL_DESIGN_GEOMETRIC_PRESENTATION_REPRESENTATION (  '', ( #634 ), #4634 ) ;
#5675 = CARTESIAN_POINT ( 'NONE',  ( -0.6623136855813884782, 3.020000000000000018, -0.8624685512820378097 ) ) ;
#5676 = CARTESIAN_POINT ( 'NONE',  ( -1.733760391384790323, 3.019999999999999130, -1.595093122918747275 ) ) ;
#5677 = CARTESIAN_POINT ( 'NONE',  ( -1.514369533124211742, 3.000000000000000444, -1.779189300928328832 ) ) ;
#5678 = UNCERTAINTY_MEASURE_WITH_UNIT (LENGTH_MEASURE( 1.000000000000000082E-05 ), #2295, 'distance_accuracy_value', 'NONE');
#5679 = LINE ( 'NONE', #3435, #1307 ) ;
#5680 = EDGE_LOOP ( 'NONE', ( #1966, #4420, #552, #3393 ) ) ;
#5681 = FACE_OUTER_BOUND ( 'NONE', #889, .T. ) ;
#5682 =( NAMED_UNIT ( * ) PLANE_ANGLE_UNIT ( ) SI_UNIT ( $, .RADIAN. ) );
#5683 = CARTESIAN_POINT ( 'NONE',  ( -0.2362429091723549368, 3.000000000000001332, -0.9520666836456233018 ) ) ;
#5684 = CARTESIAN_POINT ( 'NONE',  ( -2.191178793082801057, 3.019999999999999574, -1.902743854191270900 ) ) ;
#5685 = CARTESIAN_POINT ( 'NONE',  ( 0.4284692833524751387, 2.999999999999999556, -0.9876083456427207086 ) ) ;
#5686 =( NAMED_UNIT ( * ) SI_UNIT ( $, .STERADIAN. ) SOLID_ANGLE_UNIT ( ) );
#5687 = ORIENTED_EDGE ( 'NONE', *, *, #4322, .T. ) ;
#5688 = CARTESIAN_POINT ( 'NONE',  ( -0.3451941959339976940, 3.020000000000000462, -1.405323339558132156 ) ) ;
#5689 = DIRECTION ( 'NONE',  ( -6.195440985631451373E-16, 0.0000000000000000000, -1.000000000000000000 ) ) ;
#5690 = CARTESIAN_POINT ( 'NONE',  ( -0.2795994149715619881, 3.019999999999999130, -1.886070645818263447 ) ) ;
#5691 = EDGE_CURVE ( 'NONE', #2166, #2571, #4094, .T. ) ;
#5692 = CARTESIAN_POINT ( 'NONE',  ( -55.74906976069122777, 0.2000000000000000111, -16.03036380780025283 ) ) ;
#5693 = CARTESIAN_POINT ( 'NONE',  ( -0.1529692001993146477, 3.000000000000001776, -1.465957174887511316 ) ) ;
#5694 = ORIENTED_EDGE ( 'NONE', *, *, #417, .F. ) ;
#5695 = LINE ( 'NONE', #5154, #3687 ) ;
#5696 = ORIENTED_EDGE ( 'NONE', *, *, #3839, .F. ) ;
#5697 = FILL_AREA_STYLE_COLOUR ( '', #3464 ) ;
#5698 = ORIENTED_EDGE ( 'NONE', *, *, #5624, .F. ) ;
#5699 = CARTESIAN_POINT ( 'NONE',  ( 0.2488153572419376791, 3.020000000000000018, -0.9585061441591171683 ) ) ;
#5700 = DIRECTION ( 'NONE',  ( -0.0000000000000000000, -1.000000000000000000, -0.0000000000000000000 ) ) ;
#5701 =( NAMED_UNIT ( * ) SI_UNIT ( $, .STERADIAN. ) SOLID_ANGLE_UNIT ( ) );
#5702 = CARTESIAN_POINT ( 'NONE',  ( 0.2324047410033726613, 3.020000000000000018, -1.139132228998835483 ) ) ;
#5703 = AXIS2_PLACEMENT_3D ( 'NONE', #2192, #2777, #4955 ) ;
#5704 = DIRECTION ( 'NONE',  ( 1.000000000000000000, 0.0000000000000000000, 0.0000000000000000000 ) ) ;
#5705 = B_SPLINE_CURVE_WITH_KNOTS ( 'NONE', 3,
 ( #4654, #6843, #6805, #1289, #192, #3425, #4033, #6230, #3955, #6718, #2352, #2978, #6189, #5161, #4105 ),
 .UNSPECIFIED., .F., .F.,
 ( 4, 1, 1, 1, 1, 1, 1, 1, 1, 1, 1, 1, 4 ),
 ( 0.0000000000000000000, 0.1297890756576312588, 0.2546053700922396579, 0.3784354924817370791, 0.5029195826750443299, 0.5650179669759697321, 0.6248477746307949943, 0.6834480871906739585, 0.7427645197557696255, 0.8027569578129468697, 0.8652203742489509297, 0.9307788121001255854, 0.9999999999999998890 ),
 .UNSPECIFIED. ) ;
#5706 = ORIENTED_EDGE ( 'NONE', *, *, #3417, .T. ) ;
#5707 = CARTESIAN_POINT ( 'NONE',  ( -1.649223447553037403, 3.000000000000001776, -1.302550663260015895 ) ) ;
#5708 = EDGE_CURVE ( 'NONE', #4460, #1898, #6293, .T. ) ;
#5709 = CARTESIAN_POINT ( 'NONE',  ( -0.7692983235650552309, 3.000000000000002665, -1.746866167604331999 ) ) ;
#5710 = LINE ( 'NONE', #1766, #6156 ) ;
#5711 = CARTESIAN_POINT ( 'NONE',  ( -1.757269906701359075, 3.020000000000000462, -1.578444247848852289 ) ) ;
#5712 = STYLED_ITEM ( 'NONE', ( #3010 ), #4741 ) ;
#5713 = VECTOR ( 'NONE', #4114, 1000.000000000000000 ) ;
#5714 = SURFACE_STYLE_USAGE ( .BOTH. , #1338 ) ;
#5715 = DIRECTION ( 'NONE',  ( -0.09950371902099919286, 0.0000000000000000000, -0.9950371902099891530 ) ) ;
#5716 = ADVANCED_FACE ( 'NONE', ( #1390 ), #4612, .T. ) ;
#5717 = VERTEX_POINT ( 'NONE', #4298 ) ;
#5718 = VECTOR ( 'NONE', #2910, 1000.000000000000000 ) ;
#5719 = CARTESIAN_POINT ( 'NONE',  ( -0.7718737191161517686, 3.020000000000000018, -1.734136347404690914 ) ) ;
#5720 = MECHANICAL_DESIGN_GEOMETRIC_PRESENTATION_REPRESENTATION (  '', ( #2844 ), #4905 ) ;
#5721 = CARTESIAN_POINT ( 'NONE',  ( -1.510875955362311229, 3.020000000000000906, -1.373102610874841423 ) ) ;
#5722 = CARTESIAN_POINT ( 'NONE',  ( -0.1465341729248579306, 3.000000000000002220, -1.066794057876733426 ) ) ;
#5723 = ADVANCED_FACE ( 'NONE', ( #1021 ), #2456, .T. ) ;
#5724 = CARTESIAN_POINT ( 'NONE',  ( -1.677759168096796039, 3.000000000000000444, -1.707754741635870932 ) ) ;
#5725 = AXIS2_PLACEMENT_3D ( 'NONE', #6342, #5333, #6809 ) ;
#5726 = CARTESIAN_POINT ( 'NONE',  ( -2.084715772774904607, 3.020000000000000906, -1.741259688068000910 ) ) ;
#5727 = FILL_AREA_STYLE_COLOUR ( '', #3340 ) ;
#5728 = EDGE_LOOP ( 'NONE', ( #1423, #5607, #894, #2108 ) ) ;
#5729 = CARTESIAN_POINT ( 'NONE',  ( -1.864643928795388428, 3.000000000000000444, -0.9109572817329495420 ) ) ;
#5730 = CARTESIAN_POINT ( 'NONE',  ( -0.3703246135651403481, 3.000000000000001776, -1.914890272204889721 ) ) ;
#5731 = CARTESIAN_POINT ( 'NONE',  ( -3.600000000000000533, 3.000000000000000000, -2.899999999999999911 ) ) ;
#5732 = AXIS2_PLACEMENT_3D ( 'NONE', #1232, #5101, #211 ) ;
#5733 = CARTESIAN_POINT ( 'NONE',  ( -0.4064818079579924359, 2.999999999999999556, -0.9113187227711542215 ) ) ;
#5734 = DIRECTION ( 'NONE',  ( -1.000000000000000000, 0.0000000000000000000, -0.0000000000000000000 ) ) ;
#5735 = DIRECTION ( 'NONE',  ( -0.0000000000000000000, -1.000000000000000000, -0.0000000000000000000 ) ) ;
#5736 = EDGE_LOOP ( 'NONE', ( #268, #5656, #1057, #6858 ) ) ;
#5737 = SURFACE_SIDE_STYLE ('',( #225 ) ) ;
#5738 = ORIENTED_EDGE ( 'NONE', *, *, #1443, .F. ) ;
#5739 = CARTESIAN_POINT ( 'NONE',  ( -1.735369524005142328, 3.020000000000001350, -1.379807217455032209 ) ) ;
#5740 = DIRECTION ( 'NONE',  ( 0.0000000000000000000, -1.000000000000000000, 5.421010862427523156E-16 ) ) ;
#5741 = SURFACE_STYLE_FILL_AREA ( #4538 ) ;
#5742 = DIRECTION ( 'NONE',  ( -1.000000000000000000, 0.0000000000000000000, 0.0000000000000000000 ) ) ;
#5743 = STYLED_ITEM ( 'NONE', ( #560 ), #4282 ) ;
#5744 = DIRECTION ( 'NONE',  ( -1.000000000000000000, -0.0000000000000000000, -0.0000000000000000000 ) ) ;
#5745 = ORIENTED_EDGE ( 'NONE', *, *, #3891, .F. ) ;
#5746 = FILL_AREA_STYLE_COLOUR ( '', #6345 ) ;
#5747 = CARTESIAN_POINT ( 'NONE',  ( -1.719087608802553957, 3.000000000000001332, -1.849998970191792935 ) ) ;
#5748 = FILL_AREA_STYLE ('',( #5819 ) ) ;
#5749 = SURFACE_STYLE_FILL_AREA ( #3509 ) ;
#5750 = LINE ( 'NONE', #5093, #696 ) ;
#5751 = EDGE_CURVE ( 'NONE', #6042, #6812, #4513, .T. ) ;
#5752 = UNCERTAINTY_MEASURE_WITH_UNIT (LENGTH_MEASURE( 1.000000000000000082E-05 ), #1085, 'distance_accuracy_value', 'NONE');
#5753 = CARTESIAN_POINT ( 'NONE',  ( -0.1564961924606383115, 3.020000000000000018, -1.044569058784599269 ) ) ;
#5754 = DIRECTION ( 'NONE',  ( 0.0000000000000000000, 0.0000000000000000000, 1.000000000000000000 ) ) ;
#5755 = ORIENTED_EDGE ( 'NONE', *, *, #5234, .T. ) ;
#5756 = CARTESIAN_POINT ( 'NONE',  ( -0.5713460906425008590, 3.020000000000000018, -1.821838541363575592 ) ) ;
#5757 = CARTESIAN_POINT ( 'NONE',  ( -1.446880552966979705, 3.020000000000000018, -1.165628305175144597 ) ) ;
#5758 = CARTESIAN_POINT ( 'NONE',  ( -1.982258757923397452, 3.000000000000000000, -2.051979699773586407 ) ) ;
#5759 = ADVANCED_FACE ( 'NONE', ( #5169 ), #2795, .T. ) ;
#5760 = PLANE ( 'NONE',  #1838 ) ;
#5761 = CARTESIAN_POINT ( 'NONE',  ( 0.5840565481200197251, 2.999999999999999112, -0.9109572817329495420 ) ) ;
#5762 = EDGE_CURVE ( 'NONE', #6569, #4101, #6692, .T. ) ;
#5763 = EDGE_CURVE ( 'NONE', #2199, #6560, #3589, .T. ) ;
#5764 = CARTESIAN_POINT ( 'NONE',  ( -0.02915363715317644683, 3.020000000000000462, -1.373102610874840535 ) ) ;
#5765 = VERTEX_POINT ( 'NONE', #321 ) ;
#5766 = SURFACE_SIDE_STYLE ('',( #859 ) ) ;
#5767 = VECTOR ( 'NONE', #5243, 1000.000000000000000 ) ;
#5768 = CARTESIAN_POINT ( 'NONE',  ( 0.2324047410033726890, 3.000000000000000444, -1.139132228998835705 ) ) ;
#5769 = SURFACE_STYLE_FILL_AREA ( #1891 ) ;
#5770 = SURFACE_STYLE_FILL_AREA ( #2605 ) ;
#5771 = EDGE_LOOP ( 'NONE', ( #1209, #4544, #2695, #318 ) ) ;
#5772 = CARTESIAN_POINT ( 'NONE',  ( -1.929245225112653728, 3.000000000000000888, -1.396263457214643067 ) ) ;
#5773 = VERTEX_POINT ( 'NONE', #733 ) ;
#5774 = DIRECTION ( 'NONE',  ( -0.0000000000000000000, 1.000000000000000000, -0.0000000000000000000 ) ) ;
#5775 = B_SPLINE_SURFACE_WITH_KNOTS ( 'NONE', 3, 1, ( 
 ( #1813, #466 ),
 ( #7002, #1426 ),
 ( #4195, #4757 ),
 ( #2092, #5900 ),
 ( #6901, #3136 ),
 ( #6435, #5352 ),
 ( #5929, #2631 ),
 ( #5254, #365 ),
 ( #4260, #2531 ),
 ( #1992, #1019 ),
 ( #4719, #4165 ),
 ( #6939, #5222 ),
 ( #5391, #3834 ),
 ( #1052, #6595 ),
 ( #1693, #2125 ),
 ( #2812, #594 ),
 ( #1090, #500 ),
 ( #90, #4361 ),
 ( #3262, #6097 ) ),
 .UNSPECIFIED., .F., .F., .F.,
 ( 4, 1, 1, 1, 1, 1, 1, 1, 1, 1, 1, 1, 1, 1, 1, 1, 4 ),
 ( 2, 2 ),
 ( 0.0000000000000000000, 0.06779439940133707987, 0.1334641369291914015, 0.1969337335573701220, 0.2584806216111270039, 0.3197865376803736837, 0.3804313677831001606, 0.4409901724489913022, 0.5028674288973122852, 0.5648063393097807472, 0.6255263416925381792, 0.6856036068581816689, 0.7460408460006122677, 0.8073467620698590030, 0.8697170363588135888, 0.9337895409055554374, 1.000000000000000000 ),
 ( 0.0000000000000000000, 1.000000000000000000 ),
 .UNSPECIFIED. ) ;
#5776 = ORIENTED_EDGE ( 'NONE', *, *, #3197, .F. ) ;
#5777 = CARTESIAN_POINT ( 'NONE',  ( -0.5897585796441395800, 3.019999999999999574, -1.036624395013399758 ) ) ;
#5778 = FILL_AREA_STYLE_COLOUR ( '', #3610 ) ;
#5779 = FACE_OUTER_BOUND ( 'NONE', #3809, .T. ) ;
#5780 = VECTOR ( 'NONE', #1410, 1000.000000000000000 ) ;
#5781 = AXIS2_PLACEMENT_3D ( 'NONE', #4817, #3795, #7000 ) ;
#5782 = CARTESIAN_POINT ( 'NONE',  ( -2.144036003790523726, 3.020000000000000018, -0.8624685512820378097 ) ) ;
#5783 = CARTESIAN_POINT ( 'NONE',  ( 0.2344443702640544580, 3.000000000000000888, -1.053954009598210950 ) ) ;
#5784 = VECTOR ( 'NONE', #4505, 1000.000000000000000 ) ;
#5785 = ORIENTED_EDGE ( 'NONE', *, *, #5957, .T. ) ;
#5786 = FACE_OUTER_BOUND ( 'NONE', #562, .T. ) ;
#5787 = DIRECTION ( 'NONE',  ( 0.0000000000000000000, 0.0000000000000000000, 1.000000000000000000 ) ) ;
#5788 = AXIS2_PLACEMENT_3D ( 'NONE', #762, #4536, #5115 ) ;
#5789 = EDGE_CURVE ( 'NONE', #5973, #3289, #1837, .T. ) ;
#5790 = PRESENTATION_STYLE_ASSIGNMENT (( #2585 ) ) ;
#5791 = SURFACE_SIDE_STYLE ('',( #3553 ) ) ;
#5792 = CARTESIAN_POINT ( 'NONE',  ( -0.2166058027103659189, 3.020000000000000462, -0.9670024162672197221 ) ) ;
#5793 = LINE ( 'NONE', #4666, #5780 ) ;
#5794 = VERTEX_POINT ( 'NONE', #2950 ) ;
#5795 = DIRECTION ( 'NONE',  ( -1.000000000000000000, 0.0000000000000000000, 0.0000000000000000000 ) ) ;
#5796 = CARTESIAN_POINT ( 'NONE',  ( -1.545796612280712967, 3.000000000000000888, -1.411344646737302755 ) ) ;
#5797 = FILL_AREA_STYLE_COLOUR ( '', #4423 ) ;
#5798 = CARTESIAN_POINT ( 'NONE',  ( 0.6180418443656985339, 3.000000000000000000, -0.9123598466327446088 ) ) ;
#5799 = STYLED_ITEM ( 'NONE', ( #1359 ), #2772 ) ;
#5800 = CARTESIAN_POINT ( 'NONE',  ( -1.951357324225850176, 3.019999999999999574, -1.904062053855921199 ) ) ;
#5801 = EDGE_LOOP ( 'NONE', ( #6234, #5989, #5327, #932, #5874, #422 ) ) ;
#5802 = EDGE_CURVE ( 'NONE', #2347, #279, #2362, .T. ) ;
#5803 = VECTOR ( 'NONE', #5619, 1000.000000000000000 ) ;
#5804 = CARTESIAN_POINT ( 'NONE',  ( -1.921582972105196685, 3.020000000000000462, -1.534910053988282730 ) ) ;
#5805 =( NAMED_UNIT ( * ) PLANE_ANGLE_UNIT ( ) SI_UNIT ( $, .RADIAN. ) );
#5806 = LINE ( 'NONE', #6294, #3660 ) ;
#5807 = VERTEX_POINT ( 'NONE', #6315 ) ;
#5808 = CARTESIAN_POINT ( 'NONE',  ( 0.2726953340210757082, 2.999999999999999112, -0.8995123882184301589 ) ) ;
#5809 = VERTEX_POINT ( 'NONE', #6238 ) ;
#5810 = CARTESIAN_POINT ( 'NONE',  ( -1.870560528329904271, 3.020000000000000018, -0.7627850499120361061 ) ) ;
#5811 = PRESENTATION_STYLE_ASSIGNMENT (( #4688 ) ) ;
#5812 = CARTESIAN_POINT ( 'NONE',  ( -1.611516366101327868, 3.000000000000000000, -1.166914522465256621 ) ) ;
#5813 = FACE_OUTER_BOUND ( 'NONE', #5801, .T. ) ;
#5814 = EDGE_CURVE ( 'NONE', #2347, #6947, #5750, .T. ) ;
#5815 = SURFACE_SIDE_STYLE ('',( #2506 ) ) ;
#5816 = SURFACE_SIDE_STYLE ('',( #2580 ) ) ;
#5817 = ORIENTED_EDGE ( 'NONE', *, *, #1025, .F. ) ;
#5818 = CARTESIAN_POINT ( 'NONE',  ( 0.4925979883799704306, 3.020000000000000906, -0.9299553795447801363 ) ) ;
#5819 = FILL_AREA_STYLE_COLOUR ( '', #3860 ) ;
#5820 = CARTESIAN_POINT ( 'NONE',  ( -55.34906976069122919, 2.360000000000000320, -15.33036380780025354 ) ) ;
#5821 = PRODUCT_DEFINITION_CONTEXT ( 'detailed design', #128, 'design' ) ;
#5822 = STYLED_ITEM ( 'NONE', ( #3746 ), #3714 ) ;
#5823 = DIRECTION ( 'NONE',  ( 1.000000000000000000, 0.0000000000000000000, 0.0000000000000000000 ) ) ;
#5824 = CARTESIAN_POINT ( 'NONE',  ( 3.599999999999999645, 3.000000000000000000, -3.400000000000000355 ) ) ;
#5825 = EDGE_LOOP ( 'NONE', ( #3, #4676, #3092, #4057 ) ) ;
#5826 = FACE_OUTER_BOUND ( 'NONE', #4447, .T. ) ;
#5827 = CARTESIAN_POINT ( 'NONE',  ( -55.34906976069122919, 1.560000000000000275, -19.21036380780025254 ) ) ;
#5828 = DIRECTION ( 'NONE',  ( 0.0000000000000000000, -1.000000000000000000, 0.0000000000000000000 ) ) ;
#5829 = CARTESIAN_POINT ( 'NONE',  ( -0.7692983235650552309, 3.020000000000000018, -1.746866167604331999 ) ) ;
#5830 = CARTESIAN_POINT ( 'NONE',  ( 0.8249478890009047660, 2.999999999999999112, -1.215276427817314264 ) ) ;
#5831 = VECTOR ( 'NONE', #3055, 1000.000000000000000 ) ;
#5832 = CARTESIAN_POINT ( 'NONE',  ( -0.1285808750434294934, 3.020000000000000462, -1.454894656635153938 ) ) ;
#5833 = ORIENTED_EDGE ( 'NONE', *, *, #2177, .T. ) ;
#5834 = FILL_AREA_STYLE_COLOUR ( '', #6679 ) ;
#5835 = FACE_OUTER_BOUND ( 'NONE', #978, .T. ) ;
#5836 = CARTESIAN_POINT ( 'NONE',  ( -0.5397472235380863514, 3.000000000000000000, -0.9648386158327396656 ) ) ;
#5837 = AXIS2_PLACEMENT_3D ( 'NONE', #2110, #6479, #4907 ) ;
#5838 = DIRECTION ( 'NONE',  ( 0.0000000000000000000, 1.000000000000000000, 0.0000000000000000000 ) ) ;
#5839 = EDGE_CURVE ( 'NONE', #5631, #780, #5129, .T. ) ;
#5840 = EDGE_LOOP ( 'NONE', ( #2196, #1059, #1354, #3567 ) ) ;
#5841 = CARTESIAN_POINT ( 'NONE',  ( 0.2416655054921800772, 3.000000000000000000, -0.9914744840939667681 ) ) ;
#5842 = ORIENTED_EDGE ( 'NONE', *, *, #5466, .F. ) ;
#5843 = LINE ( 'NONE', #3170, #3237 ) ;
#5844 = ORIENTED_EDGE ( 'NONE', *, *, #2019, .T. ) ;
#5845 = VECTOR ( 'NONE', #3290, 1000.000000000000000 ) ;
#5846 = CARTESIAN_POINT ( 'NONE',  ( -3.399999999999999911, 1.351261177893192666, 1.589999999999999858 ) ) ;
#5847 = CARTESIAN_POINT ( 'NONE',  ( -1.802259326998676636, 2.999999999999999112, -1.402219522957757869 ) ) ;
#5848 = DIRECTION ( 'NONE',  ( 0.0000000000000000000, 0.0000000000000000000, 1.000000000000000000 ) ) ;
#5849 = VECTOR ( 'NONE', #597, 1000.000000000000000 ) ;
#5850 = LINE ( 'NONE', #941, #6746 ) ;
#5851 = EDGE_CURVE ( 'NONE', #5809, #3042, #3512, .T. ) ;
#5852 = ORIENTED_EDGE ( 'NONE', *, *, #3084, .T. ) ;
#5853 = CARTESIAN_POINT ( 'NONE',  ( -1.872875719452105958, 3.000000000000000000, -1.915235741852474138 ) ) ;
#5854 = FILL_AREA_STYLE ('',( #3588 ) ) ;
#5855 = CARTESIAN_POINT ( 'NONE',  ( -54.37906976069123743, 0.2000000000000000111, -16.03036380780025283 ) ) ;
#5856 = DIRECTION ( 'NONE',  ( -0.0000000000000000000, -1.000000000000000000, -0.0000000000000000000 ) ) ;
#5857 = CARTESIAN_POINT ( 'NONE',  ( 0.8250936682870266825, 3.000000000000000000, -1.717672766091256298 ) ) ;
#5858 = VERTEX_POINT ( 'NONE', #4548 ) ;
#5859 = CARTESIAN_POINT ( 'NONE',  ( -0.4696350060167160390, 3.020000000000000462, -1.904062053855922088 ) ) ;
#5860 = CARTESIAN_POINT ( 'NONE',  ( -0.1388805520114952952, 3.000000000000000000, -1.239604617066078385 ) ) ;
#5861 = FACE_OUTER_BOUND ( 'NONE', #2189, .T. ) ;
#5862 = CARTESIAN_POINT ( 'NONE',  ( -1.958795034431594084, 3.020000000000000018, -1.388401139822559527 ) ) ;
#5863 = CARTESIAN_POINT ( 'NONE',  ( -1.913262143559251838, 3.019999999999999574, -1.913661008579338407 ) ) ;
#5864 = CARTESIAN_POINT ( 'NONE',  ( 0.8112775397019797996, 3.019999999999999574, -1.079903931853200216 ) ) ;
#5865 =( LENGTH_UNIT ( ) NAMED_UNIT ( * ) SI_UNIT ( .MILLI., .METRE. ) );
#5866 = EDGE_LOOP ( 'NONE', ( #3517, #831, #6310, #5031 ) ) ;
#5867 = DIRECTION ( 'NONE',  ( -0.0000000000000000000, 1.000000000000000000, -0.0000000000000000000 ) ) ;
#5868 = PLANE ( 'NONE',  #5703 ) ;
#5869 = DIRECTION ( 'NONE',  ( 1.000000000000000000, 0.0000000000000000000, -0.0000000000000000000 ) ) ;
#5870 = EDGE_CURVE ( 'NONE', #6222, #508, #1371, .T. ) ;
#5871 = SURFACE_SIDE_STYLE ('',( #992 ) ) ;
#5872 = EDGE_LOOP ( 'NONE', ( #1857, #715, #4687, #5672 ) ) ;
#5873 = CARTESIAN_POINT ( 'NONE',  ( 0.5267533237301010862, 3.019999999999999130, -0.7631867233046065735 ) ) ;
#5874 = ORIENTED_EDGE ( 'NONE', *, *, #6309, .T. ) ;
#5875 = CARTESIAN_POINT ( 'NONE',  ( -1.864643928795388428, 3.020000000000000018, -0.9109572817329495420 ) ) ;
#5876 = MECHANICAL_DESIGN_GEOMETRIC_PRESENTATION_REPRESENTATION (  '', ( #5984 ), #4139 ) ;
#5877 = CARTESIAN_POINT ( 'NONE',  ( -0.1656857917439017169, 2.999999999999999556, -1.502186620824422114 ) ) ;
#5878 = CARTESIAN_POINT ( 'NONE',  ( -0.2061953549248518314, 3.020000000000000018, -1.482295002000742601 ) ) ;
#5879 = CARTESIAN_POINT ( 'NONE',  ( -1.556231424240767547, 3.020000000000000018, -1.587794194115607960 ) ) ;
#5880 = EDGE_CURVE ( 'NONE', #3410, #189, #6734, .T. ) ;
#5881 = FACE_OUTER_BOUND ( 'NONE', #6978, .T. ) ;
#5882 = CARTESIAN_POINT ( 'NONE',  ( -1.689835053868970149, 3.000000000000000000, -2.020085302194129628 ) ) ;
#5883 = SHAPE_REPRESENTATION_RELATIONSHIP ( 'NONE' , 'NONE' ,  #3771, #3185 ) ;
#5884 = EDGE_LOOP ( 'NONE', ( #4269, #6280, #2974, #1097 ) ) ;
#5885 = ADVANCED_FACE ( 'NONE', ( #1946 ), #6288, .T. ) ;
#5886 =( NAMED_UNIT ( * ) PLANE_ANGLE_UNIT ( ) SI_UNIT ( $, .RADIAN. ) );
#5887 = B_SPLINE_SURFACE_WITH_KNOTS ( 'NONE', 3, 1, ( 
 ( #1788, #6020 ),
 ( #12, #5592 ),
 ( #1045, #5891 ),
 ( #686, #5046 ),
 ( #5415, #2696 ) ),
 .UNSPECIFIED., .F., .F., .F.,
 ( 4, 1, 4 ),
 ( 2, 2 ),
 ( 0.0000000000000000000, 0.5660412240200385359, 1.000000000000000000 ),
 ( 0.0000000000000000000, 1.000000000000000000 ),
 .UNSPECIFIED. ) ;
#5888 = CARTESIAN_POINT ( 'NONE',  ( -3.600000000000000533, 3.000000000000000000, -3.399999999999999911 ) ) ;
#5889 = CARTESIAN_POINT ( 'NONE',  ( -0.4064818079579924359, 3.000000000000000888, -0.9113187227711542215 ) ) ;
#5890 = ORIENTED_EDGE ( 'NONE', *, *, #1723, .T. ) ;
#5891 = CARTESIAN_POINT ( 'NONE',  ( -0.4477701702628951730, 3.000000000000000000, -1.535226642933064101 ) ) ;
#5892 = SURFACE_STYLE_FILL_AREA ( #1516 ) ;
#5893 = VECTOR ( 'NONE', #3498, 1000.000000000000000 ) ;
#5894 = CARTESIAN_POINT ( 'NONE',  ( -1.447809721626673873, 3.019999999999999130, -1.124631477816143477 ) ) ;
#5895 = FACE_OUTER_BOUND ( 'NONE', #6408, .T. ) ;
#5896 =( NAMED_UNIT ( * ) PLANE_ANGLE_UNIT ( ) SI_UNIT ( $, .RADIAN. ) );
#5897 = LINE ( 'NONE', #989, #4256 ) ;
#5898 = CARTESIAN_POINT ( 'NONE',  ( -0.001072484142330330315, 3.019999999999998685, -1.329034521154249360 ) ) ;
#5899 = SURFACE_SIDE_STYLE ('',( #2022 ) ) ;
#5900 = CARTESIAN_POINT ( 'NONE',  ( -0.4677047510755679149, 3.000000000000001332, -0.7687467679522785868 ) ) ;
#5901 = CARTESIAN_POINT ( 'NONE',  ( -0.4398606538960616597, 3.000000000000000444, -1.534910053988282730 ) ) ;
#5902 = SURFACE_STYLE_USAGE ( .BOTH. , #6305 ) ;
#5903 = VECTOR ( 'NONE', #5037, 1000.000000000000000 ) ;
#5904 = CARTESIAN_POINT ( 'NONE',  ( -2.061040613975312574, 3.000000000000002665, -1.015309225000133875 ) ) ;
#5905 = DIRECTION ( 'NONE',  ( 0.0000000000000000000, 0.0000000000000000000, 1.000000000000000000 ) ) ;
#5906 = ORIENTED_EDGE ( 'NONE', *, *, #4819, .T. ) ;
#5907 = CARTESIAN_POINT ( 'NONE',  ( -0.4770727162224594475, 3.000000000000000000, -1.388401139822559527 ) ) ;
#5908 = ORIENTED_EDGE ( 'NONE', *, *, #1234, .T. ) ;
#5909 = CARTESIAN_POINT ( 'NONE',  ( -2.090810965644795960, 3.020000000000000462, -1.084993003504291398 ) ) ;
#5910 = EDGE_CURVE ( 'NONE', #159, #6012, #1477, .T. ) ;
#5911 = CARTESIAN_POINT ( 'NONE',  ( -1.615189128100763982, 3.000000000000000444, -1.216440128398399656 ) ) ;
#5912 = CARTESIAN_POINT ( 'NONE',  ( -55.34906976069122919, 1.560000000000000275, -16.03036380780025283 ) ) ;
#5913 = FILL_AREA_STYLE_COLOUR ( '', #1495 ) ;
#5914 = PLANE ( 'NONE',  #6167 ) ;
#5915 = CARTESIAN_POINT ( 'NONE',  ( -0.2167330484003285318, 3.020000000000000462, -1.820283394106908093 ) ) ;
#5916 = EDGE_CURVE ( 'NONE', #5995, #7046, #4866, .T. ) ;
#5917 = CARTESIAN_POINT ( 'NONE',  ( -1.718935763698464347, 3.020000000000000462, -1.610104445450003974 ) ) ;
#5918 = CARTESIAN_POINT ( 'NONE',  ( -0.6237014872952384437, 3.000000000000001332, -1.141447420121037171 ) ) ;
#5919 = ORIENTED_EDGE ( 'NONE', *, *, #2904, .T. ) ;
#5920 = CARTESIAN_POINT ( 'NONE',  ( -0.04140360328527587647, 3.000000000000000000, -1.820725840425060360 ) ) ;
#5921 = CARTESIAN_POINT ( 'NONE',  ( -0.3011856255743054489, 3.000000000000000000, -0.7692340927347680601 ) ) ;
#5922 = FILL_AREA_STYLE_COLOUR ( '', #1698 ) ;
#5923 = SURFACE_STYLE_USAGE ( .BOTH. , #2451 ) ;
#5924 = EDGE_CURVE ( 'NONE', #5623, #4382, #2010, .T. ) ;
#5925 = DIRECTION ( 'NONE',  ( 0.0000000000000000000, -0.0000000000000000000, 1.000000000000000000 ) ) ;
#5926 = CARTESIAN_POINT ( 'NONE',  ( -3.599999999999999645, 0.0000000000000000000, 2.900000000000000355 ) ) ;
#5927 = EDGE_CURVE ( 'NONE', #82, #6943, #450, .T. ) ;
#5928 = CARTESIAN_POINT ( 'NONE',  ( -1.630382857699015364, 3.020000000000001794, -0.8281084377046472600 ) ) ;
#5929 = CARTESIAN_POINT ( 'NONE',  ( -0.5739960907516892252, 3.020000000000000018, -0.8014251924854067788 ) ) ;
#5930 = SURFACE_STYLE_USAGE ( .BOTH. , #2666 ) ;
#5931 = CARTESIAN_POINT ( 'NONE',  ( -1.932346953366005371, 3.000000000000000444, -0.9183093752987022684 ) ) ;
#5932 = DIRECTION ( 'NONE',  ( -0.0000000000000000000, -1.000000000000000000, -0.0000000000000000000 ) ) ;
#5933 = CARTESIAN_POINT ( 'NONE',  ( -0.5713460906425008590, 3.000000000000000000, -1.821838541363575592 ) ) ;
#5934 = CARTESIAN_POINT ( 'NONE',  ( -3.099999999999999645, 3.000000000000000000, 2.899999999999999911 ) ) ;
#5935 = ORIENTED_EDGE ( 'NONE', *, *, #2422, .T. ) ;
#5936 = DIRECTION ( 'NONE',  ( -1.707404996040164018E-16, 0.0000000000000000000, 1.000000000000000000 ) ) ;
#5937 = LINE ( 'NONE', #5433, #3924 ) ;
#5938 = CARTESIAN_POINT ( 'NONE',  ( -0.6358677689201646110, 3.020000000000000906, -0.8396064748795865063 ) ) ;
#5939 = MECHANICAL_DESIGN_GEOMETRIC_PRESENTATION_REPRESENTATION (  '', ( #911 ), #3753 ) ;
#5940 = VECTOR ( 'NONE', #6026, 1000.000000000000000 ) ;
#5941 = FACE_OUTER_BOUND ( 'NONE', #6838, .T. ) ;
#5942 = ORIENTED_EDGE ( 'NONE', *, *, #1581, .F. ) ;
#5943 =( NAMED_UNIT ( * ) SI_UNIT ( $, .STERADIAN. ) SOLID_ANGLE_UNIT ( ) );
#5944 = STYLED_ITEM ( 'NONE', ( #4167 ), #5654 ) ;
#5945 = PRESENTATION_LAYER_ASSIGNMENT (  '', '', ( #4689 ) ) ;
#5946 = EDGE_LOOP ( 'NONE', ( #2858, #1037, #1274, #3991 ) ) ;
#5947 = VECTOR ( 'NONE', #1544, 1000.000000000000000 ) ;
#5948 = CARTESIAN_POINT ( 'NONE',  ( -0.1957700307887894342, 3.020000000000000018, -1.738089500630947359 ) ) ;
#5949 = UNCERTAINTY_MEASURE_WITH_UNIT (LENGTH_MEASURE( 1.000000000000000082E-05 ), #2771, 'distance_accuracy_value', 'NONE');
#5950 =( NAMED_UNIT ( * ) PLANE_ANGLE_UNIT ( ) SI_UNIT ( $, .RADIAN. ) );
#5951 = AXIS2_PLACEMENT_3D ( 'NONE', #1068, #5477, #2205 ) ;
#5952 = CARTESIAN_POINT ( 'NONE',  ( -1.918150568064051820, 3.020000000000000018, -1.534772667437316107 ) ) ;
#5953 = ORIENTED_EDGE ( 'NONE', *, *, #1095, .T. ) ;
#5954 = CARTESIAN_POINT ( 'NONE',  ( -0.1008727082872894337, 2.999999999999999556, -1.935775245845977821 ) ) ;
#5955 = CARTESIAN_POINT ( 'NONE',  ( 0.02807456949150433784, 2.999999999999999112, -1.084716072172517531 ) ) ;
#5956 =( NAMED_UNIT ( * ) PLANE_ANGLE_UNIT ( ) SI_UNIT ( $, .RADIAN. ) );
#5957 = EDGE_CURVE ( 'NONE', #1192, #2310, #946, .T. ) ;
#5958 = UNCERTAINTY_MEASURE_WITH_UNIT (LENGTH_MEASURE( 1.000000000000000082E-05 ), #4164, 'distance_accuracy_value', 'NONE');
#5959 = CARTESIAN_POINT ( 'NONE',  ( -2.087412308012221107, 2.999999999999999556, -0.8192007842939863504 ) ) ;
#5960 = B_SPLINE_CURVE_WITH_KNOTS ( 'NONE', 3,
 ( #4421, #6618, #3250, #1681, #1717, #2762, #4938, #2827, #5591, #1644, #3318, #6650, #3820, #3852, #2690 ),
 .UNSPECIFIED., .F., .F.,
 ( 4, 1, 1, 1, 1, 1, 1, 1, 1, 1, 1, 1, 4 ),
 ( 0.0000000000000000000, 0.1277971582348373381, 0.2467952527166556165, 0.3622843155839160501, 0.4776524647273051594, 0.5362368417287138866, 0.5955904355162852104, 0.6563437591396384940, 0.7190851405078759750, 0.7843491651281224719, 0.8528755346365584078, 0.9245512555167005875, 1.000000000000000000 ),
 .UNSPECIFIED. ) ;
#5961 = ORIENTED_EDGE ( 'NONE', *, *, #183, .T. ) ;
#5962 = PRODUCT_DEFINITION_FORMATION_WITH_SPECIFIED_SOURCE ( 'ANY', '', #1705, .NOT_KNOWN. ) ;
#5963 = CARTESIAN_POINT ( 'NONE',  ( -1.702718947450482467, 3.000000000000001332, -0.7914466682654155427 ) ) ;
#5964 = CARTESIAN_POINT ( 'NONE',  ( 3.100000000000001421, 0.0000000000000000000, 2.899999999999999911 ) ) ;
#5965 = CARTESIAN_POINT ( 'NONE',  ( -0.3829216105862539021, 3.020000000000000018, -0.9109572817329495420 ) ) ;
#5966 = FACE_OUTER_BOUND ( 'NONE', #369, .T. ) ;
#5967 = FILL_AREA_STYLE ('',( #2706 ) ) ;
#5968 = EDGE_CURVE ( 'NONE', #1356, #2907, #3621, .T. ) ;
#5969 = PRODUCT_DEFINITION ( 'UNKNOWN', '', #136, #2651 ) ;
#5970 = FACE_OUTER_BOUND ( 'NONE', #5515, .T. ) ;
#5971 = CARTESIAN_POINT ( 'NONE',  ( -1.878020588612554276, 3.020000000000000018, -2.063407973673387463 ) ) ;
#5972 = CARTESIAN_POINT ( 'NONE',  ( -0.7836468285197749628, 3.000000000000001332, -1.086198636167389875 ) ) ;
#5973 = VERTEX_POINT ( 'NONE', #3214 ) ;
#5974 = CARTESIAN_POINT ( 'NONE',  ( -0.5895577476934913408, 3.020000000000000462, -1.784565123809666476 ) ) ;
#5975 = CARTESIAN_POINT ( 'NONE',  ( -1.611680494745935777, 3.019999999999999574, -1.157984966513125435 ) ) ;
#5976 = FILL_AREA_STYLE ('',( #1600 ) ) ;
#5977 = CARTESIAN_POINT ( 'NONE',  ( -1.913892451140055684, 2.999999999999999556, -2.062787849101242355 ) ) ;
#5978 = CARTESIAN_POINT ( 'NONE',  ( 3.600000000000001421, 0.2000000000000000111, -1.590000000000000302 ) ) ;
#5979 = LINE ( 'NONE', #1567, #1719 ) ;
#5980 = ORIENTED_EDGE ( 'NONE', *, *, #2186, .F. ) ;
#5981 = DIRECTION ( 'NONE',  ( 0.0000000000000000000, 0.0000000000000000000, 1.000000000000000000 ) ) ;
#5982 = CARTESIAN_POINT ( 'NONE',  ( 0.3970405541377209357, 3.020000000000000018, -1.207301745374776525 ) ) ;
#5983 = PRESENTATION_STYLE_ASSIGNMENT (( #1570 ) ) ;
#5984 = STYLED_ITEM ( 'NONE', ( #814 ), #344 ) ;
#5985 = CARTESIAN_POINT ( 'NONE',  ( -0.1008727082872894337, 3.000000000000000888, -1.935775245845977821 ) ) ;
#5986 = SURFACE_STYLE_FILL_AREA ( #1545 ) ;
#5987 = AXIS2_PLACEMENT_3D ( 'NONE', #1049, #4294, #6489 ) ;
#5988 = CARTESIAN_POINT ( 'NONE',  ( -1.830007848895457423, 3.000000000000000888, -1.545907426626785819 ) ) ;
#5989 = ORIENTED_EDGE ( 'NONE', *, *, #4788, .F. ) ;
#5990 = ADVANCED_FACE ( 'NONE', ( #351 ), #3120, .T. ) ;
#5991 =( NAMED_UNIT ( * ) SI_UNIT ( $, .STERADIAN. ) SOLID_ANGLE_UNIT ( ) );
#5992 = CARTESIAN_POINT ( 'NONE',  ( -1.884041130471864278, 3.019999999999999574, -0.7630389696933729260 ) ) ;
#5993 = CARTESIAN_POINT ( 'NONE',  ( -1.870560528329904271, 3.000000000000000444, -0.7627850499120361061 ) ) ;
#5994 = COLOUR_RGB ( '',1.000000000000000000, 1.000000000000000000, 1.000000000000000000 ) ;
#5995 = VERTEX_POINT ( 'NONE', #3688 ) ;
#5996 = LINE ( 'NONE', #3331, #6598 ) ;
#5997 = DIRECTION ( 'NONE',  ( -0.0000000000000000000, -1.000000000000000000, -0.0000000000000000000 ) ) ;
#5998 = CARTESIAN_POINT ( 'NONE',  ( -1.989550546529374797, 3.000000000000003553, -0.9409544661237361218 ) ) ;
#5999 = COLOUR_RGB ( '',1.000000000000000000, 1.000000000000000000, 1.000000000000000000 ) ;
#6000 = CARTESIAN_POINT ( 'NONE',  ( -2.071280065902626255, 3.000000000000000000, -1.784565123809666254 ) ) ;
#6001 = LINE ( 'NONE', #4824, #400 ) ;
#6002 = CARTESIAN_POINT ( 'NONE',  ( -1.779928146876207373, 3.020000000000000018, -2.053311126813548881 ) ) ;
#6003 = EDGE_CURVE ( 'NONE', #1819, #5114, #2514, .T. ) ;
#6004 = ORIENTED_EDGE ( 'NONE', *, *, #3725, .T. ) ;
#6005 = CARTESIAN_POINT ( 'NONE',  ( -1.864643928795388428, 3.020000000000000018, -0.9109572817329495420 ) ) ;
#6006 = DIRECTION ( 'NONE',  ( -2.182042108146928133E-15, 0.0000000000000000000, 1.000000000000000000 ) ) ;
#6007 = CARTESIAN_POINT ( 'NONE',  ( -2.235676555192880333, 3.000000000000000444, -1.807900982554947911 ) ) ;
#6008 = DIRECTION ( 'NONE',  ( 1.000000000000000000, 0.0000000000000000000, 0.0000000000000000000 ) ) ;
#6009 = EDGE_LOOP ( 'NONE', ( #3211, #1440, #6626, #5073 ) ) ;
#6010 = VECTOR ( 'NONE', #6540, 1000.000000000000000 ) ;
#6011 = DIRECTION ( 'NONE',  ( 1.000000000000000000, 0.0000000000000000000, 0.0000000000000000000 ) ) ;
#6012 = VERTEX_POINT ( 'NONE', #6586 ) ;
#6013 = ORIENTED_EDGE ( 'NONE', *, *, #7005, .F. ) ;
#6014 = CARTESIAN_POINT ( 'NONE',  ( -1.677730277028448125, 3.019999999999999130, -1.750851709550557578 ) ) ;
#6015 = FACE_BOUND ( 'NONE', #3677, .T. ) ;
#6016 = CARTESIAN_POINT ( 'NONE',  ( -1.852296242810312465, 3.020000000000000018, -1.405893694968084029 ) ) ;
#6017 = CARTESIAN_POINT ( 'NONE',  ( -1.647408109953036659, 3.020000000000000462, -1.502186620824422114 ) ) ;
#6018 = CARTESIAN_POINT ( 'NONE',  ( 2.330000000000001403, 0.2000000000000000111, 1.589999999999999858 ) ) ;
#6019 = ORIENTED_EDGE ( 'NONE', *, *, #1420, .T. ) ;
#6020 = CARTESIAN_POINT ( 'NONE',  ( -0.4600946479929796662, 3.000000000000000000, -1.536573371643473296 ) ) ;
#6021 = CARTESIAN_POINT ( 'NONE',  ( 0.03452842018045929051, 3.000000000000000000, -1.151802878258184615 ) ) ;
#6022 = CARTESIAN_POINT ( 'NONE',  ( -2.021938509982363907, 3.000000000000000444, -0.7875309464302363560 ) ) ;
#6023 = LINE ( 'NONE', #5421, #4355 ) ;
#6024 = ORIENTED_EDGE ( 'NONE', *, *, #6050, .F. ) ;
#6025 = FACE_OUTER_BOUND ( 'NONE', #4030, .T. ) ;
#6026 = DIRECTION ( 'NONE',  ( 0.0000000000000000000, 0.0000000000000000000, -1.000000000000000000 ) ) ;
#6027 = DIRECTION ( 'NONE',  ( -0.0000000000000000000, -1.000000000000000000, -0.0000000000000000000 ) ) ;
#6028 = CARTESIAN_POINT ( 'NONE',  ( -1.733642748856993876, 3.019999999999999574, -2.039386842767528130 ) ) ;
#6029 = CARTESIAN_POINT ( 'NONE',  ( -2.071280065902626255, 3.020000000000000018, -1.784565123809666254 ) ) ;
#6030 = CARTESIAN_POINT ( 'NONE',  ( -2.191178793082801057, 3.019999999999999574, -1.902743854191270900 ) ) ;
#6031 = CARTESIAN_POINT ( 'NONE',  ( -0.7128863044843075647, 2.999999999999999556, -0.9174277886334082366 ) ) ;
#6032 = ORIENTED_EDGE ( 'NONE', *, *, #3681, .T. ) ;
#6033 = CARTESIAN_POINT ( 'NONE',  ( -0.4315398253501173675, 3.000000000000000888, -1.913661008579338407 ) ) ;
#6034 = DIRECTION ( 'NONE',  ( -1.000000000000000000, -0.0000000000000000000, -0.0000000000000000000 ) ) ;
#6035 = CARTESIAN_POINT ( 'NONE',  ( -0.1529692001993146477, 3.000000000000001776, -1.465957174887511316 ) ) ;
#6036 = CARTESIAN_POINT ( 'NONE',  ( -1.878020588612554276, 3.000000000000000000, -2.063407973673387463 ) ) ;
#6037 = CARTESIAN_POINT ( 'NONE',  ( -1.761321733180697402, 3.020000000000000906, -1.886070645818264335 ) ) ;
#6038 =( GEOMETRIC_REPRESENTATION_CONTEXT ( 3 ) GLOBAL_UNCERTAINTY_ASSIGNED_CONTEXT ( ( #4079 ) ) GLOBAL_UNIT_ASSIGNED_CONTEXT ( ( #6231, #4230, #3733 ) ) REPRESENTATION_CONTEXT ( 'NONE', 'WORKASPACE' ) );
#6039 =( GEOMETRIC_REPRESENTATION_CONTEXT ( 3 ) GLOBAL_UNCERTAINTY_ASSIGNED_CONTEXT ( ( #5016 ) ) GLOBAL_UNIT_ASSIGNED_CONTEXT ( ( #1070, #3056, #879 ) ) REPRESENTATION_CONTEXT ( 'NONE', 'WORKASPACE' ) );
#6040 = ADVANCED_FACE ( 'NONE', ( #7057 ), #3854, .F. ) ;
#6041 = CARTESIAN_POINT ( 'NONE',  ( -1.611516366101327868, 3.000000000000000000, -1.166914522465256621 ) ) ;
#6042 = VERTEX_POINT ( 'NONE', #5008 ) ;
#6043 = PRODUCT_CONTEXT ( 'NONE', #3683, 'mechanical' ) ;
#6044 = ORIENTED_EDGE ( 'NONE', *, *, #5117, .F. ) ;
#6045 = CARTESIAN_POINT ( 'NONE',  ( -1.708085198718334530, 3.019999999999999130, -1.835437900399442324 ) ) ;
#6046 = PRESENTATION_LAYER_ASSIGNMENT (  '', '', ( #5136 ) ) ;
#6047 = CARTESIAN_POINT ( 'NONE',  ( 3.100000000000000977, 3.000000000000000000, 2.289999999999999591 ) ) ;
#6048 = VECTOR ( 'NONE', #5584, 1000.000000000000000 ) ;
#6049 = DIRECTION ( 'NONE',  ( 0.0000000000000000000, 1.000000000000000000, 0.0000000000000000000 ) ) ;
#6050 = EDGE_CURVE ( 'NONE', #2308, #2385, #4390, .T. ) ;
#6051 = ADVANCED_FACE ( 'NONE', ( #3253, #653, #2143, #6015, #7, #1722 ), #1684, .T. ) ;
#6052 = CARTESIAN_POINT ( 'NONE',  ( -0.2052620057194592951, 3.019999999999999574, -1.663721632383340365 ) ) ;
#6053 = CARTESIAN_POINT ( 'NONE',  ( 1.434246176884115043, 3.020000000000000018, -0.7792486312254709446 ) ) ;
#6054 = CARTESIAN_POINT ( 'NONE',  ( -55.34906976069122919, 2.360000000000000320, -15.33036380780025354 ) ) ;
#6055 = ORIENTED_EDGE ( 'NONE', *, *, #2213, .F. ) ;
#6056 = AXIS2_PLACEMENT_3D ( 'NONE', #6845, #2903, #1936 ) ;
#6057 =( GEOMETRIC_REPRESENTATION_CONTEXT ( 3 ) GLOBAL_UNCERTAINTY_ASSIGNED_CONTEXT ( ( #4149 ) ) GLOBAL_UNIT_ASSIGNED_CONTEXT ( ( #2061, #4822, #6808 ) ) REPRESENTATION_CONTEXT ( 'NONE', 'WORKASPACE' ) );
#6058 = SURFACE_STYLE_FILL_AREA ( #4880 ) ;
#6059 =( NAMED_UNIT ( * ) SI_UNIT ( $, .STERADIAN. ) SOLID_ANGLE_UNIT ( ) );
#6060 = B_SPLINE_CURVE_WITH_KNOTS ( 'NONE', 3,
 ( #1492, #4162, #6361, #1457, #5832, #3132, #4192, #1522, #3669, #5764, #957, #5898, #6286, #3566, #5350, #463, #2629, #854, #3032 ),
 .UNSPECIFIED., .F., .F.,
 ( 4, 1, 1, 1, 1, 1, 1, 1, 1, 1, 1, 1, 1, 1, 1, 1, 4 ),
 ( 0.0000000000000000000, 0.06582824467819005376, 0.1289383166014413662, 0.1908583237191144311, 0.2511862310452444014, 0.3109740177800721650, 0.3700498785126949408, 0.4296723095349295196, 0.4895072568266735091, 0.5499752717322412554, 0.6100748076115775076, 0.6709148653422596364, 0.7329088543890386331, 0.7967107088217865174, 0.8618253836021729786, 0.9298919770519396000, 1.000000000000000000 ),
 .UNSPECIFIED. ) ;
#6061 = VECTOR ( 'NONE', #1738, 1000.000000000000000 ) ;
#6062 = CARTESIAN_POINT ( 'NONE',  ( 0.3993003115827673533, 3.000000000000001332, -1.105856693643484601 ) ) ;
#6063 = LINE ( 'NONE', #3764, #5191 ) ;
#6064 = ORIENTED_EDGE ( 'NONE', *, *, #6601, .T. ) ;
#6065 = FILL_AREA_STYLE_COLOUR ( '', #1659 ) ;
#6066 = DIRECTION ( 'NONE',  ( 0.0000000000000000000, 0.0000000000000000000, 1.000000000000000000 ) ) ;
#6067 = CARTESIAN_POINT ( 'NONE',  ( -0.3888382101207695785, 3.020000000000000018, -0.7627850499120361061 ) ) ;
#6068 = CARTESIAN_POINT ( 'NONE',  ( -0.2755475884922244934, 3.019999999999998685, -1.578444247848851845 ) ) ;
#6069 = CARTESIAN_POINT ( 'NONE',  ( -1.878020588612554276, 3.020000000000000018, -2.063407973673387463 ) ) ;
#6070 = CARTESIAN_POINT ( 'NONE',  ( -0.2061953549248518314, 3.020000000000000018, -1.482295002000742601 ) ) ;
#6071 = CARTESIAN_POINT ( 'NONE',  ( -55.74906976069122777, 0.0000000000000000000, -19.21036380780025254 ) ) ;
#6072 = CARTESIAN_POINT ( 'NONE',  ( 0.005330947839205196596, 3.000000000000000444, -1.009768632962657620 ) ) ;
#6073 = VERTEX_POINT ( 'NONE', #5449 ) ;
#6074 = CARTESIAN_POINT ( 'NONE',  ( -0.5297138847073341594, 3.000000000000001776, -1.870314576606030732 ) ) ;
#6075 = CARTESIAN_POINT ( 'NONE',  ( 0.5840565481200197251, 3.020000000000000018, -0.9109572817329495420 ) ) ;
#6076 = CARTESIAN_POINT ( 'NONE',  ( -0.001072484142330330315, 3.019999999999998685, -1.329034521154249360 ) ) ;
#6077 = CARTESIAN_POINT ( 'NONE',  ( -2.126329265024584192, 3.000000000000000444, -1.977621574351265066 ) ) ;
#6078 = EDGE_CURVE ( 'NONE', #1974, #363, #2830, .T. ) ;
#6079 = CARTESIAN_POINT ( 'NONE',  ( -1.687917673133986884, 3.020000000000000462, -1.482295002000742823 ) ) ;
#6080 = LINE ( 'NONE', #1640, #126 ) ;
#6081 = ORIENTED_EDGE ( 'NONE', *, *, #3959, .T. ) ;
#6082 =( NAMED_UNIT ( * ) PLANE_ANGLE_UNIT ( ) SI_UNIT ( $, .RADIAN. ) );
#6083 = ORIENTED_EDGE ( 'NONE', *, *, #200, .F. ) ;
#6084 = DIRECTION ( 'NONE',  ( 1.000000000000000000, 0.0000000000000000000, 0.0000000000000000000 ) ) ;
#6085 = ADVANCED_FACE ( 'NONE', ( #2180 ), #6671, .T. ) ;
#6086 = CARTESIAN_POINT ( 'NONE',  ( -1.537013706140163194, 3.000000000000000000, -1.622360429834539763 ) ) ;
#6087 = LINE ( 'NONE', #1790, #6725 ) ;
#6088 = CARTESIAN_POINT ( 'NONE',  ( -0.3795429168351228677, 3.000000000000001776, -2.062864638765018466 ) ) ;
#6089 = ORIENTED_EDGE ( 'NONE', *, *, #3937, .F. ) ;
#6090 = CARTESIAN_POINT ( 'NONE',  ( -0.5627807814173197976, 3.000000000000000888, -2.030280888219688773 ) ) ;
#6091 = VERTEX_POINT ( 'NONE', #2943 ) ;
#6092 = CARTESIAN_POINT ( 'NONE',  ( 0.9897294814213749570, 3.000000000000000000, -0.7792486312254709446 ) ) ;
#6093 = AXIS2_PLACEMENT_3D ( 'NONE', #6785, #6702, #2963 ) ;
#6094 = MECHANICAL_DESIGN_GEOMETRIC_PRESENTATION_REPRESENTATION (  '', ( #1179 ), #1424 ) ;
#6095 = CARTESIAN_POINT ( 'NONE',  ( -2.270059618638720966, 3.000000000000000000, -1.124983838807602332 ) ) ;
#6096 = VERTEX_POINT ( 'NONE', #233 ) ;
#6097 = CARTESIAN_POINT ( 'NONE',  ( -0.7883373004295866071, 3.000000000000001332, -1.124983838807602332 ) ) ;
#6098 = MECHANICAL_DESIGN_GEOMETRIC_PRESENTATION_REPRESENTATION (  '', ( #3915 ), #616 ) ;
#6099 = CARTESIAN_POINT ( 'NONE',  ( -1.884041130471864278, 3.019999999999999574, -0.7630389696933729260 ) ) ;
#6100 = LINE ( 'NONE', #5541, #5356 ) ;
#6101 = CARTESIAN_POINT ( 'NONE',  ( 0.5840565481200197251, 3.020000000000000018, -0.9109572817329495420 ) ) ;
#6102 = CARTESIAN_POINT ( 'NONE',  ( 0.8162002175480201904, 3.020000000000000462, -0.9190716331131640882 ) ) ;
#6103 = ORIENTED_EDGE ( 'NONE', *, *, #1980, .F. ) ;
#6104 = CARTESIAN_POINT ( 'NONE',  ( -0.3619903655387871066, 3.020000000000000462, -1.405700797738484997 ) ) ;
#6105 = FILL_AREA_STYLE ('',( #2457 ) ) ;
#6106 = CARTESIAN_POINT ( 'NONE',  ( 0.02622946444835236313, 3.020000000000000018, -1.252974633896040801 ) ) ;
#6107 = LINE ( 'NONE', #2271, #2228 ) ;
#6108 = VECTOR ( 'NONE', #4311, 1000.000000000000000 ) ;
#6109 = CARTESIAN_POINT ( 'NONE',  ( -1.678696004426587951, 3.019999999999999574, -1.479966713092396136 ) ) ;
#6110 = CARTESIAN_POINT ( 'NONE',  ( 0.03428311630434724422, 3.000000000000001332, -1.195713631510698871 ) ) ;
#6111 = DIRECTION ( 'NONE',  ( -3.330669073875469621E-16, -1.040834085586084257E-17, -1.000000000000000000 ) ) ;
#6112 = ORIENTED_EDGE ( 'NONE', *, *, #6807, .T. ) ;
#6113 = CARTESIAN_POINT ( 'NONE',  ( -1.630382857699015364, 3.000000000000001776, -0.8281084377046472600 ) ) ;
#6114 = MECHANICAL_DESIGN_GEOMETRIC_PRESENTATION_REPRESENTATION (  '', ( #3037 ), #7035 ) ;
#6115 = ADVANCED_FACE ( 'NONE', ( #2436 ), #1293, .T. ) ;
#6116 = ORIENTED_EDGE ( 'NONE', *, *, #5349, .T. ) ;
#6117 = CARTESIAN_POINT ( 'NONE',  ( -1.794656513820714894, 3.020000000000000906, -1.902367855215597148 ) ) ;
#6118 = CARTESIAN_POINT ( 'NONE',  ( -2.082180292724367554, 2.999999999999999112, -1.059539937681451605 ) ) ;
#6119 = PRESENTATION_LAYER_ASSIGNMENT (  '', '', ( #5799 ) ) ;
#6120 = CARTESIAN_POINT ( 'NONE',  ( -0.3795429168351228677, 3.020000000000000462, -2.062864638765018466 ) ) ;
#6121 = DIRECTION ( 'NONE',  ( 0.0000000000000000000, -1.000000000000000000, -0.0000000000000000000 ) ) ;
#6122 = ORIENTED_EDGE ( 'NONE', *, *, #5275, .F. ) ;
#6123 = CARTESIAN_POINT ( 'NONE',  ( 1.434246176884115043, 3.020000000000000018, -0.7792486312254709446 ) ) ;
#6124 = EDGE_LOOP ( 'NONE', ( #3535, #2873, #5588, #4302 ) ) ;
#6125 = EDGE_CURVE ( 'NONE', #82, #2377, #1363, .T. ) ;
#6126 = SURFACE_STYLE_USAGE ( .BOTH. , #2253 ) ;
#6127 =( NAMED_UNIT ( * ) SI_UNIT ( $, .STERADIAN. ) SOLID_ANGLE_UNIT ( ) );
#6128 = ORIENTED_EDGE ( 'NONE', *, *, #5957, .F. ) ;
#6129 = CARTESIAN_POINT ( 'NONE',  ( -1.512734878220719281, 3.020000000000000018, -1.736966025442937545 ) ) ;
#6130 =( NAMED_UNIT ( * ) SI_UNIT ( $, .STERADIAN. ) SOLID_ANGLE_UNIT ( ) );
#6131 = PRESENTATION_STYLE_ASSIGNMENT (( #6780 ) ) ;
#6132 = CARTESIAN_POINT ( 'NONE',  ( -1.948795384435676237, 3.000000000000000000, -2.058426746749671743 ) ) ;
#6133 = EDGE_CURVE ( 'NONE', #5446, #4244, #2472, .T. ) ;
#6134 = CARTESIAN_POINT ( 'NONE',  ( -1.864643928795388428, 3.000000000000000000, -0.9109572817329495420 ) ) ;
#6135 = CARTESIAN_POINT ( 'NONE',  ( -0.6072379059818034941, 2.999999999999999556, -1.717672766091256298 ) ) ;
#6136 = ADVANCED_FACE ( 'NONE', ( #6155 ), #768, .T. ) ;
#6137 = CARTESIAN_POINT ( 'NONE',  ( -0.03239302601137346999, 2.999999999999997780, -0.9410349672355213801 ) ) ;
#6138 = ORIENTED_EDGE ( 'NONE', *, *, #6125, .F. ) ;
#6139 = CARTESIAN_POINT ( 'NONE',  ( -0.2536472057960069693, 2.999999999999999556, -1.379807217455032209 ) ) ;
#6140 = LINE ( 'NONE', #2998, #5668 ) ;
#6141 = MECHANICAL_DESIGN_GEOMETRIC_PRESENTATION_REPRESENTATION (  '', ( #3276 ), #4782 ) ;
#6142 = CARTESIAN_POINT ( 'NONE',  ( -0.2373652905934181823, 3.020000000000000018, -1.849998970191792047 ) ) ;
#6143 = LINE ( 'NONE', #2821, #5018 ) ;
#6144 = CARTESIAN_POINT ( 'NONE',  ( 3.600000000000001421, 2.149999999999999911, -2.290000000000000480 ) ) ;
#6145 = VERTEX_POINT ( 'NONE', #5201 ) ;
#6146 = CONTEXT_DEPENDENT_SHAPE_REPRESENTATION ( #5157, #5547 ) ;
#6147 = ORIENTED_EDGE ( 'NONE', *, *, #5335, .F. ) ;
#6148 = CARTESIAN_POINT ( 'NONE',  ( -1.695599090470115922, 3.000000000000000444, -1.644306830553906140 ) ) ;
#6149 = VERTEX_POINT ( 'NONE', #4108 ) ;
#6150 = DIRECTION ( 'NONE',  ( -1.000000000000000000, 0.0000000000000000000, -0.0000000000000000000 ) ) ;
#6151 = CARTESIAN_POINT ( 'NONE',  ( -0.4708375737257265436, 3.020000000000000018, -0.9242756092754111918 ) ) ;
#6152 = DIRECTION ( 'NONE',  ( -0.9934992729729998917, 0.0000000000000000000, -0.1138384583614900220 ) ) ;
#6153 = SURFACE_STYLE_FILL_AREA ( #3463 ) ;
#6154 = CARTESIAN_POINT ( 'NONE',  ( -0.3911534012429715435, 3.000000000000000000, -1.915235741852474138 ) ) ;
#6155 = FACE_OUTER_BOUND ( 'NONE', #5736, .T. ) ;
#6156 = VECTOR ( 'NONE', #240, 1000.000000000000000 ) ;
#6157 = AXIS2_PLACEMENT_3D ( 'NONE', #3540, #6842, #2391 ) ;
#6158 = CARTESIAN_POINT ( 'NONE',  ( -1.679189208383534027, 3.020000000000000462, -1.338470141058727192 ) ) ;
#6159 = VERTEX_POINT ( 'NONE', #6767 ) ;
#6160 = CARTESIAN_POINT ( 'NONE',  ( -55.34906976069122919, 1.560000000000000275, -16.03036380780025283 ) ) ;
#6161 = CARTESIAN_POINT ( 'NONE',  ( -0.3888382101207695785, 3.000000000000000000, -0.7627850499120361061 ) ) ;
#6162 = MECHANICAL_DESIGN_GEOMETRIC_PRESENTATION_REPRESENTATION (  '', ( #5604 ), #3293 ) ;
#6163 = CARTESIAN_POINT ( 'NONE',  ( -55.34906976069122919, 1.560000000000000275, -19.91036380780025539 ) ) ;
#6164 = UNCERTAINTY_MEASURE_WITH_UNIT (LENGTH_MEASURE( 1.000000000000000082E-05 ), #4022, 'distance_accuracy_value', 'NONE');
#6165 = DIRECTION ( 'NONE',  ( -0.0000000000000000000, -1.000000000000000000, -0.0000000000000000000 ) ) ;
#6166 = SURFACE_STYLE_FILL_AREA ( #2408 ) ;
#6167 = AXIS2_PLACEMENT_3D ( 'NONE', #3787, #584, #2763 ) ;
#6168 = ORIENTED_EDGE ( 'NONE', *, *, #1723, .F. ) ;
#6169 = CARTESIAN_POINT ( 'NONE',  ( -1.512734878220719281, 3.000000000000000000, -1.736966025442937545 ) ) ;
#6170 = EDGE_CURVE ( 'NONE', #1027, #88, #3504, .T. ) ;
#6171 = CARTESIAN_POINT ( 'NONE',  ( -1.870560528329904271, 3.020000000000000018, -0.7627850499120361061 ) ) ;
#6172 = CARTESIAN_POINT ( 'NONE',  ( -2.126329265024584192, 3.020000000000000462, -1.977621574351265066 ) ) ;
#6173 = MECHANICAL_DESIGN_GEOMETRIC_PRESENTATION_REPRESENTATION (  '', ( #1603 ), #5617 ) ;
#6174 = DIRECTION ( 'NONE',  ( 0.0000000000000000000, 0.0000000000000000000, 1.000000000000000000 ) ) ;
#6175 = PRESENTATION_STYLE_ASSIGNMENT (( #785 ) ) ;
#6176 = LINE ( 'NONE', #5144, #850 ) ;
#6177 = ORIENTED_EDGE ( 'NONE', *, *, #771, .F. ) ;
#6178 = AXIS2_PLACEMENT_3D ( 'NONE', #5001, #551, #6614 ) ;
#6179 = CARTESIAN_POINT ( 'NONE',  ( -1.810354668402152312, 3.000000000000000000, -0.9152627620483096971 ) ) ;
#6180 = CARTESIAN_POINT ( 'NONE',  ( -0.2089675462711467480, 3.000000000000000444, -1.804228030044987774 ) ) ;
#6181 = CARTESIAN_POINT ( 'NONE',  ( -1.447439201904787698, 3.019999999999999574, -1.195713631510698427 ) ) ;
#6182 = EDGE_CURVE ( 'NONE', #5245, #6371, #1867, .T. ) ;
#6183 = CARTESIAN_POINT ( 'NONE',  ( -0.3962982704034199166, 3.020000000000000018, -2.063407973673387463 ) ) ;
#6184 = LINE ( 'NONE', #1353, #4610 ) ;
#6185 = EDGE_LOOP ( 'NONE', ( #2322, #1596, #2430, #2608 ) ) ;
#6186 = ORIENTED_EDGE ( 'NONE', *, *, #4208, .F. ) ;
#6187 = CARTESIAN_POINT ( 'NONE',  ( 0.2594939105843244720, 3.020000000000000018, -0.9276418254978499034 ) ) ;
#6188 = CARTESIAN_POINT ( 'NONE',  ( -2.105423805504372581, 3.000000000000000000, -1.141447420121037171 ) ) ;
#6189 = CARTESIAN_POINT ( 'NONE',  ( -0.1960368498876611243, 3.000000000000000444, -1.707754741635870932 ) ) ;
#6190 = CARTESIAN_POINT ( 'NONE',  ( -1.872625481476457798, 3.000000000000000444, -0.9110797281047692264 ) ) ;
#6191 = CARTESIAN_POINT ( 'NONE',  ( -0.2362429091723549368, 3.000000000000000000, -0.9520666836456233018 ) ) ;
#6192 = CARTESIAN_POINT ( 'NONE',  ( -0.04140360328527587647, 3.000000000000001332, -1.820725840425060360 ) ) ;
#6193 = ORIENTED_EDGE ( 'NONE', *, *, #3404, .T. ) ;
#6194 = CARTESIAN_POINT ( 'NONE',  ( -1.756531509968729310, 3.000000000000001332, -1.389287256132887949 ) ) ;
#6195 = EDGE_LOOP ( 'NONE', ( #1678, #4717, #4980, #3142 ) ) ;
#6196 = CARTESIAN_POINT ( 'NONE',  ( -3.100000000000000533, 0.0000000000000000000, -3.399999999999999911 ) ) ;
#6197 = CARTESIAN_POINT ( 'NONE',  ( -1.537780596677118083, 2.999999999999999556, -1.860838463836623102 ) ) ;
#6198 = DIRECTION ( 'NONE',  ( 1.275531967630005245E-16, 0.0000000000000000000, 1.000000000000000000 ) ) ;
#6199 = DIRECTION ( 'NONE',  ( -0.0000000000000000000, -1.000000000000000000, -0.0000000000000000000 ) ) ;
#6200 = MECHANICAL_DESIGN_GEOMETRIC_PRESENTATION_REPRESENTATION (  '', ( #4944 ), #161 ) ;
#6201 = CARTESIAN_POINT ( 'NONE',  ( 0.4024067804108388824, 3.000000000000000000, -1.069675277076434172 ) ) ;
#6202 = EDGE_CURVE ( 'NONE', #7019, #5623, #3958, .T. ) ;
#6203 = ORIENTED_EDGE ( 'NONE', *, *, #3510, .T. ) ;
#6204 = DIRECTION ( 'NONE',  ( -0.0000000000000000000, -1.000000000000000000, -0.0000000000000000000 ) ) ;
#6205 = SURFACE_STYLE_FILL_AREA ( #2880 ) ;
#6206 = CARTESIAN_POINT ( 'NONE',  ( 2.330000000000001403, 0.2000000000000000111, -1.590000000000000302 ) ) ;
#6207 = STYLED_ITEM ( 'NONE', ( #7036 ), #900 ) ;
#6208 = CARTESIAN_POINT ( 'NONE',  ( 0.4146225407201737378, 2.999999999999999556, -1.013686492009945095 ) ) ;
#6209 =( NAMED_UNIT ( * ) SI_UNIT ( $, .STERADIAN. ) SOLID_ANGLE_UNIT ( ) );
#6210 = B_SPLINE_CURVE_WITH_KNOTS ( 'NONE', 3,
 ( #5812, #6373, #375, #5911, #6914, #2577, #1468, #3645, #3109, #6443, #5296, #2034, #6473, #4731, #2001, #5847, #998, #4175, #3146 ),
 .UNSPECIFIED., .F., .F.,
 ( 4, 1, 1, 1, 1, 1, 1, 1, 1, 1, 1, 1, 1, 1, 1, 1, 4 ),
 ( 0.0000000000000000000, 0.06705099218804688732, 0.1311799203918659340, 0.1937216912651207323, 0.2544994837594227177, 0.3147627139698848664, 0.3751170680683991732, 0.4360228218750034079, 0.4982967466743267737, 0.5605706714736498064, 0.6216191234624545148, 0.6819734775609680444, 0.7428529083782503539, 0.8042715696802852365, 0.8674725557694041855, 0.9322728234051279594, 1.000000000000000000 ),
 .UNSPECIFIED. ) ;
#6211 = LINE ( 'NONE', #1312, #1416 ) ;
#6212 = ORIENTED_EDGE ( 'NONE', *, *, #5445, .F. ) ;
#6213 = CARTESIAN_POINT ( 'NONE',  ( -0.1675011293439027105, 2.999999999999999556, -1.302550663260015673 ) ) ;
#6214 =( GEOMETRIC_REPRESENTATION_CONTEXT ( 3 ) GLOBAL_UNCERTAINTY_ASSIGNED_CONTEXT ( ( #1302 ) ) GLOBAL_UNIT_ASSIGNED_CONTEXT ( ( #2609, #3706, #572 ) ) REPRESENTATION_CONTEXT ( 'NONE', 'WORKASPACE' ) );
#6215 = DIRECTION ( 'NONE',  ( 0.0000000000000000000, 0.0000000000000000000, 1.000000000000000000 ) ) ;
#6216 = FACE_OUTER_BOUND ( 'NONE', #235, .T. ) ;
#6217 = LINE ( 'NONE', #5731, #5803 ) ;
#6218 = CARTESIAN_POINT ( 'NONE',  ( -2.330000000000000515, 0.0000000000000000000, -1.590000000000000302 ) ) ;
#6219 = VECTOR ( 'NONE', #1975, 1000.000000000000000 ) ;
#6220 = DIRECTION ( 'NONE',  ( -0.0000000000000000000, -0.0000000000000000000, -1.000000000000000000 ) ) ;
#6221 = EDGE_CURVE ( 'NONE', #5670, #2823, #3069, .T. ) ;
#6222 = VERTEX_POINT ( 'NONE', #2579 ) ;
#6223 = CARTESIAN_POINT ( 'NONE',  ( 3.600000000000000977, 1.360000000000000098, 1.589999999999999414 ) ) ;
#6224 = ORIENTED_EDGE ( 'NONE', *, *, #3895, .F. ) ;
#6225 = LINE ( 'NONE', #3536, #6915 ) ;
#6226 = VERTEX_POINT ( 'NONE', #1973 ) ;
#6227 = DIRECTION ( 'NONE',  ( 0.0000000000000000000, 0.0000000000000000000, -1.000000000000000000 ) ) ;
#6228 = DIRECTION ( 'NONE',  ( -0.0000000000000000000, 1.000000000000000000, -0.0000000000000000000 ) ) ;
#6229 = MECHANICAL_DESIGN_GEOMETRIC_PRESENTATION_REPRESENTATION (  '', ( #5084 ), #1083 ) ;
#6230 = CARTESIAN_POINT ( 'NONE',  ( -0.2372134454893294053, 3.000000000000000000, -1.610104445450003752 ) ) ;
#6231 =( LENGTH_UNIT ( ) NAMED_UNIT ( * ) SI_UNIT ( .MILLI., .METRE. ) );
#6232 = DIRECTION ( 'NONE',  ( -0.0000000000000000000, -1.000000000000000000, -0.0000000000000000000 ) ) ;
#6233 = EDGE_CURVE ( 'NONE', #5554, #2563, #4241, .T. ) ;
#6234 = ORIENTED_EDGE ( 'NONE', *, *, #3848, .F. ) ;
#6235 = CARTESIAN_POINT ( 'NONE',  ( -1.843712683747921410, 3.000000000000001332, -1.405700797738484775 ) ) ;
#6236 = SURFACE_STYLE_USAGE ( .BOTH. , #4471 ) ;
#6237 = CARTESIAN_POINT ( 'NONE',  ( -2.268479116379690907, 3.020000000000000018, -1.111914769944495340 ) ) ;
#6238 = CARTESIAN_POINT ( 'NONE',  ( -1.864643928795388428, 3.020000000000000018, -0.9109572817329495420 ) ) ;
#6239 = UNCERTAINTY_MEASURE_WITH_UNIT (LENGTH_MEASURE( 1.000000000000000082E-05 ), #215, 'distance_accuracy_value', 'NONE');
#6240 = FACE_OUTER_BOUND ( 'NONE', #3819, .T. ) ;
#6241 = VECTOR ( 'NONE', #2171, 1000.000000000000000 ) ;
#6242 =( LENGTH_UNIT ( ) NAMED_UNIT ( * ) SI_UNIT ( .MILLI., .METRE. ) );
#6243 = ORIENTED_EDGE ( 'NONE', *, *, #6806, .T. ) ;
#6244 = LINE ( 'NONE', #2369, #6926 ) ;
#6245 = CARTESIAN_POINT ( 'NONE',  ( -1.510875955362311229, 3.000000000000002665, -1.373102610874841423 ) ) ;
#6246 = CARTESIAN_POINT ( 'NONE',  ( -0.1302797678605847054, 3.000000000000000888, -1.140488522024077467 ) ) ;
#6247 = CARTESIAN_POINT ( 'NONE',  ( -2.171710420041897738, 3.019999999999999130, -1.929905493478005551 ) ) ;
#6248 = CARTESIAN_POINT ( 'NONE',  ( 0.5206112203400161675, 3.019999999999999574, -0.9187407103010203357 ) ) ;
#6249 = FILL_AREA_STYLE_COLOUR ( '', #6782 ) ;
#6250 = ORIENTED_EDGE ( 'NONE', *, *, #1626, .T. ) ;
#6251 = CARTESIAN_POINT ( 'NONE',  ( -0.1299869473198594916, 3.020000000000000462, -1.175412358679482461 ) ) ;
#6252 = CARTESIAN_POINT ( 'NONE',  ( -1.612002086069719731, 3.000000000000000000, -1.140488522024077689 ) ) ;
#6253 = CARTESIAN_POINT ( 'NONE',  ( -0.1956483731459326414, 3.000000000000001776, -1.731563912824466867 ) ) ;
#6254 = LINE ( 'NONE', #2381, #4664 ) ;
#6255 = B_SPLINE_CURVE_WITH_KNOTS ( 'NONE', 3,
 ( #1187, #2835, #2583, #349, #944, #1405, #4736, #4661, #5747, #876, #413, #6312, #2439, #908, #3586, #5204, #3652, #3054, #5853 ),
 .UNSPECIFIED., .F., .F.,
 ( 4, 1, 1, 1, 1, 1, 1, 1, 1, 1, 1, 1, 1, 1, 1, 1, 4 ),
 ( 0.0000000000000000000, 0.06509335070708806292, 0.1273042315324056650, 0.1881220215801463758, 0.2471305161007631979, 0.3060769160082426055, 0.3656782273658531479, 0.4261033481625817743, 0.4878414950797359539, 0.5503167167998647136, 0.6118052235137849681, 0.6727373158544538434, 0.7348834089993241392, 0.7976802029336794719, 0.8624746871088684319, 0.9297754033859679801, 1.000000000000000000 ),
 .UNSPECIFIED. ) ;
#6256 =( NAMED_UNIT ( * ) SI_UNIT ( $, .STERADIAN. ) SOLID_ANGLE_UNIT ( ) );
#6257 = CARTESIAN_POINT ( 'NONE',  ( -0.05605827846798371733, 3.019999999999999574, -1.860838463836622880 ) ) ;
#6258 = VERTEX_POINT ( 'NONE', #4277 ) ;
#6259 = CARTESIAN_POINT ( 'NONE',  ( -0.4212872070475179309, 3.019999999999999574, -1.535350746615559370 ) ) ;
#6260 = ORIENTED_EDGE ( 'NONE', *, *, #5309, .F. ) ;
#6261 = PLANE ( 'NONE',  #2443 ) ;
#6262 = ORIENTED_EDGE ( 'NONE', *, *, #5535, .F. ) ;
#6263 = CARTESIAN_POINT ( 'NONE',  ( -1.696496707064867326, 3.019999999999999574, -1.354462825955624616 ) ) ;
#6264 = DIRECTION ( 'NONE',  ( 0.0000000000000000000, 0.0000000000000000000, -1.000000000000000000 ) ) ;
#6265 = CARTESIAN_POINT ( 'NONE',  ( -0.2147743888557331060, 3.020000000000000018, -1.354462825955624838 ) ) ;
#6266 = EDGE_CURVE ( 'NONE', #3575, #6526, #873, .T. ) ;
#6267 = DIRECTION ( 'NONE',  ( 3.188829919075012374E-16, 5.421010862427523156E-16, 1.000000000000000000 ) ) ;
#6268 = CARTESIAN_POINT ( 'NONE',  ( 0.2401640273592220987, 3.019999999999999574, -1.000376071160774982 ) ) ;
#6269 = VERTEX_POINT ( 'NONE', #1471 ) ;
#6270 = LINE ( 'NONE', #4660, #1536 ) ;
#6271 = PLANE ( 'NONE',  #6511 ) ;
#6272 = B_SPLINE_SURFACE_WITH_KNOTS ( 'NONE', 3, 1, ( 
 ( #2712, #709 ),
 ( #6251, #1849 ),
 ( #4567, #6788 ),
 ( #1314, #5647 ),
 ( #4018, #1887 ),
 ( #4525, #3980 ),
 ( #5616, #788 ),
 ( #2926, #6213 ),
 ( #98, #2886 ),
 ( #262, #1449 ),
 ( #179, #3486 ),
 ( #2849, #3909 ),
 ( #3374, #6139 ),
 ( #139, #6670 ),
 ( #1776, #2341 ),
 ( #1201, #5580 ),
 ( #5688, #672 ),
 ( #6104, #1742 ),
 ( #2268, #1239 ) ),
 .UNSPECIFIED., .F., .F., .F.,
 ( 4, 1, 1, 1, 1, 1, 1, 1, 1, 1, 1, 1, 1, 1, 1, 1, 4 ),
 ( 2, 2 ),
 ( 0.0000000000000000000, 0.06705099218804687344, 0.1311799203918660173, 0.1937216912651208711, 0.2544994837594227177, 0.3147627139698853660, 0.3751170680683996728, 0.4360228218750036300, 0.4982967466743270513, 0.5605706714736504725, 0.6216191234624541817, 0.6819734775609678223, 0.7428529083782502429, 0.8042715696802850145, 0.8674725557694046296, 0.9322728234051278484, 0.9999999999999998890 ),
 ( 0.0000000000000000000, 1.000000000000000000 ),
 .UNSPECIFIED. ) ;
#6273 = CARTESIAN_POINT ( 'NONE',  ( -0.2263628805092005314, 3.000000000000000444, -1.835437900399443434 ) ) ;
#6274 = PRESENTATION_LAYER_ASSIGNMENT (  '', '', ( #5374 ) ) ;
#6275 = ADVANCED_FACE ( 'NONE', ( #6447 ), #2394, .T. ) ;
#6276 = EDGE_CURVE ( 'NONE', #3260, #82, #5850, .T. ) ;
#6277 = CARTESIAN_POINT ( 'NONE',  ( -1.512734878220719281, 3.020000000000000018, -1.736966025442937545 ) ) ;
#6278 = VECTOR ( 'NONE', #6442, 1000.000000000000000 ) ;
#6279 = CARTESIAN_POINT ( 'NONE',  ( -1.522795468930435714, 3.020000000000000906, -1.658823691771469377 ) ) ;
#6280 = ORIENTED_EDGE ( 'NONE', *, *, #6391, .F. ) ;
#6281 = VECTOR ( 'NONE', #2284, 1000.000000000000000 ) ;
#6282 = CARTESIAN_POINT ( 'NONE',  ( -0.4049317642884217583, 3.020000000000000018, -1.914698500756816690 ) ) ;
#6283 = CARTESIAN_POINT ( 'NONE',  ( -1.830007848895457423, 3.000000000000000444, -1.545907426626785819 ) ) ;
#6284 = CARTESIAN_POINT ( 'NONE',  ( -0.6189785838019753461, 3.019999999999999574, -1.997923291443938432 ) ) ;
#6285 = CARTESIAN_POINT ( 'NONE',  ( 0.8155748824734234681, 2.999999999999998224, -1.099760146781523007 ) ) ;
#6286 = CARTESIAN_POINT ( 'NONE',  ( 0.01000130505303315973, 3.020000000000000906, -1.305032025826435182 ) ) ;
#6287 = ORIENTED_EDGE ( 'NONE', *, *, #520, .F. ) ;
#6288 = B_SPLINE_SURFACE_WITH_KNOTS ( 'NONE', 3, 1, ( 
 ( #3434, #3474 ),
 ( #5636, #6956 ),
 ( #981, #3153 ),
 ( #5375, #7024 ),
 ( #1511, #6422 ),
 ( #6888, #2112 ),
 ( #2650, #6992 ) ),
 .UNSPECIFIED., .F., .F., .F.,
 ( 4, 1, 1, 1, 4 ),
 ( 2, 2 ),
 ( 0.0000000000000000000, 0.2094025526291382056, 0.4444010364151508297, 0.7082720668673793130, 0.9999999999999998890 ),
 ( 0.0000000000000000000, 1.000000000000000000 ),
 .UNSPECIFIED. ) ;
#6289 = CARTESIAN_POINT ( 'NONE',  ( -55.74906976069122777, 2.360000000000000320, -15.33036380780025354 ) ) ;
#6290 = FILL_AREA_STYLE ('',( #1316 ) ) ;
#6291 = CARTESIAN_POINT ( 'NONE',  ( 0.2325393663637049246, 2.999999999999998668, -1.094262745890678845 ) ) ;
#6292 = AXIS2_PLACEMENT_3D ( 'NONE', #2725, #6516, #2691 ) ;
#6293 = LINE ( 'NONE', #5150, #5603 ) ;
#6294 = CARTESIAN_POINT ( 'NONE',  ( 0.8250936682870266825, 3.020000000000000018, -1.717672766091256298 ) ) ;
#6295 = VERTEX_POINT ( 'NONE', #3112 ) ;
#6296 = VECTOR ( 'NONE', #6008, 1000.000000000000000 ) ;
#6297 = CARTESIAN_POINT ( 'NONE',  ( -0.4770727162224594475, 3.020000000000000018, -1.388401139822559527 ) ) ;
#6298 = ORIENTED_EDGE ( 'NONE', *, *, #4061, .F. ) ;
#6299 = CARTESIAN_POINT ( 'NONE',  ( -2.061040613975312574, 3.020000000000000462, -1.015309225000133875 ) ) ;
#6300 = ORIENTED_EDGE ( 'NONE', *, *, #6170, .T. ) ;
#6301 = CARTESIAN_POINT ( 'NONE',  ( -55.74906976069122777, 1.560000000000000275, -19.91036380780025539 ) ) ;
#6302 = CARTESIAN_POINT ( 'NONE',  ( -0.6004579745152337500, 3.019999999999999574, -1.059539937681451827 ) ) ;
#6303 = ADVANCED_FACE ( 'NONE', ( #5299 ), #3682, .F. ) ;
#6304 = CARTESIAN_POINT ( 'NONE',  ( -0.1815987617265829857, 3.019999999999999574, -1.321111070178176083 ) ) ;
#6305 = SURFACE_SIDE_STYLE ('',( #4262 ) ) ;
#6306 = AXIS2_PLACEMENT_3D ( 'NONE', #707, #5142, #6747 ) ;
#6307 = CARTESIAN_POINT ( 'NONE',  ( 0.2368008971931841733, 3.019999999999999574, -1.020314554001693574 ) ) ;
#6308 = FILL_AREA_STYLE ('',( #1904 ) ) ;
#6309 = EDGE_CURVE ( 'NONE', #5601, #1393, #3346, .T. ) ;
#6310 = ORIENTED_EDGE ( 'NONE', *, *, #21, .T. ) ;
#6311 = CARTESIAN_POINT ( 'NONE',  ( -1.852296242810312465, 3.000000000000000000, -1.405893694968084029 ) ) ;
#6312 = CARTESIAN_POINT ( 'NONE',  ( -1.761321733180697402, 3.000000000000000888, -1.886070645818264335 ) ) ;
#6313 = CARTESIAN_POINT ( 'NONE',  ( 0.7021008906236357872, 3.000000000000000000, -0.8044998634685897043 ) ) ;
#6314 = PLANE ( 'NONE',  #352 ) ;
#6315 = CARTESIAN_POINT ( 'NONE',  ( -55.74906976069122777, 1.560000000000000275, -16.03036380780025283 ) ) ;
#6316 = ADVANCED_FACE ( 'NONE', ( #1171 ), #4933, .F. ) ;
#6317 = CARTESIAN_POINT ( 'NONE',  ( -0.3829216105862539021, 3.020000000000000018, -0.9109572817329495420 ) ) ;
#6318 = DIRECTION ( 'NONE',  ( -0.0000000000000000000, -1.000000000000000000, 5.607942271476747174E-16 ) ) ;
#6319 = ORIENTED_EDGE ( 'NONE', *, *, #2798, .F. ) ;
#6320 = DIRECTION ( 'NONE',  ( 3.188829919075012374E-16, 0.0000000000000000000, 1.000000000000000000 ) ) ;
#6321 = CARTESIAN_POINT ( 'NONE',  ( -1.587143878271131570, 3.000000000000000444, -1.442365052313585805 ) ) ;
#6322 = CARTESIAN_POINT ( 'NONE',  ( -1.870560528329904271, 3.020000000000000018, -0.7627850499120361061 ) ) ;
#6323 = LINE ( 'NONE', #921, #5133 ) ;
#6324 = CARTESIAN_POINT ( 'NONE',  ( -0.6683843836296341490, 3.019999999999999130, -1.954890135931790063 ) ) ;
#6325 = CARTESIAN_POINT ( 'NONE',  ( 0.8215869112903896321, 3.020000000000000462, -1.144852744718732218 ) ) ;
#6326 = SURFACE_STYLE_USAGE ( .BOTH. , #3097 ) ;
#6327 = VERTEX_POINT ( 'NONE', #69 ) ;
#6328 = EDGE_CURVE ( 'NONE', #3325, #6269, #2273, .T. ) ;
#6329 = CARTESIAN_POINT ( 'NONE',  ( -55.74906976069122777, 2.560000000000000053, -15.33036380780025354 ) ) ;
#6330 = VECTOR ( 'NONE', #5450, 1000.000000000000000 ) ;
#6331 = FACE_OUTER_BOUND ( 'NONE', #2030, .T. ) ;
#6332 = VERTEX_POINT ( 'NONE', #3275 ) ;
#6333 = AXIS2_PLACEMENT_3D ( 'NONE', #4962, #4857, #543 ) ;
#6334 = SURFACE_STYLE_FILL_AREA ( #3168 ) ;
#6335 = VERTEX_POINT ( 'NONE', #35 ) ;
#6336 = LINE ( 'NONE', #2537, #4148 ) ;
#6337 = EDGE_LOOP ( 'NONE', ( #4794, #3123, #2183, #6243 ) ) ;
#6338 = CARTESIAN_POINT ( 'NONE',  ( -0.3941695845878935289, 3.000000000000000444, -1.405268571614175066 ) ) ;
#6339 = CARTESIAN_POINT ( 'NONE',  ( -0.2061953549248518314, 3.000000000000000000, -1.482295002000742601 ) ) ;
#6340 = CARTESIAN_POINT ( 'NONE',  ( -0.7752657497774753104, 3.019999999999999130, -1.048779485120968635 ) ) ;
#6341 = AXIS2_PLACEMENT_3D ( 'NONE', #4725, #3105, #5261 ) ;
#6342 = CARTESIAN_POINT ( 'NONE',  ( -1.035291020131108963, 3.020000000000000018, -0.9438844443598192191 ) ) ;
#6343 = CARTESIAN_POINT ( 'NONE',  ( -1.828318792775404322, 3.000000000000000444, -2.061796266670198108 ) ) ;
#6344 = FILL_AREA_STYLE_COLOUR ( '', #4116 ) ;
#6345 = COLOUR_RGB ( '',1.000000000000000000, 1.000000000000000000, 1.000000000000000000 ) ;
#6346 = ORIENTED_EDGE ( 'NONE', *, *, #6328, .F. ) ;
#6347 = CARTESIAN_POINT ( 'NONE',  ( 0.4065585620845507675, 3.020000000000000018, -1.042665932240428139 ) ) ;
#6348 = FACE_OUTER_BOUND ( 'NONE', #833, .T. ) ;
#6349 = SURFACE_STYLE_FILL_AREA ( #5748 ) ;
#6350 = VECTOR ( 'NONE', #611, 1000.000000000000000 ) ;
#6351 = PLANE ( 'NONE',  #6157 ) ;
#6352 = CARTESIAN_POINT ( 'NONE',  ( 0.8155748824734234681, 3.019999999999999130, -1.099760146781523007 ) ) ;
#6353 = VECTOR ( 'NONE', #6434, 1000.000000000000000 ) ;
#6354 = ORIENTED_EDGE ( 'NONE', *, *, #2197, .F. ) ;
#6355 = CARTESIAN_POINT ( 'NONE',  ( -0.3619903655387871066, 3.000000000000000444, -1.405700797738484997 ) ) ;
#6356 = CARTESIAN_POINT ( 'NONE',  ( -2.194608622693443145, 3.020000000000001350, -0.9174277886334085697 ) ) ;
#6357 = CARTESIAN_POINT ( 'NONE',  ( -1.859853545209661840, 3.020000000000000018, -1.405693478223773996 ) ) ;
#6358 = ADVANCED_FACE ( 'NONE', ( #3744 ), #645, .F. ) ;
#6359 =( GEOMETRIC_REPRESENTATION_CONTEXT ( 3 ) GLOBAL_UNCERTAINTY_ASSIGNED_CONTEXT ( ( #85 ) ) GLOBAL_UNIT_ASSIGNED_CONTEXT ( ( #918, #4152, #2521 ) ) REPRESENTATION_CONTEXT ( 'NONE', 'WORKASPACE' ) );
#6360 = CARTESIAN_POINT ( 'NONE',  ( -2.087521423310182644, 3.020000000000000462, -1.725668353927710008 ) ) ;
#6361 = CARTESIAN_POINT ( 'NONE',  ( -0.1789111289488996004, 3.019999999999999574, -1.475406274729326395 ) ) ;
#6362 = VERTEX_POINT ( 'NONE', #4381 ) ;
#6363 = FILL_AREA_STYLE ('',( #5834 ) ) ;
#6364 =( NAMED_UNIT ( * ) SI_UNIT ( $, .STERADIAN. ) SOLID_ANGLE_UNIT ( ) );
#6365 = CARTESIAN_POINT ( 'NONE',  ( -1.918150568064052042, 3.020000000000000462, -1.534772667437316329 ) ) ;
#6366 = EDGE_CURVE ( 'NONE', #2278, #1671, #5979, .T. ) ;
#6367 = ORIENTED_EDGE ( 'NONE', *, *, #5494, .F. ) ;
#6368 = CARTESIAN_POINT ( 'NONE',  ( 0.2440959516002921270, 3.000000000000000000, -0.9802675701200810332 ) ) ;
#6369 = VERTEX_POINT ( 'NONE', #3314 ) ;
#6370 = CARTESIAN_POINT ( 'NONE',  ( -2.103229012945375676, 3.019999999999999574, -1.131555125425879993 ) ) ;
#6371 = VERTEX_POINT ( 'NONE', #6041 ) ;
#6372 = CARTESIAN_POINT ( 'NONE',  ( -0.03265900210800768561, 3.020000000000000462, -1.697311913310612042 ) ) ;
#6373 = CARTESIAN_POINT ( 'NONE',  ( -1.611709265528993962, 3.000000000000000000, -1.175412358679482461 ) ) ;
#6374 = CARTESIAN_POINT ( 'NONE',  ( 3.600000000000001421, 0.0000000000000000000, 1.590000000000000080 ) ) ;
#6375 = CARTESIAN_POINT ( 'NONE',  ( 0.2325393663637049246, 3.019999999999998685, -1.094262745890678845 ) ) ;
#6376 = ORIENTED_EDGE ( 'NONE', *, *, #5189, .T. ) ;
#6377 =( NAMED_UNIT ( * ) PLANE_ANGLE_UNIT ( ) SI_UNIT ( $, .RADIAN. ) );
#6378 = SURFACE_STYLE_USAGE ( .BOTH. , #4178 ) ;
#6379 = CARTESIAN_POINT ( 'NONE',  ( 0.5832863162782809807, 3.000000000000000444, -0.7641059103257876739 ) ) ;
#6380 = B_SPLINE_CURVE_WITH_KNOTS ( 'NONE', 3,
 ( #817, #1378, #3559, #3184, #493, #7029, #3257, #2118, #5954, #3387, #1550, #5920, #5383, #2730, #1011 ),
 .UNSPECIFIED., .F., .F.,
 ( 4, 1, 1, 1, 1, 1, 1, 1, 1, 1, 1, 1, 4 ),
 ( 0.0000000000000000000, 0.09205398927685860822, 0.1810079047849002254, 0.2691300759875088766, 0.3571374727068741817, 0.4435490135848202398, 0.5264334456319729183, 0.6074529357589963929, 0.6883846385144207769, 0.7678538499318544597, 0.8455305897600620124, 0.9225294439554588832, 1.000000000000000000 ),
 .UNSPECIFIED. ) ;
#6381 = DIRECTION ( 'NONE',  ( 1.000000000000000000, 0.0000000000000000000, 0.0000000000000000000 ) ) ;
#6382 = CARTESIAN_POINT ( 'NONE',  ( -0.2642622199444707443, 3.020000000000000462, -1.875621304611893692 ) ) ;
#6383 = UNCERTAINTY_MEASURE_WITH_UNIT (LENGTH_MEASURE( 1.000000000000000082E-05 ), #4722, 'distance_accuracy_value', 'NONE');
#6384 = FILL_AREA_STYLE_COLOUR ( '', #4726 ) ;
#6385 = CARTESIAN_POINT ( 'NONE',  ( 0.8250936682870266825, 3.020000000000000018, -1.224794300520300805 ) ) ;
#6386 = CARTESIAN_POINT ( 'NONE',  ( -55.34906976069122919, 1.560000000000000275, -19.21036380780025254 ) ) ;
#6387 = EDGE_LOOP ( 'NONE', ( #2128, #3618, #6840, #4483 ) ) ;
#6388 = APPLICATION_CONTEXT ( 'automotive_design' ) ;
#6389 = CARTESIAN_POINT ( 'NONE',  ( -0.5971310307912647275, 3.020000000000000018, -1.763761206651437874 ) ) ;
#6390 = PLANE ( 'NONE',  #234 ) ;
#6391 = EDGE_CURVE ( 'NONE', #4532, #2137, #3817, .T. ) ;
#6392 = CARTESIAN_POINT ( 'NONE',  ( -55.34906976069122919, 1.560000000000000275, -19.91036380780025539 ) ) ;
#6393 = CARTESIAN_POINT ( 'NONE',  ( 0.7857101688161546305, 3.000000000000001332, -1.015392855233271163 ) ) ;
#6394 = VECTOR ( 'NONE', #3342, 1000.000000000000114 ) ;
#6395 = DIRECTION ( 'NONE',  ( 0.9950371902099890420, 0.0000000000000000000, -0.09950371902099917898 ) ) ;
#6396 = MECHANICAL_DESIGN_GEOMETRIC_PRESENTATION_REPRESENTATION (  '', ( #1816 ), #5597 ) ;
#6397 =( NAMED_UNIT ( * ) PLANE_ANGLE_UNIT ( ) SI_UNIT ( $, .RADIAN. ) );
#6398 = COLOUR_RGB ( '',1.000000000000000000, 1.000000000000000000, 1.000000000000000000 ) ;
#6399 = ADVANCED_FACE ( 'NONE', ( #4307 ), #1677, .F. ) ;
#6400 = ORIENTED_EDGE ( 'NONE', *, *, #4994, .T. ) ;
#6401 =( NAMED_UNIT ( * ) PLANE_ANGLE_UNIT ( ) SI_UNIT ( $, .RADIAN. ) );
#6402 = CARTESIAN_POINT ( 'NONE',  ( -0.4506246351568716779, 2.999999999999999556, -0.9183093752987026015 ) ) ;
#6403 = AXIS2_PLACEMENT_3D ( 'NONE', #5006, #4424, #612 ) ;
#6404 = DIRECTION ( 'NONE',  ( 0.0000000000000000000, 0.0000000000000000000, 1.000000000000000000 ) ) ;
#6405 = ORIENTED_EDGE ( 'NONE', *, *, #947, .F. ) ;
#6406 = DIRECTION ( 'NONE',  ( 0.1138384583614900220, 0.0000000000000000000, -0.9934992729729998917 ) ) ;
#6407 = EDGE_CURVE ( 'NONE', #5533, #1895, #3247, .T. ) ;
#6408 = EDGE_LOOP ( 'NONE', ( #3953, #4763, #2720, #2861 ) ) ;
#6409 = CARTESIAN_POINT ( 'NONE',  ( 3.600000000000001421, 3.000000000000000000, -2.290000000000000480 ) ) ;
#6410 = COLOUR_RGB ( '',1.000000000000000000, 1.000000000000000000, 1.000000000000000000 ) ;
#6411 = EDGE_LOOP ( 'NONE', ( #6064, #5646, #5508, #6418 ) ) ;
#6412 = CARTESIAN_POINT ( 'NONE',  ( -0.04107315072130002243, 2.999999999999999556, -1.658823691771469155 ) ) ;
#6413 = VECTOR ( 'NONE', #3520, 1000.000000000000000 ) ;
#6414 = CARTESIAN_POINT ( 'NONE',  ( -1.513288406080768089, 3.020000000000000462, -1.723634456796558023 ) ) ;
#6415 = SURFACE_SIDE_STYLE ('',( #2471 ) ) ;
#6416 = VECTOR ( 'NONE', #1280, 1000.000000000000000 ) ;
#6417 =( LENGTH_UNIT ( ) NAMED_UNIT ( * ) SI_UNIT ( .MILLI., .METRE. ) );
#6418 = ORIENTED_EDGE ( 'NONE', *, *, #3775, .T. ) ;
#6419 = CARTESIAN_POINT ( 'NONE',  ( 0.5515282643318784039, 3.000000000000000000, -0.9123026530699512859 ) ) ;
#6420 = SURFACE_STYLE_FILL_AREA ( #6848 ) ;
#6421 = LINE ( 'NONE', #1978, #1692 ) ;
#6422 = CARTESIAN_POINT ( 'NONE',  ( -0.4475229069035184803, 3.000000000000000000, -1.396263457214642845 ) ) ;
#6423 = LINE ( 'NONE', #2754, #6241 ) ;
#6424 = LINE ( 'NONE', #4875, #6330 ) ;
#6425 = CARTESIAN_POINT ( 'NONE',  ( -0.5243080843429748228, 3.000000000000000444, -0.9521007689923013384 ) ) ;
#6426 = EDGE_LOOP ( 'NONE', ( #1832, #5694, #936, #1109, #1848, #4507 ) ) ;
#6427 = FILL_AREA_STYLE_COLOUR ( '', #5210 ) ;
#6428 = FILL_AREA_STYLE_COLOUR ( '', #1130 ) ;
#6429 = CARTESIAN_POINT ( 'NONE',  ( -2.245996682965457847, 3.020000000000000018, -1.013085924912182190 ) ) ;
#6430 = LINE ( 'NONE', #2018, #2056 ) ;
#6431 = CARTESIAN_POINT ( 'NONE',  ( -0.5324087863743335314, 3.020000000000000018, -2.042248344519796532 ) ) ;
#6432 = CARTESIAN_POINT ( 'NONE',  ( 2.330000000000001403, 0.0000000000000000000, -1.590000000000000302 ) ) ;
#6433 = DIRECTION ( 'NONE',  ( 1.000000000000000000, 0.0000000000000000000, -0.0000000000000000000 ) ) ;
#6434 = DIRECTION ( 'NONE',  ( 1.000000000000000000, -0.0000000000000000000, -3.188829919075012374E-16 ) ) ;
#6435 = CARTESIAN_POINT ( 'NONE',  ( -0.5402161917732289931, 3.019999999999999574, -0.7875309464302361340 ) ) ;
#6436 = CARTESIAN_POINT ( 'NONE',  ( -0.4364282498549171829, 3.000000000000000444, -1.534772667437316329 ) ) ;
#6437 = CARTESIAN_POINT ( 'NONE',  ( -2.098982252159766304, 3.020000000000000018, -1.112414269029738501 ) ) ;
#6438 = ORIENTED_EDGE ( 'NONE', *, *, #5179, .F. ) ;
#6439 = ORIENTED_EDGE ( 'NONE', *, *, #20, .F. ) ;
#6440 = LINE ( 'NONE', #4795, #1760 ) ;
#6441 =( NAMED_UNIT ( * ) PLANE_ANGLE_UNIT ( ) SI_UNIT ( $, .RADIAN. ) );
#6442 = DIRECTION ( 'NONE',  ( -1.000000000000000000, -0.0000000000000000000, 1.275531967630005245E-16 ) ) ;
#6443 = CARTESIAN_POINT ( 'NONE',  ( -1.679189208383534027, 3.000000000000000444, -1.338470141058727192 ) ) ;
#6444 = CARTESIAN_POINT ( 'NONE',  ( -1.777357213204935338, 2.999999999999998668, -1.895353349385553443 ) ) ;
#6445 = EDGE_CURVE ( 'NONE', #6073, #2831, #2789, .T. ) ;
#6446 =( GEOMETRIC_REPRESENTATION_CONTEXT ( 3 ) GLOBAL_UNCERTAINTY_ASSIGNED_CONTEXT ( ( #245 ) ) GLOBAL_UNIT_ASSIGNED_CONTEXT ( ( #3831, #4358, #2123 ) ) REPRESENTATION_CONTEXT ( 'NONE', 'WORKASPACE' ) );
#6447 = FACE_OUTER_BOUND ( 'NONE', #6387, .T. ) ;
#6448 = VECTOR ( 'NONE', #996, 1000.000000000000000 ) ;
#6449 = FACE_OUTER_BOUND ( 'NONE', #4575, .T. ) ;
#6450 = DIRECTION ( 'NONE',  ( -0.0000000000000000000, -1.000000000000000000, -0.0000000000000000000 ) ) ;
#6451 = UNCERTAINTY_MEASURE_WITH_UNIT (LENGTH_MEASURE( 1.000000000000000082E-05 ), #2121, 'distance_accuracy_value', 'NONE');
#6452 = EDGE_CURVE ( 'NONE', #5004, #1691, #4415, .T. ) ;
#6453 = CARTESIAN_POINT ( 'NONE',  ( -1.757269906701359075, 3.000000000000000888, -1.578444247848852289 ) ) ;
#6454 = CARTESIAN_POINT ( 'NONE',  ( -0.3829216105862539021, 3.000000000000001332, -0.9109572817329495420 ) ) ;
#6455 = ORIENTED_EDGE ( 'NONE', *, *, #4564, .T. ) ;
#6456 = CARTESIAN_POINT ( 'NONE',  ( -0.1388805520114952952, 3.020000000000000018, -1.239604617066078385 ) ) ;
#6457 = CARTESIAN_POINT ( 'NONE',  ( -0.7692983235650552309, 3.020000000000000018, -1.746866167604331999 ) ) ;
#6458 = FACE_OUTER_BOUND ( 'NONE', #5183, .T. ) ;
#6459 = CARTESIAN_POINT ( 'NONE',  ( -2.270059618638720966, 3.020000000000000018, -1.124983838807602332 ) ) ;
#6460 = VECTOR ( 'NONE', #5280, 1000.000000000000000 ) ;
#6461 = SURFACE_STYLE_USAGE ( .BOTH. , #2661 ) ;
#6462 = CARTESIAN_POINT ( 'NONE',  ( -1.566641392996084958, 3.000000000000002220, -0.8793496920310615028 ) ) ;
#6463 = CARTESIAN_POINT ( 'NONE',  ( -0.4475229069035184803, 3.020000000000000462, -1.396263457214642845 ) ) ;
#6464 = FILL_AREA_STYLE_COLOUR ( '', #4443 ) ;
#6465 = VECTOR ( 'NONE', #5233, 1000.000000000000000 ) ;
#6466 = CARTESIAN_POINT ( 'NONE',  ( -2.021469541747220600, 3.019999999999999574, -0.9648386158327396656 ) ) ;
#6467 = CARTESIAN_POINT ( 'NONE',  ( -1.929245225112653728, 3.000000000000000888, -1.396263457214643067 ) ) ;
#6468 = CARTESIAN_POINT ( 'NONE',  ( -2.100700902011110482, 3.019999999999999574, -1.997923291443938876 ) ) ;
#6469 = CARTESIAN_POINT ( 'NONE',  ( 0.2726953340210757082, 3.019999999999999130, -0.8995123882184301589 ) ) ;
#6470 = ORIENTED_EDGE ( 'NONE', *, *, #3555, .F. ) ;
#6471 = DIRECTION ( 'NONE',  ( 0.0000000000000000000, 0.0000000000000000000, -1.000000000000000000 ) ) ;
#6472 = CARTESIAN_POINT ( 'NONE',  ( -0.03265900210800768561, 3.000000000000000000, -1.697311913310612042 ) ) ;
#6473 = CARTESIAN_POINT ( 'NONE',  ( -1.735369524005142328, 3.000000000000001332, -1.379807217455032209 ) ) ;
#6474 = LINE ( 'NONE', #5978, #6865 ) ;
#6475 = DIRECTION ( 'NONE',  ( 1.000000000000000000, 0.0000000000000000000, 0.0000000000000000000 ) ) ;
#6476 = SURFACE_STYLE_USAGE ( .BOTH. , #3850 ) ;
#6477 = ORIENTED_EDGE ( 'NONE', *, *, #2422, .F. ) ;
#6478 = ADVANCED_FACE ( 'NONE', ( #2174 ), #6611, .F. ) ;
#6479 = DIRECTION ( 'NONE',  ( -1.000000000000000000, 0.0000000000000000000, 0.0000000000000000000 ) ) ;
#6480 = CARTESIAN_POINT ( 'NONE',  ( -0.3911534012429715435, 3.020000000000000018, -1.915235741852474138 ) ) ;
#6481 = CARTESIAN_POINT ( 'NONE',  ( -1.556231424240767547, 3.020000000000000018, -1.587794194115607960 ) ) ;
#6482 = CARTESIAN_POINT ( 'NONE',  ( 0.2324047410033726613, 3.000000000000000000, -1.717672766091256298 ) ) ;
#6483 = ORIENTED_EDGE ( 'NONE', *, *, #6276, .F. ) ;
#6484 = SURFACE_SIDE_STYLE ('',( #4879 ) ) ;
#6485 = SURFACE_STYLE_USAGE ( .BOTH. , #4395 ) ;
#6486 = EDGE_CURVE ( 'NONE', #729, #4342, #6080, .T. ) ;
#6487 = CARTESIAN_POINT ( 'NONE',  ( -2.087412308012221107, 3.000000000000000000, -0.8192007842939863504 ) ) ;
#6488 = CARTESIAN_POINT ( 'NONE',  ( -2.055718408960824028, 3.000000000000000888, -0.8014251924854066678 ) ) ;
#6489 = DIRECTION ( 'NONE',  ( -1.000000000000000000, 0.0000000000000000000, -0.0000000000000000000 ) ) ;
#6490 =( GEOMETRIC_REPRESENTATION_CONTEXT ( 3 ) GLOBAL_UNCERTAINTY_ASSIGNED_CONTEXT ( ( #4881 ) ) GLOBAL_UNIT_ASSIGNED_CONTEXT ( ( #5060, #704, #2993 ) ) REPRESENTATION_CONTEXT ( 'NONE', 'WORKASPACE' ) );
#6491 = CARTESIAN_POINT ( 'NONE',  ( 0.01853392301512964135, 3.020000000000001350, -1.046471747391922502 ) ) ;
#6492 = CARTESIAN_POINT ( 'NONE',  ( -2.253596037325286794, 3.000000000000000000, -1.734136347404690914 ) ) ;
#6493 = SURFACE_STYLE_FILL_AREA ( #5967 ) ;
#6494 = VECTOR ( 'NONE', #4207, 1000.000000000000000 ) ;
#6495 = CARTESIAN_POINT ( 'NONE',  ( -2.041980688865258742, 3.020000000000000462, -1.838138938650643039 ) ) ;
#6496 = CARTESIAN_POINT ( 'NONE',  ( -2.253596037325286794, 3.020000000000000018, -1.734136347404690914 ) ) ;
#6497 = CARTESIAN_POINT ( 'NONE',  ( -0.6056899898030867480, 3.000000000000000888, -0.8192007842939864615 ) ) ;
#6498 = ORIENTED_EDGE ( 'NONE', *, *, #6202, .T. ) ;
#6499 = CARTESIAN_POINT ( 'NONE',  ( -0.4696350060167160390, 3.020000000000000462, -1.904062053855922088 ) ) ;
#6500 = B_SPLINE_SURFACE_WITH_KNOTS ( 'NONE', 3, 1, ( 
 ( #3107, #4271 ),
 ( #5331, #4728 ),
 ( #6372, #6472 ),
 ( #2499, #6412 ),
 ( #3612, #1563 ),
 ( #6879, #1969 ),
 ( #2610, #3643 ),
 ( #5294, #405 ),
 ( #1501, #5877 ),
 ( #2033, #4766 ),
 ( #970, #3270 ) ),
 .UNSPECIFIED., .F., .F., .F.,
 ( 4, 1, 1, 1, 1, 1, 1, 1, 4 ),
 ( 2, 2 ),
 ( 0.0000000000000000000, 0.1219512022493431380, 0.2407868053279231257, 0.3585498723707457591, 0.4790658414002764154, 0.6015185447735337254, 0.7275505189308990595, 0.8599320866628444859, 1.000000000000000000 ),
 ( 0.0000000000000000000, 1.000000000000000000 ),
 .UNSPECIFIED. ) ;
#6501 = CARTESIAN_POINT ( 'NONE',  ( -1.638218510669772643, 3.020000000000000018, -1.044569058784599491 ) ) ;
#6502 = FACE_OUTER_BOUND ( 'NONE', #5525, .T. ) ;
#6503 = CARTESIAN_POINT ( 'NONE',  ( -1.864643928795388428, 3.000000000000000000, -0.9109572817329495420 ) ) ;
#6504 = MECHANICAL_DESIGN_GEOMETRIC_PRESENTATION_REPRESENTATION (  '', ( #2507 ), #2157 ) ;
#6505 = PRESENTATION_LAYER_ASSIGNMENT (  '', '', ( #3976 ) ) ;
#6506 = CARTESIAN_POINT ( 'NONE',  ( -1.708085198718334530, 2.999999999999999112, -1.835437900399442324 ) ) ;
#6507 = DIRECTION ( 'NONE',  ( -0.0000000000000000000, -1.000000000000000000, -0.0000000000000000000 ) ) ;
#6508 = ORIENTED_EDGE ( 'NONE', *, *, #6695, .T. ) ;
#6509 = CONTEXT_DEPENDENT_SHAPE_REPRESENTATION ( #1954, #6621 ) ;
#6510 = PRESENTATION_LAYER_ASSIGNMENT (  '', '', ( #5605 ) ) ;
#6511 = AXIS2_PLACEMENT_3D ( 'NONE', #2475, #1368, #5240 ) ;
#6512 = ORIENTED_EDGE ( 'NONE', *, *, #6407, .F. ) ;
#6513 = EDGE_CURVE ( 'NONE', #1044, #4382, #4999, .T. ) ;
#6514 = LINE ( 'NONE', #2244, #627 ) ;
#6515 = DIRECTION ( 'NONE',  ( 0.0000000000000000000, -0.0000000000000000000, 1.000000000000000000 ) ) ;
#6516 = DIRECTION ( 'NONE',  ( -1.000000000000000000, 0.0000000000000000000, -9.469014606860301471E-17 ) ) ;
#6517 = UNCERTAINTY_MEASURE_WITH_UNIT (LENGTH_MEASURE( 1.000000000000000082E-05 ), #3019, 'distance_accuracy_value', 'NONE');
#6518 = PRESENTATION_LAYER_ASSIGNMENT (  '', '', ( #4699 ) ) ;
#6519 = CARTESIAN_POINT ( 'NONE',  ( -1.903009525256652790, 3.000000000000000888, -1.535350746615560036 ) ) ;
#6520 = DIRECTION ( 'NONE',  ( 0.0000000000000000000, 0.0000000000000000000, 1.000000000000000000 ) ) ;
#6521 = ORIENTED_EDGE ( 'NONE', *, *, #4233, .F. ) ;
#6522 = FILL_AREA_STYLE ('',( #3792 ) ) ;
#6523 = CARTESIAN_POINT ( 'NONE',  ( 2.240961661242421687, 3.020000000000000018, -2.063407973673387463 ) ) ;
#6524 = FILL_AREA_STYLE_COLOUR ( '', #1364 ) ;
#6525 = SURFACE_STYLE_FILL_AREA ( #2737 ) ;
#6526 = VERTEX_POINT ( 'NONE', #1103 ) ;
#6527 = CARTESIAN_POINT ( 'NONE',  ( -1.514115344220508641, 3.020000000000000462, -0.9410349672355222683 ) ) ;
#6528 =( NAMED_UNIT ( * ) SI_UNIT ( $, .STERADIAN. ) SOLID_ANGLE_UNIT ( ) );
#6529 = CARTESIAN_POINT ( 'NONE',  ( -0.3443588871058452794, 3.019999999999999574, -0.7637833990548449359 ) ) ;
#6530 = CARTESIAN_POINT ( 'NONE',  ( -0.1960368498876611243, 3.020000000000000462, -1.707754741635870932 ) ) ;
#6531 = SURFACE_STYLE_USAGE ( .BOTH. , #2194 ) ;
#6532 = CARTESIAN_POINT ( 'NONE',  ( -1.875891902797027999, 3.000000000000000000, -1.405268571614174844 ) ) ;
#6533 = LINE ( 'NONE', #2670, #3802 ) ;
#6534 = ADVANCED_FACE ( 'NONE', ( #5941 ), #1035, .F. ) ;
#6535 = CARTESIAN_POINT ( 'NONE',  ( -0.6898192915142195014, 2.999999999999999556, -0.8892942258499478836 ) ) ;
#6536 = ORIENTED_EDGE ( 'NONE', *, *, #43, .F. ) ;
#6537 = SURFACE_SIDE_STYLE ('',( #4337 ) ) ;
#6538 = CARTESIAN_POINT ( 'NONE',  ( 1.434246176884115043, 3.000000000000000000, -1.536573371643473296 ) ) ;
#6539 = CARTESIAN_POINT ( 'NONE',  ( 0.03428311630434724422, 3.000000000000001332, -1.195713631510698871 ) ) ;
#6540 = DIRECTION ( 'NONE',  ( -1.000000000000000000, 0.0000000000000000000, 0.0000000000000000000 ) ) ;
#6541 = DIRECTION ( 'NONE',  ( -1.275531967630005245E-16, 0.0000000000000000000, -1.000000000000000000 ) ) ;
#6542 = EDGE_LOOP ( 'NONE', ( #2916, #1926, #4212, #1222 ) ) ;
#6543 = VECTOR ( 'NONE', #758, 1000.000000000000000 ) ;
#6544 = CARTESIAN_POINT ( 'NONE',  ( -0.7531222930765588686, -1.758434843431132322, 0.5729891842634060595 ) ) ;
#6545 = EDGE_LOOP ( 'NONE', ( #72, #636, #5698, #6655 ) ) ;
#6546 = ORIENTED_EDGE ( 'NONE', *, *, #4454, .T. ) ;
#6547 = CARTESIAN_POINT ( 'NONE',  ( -1.732075564480170637, 3.020000000000000462, -1.863214182657017659 ) ) ;
#6548 = VECTOR ( 'NONE', #6749, 1000.000000000000000 ) ;
#6549 = CARTESIAN_POINT ( 'NONE',  ( -0.3465964745662698521, 3.020000000000000906, -2.061796266670198996 ) ) ;
#6550 =( NAMED_UNIT ( * ) SI_UNIT ( $, .STERADIAN. ) SOLID_ANGLE_UNIT ( ) );
#6551 = CARTESIAN_POINT ( 'NONE',  ( 0.3075791768584469899, 2.999999999999999556, -0.8500838463471690476 ) ) ;
#6552 = ORIENTED_EDGE ( 'NONE', *, *, #2274, .T. ) ;
#6553 = CARTESIAN_POINT ( 'NONE',  ( -0.7718737191161517686, 3.020000000000000018, -1.734136347404690914 ) ) ;
#6554 = CARTESIAN_POINT ( 'NONE',  ( 0.005330947839205196596, 3.000000000000000444, -1.009768632962657620 ) ) ;
#6555 = DIRECTION ( 'NONE',  ( 0.0000000000000000000, 0.0000000000000000000, -1.000000000000000000 ) ) ;
#6556 = EDGE_CURVE ( 'NONE', #4008, #4770, #515, .T. ) ;
#6557 = VECTOR ( 'NONE', #533, 1000.000000000000000 ) ;
#6558 =( NAMED_UNIT ( * ) SI_UNIT ( $, .STERADIAN. ) SOLID_ANGLE_UNIT ( ) );
#6559 = CARTESIAN_POINT ( 'NONE',  ( 0.3970405541377209357, 3.020000000000000018, -1.207301745374776525 ) ) ;
#6560 = VERTEX_POINT ( 'NONE', #5655 ) ;
#6561 = CARTESIAN_POINT ( 'NONE',  ( -1.918150568064052042, 3.000000000000000444, -1.534772667437316329 ) ) ;
#6562 = EDGE_CURVE ( 'NONE', #5858, #4008, #2887, .T. ) ;
#6563 = CARTESIAN_POINT ( 'NONE',  ( -55.74906976069122777, 2.360000000000000320, -15.33036380780025354 ) ) ;
#6564 = CARTESIAN_POINT ( 'NONE',  ( -0.05702799176460332520, 3.020000000000000462, -0.9092310487208885572 ) ) ;
#6565 = CARTESIAN_POINT ( 'NONE',  ( -0.2052620057194592951, 3.019999999999999574, -1.663721632383340365 ) ) ;
#6566 = CARTESIAN_POINT ( 'NONE',  ( -2.103229012945375676, 3.000000000000001776, -1.131555125425879993 ) ) ;
#6567 = STYLED_ITEM ( 'NONE', ( #5811 ), #2111 ) ;
#6568 = LINE ( 'NONE', #3805, #2403 ) ;
#6569 = VERTEX_POINT ( 'NONE', #3452 ) ;
#6570 = CARTESIAN_POINT ( 'NONE',  ( 3.399999999999999911, 2.160000000000000142, -1.591797999708433942 ) ) ;
#6571 = ORIENTED_EDGE ( 'NONE', *, *, #5445, .T. ) ;
#6572 = CARTESIAN_POINT ( 'NONE',  ( -0.5478621465278167291, 3.000000000000000888, -1.852899892034636009 ) ) ;
#6573 = CARTESIAN_POINT ( 'NONE',  ( -1.784999128282048764, 3.020000000000000462, -0.9206333661622516651 ) ) ;
#6574 = ADVANCED_FACE ( 'NONE', ( #145 ), #2893, .F. ) ;
#6575 = CARTESIAN_POINT ( 'NONE',  ( 3.100000000000001421, 3.000000000000000000, 2.899999999999999911 ) ) ;
#6576 = CARTESIAN_POINT ( 'NONE',  ( -1.948795384435676237, 3.000000000000000000, -2.058426746749671743 ) ) ;
#6577 = CARTESIAN_POINT ( 'NONE',  ( -1.677370691355067445, 3.000000000000000000, -1.731563912824466867 ) ) ;
#6578 = EDGE_CURVE ( 'NONE', #1281, #2348, #267, .T. ) ;
#6579 = EDGE_CURVE ( 'NONE', #5858, #1703, #2425, .T. ) ;
#6580 = DIRECTION ( 'NONE',  ( -0.0000000000000000000, -1.000000000000000000, -0.0000000000000000000 ) ) ;
#6581 = ORIENTED_EDGE ( 'NONE', *, *, #3891, .T. ) ;
#6582 =( GEOMETRIC_REPRESENTATION_CONTEXT ( 3 ) GLOBAL_UNCERTAINTY_ASSIGNED_CONTEXT ( ( #4433 ) ) GLOBAL_UNIT_ASSIGNED_CONTEXT ( ( #2865, #2086, #2184 ) ) REPRESENTATION_CONTEXT ( 'NONE', 'WORKASPACE' ) );
#6583 = VERTEX_POINT ( 'NONE', #4572 ) ;
#6584 = DIRECTION ( 'NONE',  ( -0.0000000000000000000, -1.000000000000000000, -0.0000000000000000000 ) ) ;
#6585 = PLANE ( 'NONE',  #2738 ) ;
#6586 = CARTESIAN_POINT ( 'NONE',  ( -2.088960224190938408, 3.000000000000000000, -1.717672766091256298 ) ) ;
#6587 = LINE ( 'NONE', #5193, #1627 ) ;
#6588 = CARTESIAN_POINT ( 'NONE',  ( -0.7718737191161517686, 3.000000000000000000, -1.734136347404690914 ) ) ;
#6589 = EDGE_LOOP ( 'NONE', ( #1929, #3826, #3431, #2782 ) ) ;
#6590 = CARTESIAN_POINT ( 'NONE',  ( 0.01853392301512964135, 3.020000000000001350, -1.046471747391922502 ) ) ;
#6591 = UNCERTAINTY_MEASURE_WITH_UNIT (LENGTH_MEASURE( 1.000000000000000082E-05 ), #3789, 'distance_accuracy_value', 'NONE');
#6592 = LINE ( 'NONE', #3327, #4735 ) ;
#6593 = EDGE_CURVE ( 'NONE', #3470, #6624, #3988, .T. ) ;
#6594 = ORIENTED_EDGE ( 'NONE', *, *, #6971, .F. ) ;
#6595 = CARTESIAN_POINT ( 'NONE',  ( -0.7501585648365134418, 3.000000000000000888, -0.9792504244827743287 ) ) ;
#6596 = DIRECTION ( 'NONE',  ( -0.0000000000000000000, 1.000000000000000000, -0.0000000000000000000 ) ) ;
#6597 = CARTESIAN_POINT ( 'NONE',  ( -0.3482855306863225642, 3.000000000000002220, -1.545907426626785819 ) ) ;
#6598 = VECTOR ( 'NONE', #5539, 1000.000000000000000 ) ;
#6599 = CARTESIAN_POINT ( 'NONE',  ( -1.910932776326617288, 3.020000000000001350, -0.9139284779254964741 ) ) ;
#6600 = CARTESIAN_POINT ( 'NONE',  ( -0.1656857917439017169, 3.020000000000000018, -1.502186620824422114 ) ) ;
#6601 = EDGE_CURVE ( 'NONE', #3866, #898, #6758, .T. ) ;
#6602 = DIRECTION ( 'NONE',  ( 0.0000000000000000000, 0.0000000000000000000, -1.000000000000000000 ) ) ;
#6603 = CYLINDRICAL_SURFACE ( 'NONE', #6333, 0.5000000000000000000 ) ;
#6604 = ORIENTED_EDGE ( 'NONE', *, *, #1273, .F. ) ;
#6605 = CARTESIAN_POINT ( 'NONE',  ( 2.240961661242421687, 3.020000000000000018, -2.063407973673387463 ) ) ;
#6606 = CARTESIAN_POINT ( 'NONE',  ( -1.761292833356258525, 3.020000000000000018, -0.9290547804331493742 ) ) ;
#6607 = CARTESIAN_POINT ( 'NONE',  ( -0.1054215600619964610, 2.999999999999999556, -1.442365052313585361 ) ) ;
#6608 = CARTESIAN_POINT ( 'NONE',  ( -3.100000000000000533, 0.0000000000000000000, -2.899999999999999911 ) ) ;
#6609 = CARTESIAN_POINT ( 'NONE',  ( -54.37906976069123743, 0.2000000000000000111, -16.03036380780025283 ) ) ;
#6610 = VECTOR ( 'NONE', #3578, 1000.000000000000000 ) ;
#6611 = PLANE ( 'NONE',  #3195 ) ;
#6612 = EDGE_CURVE ( 'NONE', #4952, #5794, #2120, .T. ) ;
#6613 = ORIENTED_EDGE ( 'NONE', *, *, #376, .T. ) ;
#6614 = DIRECTION ( 'NONE',  ( 1.000000000000000000, 0.0000000000000000000, 0.0000000000000000000 ) ) ;
#6615 = ORIENTED_EDGE ( 'NONE', *, *, #1144, .T. ) ;
#6616 = AXIS2_PLACEMENT_3D ( 'NONE', #5675, #2985, #773 ) ;
#6617 = ORIENTED_EDGE ( 'NONE', *, *, #5814, .T. ) ;
#6618 = CARTESIAN_POINT ( 'NONE',  ( -1.886654082497556617, 3.000000000000000444, -1.914698500756816912 ) ) ;
#6619 = VECTOR ( 'NONE', #4296, 1000.000000000000000 ) ;
#6620 = CARTESIAN_POINT ( 'NONE',  ( -2.105423805504372581, 3.000000000000000000, -1.141447420121037171 ) ) ;
#6621 = PRODUCT_DEFINITION_SHAPE ( 'NONE', 'NONE',  #7085 ) ;
#6622 = LINE ( 'NONE', #3466, #5014 ) ;
#6623 = VECTOR ( 'NONE', #4380, 1000.000000000000114 ) ;
#6624 = VERTEX_POINT ( 'NONE', #3379 ) ;
#6625 = CARTESIAN_POINT ( 'NONE',  ( 0.2726953340210757082, 2.999999999999999112, -0.8995123882184301589 ) ) ;
#6626 = ORIENTED_EDGE ( 'NONE', *, *, #5814, .F. ) ;
#6627 = MECHANICAL_DESIGN_GEOMETRIC_PRESENTATION_REPRESENTATION (  '', ( #815 ), #1255 ) ;
#6628 = CARTESIAN_POINT ( 'NONE',  ( 0.2324047410033726613, 3.000000000000000000, -1.139132228998835483 ) ) ;
#6629 = VECTOR ( 'NONE', #5357, 1000.000000000000000 ) ;
#6630 = CARTESIAN_POINT ( 'NONE',  ( -2.245996682965457847, 3.000000000000000000, -1.013085924912182190 ) ) ;
#6631 = CARTESIAN_POINT ( 'NONE',  ( 0.6180418443656985339, 3.020000000000000018, -0.9123598466327446088 ) ) ;
#6632 = VERTEX_POINT ( 'NONE', #5586 ) ;
#6633 = CARTESIAN_POINT ( 'NONE',  ( -2.330000000000000515, 0.0000000000000000000, -1.590000000000000302 ) ) ;
#6634 = LINE ( 'NONE', #1160, #7061 ) ;
#6635 =( GEOMETRIC_REPRESENTATION_CONTEXT ( 3 ) GLOBAL_UNCERTAINTY_ASSIGNED_CONTEXT ( ( #1077 ) ) GLOBAL_UNIT_ASSIGNED_CONTEXT ( ( #6417, #5407, #976 ) ) REPRESENTATION_CONTEXT ( 'NONE', 'WORKASPACE' ) );
#6636 = DIRECTION ( 'NONE',  ( -0.0000000000000000000, 1.000000000000000000, -0.0000000000000000000 ) ) ;
#6637 = CARTESIAN_POINT ( 'NONE',  ( 0.5515282643318784039, 3.000000000000000444, -0.9123026530699512859 ) ) ;
#6638 = CARTESIAN_POINT ( 'NONE',  ( 0.5832863162782809807, 3.000000000000000444, -0.7641059103257876739 ) ) ;
#6639 = CARTESIAN_POINT ( 'NONE',  ( -1.649258750855719713, 3.020000000000000462, -1.996499328758882141 ) ) ;
#6640 = ORIENTED_EDGE ( 'NONE', *, *, #6486, .F. ) ;
#6641 = CARTESIAN_POINT ( 'NONE',  ( -0.4600946479929796662, 3.020000000000000018, -1.536573371643473296 ) ) ;
#6642 = CARTESIAN_POINT ( 'NONE',  ( -55.34906976069122919, 1.560000000000000275, -16.03036380780025283 ) ) ;
#6643 = CARTESIAN_POINT ( 'NONE',  ( -1.890124975956994469, 2.999999999999999112, -2.063198722536307095 ) ) ;
#6644 = CARTESIAN_POINT ( 'NONE',  ( -55.34906976069122919, 1.560000000000000275, -15.33036380780025354 ) ) ;
#6645 = DIRECTION ( 'NONE',  ( -0.0000000000000000000, -1.000000000000000000, -0.0000000000000000000 ) ) ;
#6646 = ORIENTED_EDGE ( 'NONE', *, *, #507, .F. ) ;
#6647 = ORIENTED_EDGE ( 'NONE', *, *, #3541, .T. ) ;
#6648 = CARTESIAN_POINT ( 'NONE',  ( 0.8250936682870266825, 3.020000000000000018, -1.224794300520300805 ) ) ;
#6649 = ORIENTED_EDGE ( 'NONE', *, *, #764, .T. ) ;
#6650 = CARTESIAN_POINT ( 'NONE',  ( -2.078853349000398865, 2.999999999999999556, -1.763761206651437208 ) ) ;
#6651 = LINE ( 'NONE', #1756, #2390 ) ;
#6652 = EDGE_CURVE ( 'NONE', #2027, #1726, #3948, .T. ) ;
#6653 = DIRECTION ( 'NONE',  ( -0.0000000000000000000, -1.000000000000000000, -0.0000000000000000000 ) ) ;
#6654 = FILL_AREA_STYLE ('',( #3320 ) ) ;
#6655 = ORIENTED_EDGE ( 'NONE', *, *, #3187, .F. ) ;
#6656 = ORIENTED_EDGE ( 'NONE', *, *, #798, .T. ) ;
#6657 = DIRECTION ( 'NONE',  ( 0.0000000000000000000, 0.0000000000000000000, -1.000000000000000000 ) ) ;
#6658 = EDGE_CURVE ( 'NONE', #6526, #1751, #2857, .T. ) ;
#6659 = UNCERTAINTY_MEASURE_WITH_UNIT (LENGTH_MEASURE( 1.000000000000000082E-05 ), #2517, 'distance_accuracy_value', 'NONE');
#6660 =( LENGTH_UNIT ( ) NAMED_UNIT ( * ) SI_UNIT ( .MILLI., .METRE. ) );
#6661 = ORIENTED_EDGE ( 'NONE', *, *, #3312, .T. ) ;
#6662 = VECTOR ( 'NONE', #4876, 1000.000000000000000 ) ;
#6663 = CARTESIAN_POINT ( 'NONE',  ( -0.3552753784723763353, 3.019999999999999574, -0.9113514499095941579 ) ) ;
#6664 = PRESENTATION_LAYER_ASSIGNMENT (  '', '', ( #5540 ) ) ;
#6665 = CARTESIAN_POINT ( 'NONE',  ( 2.330000000000001403, 0.2000000000000000111, -1.590000000000000302 ) ) ;
#6666 = CARTESIAN_POINT ( 'NONE',  ( -0.03156608787163357049, 3.000000000000000000, -1.723634456796557579 ) ) ;
#6667 = VECTOR ( 'NONE', #7047, 1000.000000000000000 ) ;
#6668 = FACE_OUTER_BOUND ( 'NONE', #1877, .T. ) ;
#6669 = ORIENTED_EDGE ( 'NONE', *, *, #1797, .F. ) ;
#6670 = CARTESIAN_POINT ( 'NONE',  ( -0.2748091917595948397, 3.000000000000000000, -1.389287256132888171 ) ) ;
#6671 = B_SPLINE_SURFACE_WITH_KNOTS ( 'NONE', 3, 1, ( 
 ( #1147, #5486 ),
 ( #6120, #6088 ),
 ( #6549, #614 ),
 ( #3353, #586 ),
 ( #5561, #1217 ),
 ( #1646, #3823 ),
 ( #1112, #5411 ),
 ( #522, #1612 ),
 ( #4940, #5985 ),
 ( #2214, #3997 ),
 ( #5083, #4541 ),
 ( #6810, #6192 ),
 ( #2319, #4656 ),
 ( #802, #5121 ),
 ( #690, #4038 ) ),
 .UNSPECIFIED., .F., .F., .F.,
 ( 4, 1, 1, 1, 1, 1, 1, 1, 1, 1, 1, 1, 4 ),
 ( 2, 2 ),
 ( 0.0000000000000000000, 0.09205398927685860822, 0.1810079047849002254, 0.2691300759875088766, 0.3571374727068741817, 0.4435490135848202398, 0.5264334456319729183, 0.6074529357589963929, 0.6883846385144207769, 0.7678538499318544597, 0.8455305897600620124, 0.9225294439554588832, 1.000000000000000000 ),
 ( 0.0000000000000000000, 1.000000000000000000 ),
 .UNSPECIFIED. ) ;
#6672 = CARTESIAN_POINT ( 'NONE',  ( -1.784999128282048764, 3.000000000000000888, -0.9206333661622516651 ) ) ;
#6673 = VECTOR ( 'NONE', #2431, 1000.000000000000000 ) ;
#6674 = CARTESIAN_POINT ( 'NONE',  ( -1.471721013156102043, 3.020000000000000906, -1.305032025826435182 ) ) ;
#6675 = CARTESIAN_POINT ( 'NONE',  ( 0.01944397972111198969, 2.999999999999999556, -1.279743727460097347 ) ) ;
#6676 = VERTEX_POINT ( 'NONE', #3605 ) ;
#6677 = ORIENTED_EDGE ( 'NONE', *, *, #714, .T. ) ;
#6678 = CARTESIAN_POINT ( 'NONE',  ( -1.597198743964322709, 2.999999999999998224, -0.8518878056760209594 ) ) ;
#6679 = COLOUR_RGB ( '',1.000000000000000000, 1.000000000000000000, 1.000000000000000000 ) ;
#6680 = EDGE_LOOP ( 'NONE', ( #5293, #185, #4177, #982 ) ) ;
#6681 = CARTESIAN_POINT ( 'NONE',  ( -1.843712683747921410, 3.020000000000000018, -1.405700797738484775 ) ) ;
#6682 = CARTESIAN_POINT ( 'NONE',  ( -0.1297940478921935925, 3.020000000000000018, -1.166914522465256621 ) ) ;
#6683 = CARTESIAN_POINT ( 'NONE',  ( 3.399999999999999911, 0.2000000000000000111, 1.590000000000000080 ) ) ;
#6684 = CARTESIAN_POINT ( 'NONE',  ( -0.3032768100729138494, 3.000000000000000000, -0.9206333661622514430 ) ) ;
#6685 = VECTOR ( 'NONE', #3881, 1000.000000000000000 ) ;
#6686 = EDGE_CURVE ( 'NONE', #2825, #1528, #5806, .T. ) ;
#6687 = VERTEX_POINT ( 'NONE', #6835 ) ;
#6688 = CARTESIAN_POINT ( 'NONE',  ( -1.802259326998676636, 3.000000000000000444, -1.402219522957757869 ) ) ;
#6689 = ORIENTED_EDGE ( 'NONE', *, *, #2239, .F. ) ;
#6690 = CARTESIAN_POINT ( 'NONE',  ( -0.7263330666383522871, 3.019999999999999574, -1.873243738275924386 ) ) ;
#6691 = SURFACE_STYLE_FILL_AREA ( #3472 ) ;
#6692 = LINE ( 'NONE', #1911, #4442 ) ;
#6693 = CARTESIAN_POINT ( 'NONE',  ( 0.3974104669878707474, 3.020000000000001350, -1.151988679806903670 ) ) ;
#6694 = EDGE_LOOP ( 'NONE', ( #3485, #5310, #2569, #5164, #993, #3315, #4696, #6552, #1434, #5057 ) ) ;
#6695 = EDGE_CURVE ( 'NONE', #5114, #3410, #4808, .T. ) ;
#6696 = PRODUCT_RELATED_PRODUCT_CATEGORY ( 'part', '', ( #1826 ) ) ;
#6697 = CARTESIAN_POINT ( 'NONE',  ( -1.545796612280712967, 3.020000000000000906, -1.411344646737302755 ) ) ;
#6698 = DIRECTION ( 'NONE',  ( -0.0000000000000000000, -1.000000000000000000, -0.0000000000000000000 ) ) ;
#6699 = CARTESIAN_POINT ( 'NONE',  ( -1.890124975956994469, 3.019999999999999130, -2.063198722536307095 ) ) ;
#6700 = CARTESIAN_POINT ( 'NONE',  ( -0.1924405652798669153, 3.000000000000000444, -1.489049086990398063 ) ) ;
#6701 = LINE ( 'NONE', #2416, #4251 ) ;
#6702 = DIRECTION ( 'NONE',  ( 1.000000000000000000, 0.0000000000000000000, 0.0000000000000000000 ) ) ;
#6703 = ORIENTED_EDGE ( 'NONE', *, *, #4704, .T. ) ;
#6704 = LINE ( 'NONE', #1315, #4386 ) ;
#6705 = VECTOR ( 'NONE', #1427, 1000.000000000000114 ) ;
#6706 = DIRECTION ( 'NONE',  ( -0.0000000000000000000, -1.000000000000000000, -0.0000000000000000000 ) ) ;
#6707 = CARTESIAN_POINT ( 'NONE',  ( 2.330000000000001403, 0.2000000000000000111, -1.590000000000000302 ) ) ;
#6708 = CARTESIAN_POINT ( 'NONE',  ( -1.610303193252563769, 3.019999999999999130, -1.454894656635153494 ) ) ;
#6709 = CARTESIAN_POINT ( 'NONE',  ( 3.600000000000001421, 3.000000000000000000, -2.290000000000000480 ) ) ;
#6710 = MECHANICAL_DESIGN_GEOMETRIC_PRESENTATION_REPRESENTATION (  '', ( #5822 ), #6039 ) ;
#6711 = ORIENTED_EDGE ( 'NONE', *, *, #1944, .F. ) ;
#6712 = DIRECTION ( 'NONE',  ( -0.0000000000000000000, -1.000000000000000000, -0.0000000000000000000 ) ) ;
#6713 = ORIENTED_EDGE ( 'NONE', *, *, #1290, .F. ) ;
#6714 = CARTESIAN_POINT ( 'NONE',  ( -1.538750309973737407, 2.999999999999997780, -0.9092310487208882241 ) ) ;
#6715 = VERTEX_POINT ( 'NONE', #1995 ) ;
#6716 = CARTESIAN_POINT ( 'NONE',  ( 0.4629144379006353560, 3.020000000000000018, -0.7701276156296047448 ) ) ;
#6717 = CARTESIAN_POINT ( 'NONE',  ( -0.3909031632673231615, 3.020000000000000462, -0.9110797281047694485 ) ) ;
#6718 = CARTESIAN_POINT ( 'NONE',  ( -0.2138767722609818678, 3.000000000000001776, -1.644306830553907695 ) ) ;
#6719 = VECTOR ( 'NONE', #5740, 1000.000000000000000 ) ;
#6720 = CARTESIAN_POINT ( 'NONE',  ( -1.971681439494508803, 2.999999999999999556, -0.9316458022749664059 ) ) ;
#6721 =( LENGTH_UNIT ( ) NAMED_UNIT ( * ) SI_UNIT ( .MILLI., .METRE. ) );
#6722 =( NAMED_UNIT ( * ) SI_UNIT ( $, .STERADIAN. ) SOLID_ANGLE_UNIT ( ) );
#6723 = ADVANCED_FACE ( 'NONE', ( #2568 ), #1392, .T. ) ;
#6724 = PRESENTATION_STYLE_ASSIGNMENT (( #724 ) ) ;
#6725 = VECTOR ( 'NONE', #3352, 1000.000000000000000 ) ;
#6726 = B_SPLINE_CURVE_WITH_KNOTS ( 'NONE', 3,
 ( #2209, #4975, #6014, #1110, #650, #1214, #2178, #6045, #4461, #6547, #40, #1754, #1143, #6117, #3279, #582, #75, #3921, #3385 ),
 .UNSPECIFIED., .F., .F.,
 ( 4, 1, 1, 1, 1, 1, 1, 1, 1, 1, 1, 1, 1, 1, 1, 1, 4 ),
 ( 0.0000000000000000000, 0.06509335070708806292, 0.1273042315324056650, 0.1881220215801463758, 0.2471305161007631979, 0.3060769160082426055, 0.3656782273658531479, 0.4261033481625817743, 0.4878414950797359539, 0.5503167167998647136, 0.6118052235137849681, 0.6727373158544538434, 0.7348834089993241392, 0.7976802029336794719, 0.8624746871088684319, 0.9297754033859679801, 1.000000000000000000 ),
 .UNSPECIFIED. ) ;
#6727 = VERTEX_POINT ( 'NONE', #5257 ) ;
#6728 = CARTESIAN_POINT ( 'NONE',  ( -1.637697129099231041, 3.020000000000000018, -1.282589565623014183 ) ) ;
#6729 = EDGE_LOOP ( 'NONE', ( #3458, #288, #2709, #3133 ) ) ;
#6730 = CARTESIAN_POINT ( 'NONE',  ( -0.5627807814173197976, 3.000000000000003553, -2.030280888219688773 ) ) ;
#6731 = CARTESIAN_POINT ( 'NONE',  ( -2.214416423789735688, 3.019999999999999574, -0.9475634840590850816 ) ) ;
#6732 = AXIS2_PLACEMENT_3D ( 'NONE', #6920, #3087, #5271 ) ;
#6733 = CARTESIAN_POINT ( 'NONE',  ( -1.557585016299994018, 3.020000000000000906, -1.899480994951179502 ) ) ;
#6734 = LINE ( 'NONE', #4003, #1141 ) ;
#6735 = UNCERTAINTY_MEASURE_WITH_UNIT (LENGTH_MEASURE( 1.000000000000000082E-05 ), #3946, 'distance_accuracy_value', 'NONE');
#6736 = CARTESIAN_POINT ( 'NONE',  ( 0.4003600845610983394, 3.019999999999999130, -1.086527549917051694 ) ) ;
#6737 = COLOUR_RGB ( '',1.000000000000000000, 1.000000000000000000, 1.000000000000000000 ) ;
#6738 = CARTESIAN_POINT ( 'NONE',  ( 0.2324047410033726613, 3.020000000000000018, -1.717672766091256298 ) ) ;
#6739 = VECTOR ( 'NONE', #1737, 1000.000000000000000 ) ;
#6740 = EDGE_LOOP ( 'NONE', ( #4234, #1249, #4708, #1983 ) ) ;
#6741 = DIRECTION ( 'NONE',  ( -0.9950371902099891530, 0.0000000000000000000, -0.09950371902099786059 ) ) ;
#6742 = CARTESIAN_POINT ( 'NONE',  ( -1.660633447158034182, 3.020000000000000018, -1.475406274729326173 ) ) ;
#6743 = CARTESIAN_POINT ( 'NONE',  ( -0.3286323501930181190, 3.020000000000000462, -0.9152627620483099191 ) ) ;
#6744 = DIRECTION ( 'NONE',  ( -2.727552635183658687E-16, -0.0000000000000000000, -1.000000000000000000 ) ) ;
#6745 = EDGE_CURVE ( 'NONE', #6632, #916, #1925, .T. ) ;
#6746 = VECTOR ( 'NONE', #1504, 1000.000000000000000 ) ;
#6747 = DIRECTION ( 'NONE',  ( -1.000000000000000000, 0.0000000000000000000, -0.0000000000000000000 ) ) ;
#6748 = CARTESIAN_POINT ( 'NONE',  ( 0.6252680443367965024, 3.020000000000000462, -0.7723980086512300947 ) ) ;
#6749 = DIRECTION ( 'NONE',  ( 0.0000000000000000000, 0.0000000000000000000, 1.000000000000000000 ) ) ;
#6750 = VERTEX_POINT ( 'NONE', #2533 ) ;
#6751 =( LENGTH_UNIT ( ) NAMED_UNIT ( * ) SI_UNIT ( .MILLI., .METRE. ) );
#6752 = STYLED_ITEM ( 'NONE', ( #3684 ), #1402 ) ;
#6753 = CARTESIAN_POINT ( 'NONE',  ( -1.628256491133993400, 3.000000000000001332, -1.066794057876733426 ) ) ;
#6754 = CARTESIAN_POINT ( 'NONE',  ( -0.3129341956115798684, 3.019999999999999574, -1.902367855215596704 ) ) ;
#6755 = DIRECTION ( 'NONE',  ( 0.0000000000000000000, -1.000000000000000000, 0.0000000000000000000 ) ) ;
#6756 = CARTESIAN_POINT ( 'NONE',  ( -1.510875955362311229, 3.020000000000000906, -1.373102610874841423 ) ) ;
#6757 = ADVANCED_FACE ( 'NONE', ( #6331 ), #3981, .T. ) ;
#6758 = LINE ( 'NONE', #1856, #4573 ) ;
#6759 = DIRECTION ( 'NONE',  ( 0.1138384583614900220, 0.0000000000000000000, -0.9934992729729998917 ) ) ;
#6760 = ORIENTED_EDGE ( 'NONE', *, *, #2364, .T. ) ;
#6761 = FILL_AREA_STYLE ('',( #5697 ) ) ;
#6762 = ORIENTED_EDGE ( 'NONE', *, *, #6593, .T. ) ;
#6763 = CARTESIAN_POINT ( 'NONE',  ( 0.5398106733401639712, 3.020000000000000018, -0.7627850499120361061 ) ) ;
#6764 = DIRECTION ( 'NONE',  ( -2.182042108146928133E-15, 0.0000000000000000000, 1.000000000000000000 ) ) ;
#6765 = LINE ( 'NONE', #229, #3149 ) ;
#6766 = PRESENTATION_STYLE_ASSIGNMENT (( #4580 ) ) ;
#6767 = CARTESIAN_POINT ( 'NONE',  ( -2.105423805504372581, 3.020000000000000018, -1.141447420121037171 ) ) ;
#6768 = CARTESIAN_POINT ( 'NONE',  ( 0.0000000000000000000, 0.0000000000000000000, 0.0000000000000000000 ) ) ;
#6769 = CARTESIAN_POINT ( 'NONE',  ( -1.843712683747921410, 3.020000000000000018, -1.405700797738484775 ) ) ;
#6770 = ORIENTED_EDGE ( 'NONE', *, *, #4863, .F. ) ;
#6771 = CARTESIAN_POINT ( 'NONE',  ( -0.5324087863743335314, 3.000000000000002665, -2.042248344519796532 ) ) ;
#6772 = CARTESIAN_POINT ( 'NONE',  ( -2.265369146728909211, 3.000000000000000888, -1.086198636167389653 ) ) ;
#6773 = CARTESIAN_POINT ( 'NONE',  ( -1.677370691355067445, 3.020000000000000018, -1.731563912824466867 ) ) ;
#6774 = PRESENTATION_STYLE_ASSIGNMENT (( #4593 ) ) ;
#6775 = CARTESIAN_POINT ( 'NONE',  ( 0.3971377206338493893, 3.000000000000000000, -1.197526675900362436 ) ) ;
#6776 =( GEOMETRIC_REPRESENTATION_CONTEXT ( 3 ) GLOBAL_UNCERTAINTY_ASSIGNED_CONTEXT ( ( #1225 ) ) GLOBAL_UNIT_ASSIGNED_CONTEXT ( ( #2617, #3718, #5377 ) ) REPRESENTATION_CONTEXT ( 'NONE', 'WORKASPACE' ) );
#6777 = ORIENTED_EDGE ( 'NONE', *, *, #7017, .T. ) ;
#6778 = LINE ( 'NONE', #5023, #58 ) ;
#6779 = CARTESIAN_POINT ( 'NONE',  ( -1.482794802351464325, 3.000000000000001332, -1.329034521154250026 ) ) ;
#6780 = SURFACE_STYLE_USAGE ( .BOTH. , #2296 ) ;
#6781 = CARTESIAN_POINT ( 'NONE',  ( -2.073350695881957417, 3.019999999999999574, -2.015436186200724400 ) ) ;
#6782 = COLOUR_RGB ( '',1.000000000000000000, 1.000000000000000000, 1.000000000000000000 ) ;
#6783 = CARTESIAN_POINT ( 'NONE',  ( -1.612002086069719731, 2.999999999999999556, -1.140488522024077689 ) ) ;
#6784 = PRESENTATION_STYLE_ASSIGNMENT (( #2299 ) ) ;
#6785 = CARTESIAN_POINT ( 'NONE',  ( 2.240961661242421687, 3.020000000000000018, -2.063407973673387463 ) ) ;
#6786 = EDGE_CURVE ( 'NONE', #4840, #6676, #4266, .T. ) ;
#6787 = ORIENTED_EDGE ( 'NONE', *, *, #4863, .T. ) ;
#6788 = CARTESIAN_POINT ( 'NONE',  ( -0.1303643396706524182, 2.999999999999999112, -1.192037697719342315 ) ) ;
#6789 =( GEOMETRIC_REPRESENTATION_CONTEXT ( 3 ) GLOBAL_UNCERTAINTY_ASSIGNED_CONTEXT ( ( #7033 ) ) GLOBAL_UNIT_ASSIGNED_CONTEXT ( ( #4349, #453, #6550 ) ) REPRESENTATION_CONTEXT ( 'NONE', 'WORKASPACE' ) );
#6790 = STYLED_ITEM ( 'NONE', ( #1582 ), #154 ) ;
#6791 = CARTESIAN_POINT ( 'NONE',  ( 1.253146782436332041, 3.020000000000000018, -0.7792486312254709446 ) ) ;
#6792 = CARTESIAN_POINT ( 'NONE',  ( -0.3310702372384929371, 3.020000000000000462, -1.908134922655279953 ) ) ;
#6793 = FACE_OUTER_BOUND ( 'NONE', #198, .T. ) ;
#6794 = CARTESIAN_POINT ( 'NONE',  ( 0.0000000000000000000, 1.560000000000000275, 0.0000000000000000000 ) ) ;
#6795 = VECTOR ( 'NONE', #2182, 1000.000000000000000 ) ;
#6796 = CARTESIAN_POINT ( 'NONE',  ( -0.1969736862174531755, 2.999999999999999556, -1.479966713092396358 ) ) ;
#6797 = DIRECTION ( 'NONE',  ( -0.0000000000000000000, -1.000000000000000000, -0.0000000000000000000 ) ) ;
#6798 = EDGE_CURVE ( 'NONE', #1691, #1741, #3390, .T. ) ;
#6799 = ORIENTED_EDGE ( 'NONE', *, *, #3889, .F. ) ;
#6800 = SURFACE_STYLE_USAGE ( .BOTH. , #5737 ) ;
#6801 = ORIENTED_EDGE ( 'NONE', *, *, #754, .T. ) ;
#6802 = CARTESIAN_POINT ( 'NONE',  ( -1.663321079935717428, 3.020000000000000018, -1.321111070178176083 ) ) ;
#6803 = DIRECTION ( 'NONE',  ( -1.000000000000000000, 0.0000000000000000000, -2.182042108146928133E-15 ) ) ;
#6804 = VECTOR ( 'NONE', #6084, 1000.000000000000000 ) ;
#6805 = CARTESIAN_POINT ( 'NONE',  ( -0.3915852403139746807, 2.999999999999999112, -1.536484756256768058 ) ) ;
#6806 = EDGE_CURVE ( 'NONE', #4252, #2068, #3773, .T. ) ;
#6807 = EDGE_CURVE ( 'NONE', #5545, #5359, #6568, .T. ) ;
#6808 =( NAMED_UNIT ( * ) SI_UNIT ( $, .STERADIAN. ) SOLID_ANGLE_UNIT ( ) );
#6809 = DIRECTION ( 'NONE',  ( 0.0000000000000000000, 0.0000000000000000000, -1.000000000000000000 ) ) ;
#6810 = CARTESIAN_POINT ( 'NONE',  ( -0.04140360328527587647, 3.020000000000000018, -1.820725840425060360 ) ) ;
#6811 = DIRECTION ( 'NONE',  ( 0.0000000000000000000, 0.0000000000000000000, 1.000000000000000000 ) ) ;
#6812 = VERTEX_POINT ( 'NONE', #504 ) ;
#6813 = CARTESIAN_POINT ( 'NONE',  ( -3.600000000000000533, 0.0000000000000000000, -3.399999999999999911 ) ) ;
#6814 = AXIS2_PLACEMENT_3D ( 'NONE', #3413, #2930, #3000 ) ;
#6815 = CARTESIAN_POINT ( 'NONE',  ( -1.872625481476457798, 3.020000000000000462, -0.9110797281047692264 ) ) ;
#6816 = CARTESIAN_POINT ( 'NONE',  ( -1.523125921494410617, 3.020000000000000462, -1.820725840425060582 ) ) ;
#6817 = UNCERTAINTY_MEASURE_WITH_UNIT (LENGTH_MEASURE( 1.000000000000000082E-05 ), #2546, 'distance_accuracy_value', 'NONE');
#6818 = CARTESIAN_POINT ( 'NONE',  ( -0.3286323501930181190, 3.020000000000000462, -0.9152627620483099191 ) ) ;
#6819 = CARTESIAN_POINT ( 'NONE',  ( -1.512734878220719281, 3.020000000000000018, -1.736966025442937545 ) ) ;
#6820 = VERTEX_POINT ( 'NONE', #1094 ) ;
#6821 = CARTESIAN_POINT ( 'NONE',  ( -0.6029934545657694711, 3.020000000000000462, -1.741259688068000910 ) ) ;
#6822 = CARTESIAN_POINT ( 'NONE',  ( -1.610303193252563769, 3.019999999999999130, -1.454894656635153494 ) ) ;
#6823 = CARTESIAN_POINT ( 'NONE',  ( -0.1297940478921935925, 3.000000000000001332, -1.166914522465256621 ) ) ;
#6824 = CARTESIAN_POINT ( 'NONE',  ( 0.4065585620845507675, 3.020000000000000018, -1.042665932240428139 ) ) ;
#6825 = CARTESIAN_POINT ( 'NONE',  ( -0.7718737191161517686, 3.020000000000000018, -1.734136347404690914 ) ) ;
#6826 = SURFACE_SIDE_STYLE ('',( #4642 ) ) ;
#6827 = EDGE_CURVE ( 'NONE', #3210, #2848, #3874, .T. ) ;
#6828 = CARTESIAN_POINT ( 'NONE',  ( -2.253596037325286794, 3.020000000000000018, -1.734136347404690914 ) ) ;
#6829 = ORIENTED_EDGE ( 'NONE', *, *, #4635, .F. ) ;
#6830 = SURFACE_STYLE_USAGE ( .BOTH. , #5253 ) ;
#6831 =( LENGTH_UNIT ( ) NAMED_UNIT ( * ) SI_UNIT ( .MILLI., .METRE. ) );
#6832 = DIRECTION ( 'NONE',  ( -0.0000000000000000000, -1.000000000000000000, -0.0000000000000000000 ) ) ;
#6833 = CARTESIAN_POINT ( 'NONE',  ( -0.5539398078413312332, 3.000000000000000444, -0.9796307649470455958 ) ) ;
#6834 = ADVANCED_FACE ( 'NONE', ( #5970 ), #3265, .F. ) ;
#6835 = CARTESIAN_POINT ( 'NONE',  ( 2.240961661242421687, 3.020000000000000018, -0.7792486312254709446 ) ) ;
#6836 = ORIENTED_EDGE ( 'NONE', *, *, #6686, .F. ) ;
#6837 = CARTESIAN_POINT ( 'NONE',  ( -0.2372134454893294053, 3.020000000000000018, -1.610104445450003752 ) ) ;
#6838 = EDGE_LOOP ( 'NONE', ( #4515, #855, #934, #5706 ) ) ;
#6839 = PRESENTATION_STYLE_ASSIGNMENT (( #1464 ) ) ;
#6840 = ORIENTED_EDGE ( 'NONE', *, *, #6221, .T. ) ;
#6841 = CARTESIAN_POINT ( 'NONE',  ( 0.3913860562521925268, 3.020000000000000462, -0.7936815248060263839 ) ) ;
#6842 = DIRECTION ( 'NONE',  ( 0.0000000000000000000, 1.000000000000000000, 0.0000000000000000000 ) ) ;
#6843 = CARTESIAN_POINT ( 'NONE',  ( -0.4212872070475179309, 2.999999999999999556, -1.535350746615559370 ) ) ;
#6844 = CARTESIAN_POINT ( 'NONE',  ( -54.37906976069123033, 0.2000000000000000111, -19.21036380780025254 ) ) ;
#6845 = CARTESIAN_POINT ( 'NONE',  ( 0.0000000000000000000, 1.560000000000000275, 0.0000000000000000000 ) ) ;
#6846 = ORIENTED_EDGE ( 'NONE', *, *, #17, .F. ) ;
#6847 = DIRECTION ( 'NONE',  ( -0.0000000000000000000, -1.000000000000000000, -0.0000000000000000000 ) ) ;
#6848 = FILL_AREA_STYLE ('',( #1509 ) ) ;
#6849 = B_SPLINE_SURFACE_WITH_KNOTS ( 'NONE', 3, 1, ( 
 ( #6347, #4213 ),
 ( #3212, #7020 ),
 ( #1569, #3750 ),
 ( #1038, #4803 ),
 ( #5410, #3151 ),
 ( #4697, #6885 ),
 ( #5818, #1508 ),
 ( #906, #5270 ),
 ( #380, #6419 ),
 ( #3114, #5337 ),
 ( #447, #2614 ) ),
 .UNSPECIFIED., .F., .F., .F.,
 ( 4, 1, 1, 1, 1, 1, 1, 1, 4 ),
 ( 2, 2 ),
 ( 0.0000000000000000000, 0.1270458709708517930, 0.2477885837762612287, 0.3662718927430975158, 0.4861082949655097796, 0.6077316964575412150, 0.7322595708502630529, 0.8614728828879455458, 1.000000000000000000 ),
 ( 0.0000000000000000000, 1.000000000000000000 ),
 .UNSPECIFIED. ) ;
#6850 = CARTESIAN_POINT ( 'NONE',  ( -0.3310702372384929371, 3.000000000000000444, -1.908134922655279953 ) ) ;
#6851 = DIRECTION ( 'NONE',  ( -1.000000000000000000, 0.0000000000000000000, 0.0000000000000000000 ) ) ;
#6852 = AXIS2_PLACEMENT_3D ( 'NONE', #3165, #5354, #3543 ) ;
#6853 = DIRECTION ( 'NONE',  ( -0.0000000000000000000, -1.000000000000000000, -0.0000000000000000000 ) ) ;
#6854 = COLOUR_RGB ( '',1.000000000000000000, 1.000000000000000000, 1.000000000000000000 ) ;
#6855 = EDGE_CURVE ( 'NONE', #6369, #4604, #1558, .T. ) ;
#6856 = FILL_AREA_STYLE ('',( #6384 ) ) ;
#6857 = PLANE ( 'NONE',  #519 ) ;
#6858 = ORIENTED_EDGE ( 'NONE', *, *, #3761, .F. ) ;
#6859 = MECHANICAL_DESIGN_GEOMETRIC_PRESENTATION_REPRESENTATION (  '', ( #3531 ), #4431 ) ;
#6860 = CARTESIAN_POINT ( 'NONE',  ( -0.5041561178407896193, 3.019999999999999574, -1.888529696073000919 ) ) ;
#6861 = STYLED_ITEM ( 'NONE', ( #4338 ), #4157 ) ;
#6862 = CARTESIAN_POINT ( 'NONE',  ( -1.482794802351464325, 2.999999999999999556, -1.329034521154250026 ) ) ;
#6863 = DIRECTION ( 'NONE',  ( 1.000000000000000000, -0.0000000000000000000, -8.673617379884020681E-16 ) ) ;
#6864 = PRESENTATION_STYLE_ASSIGNMENT (( #2484 ) ) ;
#6865 = VECTOR ( 'NONE', #3208, 1000.000000000000000 ) ;
#6866 = CARTESIAN_POINT ( 'NONE',  ( -2.011436202916468297, 3.019999999999999130, -1.870314576606029622 ) ) ;
#6867 = PRESENTATION_LAYER_ASSIGNMENT (  '', '', ( #4211 ) ) ;
#6868 = CARTESIAN_POINT ( 'NONE',  ( 0.8246654449114056984, 3.020000000000000018, -1.196835763433007793 ) ) ;
#6869 = ORIENTED_EDGE ( 'NONE', *, *, #2058, .F. ) ;
#6870 = DIRECTION ( 'NONE',  ( 0.0000000000000000000, 0.0000000000000000000, 1.000000000000000000 ) ) ;
#6871 = VECTOR ( 'NONE', #5170, 1000.000000000000000 ) ;
#6872 = DIRECTION ( 'NONE',  ( -0.0000000000000000000, -1.000000000000000000, -0.0000000000000000000 ) ) ;
#6873 = ORIENTED_EDGE ( 'NONE', *, *, #1104, .F. ) ;
#6874 = STYLED_ITEM ( 'NONE', ( #903 ), #6275 ) ;
#6875 = PLANE ( 'NONE',  #843 ) ;
#6876 = ORIENTED_EDGE ( 'NONE', *, *, #2847, .T. ) ;
#6877 = CARTESIAN_POINT ( 'NONE',  ( -1.870560528329904271, 3.000000000000000444, -0.7627850499120361061 ) ) ;
#6878 = ORIENTED_EDGE ( 'NONE', *, *, #5041, .F. ) ;
#6879 = CARTESIAN_POINT ( 'NONE',  ( -0.07450910603163300727, 3.020000000000000462, -1.587794194115608626 ) ) ;
#6880 = CARTESIAN_POINT ( 'NONE',  ( -0.4899591212853738886, 3.019999999999998685, -0.9316458022749662948 ) ) ;
#6881 = CARTESIAN_POINT ( 'NONE',  ( 0.2324047410033726890, 3.020000000000000462, -1.139132228998835705 ) ) ;
#6882 =( GEOMETRIC_REPRESENTATION_CONTEXT ( 3 ) GLOBAL_UNCERTAINTY_ASSIGNED_CONTEXT ( ( #4217 ) ) GLOBAL_UNIT_ASSIGNED_CONTEXT ( ( #2791, #3849, #2138 ) ) REPRESENTATION_CONTEXT ( 'NONE', 'WORKASPACE' ) );
#6883 = CARTESIAN_POINT ( 'NONE',  ( 0.2324047410033726890, 3.020000000000000462, -1.139132228998835705 ) ) ;
#6884 = ORIENTED_EDGE ( 'NONE', *, *, #1189, .F. ) ;
#6885 = CARTESIAN_POINT ( 'NONE',  ( 0.4673404645652688427, 3.000000000000000444, -0.9450893914334836943 ) ) ;
#6886 = EDGE_CURVE ( 'NONE', #4008, #2613, #2883, .T. ) ;
#6887 = PLANE ( 'NONE',  #6732 ) ;
#6888 = CARTESIAN_POINT ( 'NONE',  ( -0.4668989511378464630, 3.020000000000000018, -1.391108073370061371 ) ) ;
#6889 = UNCERTAINTY_MEASURE_WITH_UNIT (LENGTH_MEASURE( 1.000000000000000082E-05 ), #1566, 'distance_accuracy_value', 'NONE');
#6890 = EDGE_CURVE ( 'NONE', #4770, #4952, #3651, .T. ) ;
#6891 = ORIENTED_EDGE ( 'NONE', *, *, #6981, .T. ) ;
#6892 = PRESENTATION_STYLE_ASSIGNMENT (( #4777 ) ) ;
#6893 = CARTESIAN_POINT ( 'NONE',  ( -0.3451941959339976940, 3.000000000000000444, -1.405323339558132156 ) ) ;
#6894 = CARTESIAN_POINT ( 'NONE',  ( 3.600000000000001865, 3.000000000000000000, 2.289999999999999147 ) ) ;
#6895 = CARTESIAN_POINT ( 'NONE',  ( -0.2061953549248518314, 3.000000000000000000, -1.482295002000742601 ) ) ;
#6896 = LINE ( 'NONE', #4672, #3201 ) ;
#6897 = CARTESIAN_POINT ( 'NONE',  ( 0.8192547693391107888, 3.020000000000000462, -1.121376640051062523 ) ) ;
#6898 = DIRECTION ( 'NONE',  ( 0.0000000000000000000, -0.0000000000000000000, 1.000000000000000000 ) ) ;
#6899 = ORIENTED_EDGE ( 'NONE', *, *, #3018, .F. ) ;
#6900 = FACE_OUTER_BOUND ( 'NONE', #4090, .T. ) ;
#6901 = CARTESIAN_POINT ( 'NONE',  ( -0.5049224012830606512, 3.020000000000000018, -0.7761373993735664056 ) ) ;
#6902 = MECHANICAL_DESIGN_GEOMETRIC_PRESENTATION_REPRESENTATION (  '', ( #1749 ), #2309 ) ;
#6903 = FACE_OUTER_BOUND ( 'NONE', #5872, .T. ) ;
#6904 = CLOSED_SHELL ( 'NONE', ( #4466, #6574, #4123, #3598, #2892, #3799, #4558, #5990, #4700, #2024, #6316, #5666 ) ) ;
#6905 = SURFACE_STYLE_FILL_AREA ( #396 ) ;
#6906 = ORIENTED_EDGE ( 'NONE', *, *, #5763, .F. ) ;
#6907 = AXIS2_PLACEMENT_3D ( 'NONE', #2836, #129, #1768 ) ;
#6908 = FACE_OUTER_BOUND ( 'NONE', #5329, .T. ) ;
#6909 = ORIENTED_EDGE ( 'NONE', *, *, #49, .T. ) ;
#6910 = LINE ( 'NONE', #3043, #1072 ) ;
#6911 = B_SPLINE_SURFACE_WITH_KNOTS ( 'NONE', 3, 1, ( 
 ( #4288, #4253 ),
 ( #6457, #5709 ),
 ( #238, #1223 ),
 ( #124, #1728 ),
 ( #1765, #4588 ),
 ( #6690, #202 ),
 ( #4430, #3358 ),
 ( #4545, #2325 ),
 ( #5602, #806 ),
 ( #3507, #3396 ),
 ( #3896, #5053 ),
 ( #657, #697 ),
 ( #1795, #6730 ),
 ( #2909, #6771 ),
 ( #1871, #5567 ),
 ( #1262, #163 ),
 ( #4042, #772 ),
 ( #3929, #3432 ),
 ( #5634, #4508 ) ),
 .UNSPECIFIED., .F., .F., .F.,
 ( 4, 1, 1, 1, 1, 1, 1, 1, 1, 1, 1, 1, 1, 1, 1, 1, 4 ),
 ( 2, 2 ),
 ( 0.0000000000000000000, 0.07103632301205813071, 0.1393433396034171046, 0.2049584727025960118, 0.2683315830770492960, 0.3301292609669971845, 0.3906639764805656667, 0.4508614486151502621, 0.5105872658343565407, 0.5703738539616980407, 0.6294550091547364001, 0.6879935230805729329, 0.7475809941037844242, 0.8078387614769664271, 0.8700340388224008237, 0.9338104563665488023, 1.000000000000000000 ),
 ( 0.0000000000000000000, 1.000000000000000000 ),
 .UNSPECIFIED. ) ;
#6912 = ORIENTED_EDGE ( 'NONE', *, *, #1564, .T. ) ;
#6913 =( NAMED_UNIT ( * ) PLANE_ANGLE_UNIT ( ) SI_UNIT ( $, .RADIAN. ) );
#6914 = CARTESIAN_POINT ( 'NONE',  ( -1.620602870220630098, 3.000000000000000000, -1.239604617066078607 ) ) ;
#6915 = VECTOR ( 'NONE', #148, 1000.000000000000000 ) ;
#6916 = CARTESIAN_POINT ( 'NONE',  ( -55.74906976069122777, 0.2000000000000000111, -19.21036380780025254 ) ) ;
#6917 = CARTESIAN_POINT ( 'NONE',  ( 0.2416655054921800772, 3.000000000000000000, -0.9914744840939667681 ) ) ;
#6918 = AXIS2_PLACEMENT_3D ( 'NONE', #509, #5936, #545 ) ;
#6919 = ORIENTED_EDGE ( 'NONE', *, *, #5122, .T. ) ;
#6920 = CARTESIAN_POINT ( 'NONE',  ( -55.74906976069122777, 0.2000000000000000111, -19.21036380780025254 ) ) ;
#6921 = PRESENTATION_LAYER_ASSIGNMENT (  '', '', ( #2915 ) ) ;
#6922 = CARTESIAN_POINT ( 'NONE',  ( -55.34906976069122919, 2.360000000000000320, -15.33036380780025354 ) ) ;
#6923 = EDGE_CURVE ( 'NONE', #2199, #5074, #3482, .T. ) ;
#6924 = CARTESIAN_POINT ( 'NONE',  ( -55.34906976069122919, 1.560000000000000275, -19.91036380780025539 ) ) ;
#6925 = CARTESIAN_POINT ( 'NONE',  ( -0.6215066947362412053, 3.020000000000000018, -1.131555125425880215 ) ) ;
#6926 = VECTOR ( 'NONE', #6741, 1000.000000000000114 ) ;
#6927 = ORIENTED_EDGE ( 'NONE', *, *, #5179, .T. ) ;
#6928 = CARTESIAN_POINT ( 'NONE',  ( -0.1463852926260599541, 3.000000000000000000, -1.261665224972226884 ) ) ;
#6929 = CARTESIAN_POINT ( 'NONE',  ( -1.741829563118048485, 3.019999999999999130, -0.7785085495972525749 ) ) ;
#6930 = DIRECTION ( 'NONE',  ( 0.0000000000000000000, 0.0000000000000000000, -1.000000000000000000 ) ) ;
#6931 = ADVANCED_FACE ( 'NONE', ( #3369 ), #4521, .F. ) ;
#6932 = B_SPLINE_CURVE_WITH_KNOTS ( 'NONE', 3,
 ( #6496, #3806, #5468, #569, #1631, #4406, #6030, #1131, #1701, #3236, #6468, #2747, #1559, #3875, #5543, #7006, #4926, #2097, #5971 ),
 .UNSPECIFIED., .F., .F.,
 ( 4, 1, 1, 1, 1, 1, 1, 1, 1, 1, 1, 1, 1, 1, 1, 1, 4 ),
 ( 0.0000000000000000000, 0.07103632301205817234, 0.1393433396034171323, 0.2049584727025961228, 0.2683315830770491850, 0.3301292609669972955, 0.3906639764805654447, 0.4508614486151500955, 0.5105872658343560966, 0.5703738539616981518, 0.6294550091547365112, 0.6879935230805727109, 0.7475809941037837580, 0.8078387614769656500, 0.8700340388224000465, 0.9338104563665483582, 1.000000000000000000 ),
 .UNSPECIFIED. ) ;
#6933 = COLOUR_RGB ( '',1.000000000000000000, 1.000000000000000000, 1.000000000000000000 ) ;
#6934 = CARTESIAN_POINT ( 'NONE',  ( -1.870560528329904271, 3.020000000000000018, -0.7627850499120361061 ) ) ;
#6935 = CARTESIAN_POINT ( 'NONE',  ( 0.8060998283484014371, 2.999999999999999556, -1.061782395318177752 ) ) ;
#6936 = EDGE_CURVE ( 'NONE', #4840, #11, #3569, .T. ) ;
#6937 = EDGE_LOOP ( 'NONE', ( #3608, #6498, #4171, #1906 ) ) ;
#6938 = CARTESIAN_POINT ( 'NONE',  ( -3.599999999999999645, 3.000000000000000000, 2.900000000000000355 ) ) ;
#6939 = CARTESIAN_POINT ( 'NONE',  ( -0.7128863044843075647, 3.019999999999999574, -0.9174277886334082366 ) ) ;
#6940 = CARTESIAN_POINT ( 'NONE',  ( -0.3941695845878935289, 3.020000000000000462, -1.405268571614175066 ) ) ;
#6941 = CARTESIAN_POINT ( 'NONE',  ( -0.4708375737257265436, 3.000000000000000000, -0.9242756092754111918 ) ) ;
#6942 =( LENGTH_UNIT ( ) NAMED_UNIT ( * ) SI_UNIT ( .MILLI., .METRE. ) );
#6943 = VERTEX_POINT ( 'NONE', #1806 ) ;
#6944 = EDGE_LOOP ( 'NONE', ( #168, #402, #3785, #4185, #261, #896, #795, #5408, #4199, #3842, #3076, #440, #1313, #1121, #2206, #6089, #6367 ) ) ;
#6945 = CARTESIAN_POINT ( 'NONE',  ( -1.989550546529374797, 3.020000000000001350, -0.9409544661237361218 ) ) ;
#6946 = SHAPE_REPRESENTATION ( 'IHPL_Body', ( #4922 ), #1498 ) ;
#6947 = VERTEX_POINT ( 'NONE', #94 ) ;
#6948 = CARTESIAN_POINT ( 'NONE',  ( -0.03101256001158438080, 3.020000000000000018, -1.736966025442937545 ) ) ;
#6949 = DIRECTION ( 'NONE',  ( 0.0000000000000000000, 1.000000000000000000, 0.0000000000000000000 ) ) ;
#6950 = FILL_AREA_STYLE_COLOUR ( '', #350 ) ;
#6951 = CARTESIAN_POINT ( 'NONE',  ( 0.2401640273592220987, 3.019999999999999574, -1.000376071160774982 ) ) ;
#6952 = EDGE_LOOP ( 'NONE', ( #97, #4310, #178, #2242, #6055, #1830 ) ) ;
#6953 = FACE_OUTER_BOUND ( 'NONE', #3705, .T. ) ;
#6954 = EDGE_CURVE ( 'NONE', #3495, #3317, #4480, .T. ) ;
#6955 = DIRECTION ( 'NONE',  ( -0.0000000000000000000, -1.000000000000000000, -0.0000000000000000000 ) ) ;
#6956 = CARTESIAN_POINT ( 'NONE',  ( -0.3781312270005268705, 3.000000000000000000, -1.405693478223774218 ) ) ;
#6957 = DIRECTION ( 'NONE',  ( -9.469014606860301471E-17, 0.0000000000000000000, 1.000000000000000000 ) ) ;
#6958 =( NAMED_UNIT ( * ) PLANE_ANGLE_UNIT ( ) SI_UNIT ( $, .RADIAN. ) );
#6959 = CARTESIAN_POINT ( 'NONE',  ( -0.6090886474356613789, 3.000000000000001776, -1.084993003504291842 ) ) ;
#6960 = EDGE_LOOP ( 'NONE', ( #6260, #4992, #5572, #2573 ) ) ;
#6961 = CARTESIAN_POINT ( 'NONE',  ( -0.1303643396706524182, 2.999999999999999556, -1.192037697719342315 ) ) ;
#6962 = CARTESIAN_POINT ( 'NONE',  ( -0.7883373004295866071, 3.020000000000000018, -1.124983838807602332 ) ) ;
#6963 = MECHANICAL_DESIGN_GEOMETRIC_PRESENTATION_REPRESENTATION (  '', ( #5712 ), #4806 ) ;
#6964 = VECTOR ( 'NONE', #6381, 1000.000000000000000 ) ;
#6965 = CARTESIAN_POINT ( 'NONE',  ( -0.6446069468154494997, 3.020000000000000906, -1.977621574351265066 ) ) ;
#6966 =( NAMED_UNIT ( * ) SI_UNIT ( $, .STERADIAN. ) SOLID_ANGLE_UNIT ( ) );
#6967 =( NAMED_UNIT ( * ) PLANE_ANGLE_UNIT ( ) SI_UNIT ( $, .RADIAN. ) );
#6968 = PRESENTATION_LAYER_ASSIGNMENT (  '', '', ( #6861 ) ) ;
#6969 = ORIENTED_EDGE ( 'NONE', *, *, #6807, .F. ) ;
#6970 = CARTESIAN_POINT ( 'NONE',  ( -1.921582972105196685, 3.000000000000000444, -1.534910053988282730 ) ) ;
#6971 = EDGE_CURVE ( 'NONE', #3042, #6371, #5085, .T. ) ;
#6972 = PLANE ( 'NONE',  #2490 ) ;
#6973 = SURFACE_STYLE_FILL_AREA ( #7004 ) ;
#6974 = VECTOR ( 'NONE', #790, 1000.000000000000000 ) ;
#6975 = CARTESIAN_POINT ( 'NONE',  ( -1.913262143559251838, 3.019999999999999574, -1.913661008579338407 ) ) ;
#6976 = EDGE_LOOP ( 'NONE', ( #516, #2647, #2937, #2982 ) ) ;
#6977 = CARTESIAN_POINT ( 'NONE',  ( 0.3593229839756680311, 3.020000000000000462, -0.8100630109221991226 ) ) ;
#6978 = EDGE_LOOP ( 'NONE', ( #2975, #6177, #1366, #6112 ) ) ;
#6979 = SURFACE_SIDE_STYLE ('',( #5362 ) ) ;
#6980 = VECTOR ( 'NONE', #3127, 1000.000000000000000 ) ;
#6981 = EDGE_CURVE ( 'NONE', #6676, #272, #3966, .T. ) ;
#6982 = FACE_OUTER_BOUND ( 'NONE', #3851, .T. ) ;
#6983 = CARTESIAN_POINT ( 'NONE',  ( -55.74906976069122777, 2.360000000000000320, -19.91036380780025539 ) ) ;
#6984 = CARTESIAN_POINT ( 'NONE',  ( -1.677730277028448125, 3.019999999999999130, -1.750851709550557578 ) ) ;
#6985 = EDGE_CURVE ( 'NONE', #1297, #5269, #4158, .T. ) ;
#6986 = VECTOR ( 'NONE', #2240, 1000.000000000000000 ) ;
#6987 = CARTESIAN_POINT ( 'NONE',  ( -1.649258750855719713, 3.000000000000000444, -1.996499328758882141 ) ) ;
#6988 = ORIENTED_EDGE ( 'NONE', *, *, #4704, .F. ) ;
#6989 = CARTESIAN_POINT ( 'NONE',  ( -55.74906976069122777, 2.360000000000000320, -15.33036380780025354 ) ) ;
#6990 = FACE_OUTER_BOUND ( 'NONE', #1568, .T. ) ;
#6991 = CARTESIAN_POINT ( 'NONE',  ( -0.3129341956115798684, 2.999999999999999556, -1.902367855215596704 ) ) ;
#6992 = CARTESIAN_POINT ( 'NONE',  ( -0.4770727162224594475, 2.999999999999999556, -1.388401139822559527 ) ) ;
#6993 = CARTESIAN_POINT ( 'NONE',  ( -1.733760391384790323, 3.019999999999999130, -1.595093122918747275 ) ) ;
#6994 = CARTESIAN_POINT ( 'NONE',  ( -0.4064818079579924359, 3.019999999999999574, -0.9113187227711542215 ) ) ;
#6995 = ORIENTED_EDGE ( 'NONE', *, *, #3469, .F. ) ;
#6996 = SURFACE_STYLE_USAGE ( .BOTH. , #6484 ) ;
#6997 =( NAMED_UNIT ( * ) PLANE_ANGLE_UNIT ( ) SI_UNIT ( $, .RADIAN. ) );
#6998 = CARTESIAN_POINT ( 'NONE',  ( -2.171541609723354416, 3.020000000000000018, -0.8892942258499481056 ) ) ;
#6999 = CARTESIAN_POINT ( 'NONE',  ( -1.901205798222122434, 3.020000000000000462, -1.401516807261640851 ) ) ;
#7000 = DIRECTION ( 'NONE',  ( 0.0000000000000000000, -0.0000000000000000000, -1.000000000000000000 ) ) ;
#7001 = CARTESIAN_POINT ( 'NONE',  ( -1.538750309973737407, 2.999999999999998224, -0.9092310487208882241 ) ) ;
#7002 = CARTESIAN_POINT ( 'NONE',  ( -0.4023188122627303076, 3.020000000000000018, -0.7630389696933730370 ) ) ;
#7003 = CARTESIAN_POINT ( 'NONE',  ( -55.74906976069122777, 0.2000000000000000111, -19.21036380780025254 ) ) ;
#7004 = FILL_AREA_STYLE ('',( #6464 ) ) ;
#7005 = EDGE_CURVE ( 'NONE', #2944, #942, #6896, .T. ) ;
#7006 = CARTESIAN_POINT ( 'NONE',  ( -1.948795384435676237, 3.020000000000000018, -2.058426746749671743 ) ) ;
#7007 = ORIENTED_EDGE ( 'NONE', *, *, #4813, .F. ) ;
#7008 = CARTESIAN_POINT ( 'NONE',  ( -0.5041561178407896193, 3.000000000000000444, -1.888529696073000919 ) ) ;
#7009 = STYLED_ITEM ( 'NONE', ( #2607 ), #589 ) ;
#7010 =( NAMED_UNIT ( * ) SI_UNIT ( $, .STERADIAN. ) SOLID_ANGLE_UNIT ( ) );
#7011 = PRESENTATION_STYLE_ASSIGNMENT (( #3145 ) ) ;
#7012 = CARTESIAN_POINT ( 'NONE',  ( -55.74906976069122777, 0.0000000000000000000, -19.21036380780025254 ) ) ;
#7013 = CARTESIAN_POINT ( 'NONE',  ( -3.400000000000000799, 0.0000000000000000000, 2.204848115474723740E-15 ) ) ;
#7014 = COLOUR_RGB ( '',1.000000000000000000, 1.000000000000000000, 1.000000000000000000 ) ;
#7015 = CARTESIAN_POINT ( 'NONE',  ( -1.861265235044257560, 3.000000000000000444, -2.062864638765018910 ) ) ;
#7016 = EDGE_CURVE ( 'NONE', #6632, #159, #3022, .T. ) ;
#7017 = EDGE_CURVE ( 'NONE', #5074, #942, #263, .T. ) ;
#7018 = EDGE_CURVE ( 'NONE', #2426, #5858, #4738, .T. ) ;
#7019 = VERTEX_POINT ( 'NONE', #2562 ) ;
#7020 = CARTESIAN_POINT ( 'NONE',  ( 0.4092917558352273666, 2.999999999999999556, -1.032843680903332340 ) ) ;
#7021 = VECTOR ( 'NONE', #5856, 1000.000000000000000 ) ;
#7022 = CARTESIAN_POINT ( 'NONE',  ( -3.100000000000000533, 3.000000000000000000, -2.899999999999999911 ) ) ;
#7023 = B_SPLINE_SURFACE_WITH_KNOTS ( 'NONE', 3, 1, ( 
 ( #6016, #2114 ),
 ( #3755, #7058 ),
 ( #3494, #44 ),
 ( #3855, #1818 ),
 ( #3534, #5772 ),
 ( #2799, #4574 ),
 ( #865, #3574 ) ),
 .UNSPECIFIED., .F., .F., .F.,
 ( 4, 1, 1, 1, 4 ),
 ( 2, 2 ),
 ( 0.0000000000000000000, 0.2094025526291386219, 0.4444010364151497749, 0.7082720668673807562, 0.9999999999999998890 ),
 ( 0.0000000000000000000, 1.000000000000000000 ),
 .UNSPECIFIED. ) ;
#7024 = CARTESIAN_POINT ( 'NONE',  ( -0.4194834800129875751, 3.000000000000000000, -1.401516807261640629 ) ) ;
#7025 = VECTOR ( 'NONE', #4285, 1000.000000000000000 ) ;
#7026 = SURFACE_STYLE_USAGE ( .BOTH. , #4910 ) ;
#7027 = DIRECTION ( 'NONE',  ( -0.0000000000000000000, -1.000000000000000000, -0.0000000000000000000 ) ) ;
#7028 = VERTEX_POINT ( 'NONE', #3629 ) ;
#7029 = CARTESIAN_POINT ( 'NONE',  ( -0.2081127356598356515, 3.000000000000000444, -2.020085302194129628 ) ) ;
#7030 = CARTESIAN_POINT ( 'NONE',  ( -0.05702799176460332520, 3.000000000000000444, -0.9092310487208885572 ) ) ;
#7031 = VECTOR ( 'NONE', #4450, 1000.000000000000000 ) ;
#7032 = CARTESIAN_POINT ( 'NONE',  ( 0.9897294814213749570, 3.020000000000000018, -1.717672766091256298 ) ) ;
#7033 = UNCERTAINTY_MEASURE_WITH_UNIT (LENGTH_MEASURE( 1.000000000000000082E-05 ), #4349, 'distance_accuracy_value', 'NONE');
#7034 = DIRECTION ( 'NONE',  ( 0.0000000000000000000, 0.0000000000000000000, -1.000000000000000000 ) ) ;
#7035 =( GEOMETRIC_REPRESENTATION_CONTEXT ( 3 ) GLOBAL_UNCERTAINTY_ASSIGNED_CONTEXT ( ( #4594 ) ) GLOBAL_UNIT_ASSIGNED_CONTEXT ( ( #465, #6401, #4091 ) ) REPRESENTATION_CONTEXT ( 'NONE', 'WORKASPACE' ) );
#7036 = PRESENTATION_STYLE_ASSIGNMENT (( #6461 ) ) ;
#7037 = PRESENTATION_STYLE_ASSIGNMENT (( #593 ) ) ;
#7038 = CARTESIAN_POINT ( 'NONE',  ( -55.34906976069122919, 2.360000000000000320, -19.91036380780025539 ) ) ;
#7039 = CARTESIAN_POINT ( 'NONE',  ( 1.253146782436332041, 3.020000000000000018, -0.7792486312254709446 ) ) ;
#7040 = FILL_AREA_STYLE_COLOUR ( '', #3175 ) ;
#7041 = PRESENTATION_LAYER_ASSIGNMENT (  '', '', ( #1204 ) ) ;
#7042 = EDGE_CURVE ( 'NONE', #4960, #3969, #4751, .T. ) ;
#7043 = CARTESIAN_POINT ( 'NONE',  ( -2.011436202916468297, 2.999999999999999112, -1.870314576606029622 ) ) ;
#7044 = CARTESIAN_POINT ( 'NONE',  ( -0.5041561178407896193, 2.999999999999999556, -1.888529696073000919 ) ) ;
#7045 = CARTESIAN_POINT ( 'NONE',  ( 0.02807456949150433784, 2.999999999999999112, -1.084716072172517531 ) ) ;
#7046 = VERTEX_POINT ( 'NONE', #2597 ) ;
#7047 = DIRECTION ( 'NONE',  ( 1.000000000000000000, 0.0000000000000000000, 0.0000000000000000000 ) ) ;
#7048 = CARTESIAN_POINT ( 'NONE',  ( -1.612002086069719731, 3.019999999999999574, -1.140488522024077689 ) ) ;
#7049 = DIRECTION ( 'NONE',  ( -6.195440985631453345E-16, -6.195440985631453345E-16, -1.000000000000000000 ) ) ;
#7050 = CARTESIAN_POINT ( 'NONE',  ( 0.5832863162782809807, 3.020000000000000462, -0.7641059103257876739 ) ) ;
#7051 = DIRECTION ( 'NONE',  ( 6.023345402697246719E-17, -0.0000000000000000000, 1.000000000000000000 ) ) ;
#7052 = CARTESIAN_POINT ( 'NONE',  ( 0.8250936682870266825, 3.000000000000000000, -1.224794300520300805 ) ) ;
#7053 = ORIENTED_EDGE ( 'NONE', *, *, #700, .F. ) ;
#7054 = CARTESIAN_POINT ( 'NONE',  ( -1.035291020131108963, 3.000000000000000000, -0.7792486312254709446 ) ) ;
#7055 = ADVANCED_FACE ( 'NONE', ( #2995 ), #1383, .F. ) ;
#7056 = DIRECTION ( 'NONE',  ( 0.0000000000000000000, 0.0000000000000000000, -1.000000000000000000 ) ) ;
#7057 = FACE_OUTER_BOUND ( 'NONE', #339, .T. ) ;
#7058 = CARTESIAN_POINT ( 'NONE',  ( -1.859853545209661840, 3.000000000000000000, -1.405693478223773996 ) ) ;
#7059 = CARTESIAN_POINT ( 'NONE',  ( -1.556231424240767547, 3.000000000000000000, -1.587794194115607960 ) ) ;
#7060 = CARTESIAN_POINT ( 'NONE',  ( -0.5397472235380863514, 3.000000000000001332, -0.9648386158327396656 ) ) ;
#7061 = VECTOR ( 'NONE', #3869, 1000.000000000000000 ) ;
#7062 = ORIENTED_EDGE ( 'NONE', *, *, #3404, .F. ) ;
#7063 = FACE_OUTER_BOUND ( 'NONE', #1377, .T. ) ;
#7064 = CARTESIAN_POINT ( 'NONE',  ( -0.1154764257551886553, 3.019999999999999130, -0.8518878056760208484 ) ) ;
#7065 = CARTESIAN_POINT ( 'NONE',  ( -1.884041130471864278, 3.000000000000000000, -0.7630389696933729260 ) ) ;
#7066 = ADVANCED_FACE ( 'NONE', ( #2055 ), #5760, .F. ) ;
#7067 = VECTOR ( 'NONE', #6698, 1000.000000000000000 ) ;
#7068 =( LENGTH_UNIT ( ) NAMED_UNIT ( * ) SI_UNIT ( .MILLI., .METRE. ) );
#7069 =( LENGTH_UNIT ( ) NAMED_UNIT ( * ) SI_UNIT ( .MILLI., .METRE. ) );
#7070 = LINE ( 'NONE', #2188, #1757 ) ;
#7071 = ORIENTED_EDGE ( 'NONE', *, *, #6612, .T. ) ;
#7072 = CARTESIAN_POINT ( 'NONE',  ( -1.447193898028675152, 2.999999999999999556, -1.151802878258184393 ) ) ;
#7073 = VECTOR ( 'NONE', #5473, 1000.000000000000000 ) ;
#7074 = FILL_AREA_STYLE_COLOUR ( '', #2250 ) ;
#7075 = LINE ( 'NONE', #1625, #2628 ) ;
#7076 = CARTESIAN_POINT ( 'NONE',  ( -2.006030402552109848, 3.020000000000000462, -0.9521007689923015604 ) ) ;
#7077 = STYLED_ITEM ( 'NONE', ( #5054 ), #5134 ) ;
#7078 = CARTESIAN_POINT ( 'NONE',  ( -2.087521423310182644, 3.020000000000000462, -1.725668353927710008 ) ) ;
#7079 = ORIENTED_EDGE ( 'NONE', *, *, #4986, .T. ) ;
#7080 = CARTESIAN_POINT ( 'NONE',  ( -0.7642743647563223774, 3.000000000000000000, -1.013085924912181968 ) ) ;
#7081 = LINE ( 'NONE', #3269, #3128 ) ;
#7082 = DIRECTION ( 'NONE',  ( -0.0000000000000000000, -1.000000000000000000, -0.0000000000000000000 ) ) ;
#7083 = SURFACE_SIDE_STYLE ('',( #3243 ) ) ;
#7084 = DIRECTION ( 'NONE',  ( 0.0000000000000000000, -0.0000000000000000000, -1.000000000000000000 ) ) ;
#7085 = NEXT_ASSEMBLY_USAGE_OCCURRENCE ( 'NAUO1', ' ', ' ', #1945, #5969, $ ) ;
#7086 = NEXT_ASSEMBLY_USAGE_OCCURRENCE ( 'NAUO2', ' ', ' ', #1945, #158, $ ) ;
#7087 = NEXT_ASSEMBLY_USAGE_OCCURRENCE ( 'NAUO3', ' ', ' ', #1945, #5235, $ ) ;
ENDSEC;
END-ISO-10303-21;
