ISO-10303-21;
HEADER;
FILE_DESCRIPTION(('FreeCAD Model'),'2;1');
FILE_NAME('Open CASCADE Shape Model','2024-06-27T16:51:38',(''),(''),
  'Open CASCADE STEP processor 7.6','FreeCAD','Unknown');
FILE_SCHEMA(('AUTOMOTIVE_DESIGN { 1 0 10303 214 1 1 1 1 }'));
ENDSEC;
DATA;
#1 = APPLICATION_PROTOCOL_DEFINITION('international standard',
  'automotive_design',2000,#2);
#2 = APPLICATION_CONTEXT(
  'core data for automotive mechanical design processes');
#3 = SHAPE_DEFINITION_REPRESENTATION(#4,#10);
#4 = PRODUCT_DEFINITION_SHAPE('','',#5);
#5 = PRODUCT_DEFINITION('design','',#6,#9);
#6 = PRODUCT_DEFINITION_FORMATION('','',#7);
#7 = PRODUCT('pls-3','pls-3','',(#8));
#8 = PRODUCT_CONTEXT('',#2,'mechanical');
#9 = PRODUCT_DEFINITION_CONTEXT('part definition',#2,'design');
#10 = SHAPE_REPRESENTATION('',(#11,#15,#19,#23,#27),#31);
#11 = AXIS2_PLACEMENT_3D('',#12,#13,#14);
#12 = CARTESIAN_POINT('',(0.,0.,0.));
#13 = DIRECTION('',(0.,0.,1.));
#14 = DIRECTION('',(1.,0.,-0.));
#15 = AXIS2_PLACEMENT_3D('',#16,#17,#18);
#16 = CARTESIAN_POINT('',(0.,0.,2.5));
#17 = DIRECTION('',(0.,0.,1.));
#18 = DIRECTION('',(1.,0.,0.));
#19 = AXIS2_PLACEMENT_3D('',#20,#21,#22);
#20 = CARTESIAN_POINT('',(-16.51,0.,0.));
#21 = DIRECTION('',(0.,0.,1.));
#22 = DIRECTION('',(1.,0.,0.));
#23 = AXIS2_PLACEMENT_3D('',#24,#25,#26);
#24 = CARTESIAN_POINT('',(-13.97,0.,0.));
#25 = DIRECTION('',(0.,0.,1.));
#26 = DIRECTION('',(1.,0.,0.));
#27 = AXIS2_PLACEMENT_3D('',#28,#29,#30);
#28 = CARTESIAN_POINT('',(-11.43,0.,0.));
#29 = DIRECTION('',(0.,0.,1.));
#30 = DIRECTION('',(1.,0.,0.));
#31 = ( GEOMETRIC_REPRESENTATION_CONTEXT(3) 
GLOBAL_UNCERTAINTY_ASSIGNED_CONTEXT((#35)) GLOBAL_UNIT_ASSIGNED_CONTEXT(
(#32,#33,#34)) REPRESENTATION_CONTEXT('Context #1',
  '3D Context with UNIT and UNCERTAINTY') );
#32 = ( LENGTH_UNIT() NAMED_UNIT(*) SI_UNIT(.MILLI.,.METRE.) );
#33 = ( NAMED_UNIT(*) PLANE_ANGLE_UNIT() SI_UNIT($,.RADIAN.) );
#34 = ( NAMED_UNIT(*) SI_UNIT($,.STERADIAN.) SOLID_ANGLE_UNIT() );
#35 = UNCERTAINTY_MEASURE_WITH_UNIT(LENGTH_MEASURE(1.E-07),#32,
  'distance_accuracy_value','confusion accuracy');
#36 = PRODUCT_RELATED_PRODUCT_CATEGORY('part',$,(#7));
#37 = SHAPE_DEFINITION_REPRESENTATION(#38,#44);
#38 = PRODUCT_DEFINITION_SHAPE('','',#39);
#39 = PRODUCT_DEFINITION('design','',#40,#43);
#40 = PRODUCT_DEFINITION_FORMATION('','',#41);
#41 = PRODUCT('Frame','Frame','',(#42));
#42 = PRODUCT_CONTEXT('',#2,'mechanical');
#43 = PRODUCT_DEFINITION_CONTEXT('part definition',#2,'design');
#44 = ADVANCED_BREP_SHAPE_REPRESENTATION('',(#11,#45),#1905);
#45 = MANIFOLD_SOLID_BREP('',#46);
#46 = CLOSED_SHELL('',(#47,#103,#364,#388,#412,#436,#526,#543,#576,#611,
    #667,#691,#747,#795,#819,#859,#883,#923,#947,#995,#1051,#1075,#1131,
    #1178,#1195,#1217,#1234,#1251,#1263,#1294,#1318,#1342,#1359,#1390,
    #1414,#1438,#1455,#1472,#1489,#1501,#1520,#1537,#1554,#1591,#1603,
    #1657,#1669,#1686,#1703,#1767,#1784,#1801,#1813,#1830,#1847,#1859,
    #1876,#1893));
#47 = ADVANCED_FACE('',(#48),#98,.T.);
#48 = FACE_BOUND('',#49,.T.);
#49 = EDGE_LOOP('',(#50,#60,#68,#76,#84,#92));
#50 = ORIENTED_EDGE('',*,*,#51,.F.);
#51 = EDGE_CURVE('',#52,#54,#56,.T.);
#52 = VERTEX_POINT('',#53);
#53 = CARTESIAN_POINT('',(-17.75,0.951952,0.7));
#54 = VERTEX_POINT('',#55);
#55 = CARTESIAN_POINT('',(-17.706952,0.995,0.7));
#56 = LINE('',#57,#58);
#57 = CARTESIAN_POINT('',(-17.046571125,1.655380875,0.7));
#58 = VECTOR('',#59,1.);
#59 = DIRECTION('',(0.707106781187,0.707106781187,0.));
#60 = ORIENTED_EDGE('',*,*,#61,.T.);
#61 = EDGE_CURVE('',#52,#62,#64,.T.);
#62 = VERTEX_POINT('',#63);
#63 = CARTESIAN_POINT('',(-17.75,0.951952,2.5));
#64 = LINE('',#65,#66);
#65 = CARTESIAN_POINT('',(-17.75,0.951952,0.));
#66 = VECTOR('',#67,1.);
#67 = DIRECTION('',(0.,0.,1.));
#68 = ORIENTED_EDGE('',*,*,#69,.T.);
#69 = EDGE_CURVE('',#62,#70,#72,.T.);
#70 = VERTEX_POINT('',#71);
#71 = CARTESIAN_POINT('',(-17.5,1.201952,2.5));
#72 = LINE('',#73,#74);
#73 = CARTESIAN_POINT('',(-17.75,0.951952,2.5));
#74 = VECTOR('',#75,1.);
#75 = DIRECTION('',(0.707106781187,0.707106781187,0.));
#76 = ORIENTED_EDGE('',*,*,#77,.F.);
#77 = EDGE_CURVE('',#78,#70,#80,.T.);
#78 = VERTEX_POINT('',#79);
#79 = CARTESIAN_POINT('',(-17.5,1.201952,0.));
#80 = LINE('',#81,#82);
#81 = CARTESIAN_POINT('',(-17.5,1.201952,0.));
#82 = VECTOR('',#83,1.);
#83 = DIRECTION('',(0.,0.,1.));
#84 = ORIENTED_EDGE('',*,*,#85,.F.);
#85 = EDGE_CURVE('',#86,#78,#88,.T.);
#86 = VERTEX_POINT('',#87);
#87 = CARTESIAN_POINT('',(-17.706952,0.995,0.));
#88 = LINE('',#89,#90);
#89 = CARTESIAN_POINT('',(-17.75,0.951952,0.));
#90 = VECTOR('',#91,1.);
#91 = DIRECTION('',(0.707106781187,0.707106781187,0.));
#92 = ORIENTED_EDGE('',*,*,#93,.T.);
#93 = EDGE_CURVE('',#86,#54,#94,.T.);
#94 = LINE('',#95,#96);
#95 = CARTESIAN_POINT('',(-17.706952,0.995,0.));
#96 = VECTOR('',#97,1.);
#97 = DIRECTION('',(0.,0.,1.));
#98 = PLANE('',#99);
#99 = AXIS2_PLACEMENT_3D('',#100,#101,#102);
#100 = CARTESIAN_POINT('',(-17.75,0.951952,0.));
#101 = DIRECTION('',(-0.707106781187,0.707106781187,0.));
#102 = DIRECTION('',(0.707106781187,0.707106781187,0.));
#103 = ADVANCED_FACE('',(#104,#257,#291,#325),#359,.F.);
#104 = FACE_BOUND('',#105,.F.);
#105 = EDGE_LOOP('',(#106,#116,#124,#132,#140,#148,#156,#164,#172,#180,
    #188,#196,#204,#212,#220,#228,#236,#244,#250,#251));
#106 = ORIENTED_EDGE('',*,*,#107,.T.);
#107 = EDGE_CURVE('',#108,#110,#112,.T.);
#108 = VERTEX_POINT('',#109);
#109 = CARTESIAN_POINT('',(-17.75,-0.951952,0.7));
#110 = VERTEX_POINT('',#111);
#111 = CARTESIAN_POINT('',(-17.706952,-0.995,0.7));
#112 = LINE('',#113,#114);
#113 = CARTESIAN_POINT('',(-17.046571125,-1.655380875,0.7));
#114 = VECTOR('',#115,1.);
#115 = DIRECTION('',(0.707106781187,-0.707106781187,0.));
#116 = ORIENTED_EDGE('',*,*,#117,.T.);
#117 = EDGE_CURVE('',#110,#118,#120,.T.);
#118 = VERTEX_POINT('',#119);
#119 = CARTESIAN_POINT('',(-15.28465136216,-0.995,0.7));
#120 = LINE('',#121,#122);
#121 = CARTESIAN_POINT('',(-18.018314,-0.995,0.7));
#122 = VECTOR('',#123,1.);
#123 = DIRECTION('',(1.,0.,0.));
#124 = ORIENTED_EDGE('',*,*,#125,.T.);
#125 = EDGE_CURVE('',#118,#126,#128,.T.);
#126 = VERTEX_POINT('',#127);
#127 = CARTESIAN_POINT('',(-15.24,-0.95,0.7));
#128 = LINE('',#129,#130);
#129 = CARTESIAN_POINT('',(-14.81603180257,-0.522721458886,0.7));
#130 = VECTOR('',#131,1.);
#131 = DIRECTION('',(0.704351645668,0.709851223317,0.));
#132 = ORIENTED_EDGE('',*,*,#133,.T.);
#133 = EDGE_CURVE('',#126,#134,#136,.T.);
#134 = VERTEX_POINT('',#135);
#135 = CARTESIAN_POINT('',(-15.195,-0.995,0.7));
#136 = LINE('',#137,#138);
#137 = CARTESIAN_POINT('',(-15.163583125,-1.026416875,0.7));
#138 = VECTOR('',#139,1.);
#139 = DIRECTION('',(0.707106781187,-0.707106781187,0.));
#140 = ORIENTED_EDGE('',*,*,#141,.T.);
#141 = EDGE_CURVE('',#134,#142,#144,.T.);
#142 = VERTEX_POINT('',#143);
#143 = CARTESIAN_POINT('',(-12.745,-0.995,0.7));
#144 = LINE('',#145,#146);
#145 = CARTESIAN_POINT('',(-18.018314,-0.995,0.7));
#146 = VECTOR('',#147,1.);
#147 = DIRECTION('',(1.,0.,0.));
#148 = ORIENTED_EDGE('',*,*,#149,.T.);
#149 = EDGE_CURVE('',#142,#150,#152,.T.);
#150 = VERTEX_POINT('',#151);
#151 = CARTESIAN_POINT('',(-12.7,-0.95,0.7));
#152 = LINE('',#153,#154);
#153 = CARTESIAN_POINT('',(-12.908583125,-1.158583125,0.7));
#154 = VECTOR('',#155,1.);
#155 = DIRECTION('',(0.707106781187,0.707106781187,0.));
#156 = ORIENTED_EDGE('',*,*,#157,.T.);
#157 = EDGE_CURVE('',#150,#158,#160,.T.);
#158 = VERTEX_POINT('',#159);
#159 = CARTESIAN_POINT('',(-12.655,-0.995,0.7));
#160 = LINE('',#161,#162);
#161 = CARTESIAN_POINT('',(-13.258583125,-0.391416875,0.7));
#162 = VECTOR('',#163,1.);
#163 = DIRECTION('',(0.707106781187,-0.707106781187,0.));
#164 = ORIENTED_EDGE('',*,*,#165,.T.);
#165 = EDGE_CURVE('',#158,#166,#168,.T.);
#166 = VERTEX_POINT('',#167);
#167 = CARTESIAN_POINT('',(-10.205,-0.995,0.7));
#168 = LINE('',#169,#170);
#169 = CARTESIAN_POINT('',(-18.018314,-0.995,0.7));
#170 = VECTOR('',#171,1.);
#171 = DIRECTION('',(1.,0.,0.));
#172 = ORIENTED_EDGE('',*,*,#173,.T.);
#173 = EDGE_CURVE('',#166,#174,#176,.T.);
#174 = VERTEX_POINT('',#175);
#175 = CARTESIAN_POINT('',(-10.16,-0.95,0.7));
#176 = LINE('',#177,#178);
#177 = CARTESIAN_POINT('',(-11.003583125,-1.793583125,0.7));
#178 = VECTOR('',#179,1.);
#179 = DIRECTION('',(0.707106781187,0.707106781187,0.));
#180 = ORIENTED_EDGE('',*,*,#181,.F.);
#181 = EDGE_CURVE('',#182,#174,#184,.T.);
#182 = VERTEX_POINT('',#183);
#183 = CARTESIAN_POINT('',(-10.16,0.95,0.7));
#184 = LINE('',#185,#186);
#185 = CARTESIAN_POINT('',(-10.16,0.475,0.7));
#186 = VECTOR('',#187,1.);
#187 = DIRECTION('',(0.,-1.,0.));
#188 = ORIENTED_EDGE('',*,*,#189,.F.);
#189 = EDGE_CURVE('',#190,#182,#192,.T.);
#190 = VERTEX_POINT('',#191);
#191 = CARTESIAN_POINT('',(-10.205,0.995,0.7));
#192 = LINE('',#193,#194);
#193 = CARTESIAN_POINT('',(-11.003583125,1.793583125,0.7));
#194 = VECTOR('',#195,1.);
#195 = DIRECTION('',(0.707106781187,-0.707106781187,0.));
#196 = ORIENTED_EDGE('',*,*,#197,.T.);
#197 = EDGE_CURVE('',#190,#198,#200,.T.);
#198 = VERTEX_POINT('',#199);
#199 = CARTESIAN_POINT('',(-12.655,0.995,0.7));
#200 = LINE('',#201,#202);
#201 = CARTESIAN_POINT('',(-9.950351,0.995,0.7));
#202 = VECTOR('',#203,1.);
#203 = DIRECTION('',(-1.,0.,0.));
#204 = ORIENTED_EDGE('',*,*,#205,.F.);
#205 = EDGE_CURVE('',#206,#198,#208,.T.);
#206 = VERTEX_POINT('',#207);
#207 = CARTESIAN_POINT('',(-12.7,0.95,0.7));
#208 = LINE('',#209,#210);
#209 = CARTESIAN_POINT('',(-13.258583125,0.391416875,0.7));
#210 = VECTOR('',#211,1.);
#211 = DIRECTION('',(0.707106781187,0.707106781187,0.));
#212 = ORIENTED_EDGE('',*,*,#213,.F.);
#213 = EDGE_CURVE('',#214,#206,#216,.T.);
#214 = VERTEX_POINT('',#215);
#215 = CARTESIAN_POINT('',(-12.745,0.995,0.7));
#216 = LINE('',#217,#218);
#217 = CARTESIAN_POINT('',(-12.908583125,1.158583125,0.7));
#218 = VECTOR('',#219,1.);
#219 = DIRECTION('',(0.707106781187,-0.707106781187,0.));
#220 = ORIENTED_EDGE('',*,*,#221,.T.);
#221 = EDGE_CURVE('',#214,#222,#224,.T.);
#222 = VERTEX_POINT('',#223);
#223 = CARTESIAN_POINT('',(-15.195,0.995,0.7));
#224 = LINE('',#225,#226);
#225 = CARTESIAN_POINT('',(-9.950351,0.995,0.7));
#226 = VECTOR('',#227,1.);
#227 = DIRECTION('',(-1.,0.,0.));
#228 = ORIENTED_EDGE('',*,*,#229,.F.);
#229 = EDGE_CURVE('',#230,#222,#232,.T.);
#230 = VERTEX_POINT('',#231);
#231 = CARTESIAN_POINT('',(-15.24,0.95,0.7));
#232 = LINE('',#233,#234);
#233 = CARTESIAN_POINT('',(-15.163583125,1.026416875,0.7));
#234 = VECTOR('',#235,1.);
#235 = DIRECTION('',(0.707106781187,0.707106781187,0.));
#236 = ORIENTED_EDGE('',*,*,#237,.F.);
#237 = EDGE_CURVE('',#238,#230,#240,.T.);
#238 = VERTEX_POINT('',#239);
#239 = CARTESIAN_POINT('',(-15.28465136216,0.995,0.7));
#240 = LINE('',#241,#242);
#241 = CARTESIAN_POINT('',(-14.81603180257,0.522721458886,0.7));
#242 = VECTOR('',#243,1.);
#243 = DIRECTION('',(0.704351645668,-0.709851223317,0.));
#244 = ORIENTED_EDGE('',*,*,#245,.T.);
#245 = EDGE_CURVE('',#238,#54,#246,.T.);
#246 = LINE('',#247,#248);
#247 = CARTESIAN_POINT('',(-9.950351,0.995,0.7));
#248 = VECTOR('',#249,1.);
#249 = DIRECTION('',(-1.,0.,0.));
#250 = ORIENTED_EDGE('',*,*,#51,.F.);
#251 = ORIENTED_EDGE('',*,*,#252,.T.);
#252 = EDGE_CURVE('',#52,#108,#253,.T.);
#253 = LINE('',#254,#255);
#254 = CARTESIAN_POINT('',(-17.75,0.475976,0.7));
#255 = VECTOR('',#256,1.);
#256 = DIRECTION('',(0.,-1.,0.));
#257 = FACE_BOUND('',#258,.F.);
#258 = EDGE_LOOP('',(#259,#269,#277,#285));
#259 = ORIENTED_EDGE('',*,*,#260,.F.);
#260 = EDGE_CURVE('',#261,#263,#265,.T.);
#261 = VERTEX_POINT('',#262);
#262 = CARTESIAN_POINT('',(-16.835,0.325,0.7));
#263 = VERTEX_POINT('',#264);
#264 = CARTESIAN_POINT('',(-16.835,-0.325,0.7));
#265 = LINE('',#266,#267);
#266 = CARTESIAN_POINT('',(-16.835,0.1625,0.7));
#267 = VECTOR('',#268,1.);
#268 = DIRECTION('',(0.,-1.,0.));
#269 = ORIENTED_EDGE('',*,*,#270,.F.);
#270 = EDGE_CURVE('',#271,#261,#273,.T.);
#271 = VERTEX_POINT('',#272);
#272 = CARTESIAN_POINT('',(-16.185,0.325,0.7));
#273 = LINE('',#274,#275);
#274 = CARTESIAN_POINT('',(-15.08466625,0.325,0.7));
#275 = VECTOR('',#276,1.);
#276 = DIRECTION('',(-1.,0.,0.));
#277 = ORIENTED_EDGE('',*,*,#278,.F.);
#278 = EDGE_CURVE('',#279,#271,#281,.T.);
#279 = VERTEX_POINT('',#280);
#280 = CARTESIAN_POINT('',(-16.185,-0.325,0.7));
#281 = LINE('',#282,#283);
#282 = CARTESIAN_POINT('',(-16.185,-0.1625,0.7));
#283 = VECTOR('',#284,1.);
#284 = DIRECTION('',(0.,1.,0.));
#285 = ORIENTED_EDGE('',*,*,#286,.F.);
#286 = EDGE_CURVE('',#263,#279,#287,.T.);
#287 = LINE('',#288,#289);
#288 = CARTESIAN_POINT('',(-15.40966625,-0.325,0.7));
#289 = VECTOR('',#290,1.);
#290 = DIRECTION('',(1.,0.,0.));
#291 = FACE_BOUND('',#292,.F.);
#292 = EDGE_LOOP('',(#293,#303,#311,#319));
#293 = ORIENTED_EDGE('',*,*,#294,.F.);
#294 = EDGE_CURVE('',#295,#297,#299,.T.);
#295 = VERTEX_POINT('',#296);
#296 = CARTESIAN_POINT('',(-14.295,0.325,0.7));
#297 = VERTEX_POINT('',#298);
#298 = CARTESIAN_POINT('',(-14.295,-0.325,0.7));
#299 = LINE('',#300,#301);
#300 = CARTESIAN_POINT('',(-14.295,0.1625,0.7));
#301 = VECTOR('',#302,1.);
#302 = DIRECTION('',(0.,-1.,0.));
#303 = ORIENTED_EDGE('',*,*,#304,.F.);
#304 = EDGE_CURVE('',#305,#295,#307,.T.);
#305 = VERTEX_POINT('',#306);
#306 = CARTESIAN_POINT('',(-13.645,0.325,0.7));
#307 = LINE('',#308,#309);
#308 = CARTESIAN_POINT('',(-13.81466625,0.325,0.7));
#309 = VECTOR('',#310,1.);
#310 = DIRECTION('',(-1.,0.,0.));
#311 = ORIENTED_EDGE('',*,*,#312,.F.);
#312 = EDGE_CURVE('',#313,#305,#315,.T.);
#313 = VERTEX_POINT('',#314);
#314 = CARTESIAN_POINT('',(-13.645,-0.325,0.7));
#315 = LINE('',#316,#317);
#316 = CARTESIAN_POINT('',(-13.645,-0.1625,0.7));
#317 = VECTOR('',#318,1.);
#318 = DIRECTION('',(0.,1.,0.));
#319 = ORIENTED_EDGE('',*,*,#320,.F.);
#320 = EDGE_CURVE('',#297,#313,#321,.T.);
#321 = LINE('',#322,#323);
#322 = CARTESIAN_POINT('',(-14.13966625,-0.325,0.7));
#323 = VECTOR('',#324,1.);
#324 = DIRECTION('',(1.,0.,0.));
#325 = FACE_BOUND('',#326,.F.);
#326 = EDGE_LOOP('',(#327,#337,#345,#353));
#327 = ORIENTED_EDGE('',*,*,#328,.F.);
#328 = EDGE_CURVE('',#329,#331,#333,.T.);
#329 = VERTEX_POINT('',#330);
#330 = CARTESIAN_POINT('',(-11.755,0.325,0.7));
#331 = VERTEX_POINT('',#332);
#332 = CARTESIAN_POINT('',(-11.755,-0.325,0.7));
#333 = LINE('',#334,#335);
#334 = CARTESIAN_POINT('',(-11.755,0.1625,0.7));
#335 = VECTOR('',#336,1.);
#336 = DIRECTION('',(0.,-1.,0.));
#337 = ORIENTED_EDGE('',*,*,#338,.F.);
#338 = EDGE_CURVE('',#339,#329,#341,.T.);
#339 = VERTEX_POINT('',#340);
#340 = CARTESIAN_POINT('',(-11.105,0.325,0.7));
#341 = LINE('',#342,#343);
#342 = CARTESIAN_POINT('',(-12.54466625,0.325,0.7));
#343 = VECTOR('',#344,1.);
#344 = DIRECTION('',(-1.,0.,0.));
#345 = ORIENTED_EDGE('',*,*,#346,.F.);
#346 = EDGE_CURVE('',#347,#339,#349,.T.);
#347 = VERTEX_POINT('',#348);
#348 = CARTESIAN_POINT('',(-11.105,-0.325,0.7));
#349 = LINE('',#350,#351);
#350 = CARTESIAN_POINT('',(-11.105,-0.1625,0.7));
#351 = VECTOR('',#352,1.);
#352 = DIRECTION('',(0.,1.,0.));
#353 = ORIENTED_EDGE('',*,*,#354,.F.);
#354 = EDGE_CURVE('',#331,#347,#355,.T.);
#355 = LINE('',#356,#357);
#356 = CARTESIAN_POINT('',(-12.86966625,-0.325,0.7));
#357 = VECTOR('',#358,1.);
#358 = DIRECTION('',(1.,0.,0.));
#359 = PLANE('',#360);
#360 = AXIS2_PLACEMENT_3D('',#361,#362,#363);
#361 = CARTESIAN_POINT('',(-13.9843325,0.,0.7));
#362 = DIRECTION('',(0.,0.,1.));
#363 = DIRECTION('',(1.,0.,0.));
#364 = ADVANCED_FACE('',(#365),#383,.T.);
#365 = FACE_BOUND('',#366,.T.);
#366 = EDGE_LOOP('',(#367,#375,#381,#382));
#367 = ORIENTED_EDGE('',*,*,#368,.F.);
#368 = EDGE_CURVE('',#369,#86,#371,.T.);
#369 = VERTEX_POINT('',#370);
#370 = CARTESIAN_POINT('',(-15.28465136216,0.995,0.));
#371 = LINE('',#372,#373);
#372 = CARTESIAN_POINT('',(-9.950351,0.995,0.));
#373 = VECTOR('',#374,1.);
#374 = DIRECTION('',(-1.,0.,0.));
#375 = ORIENTED_EDGE('',*,*,#376,.F.);
#376 = EDGE_CURVE('',#238,#369,#377,.T.);
#377 = LINE('',#378,#379);
#378 = CARTESIAN_POINT('',(-15.28465136216,0.995,0.));
#379 = VECTOR('',#380,1.);
#380 = DIRECTION('',(0.,0.,-1.));
#381 = ORIENTED_EDGE('',*,*,#245,.T.);
#382 = ORIENTED_EDGE('',*,*,#93,.F.);
#383 = PLANE('',#384);
#384 = AXIS2_PLACEMENT_3D('',#385,#386,#387);
#385 = CARTESIAN_POINT('',(-9.950351,0.995,0.));
#386 = DIRECTION('',(0.,-1.,0.));
#387 = DIRECTION('',(-1.,0.,0.));
#388 = ADVANCED_FACE('',(#389),#407,.F.);
#389 = FACE_BOUND('',#390,.F.);
#390 = EDGE_LOOP('',(#391,#392,#393,#401));
#391 = ORIENTED_EDGE('',*,*,#85,.F.);
#392 = ORIENTED_EDGE('',*,*,#368,.F.);
#393 = ORIENTED_EDGE('',*,*,#394,.F.);
#394 = EDGE_CURVE('',#395,#369,#397,.T.);
#395 = VERTEX_POINT('',#396);
#396 = CARTESIAN_POINT('',(-15.49,1.201952,0.));
#397 = LINE('',#398,#399);
#398 = CARTESIAN_POINT('',(-15.49,1.201952,0.));
#399 = VECTOR('',#400,1.);
#400 = DIRECTION('',(0.704351645668,-0.709851223317,0.));
#401 = ORIENTED_EDGE('',*,*,#402,.F.);
#402 = EDGE_CURVE('',#78,#395,#403,.T.);
#403 = LINE('',#404,#405);
#404 = CARTESIAN_POINT('',(-17.5,1.201952,0.));
#405 = VECTOR('',#406,1.);
#406 = DIRECTION('',(1.,0.,0.));
#407 = PLANE('',#408);
#408 = AXIS2_PLACEMENT_3D('',#409,#410,#411);
#409 = CARTESIAN_POINT('',(-13.96028525391,-2.2E-16,0.));
#410 = DIRECTION('',(0.,0.,1.));
#411 = DIRECTION('',(1.,0.,0.));
#412 = ADVANCED_FACE('',(#413),#431,.T.);
#413 = FACE_BOUND('',#414,.T.);
#414 = EDGE_LOOP('',(#415,#416,#424,#430));
#415 = ORIENTED_EDGE('',*,*,#77,.T.);
#416 = ORIENTED_EDGE('',*,*,#417,.T.);
#417 = EDGE_CURVE('',#70,#418,#420,.T.);
#418 = VERTEX_POINT('',#419);
#419 = CARTESIAN_POINT('',(-15.49,1.201952,2.5));
#420 = LINE('',#421,#422);
#421 = CARTESIAN_POINT('',(-17.5,1.201952,2.5));
#422 = VECTOR('',#423,1.);
#423 = DIRECTION('',(1.,0.,0.));
#424 = ORIENTED_EDGE('',*,*,#425,.F.);
#425 = EDGE_CURVE('',#395,#418,#426,.T.);
#426 = LINE('',#427,#428);
#427 = CARTESIAN_POINT('',(-15.49,1.201952,0.));
#428 = VECTOR('',#429,1.);
#429 = DIRECTION('',(0.,0.,1.));
#430 = ORIENTED_EDGE('',*,*,#402,.F.);
#431 = PLANE('',#432);
#432 = AXIS2_PLACEMENT_3D('',#433,#434,#435);
#433 = CARTESIAN_POINT('',(-17.5,1.201952,0.));
#434 = DIRECTION('',(0.,1.,0.));
#435 = DIRECTION('',(1.,0.,0.));
#436 = ADVANCED_FACE('',(#437,#487),#521,.T.);
#437 = FACE_BOUND('',#438,.T.);
#438 = EDGE_LOOP('',(#439,#440,#448,#456,#464,#472,#480,#486));
#439 = ORIENTED_EDGE('',*,*,#69,.F.);
#440 = ORIENTED_EDGE('',*,*,#441,.T.);
#441 = EDGE_CURVE('',#62,#442,#444,.T.);
#442 = VERTEX_POINT('',#443);
#443 = CARTESIAN_POINT('',(-17.75,-0.951952,2.5));
#444 = LINE('',#445,#446);
#445 = CARTESIAN_POINT('',(-17.75,0.951952,2.5));
#446 = VECTOR('',#447,1.);
#447 = DIRECTION('',(0.,-1.,0.));
#448 = ORIENTED_EDGE('',*,*,#449,.T.);
#449 = EDGE_CURVE('',#442,#450,#452,.T.);
#450 = VERTEX_POINT('',#451);
#451 = CARTESIAN_POINT('',(-17.5,-1.201952,2.5));
#452 = LINE('',#453,#454);
#453 = CARTESIAN_POINT('',(-17.75,-0.951952,2.5));
#454 = VECTOR('',#455,1.);
#455 = DIRECTION('',(0.707106781187,-0.707106781187,0.));
#456 = ORIENTED_EDGE('',*,*,#457,.T.);
#457 = EDGE_CURVE('',#450,#458,#460,.T.);
#458 = VERTEX_POINT('',#459);
#459 = CARTESIAN_POINT('',(-15.49,-1.201952,2.5));
#460 = LINE('',#461,#462);
#461 = CARTESIAN_POINT('',(-17.5,-1.201952,2.5));
#462 = VECTOR('',#463,1.);
#463 = DIRECTION('',(1.,0.,0.));
#464 = ORIENTED_EDGE('',*,*,#465,.T.);
#465 = EDGE_CURVE('',#458,#466,#468,.T.);
#466 = VERTEX_POINT('',#467);
#467 = CARTESIAN_POINT('',(-15.26,-0.97015616,2.5));
#468 = LINE('',#469,#470);
#469 = CARTESIAN_POINT('',(-15.49,-1.201952,2.5));
#470 = VECTOR('',#471,1.);
#471 = DIRECTION('',(0.704351645668,0.709851223317,0.));
#472 = ORIENTED_EDGE('',*,*,#473,.T.);
#473 = EDGE_CURVE('',#466,#474,#476,.T.);
#474 = VERTEX_POINT('',#475);
#475 = CARTESIAN_POINT('',(-15.26,0.97015616,2.5));
#476 = LINE('',#477,#478);
#477 = CARTESIAN_POINT('',(-15.26,-0.97015616,2.5));
#478 = VECTOR('',#479,1.);
#479 = DIRECTION('',(0.,1.,0.));
#480 = ORIENTED_EDGE('',*,*,#481,.F.);
#481 = EDGE_CURVE('',#418,#474,#482,.T.);
#482 = LINE('',#483,#484);
#483 = CARTESIAN_POINT('',(-15.49,1.201952,2.5));
#484 = VECTOR('',#485,1.);
#485 = DIRECTION('',(0.704351645668,-0.709851223317,0.));
#486 = ORIENTED_EDGE('',*,*,#417,.F.);
#487 = FACE_BOUND('',#488,.T.);
#488 = EDGE_LOOP('',(#489,#499,#507,#515));
#489 = ORIENTED_EDGE('',*,*,#490,.F.);
#490 = EDGE_CURVE('',#491,#493,#495,.T.);
#491 = VERTEX_POINT('',#492);
#492 = CARTESIAN_POINT('',(-16.835,0.325,2.5));
#493 = VERTEX_POINT('',#494);
#494 = CARTESIAN_POINT('',(-16.835,-0.325,2.5));
#495 = LINE('',#496,#497);
#496 = CARTESIAN_POINT('',(-16.835,0.325,2.5));
#497 = VECTOR('',#498,1.);
#498 = DIRECTION('',(0.,-1.,0.));
#499 = ORIENTED_EDGE('',*,*,#500,.F.);
#500 = EDGE_CURVE('',#501,#491,#503,.T.);
#501 = VERTEX_POINT('',#502);
#502 = CARTESIAN_POINT('',(-16.185,0.325,2.5));
#503 = LINE('',#504,#505);
#504 = CARTESIAN_POINT('',(-16.185,0.325,2.5));
#505 = VECTOR('',#506,1.);
#506 = DIRECTION('',(-1.,0.,0.));
#507 = ORIENTED_EDGE('',*,*,#508,.F.);
#508 = EDGE_CURVE('',#509,#501,#511,.T.);
#509 = VERTEX_POINT('',#510);
#510 = CARTESIAN_POINT('',(-16.185,-0.325,2.5));
#511 = LINE('',#512,#513);
#512 = CARTESIAN_POINT('',(-16.185,-0.325,2.5));
#513 = VECTOR('',#514,1.);
#514 = DIRECTION('',(0.,1.,0.));
#515 = ORIENTED_EDGE('',*,*,#516,.F.);
#516 = EDGE_CURVE('',#493,#509,#517,.T.);
#517 = LINE('',#518,#519);
#518 = CARTESIAN_POINT('',(-16.835,-0.325,2.5));
#519 = VECTOR('',#520,1.);
#520 = DIRECTION('',(1.,0.,0.));
#521 = PLANE('',#522);
#522 = AXIS2_PLACEMENT_3D('',#523,#524,#525);
#523 = CARTESIAN_POINT('',(-13.96028525391,-2.2E-16,2.5));
#524 = DIRECTION('',(0.,0.,1.));
#525 = DIRECTION('',(1.,0.,0.));
#526 = ADVANCED_FACE('',(#527),#538,.F.);
#527 = FACE_BOUND('',#528,.F.);
#528 = EDGE_LOOP('',(#529,#530,#531,#532));
#529 = ORIENTED_EDGE('',*,*,#252,.F.);
#530 = ORIENTED_EDGE('',*,*,#61,.T.);
#531 = ORIENTED_EDGE('',*,*,#441,.T.);
#532 = ORIENTED_EDGE('',*,*,#533,.F.);
#533 = EDGE_CURVE('',#108,#442,#534,.T.);
#534 = LINE('',#535,#536);
#535 = CARTESIAN_POINT('',(-17.75,-0.951952,0.));
#536 = VECTOR('',#537,1.);
#537 = DIRECTION('',(0.,0.,1.));
#538 = PLANE('',#539);
#539 = AXIS2_PLACEMENT_3D('',#540,#541,#542);
#540 = CARTESIAN_POINT('',(-17.75,0.951952,0.));
#541 = DIRECTION('',(1.,0.,0.));
#542 = DIRECTION('',(0.,-1.,0.));
#543 = ADVANCED_FACE('',(#544),#571,.F.);
#544 = FACE_BOUND('',#545,.F.);
#545 = EDGE_LOOP('',(#546,#547,#548,#549,#557,#565));
#546 = ORIENTED_EDGE('',*,*,#107,.F.);
#547 = ORIENTED_EDGE('',*,*,#533,.T.);
#548 = ORIENTED_EDGE('',*,*,#449,.T.);
#549 = ORIENTED_EDGE('',*,*,#550,.F.);
#550 = EDGE_CURVE('',#551,#450,#553,.T.);
#551 = VERTEX_POINT('',#552);
#552 = CARTESIAN_POINT('',(-17.5,-1.201952,0.));
#553 = LINE('',#554,#555);
#554 = CARTESIAN_POINT('',(-17.5,-1.201952,0.));
#555 = VECTOR('',#556,1.);
#556 = DIRECTION('',(0.,0.,1.));
#557 = ORIENTED_EDGE('',*,*,#558,.F.);
#558 = EDGE_CURVE('',#559,#551,#561,.T.);
#559 = VERTEX_POINT('',#560);
#560 = CARTESIAN_POINT('',(-17.706952,-0.995,0.));
#561 = LINE('',#562,#563);
#562 = CARTESIAN_POINT('',(-17.75,-0.951952,0.));
#563 = VECTOR('',#564,1.);
#564 = DIRECTION('',(0.707106781187,-0.707106781187,0.));
#565 = ORIENTED_EDGE('',*,*,#566,.T.);
#566 = EDGE_CURVE('',#559,#110,#567,.T.);
#567 = LINE('',#568,#569);
#568 = CARTESIAN_POINT('',(-17.706952,-0.995,0.));
#569 = VECTOR('',#570,1.);
#570 = DIRECTION('',(0.,0.,1.));
#571 = PLANE('',#572);
#572 = AXIS2_PLACEMENT_3D('',#573,#574,#575);
#573 = CARTESIAN_POINT('',(-17.75,-0.951952,0.));
#574 = DIRECTION('',(0.707106781187,0.707106781187,0.));
#575 = DIRECTION('',(0.707106781187,-0.707106781187,0.));
#576 = ADVANCED_FACE('',(#577),#606,.T.);
#577 = FACE_BOUND('',#578,.T.);
#578 = EDGE_LOOP('',(#579,#580,#581,#582,#590,#598,#604,#605));
#579 = ORIENTED_EDGE('',*,*,#394,.F.);
#580 = ORIENTED_EDGE('',*,*,#425,.T.);
#581 = ORIENTED_EDGE('',*,*,#481,.T.);
#582 = ORIENTED_EDGE('',*,*,#583,.T.);
#583 = EDGE_CURVE('',#474,#584,#586,.T.);
#584 = VERTEX_POINT('',#585);
#585 = CARTESIAN_POINT('',(-15.26,0.97015616,2.4));
#586 = LINE('',#587,#588);
#587 = CARTESIAN_POINT('',(-15.26,0.97015616,2.5));
#588 = VECTOR('',#589,1.);
#589 = DIRECTION('',(-0.,-0.,-1.));
#590 = ORIENTED_EDGE('',*,*,#591,.F.);
#591 = EDGE_CURVE('',#592,#584,#594,.T.);
#592 = VERTEX_POINT('',#593);
#593 = CARTESIAN_POINT('',(-15.24,0.95,2.4));
#594 = LINE('',#595,#596);
#595 = CARTESIAN_POINT('',(-15.24,0.95,2.4));
#596 = VECTOR('',#597,1.);
#597 = DIRECTION('',(-0.704351645668,0.709851223317,0.));
#598 = ORIENTED_EDGE('',*,*,#599,.F.);
#599 = EDGE_CURVE('',#230,#592,#600,.T.);
#600 = LINE('',#601,#602);
#601 = CARTESIAN_POINT('',(-15.24,0.95,0.));
#602 = VECTOR('',#603,1.);
#603 = DIRECTION('',(0.,0.,1.));
#604 = ORIENTED_EDGE('',*,*,#237,.F.);
#605 = ORIENTED_EDGE('',*,*,#376,.T.);
#606 = PLANE('',#607);
#607 = AXIS2_PLACEMENT_3D('',#608,#609,#610);
#608 = CARTESIAN_POINT('',(-15.49,1.201952,0.));
#609 = DIRECTION('',(0.709851223317,0.704351645668,0.));
#610 = DIRECTION('',(0.704351645668,-0.709851223317,0.));
#611 = ADVANCED_FACE('',(#612),#662,.T.);
#612 = FACE_BOUND('',#613,.T.);
#613 = EDGE_LOOP('',(#614,#624,#630,#631,#632,#640,#648,#656));
#614 = ORIENTED_EDGE('',*,*,#615,.F.);
#615 = EDGE_CURVE('',#616,#618,#620,.T.);
#616 = VERTEX_POINT('',#617);
#617 = CARTESIAN_POINT('',(-15.195,0.995,0.));
#618 = VERTEX_POINT('',#619);
#619 = CARTESIAN_POINT('',(-14.99,1.2,0.));
#620 = LINE('',#621,#622);
#621 = CARTESIAN_POINT('',(-15.24,0.95,0.));
#622 = VECTOR('',#623,1.);
#623 = DIRECTION('',(0.707106781187,0.707106781187,0.));
#624 = ORIENTED_EDGE('',*,*,#625,.T.);
#625 = EDGE_CURVE('',#616,#222,#626,.T.);
#626 = LINE('',#627,#628);
#627 = CARTESIAN_POINT('',(-15.195,0.995,0.));
#628 = VECTOR('',#629,1.);
#629 = DIRECTION('',(0.,0.,1.));
#630 = ORIENTED_EDGE('',*,*,#229,.F.);
#631 = ORIENTED_EDGE('',*,*,#599,.T.);
#632 = ORIENTED_EDGE('',*,*,#633,.T.);
#633 = EDGE_CURVE('',#592,#634,#636,.T.);
#634 = VERTEX_POINT('',#635);
#635 = CARTESIAN_POINT('',(-15.21992176818,0.970078231819,2.4));
#636 = LINE('',#637,#638);
#637 = CARTESIAN_POINT('',(-15.24,0.95,2.4));
#638 = VECTOR('',#639,1.);
#639 = DIRECTION('',(0.707106781186,0.707106781187,0.));
#640 = ORIENTED_EDGE('',*,*,#641,.F.);
#641 = EDGE_CURVE('',#642,#634,#644,.T.);
#642 = VERTEX_POINT('',#643);
#643 = CARTESIAN_POINT('',(-15.21992176818,0.970078231819,2.5));
#644 = LINE('',#645,#646);
#645 = CARTESIAN_POINT('',(-15.21992176818,0.970078231819,2.5));
#646 = VECTOR('',#647,1.);
#647 = DIRECTION('',(-0.,-0.,-1.));
#648 = ORIENTED_EDGE('',*,*,#649,.T.);
#649 = EDGE_CURVE('',#642,#650,#652,.T.);
#650 = VERTEX_POINT('',#651);
#651 = CARTESIAN_POINT('',(-14.99,1.2,2.5));
#652 = LINE('',#653,#654);
#653 = CARTESIAN_POINT('',(-15.24,0.95,2.5));
#654 = VECTOR('',#655,1.);
#655 = DIRECTION('',(0.707106781187,0.707106781187,0.));
#656 = ORIENTED_EDGE('',*,*,#657,.F.);
#657 = EDGE_CURVE('',#618,#650,#658,.T.);
#658 = LINE('',#659,#660);
#659 = CARTESIAN_POINT('',(-14.99,1.2,0.));
#660 = VECTOR('',#661,1.);
#661 = DIRECTION('',(0.,0.,1.));
#662 = PLANE('',#663);
#663 = AXIS2_PLACEMENT_3D('',#664,#665,#666);
#664 = CARTESIAN_POINT('',(-15.24,0.95,0.));
#665 = DIRECTION('',(-0.707106781187,0.707106781187,0.));
#666 = DIRECTION('',(0.707106781187,0.707106781187,0.));
#667 = ADVANCED_FACE('',(#668),#686,.T.);
#668 = FACE_BOUND('',#669,.T.);
#669 = EDGE_LOOP('',(#670,#678,#684,#685));
#670 = ORIENTED_EDGE('',*,*,#671,.F.);
#671 = EDGE_CURVE('',#672,#616,#674,.T.);
#672 = VERTEX_POINT('',#673);
#673 = CARTESIAN_POINT('',(-12.745,0.995,0.));
#674 = LINE('',#675,#676);
#675 = CARTESIAN_POINT('',(-9.950351,0.995,0.));
#676 = VECTOR('',#677,1.);
#677 = DIRECTION('',(-1.,0.,0.));
#678 = ORIENTED_EDGE('',*,*,#679,.F.);
#679 = EDGE_CURVE('',#214,#672,#680,.T.);
#680 = LINE('',#681,#682);
#681 = CARTESIAN_POINT('',(-12.745,0.995,0.));
#682 = VECTOR('',#683,1.);
#683 = DIRECTION('',(0.,0.,-1.));
#684 = ORIENTED_EDGE('',*,*,#221,.T.);
#685 = ORIENTED_EDGE('',*,*,#625,.F.);
#686 = PLANE('',#687);
#687 = AXIS2_PLACEMENT_3D('',#688,#689,#690);
#688 = CARTESIAN_POINT('',(-9.950351,0.995,0.));
#689 = DIRECTION('',(0.,-1.,0.));
#690 = DIRECTION('',(-1.,0.,0.));
#691 = ADVANCED_FACE('',(#692),#742,.T.);
#692 = FACE_BOUND('',#693,.T.);
#693 = EDGE_LOOP('',(#694,#702,#710,#718,#726,#734,#740,#741));
#694 = ORIENTED_EDGE('',*,*,#695,.F.);
#695 = EDGE_CURVE('',#696,#672,#698,.T.);
#696 = VERTEX_POINT('',#697);
#697 = CARTESIAN_POINT('',(-12.95,1.2,0.));
#698 = LINE('',#699,#700);
#699 = CARTESIAN_POINT('',(-12.95,1.2,0.));
#700 = VECTOR('',#701,1.);
#701 = DIRECTION('',(0.707106781187,-0.707106781187,0.));
#702 = ORIENTED_EDGE('',*,*,#703,.T.);
#703 = EDGE_CURVE('',#696,#704,#706,.T.);
#704 = VERTEX_POINT('',#705);
#705 = CARTESIAN_POINT('',(-12.95,1.2,2.5));
#706 = LINE('',#707,#708);
#707 = CARTESIAN_POINT('',(-12.95,1.2,0.));
#708 = VECTOR('',#709,1.);
#709 = DIRECTION('',(0.,0.,1.));
#710 = ORIENTED_EDGE('',*,*,#711,.T.);
#711 = EDGE_CURVE('',#704,#712,#714,.T.);
#712 = VERTEX_POINT('',#713);
#713 = CARTESIAN_POINT('',(-12.719999,0.969999,2.5));
#714 = LINE('',#715,#716);
#715 = CARTESIAN_POINT('',(-12.95,1.2,2.5));
#716 = VECTOR('',#717,1.);
#717 = DIRECTION('',(0.707106781187,-0.707106781187,0.));
#718 = ORIENTED_EDGE('',*,*,#719,.T.);
#719 = EDGE_CURVE('',#712,#720,#722,.T.);
#720 = VERTEX_POINT('',#721);
#721 = CARTESIAN_POINT('',(-12.719999,0.969999,2.4));
#722 = LINE('',#723,#724);
#723 = CARTESIAN_POINT('',(-12.719999,0.969999,1.25));
#724 = VECTOR('',#725,1.);
#725 = DIRECTION('',(0.,0.,-1.));
#726 = ORIENTED_EDGE('',*,*,#727,.T.);
#727 = EDGE_CURVE('',#720,#728,#730,.T.);
#728 = VERTEX_POINT('',#729);
#729 = CARTESIAN_POINT('',(-12.69999974888,0.950000251118,2.4));
#730 = LINE('',#731,#732);
#731 = CARTESIAN_POINT('',(-12.90499043055,1.154990430558,2.4));
#732 = VECTOR('',#733,1.);
#733 = DIRECTION('',(0.707106781187,-0.707106781187,0.));
#734 = ORIENTED_EDGE('',*,*,#735,.F.);
#735 = EDGE_CURVE('',#206,#728,#736,.T.);
#736 = LINE('',#737,#738);
#737 = CARTESIAN_POINT('',(-12.7,0.95,0.));
#738 = VECTOR('',#739,1.);
#739 = DIRECTION('',(0.,0.,1.));
#740 = ORIENTED_EDGE('',*,*,#213,.F.);
#741 = ORIENTED_EDGE('',*,*,#679,.T.);
#742 = PLANE('',#743);
#743 = AXIS2_PLACEMENT_3D('',#744,#745,#746);
#744 = CARTESIAN_POINT('',(-12.95,1.2,0.));
#745 = DIRECTION('',(0.707106781187,0.707106781187,0.));
#746 = DIRECTION('',(0.707106781187,-0.707106781187,0.));
#747 = ADVANCED_FACE('',(#748),#790,.T.);
#748 = FACE_BOUND('',#749,.T.);
#749 = EDGE_LOOP('',(#750,#760,#766,#767,#768,#776,#784));
#750 = ORIENTED_EDGE('',*,*,#751,.F.);
#751 = EDGE_CURVE('',#752,#754,#756,.T.);
#752 = VERTEX_POINT('',#753);
#753 = CARTESIAN_POINT('',(-12.655,0.995,0.));
#754 = VERTEX_POINT('',#755);
#755 = CARTESIAN_POINT('',(-12.45,1.2,0.));
#756 = LINE('',#757,#758);
#757 = CARTESIAN_POINT('',(-12.7,0.95,0.));
#758 = VECTOR('',#759,1.);
#759 = DIRECTION('',(0.707106781187,0.707106781187,0.));
#760 = ORIENTED_EDGE('',*,*,#761,.T.);
#761 = EDGE_CURVE('',#752,#198,#762,.T.);
#762 = LINE('',#763,#764);
#763 = CARTESIAN_POINT('',(-12.655,0.995,0.));
#764 = VECTOR('',#765,1.);
#765 = DIRECTION('',(0.,0.,1.));
#766 = ORIENTED_EDGE('',*,*,#205,.F.);
#767 = ORIENTED_EDGE('',*,*,#735,.T.);
#768 = ORIENTED_EDGE('',*,*,#769,.F.);
#769 = EDGE_CURVE('',#770,#728,#772,.T.);
#770 = VERTEX_POINT('',#771);
#771 = CARTESIAN_POINT('',(-12.69999949805,0.950000501944,2.5));
#772 = LINE('',#773,#774);
#773 = CARTESIAN_POINT('',(-12.69999949805,0.950000501944,1.25));
#774 = VECTOR('',#775,1.);
#775 = DIRECTION('',(0.,0.,-1.));
#776 = ORIENTED_EDGE('',*,*,#777,.T.);
#777 = EDGE_CURVE('',#770,#778,#780,.T.);
#778 = VERTEX_POINT('',#779);
#779 = CARTESIAN_POINT('',(-12.45,1.2,2.5));
#780 = LINE('',#781,#782);
#781 = CARTESIAN_POINT('',(-12.7,0.95,2.5));
#782 = VECTOR('',#783,1.);
#783 = DIRECTION('',(0.707106781187,0.707106781187,0.));
#784 = ORIENTED_EDGE('',*,*,#785,.F.);
#785 = EDGE_CURVE('',#754,#778,#786,.T.);
#786 = LINE('',#787,#788);
#787 = CARTESIAN_POINT('',(-12.45,1.2,0.));
#788 = VECTOR('',#789,1.);
#789 = DIRECTION('',(0.,0.,1.));
#790 = PLANE('',#791);
#791 = AXIS2_PLACEMENT_3D('',#792,#793,#794);
#792 = CARTESIAN_POINT('',(-12.7,0.95,0.));
#793 = DIRECTION('',(-0.707106781187,0.707106781187,0.));
#794 = DIRECTION('',(0.707106781187,0.707106781187,0.));
#795 = ADVANCED_FACE('',(#796),#814,.T.);
#796 = FACE_BOUND('',#797,.T.);
#797 = EDGE_LOOP('',(#798,#806,#812,#813));
#798 = ORIENTED_EDGE('',*,*,#799,.F.);
#799 = EDGE_CURVE('',#800,#752,#802,.T.);
#800 = VERTEX_POINT('',#801);
#801 = CARTESIAN_POINT('',(-10.205,0.995,0.));
#802 = LINE('',#803,#804);
#803 = CARTESIAN_POINT('',(-9.950351,0.995,0.));
#804 = VECTOR('',#805,1.);
#805 = DIRECTION('',(-1.,0.,0.));
#806 = ORIENTED_EDGE('',*,*,#807,.F.);
#807 = EDGE_CURVE('',#190,#800,#808,.T.);
#808 = LINE('',#809,#810);
#809 = CARTESIAN_POINT('',(-10.205,0.995,0.));
#810 = VECTOR('',#811,1.);
#811 = DIRECTION('',(0.,0.,-1.));
#812 = ORIENTED_EDGE('',*,*,#197,.T.);
#813 = ORIENTED_EDGE('',*,*,#761,.F.);
#814 = PLANE('',#815);
#815 = AXIS2_PLACEMENT_3D('',#816,#817,#818);
#816 = CARTESIAN_POINT('',(-9.950351,0.995,0.));
#817 = DIRECTION('',(0.,-1.,0.));
#818 = DIRECTION('',(-1.,0.,0.));
#819 = ADVANCED_FACE('',(#820),#854,.T.);
#820 = FACE_BOUND('',#821,.T.);
#821 = EDGE_LOOP('',(#822,#830,#838,#846,#852,#853));
#822 = ORIENTED_EDGE('',*,*,#823,.F.);
#823 = EDGE_CURVE('',#824,#800,#826,.T.);
#824 = VERTEX_POINT('',#825);
#825 = CARTESIAN_POINT('',(-10.41,1.2,0.));
#826 = LINE('',#827,#828);
#827 = CARTESIAN_POINT('',(-10.41,1.2,0.));
#828 = VECTOR('',#829,1.);
#829 = DIRECTION('',(0.707106781187,-0.707106781187,0.));
#830 = ORIENTED_EDGE('',*,*,#831,.T.);
#831 = EDGE_CURVE('',#824,#832,#834,.T.);
#832 = VERTEX_POINT('',#833);
#833 = CARTESIAN_POINT('',(-10.41,1.2,2.5));
#834 = LINE('',#835,#836);
#835 = CARTESIAN_POINT('',(-10.41,1.2,0.));
#836 = VECTOR('',#837,1.);
#837 = DIRECTION('',(0.,0.,1.));
#838 = ORIENTED_EDGE('',*,*,#839,.T.);
#839 = EDGE_CURVE('',#832,#840,#842,.T.);
#840 = VERTEX_POINT('',#841);
#841 = CARTESIAN_POINT('',(-10.16,0.95,2.5));
#842 = LINE('',#843,#844);
#843 = CARTESIAN_POINT('',(-10.41,1.2,2.5));
#844 = VECTOR('',#845,1.);
#845 = DIRECTION('',(0.707106781187,-0.707106781187,0.));
#846 = ORIENTED_EDGE('',*,*,#847,.F.);
#847 = EDGE_CURVE('',#182,#840,#848,.T.);
#848 = LINE('',#849,#850);
#849 = CARTESIAN_POINT('',(-10.16,0.95,0.));
#850 = VECTOR('',#851,1.);
#851 = DIRECTION('',(0.,0.,1.));
#852 = ORIENTED_EDGE('',*,*,#189,.F.);
#853 = ORIENTED_EDGE('',*,*,#807,.T.);
#854 = PLANE('',#855);
#855 = AXIS2_PLACEMENT_3D('',#856,#857,#858);
#856 = CARTESIAN_POINT('',(-10.41,1.2,0.));
#857 = DIRECTION('',(0.707106781187,0.707106781187,0.));
#858 = DIRECTION('',(0.707106781187,-0.707106781187,0.));
#859 = ADVANCED_FACE('',(#860),#878,.T.);
#860 = FACE_BOUND('',#861,.T.);
#861 = EDGE_LOOP('',(#862,#863,#864,#872));
#862 = ORIENTED_EDGE('',*,*,#181,.F.);
#863 = ORIENTED_EDGE('',*,*,#847,.T.);
#864 = ORIENTED_EDGE('',*,*,#865,.T.);
#865 = EDGE_CURVE('',#840,#866,#868,.T.);
#866 = VERTEX_POINT('',#867);
#867 = CARTESIAN_POINT('',(-10.16,-0.95,2.5));
#868 = LINE('',#869,#870);
#869 = CARTESIAN_POINT('',(-10.16,0.95,2.5));
#870 = VECTOR('',#871,1.);
#871 = DIRECTION('',(0.,-1.,0.));
#872 = ORIENTED_EDGE('',*,*,#873,.F.);
#873 = EDGE_CURVE('',#174,#866,#874,.T.);
#874 = LINE('',#875,#876);
#875 = CARTESIAN_POINT('',(-10.16,-0.95,0.));
#876 = VECTOR('',#877,1.);
#877 = DIRECTION('',(0.,0.,1.));
#878 = PLANE('',#879);
#879 = AXIS2_PLACEMENT_3D('',#880,#881,#882);
#880 = CARTESIAN_POINT('',(-10.16,0.95,0.));
#881 = DIRECTION('',(1.,0.,0.));
#882 = DIRECTION('',(0.,-1.,0.));
#883 = ADVANCED_FACE('',(#884),#918,.F.);
#884 = FACE_BOUND('',#885,.F.);
#885 = EDGE_LOOP('',(#886,#896,#904,#910,#911,#912));
#886 = ORIENTED_EDGE('',*,*,#887,.F.);
#887 = EDGE_CURVE('',#888,#890,#892,.T.);
#888 = VERTEX_POINT('',#889);
#889 = CARTESIAN_POINT('',(-10.41,-1.2,0.));
#890 = VERTEX_POINT('',#891);
#891 = CARTESIAN_POINT('',(-10.205,-0.995,0.));
#892 = LINE('',#893,#894);
#893 = CARTESIAN_POINT('',(-10.41,-1.2,0.));
#894 = VECTOR('',#895,1.);
#895 = DIRECTION('',(0.707106781187,0.707106781187,0.));
#896 = ORIENTED_EDGE('',*,*,#897,.T.);
#897 = EDGE_CURVE('',#888,#898,#900,.T.);
#898 = VERTEX_POINT('',#899);
#899 = CARTESIAN_POINT('',(-10.41,-1.2,2.5));
#900 = LINE('',#901,#902);
#901 = CARTESIAN_POINT('',(-10.41,-1.2,0.));
#902 = VECTOR('',#903,1.);
#903 = DIRECTION('',(0.,0.,1.));
#904 = ORIENTED_EDGE('',*,*,#905,.T.);
#905 = EDGE_CURVE('',#898,#866,#906,.T.);
#906 = LINE('',#907,#908);
#907 = CARTESIAN_POINT('',(-10.41,-1.2,2.5));
#908 = VECTOR('',#909,1.);
#909 = DIRECTION('',(0.707106781187,0.707106781187,0.));
#910 = ORIENTED_EDGE('',*,*,#873,.F.);
#911 = ORIENTED_EDGE('',*,*,#173,.F.);
#912 = ORIENTED_EDGE('',*,*,#913,.T.);
#913 = EDGE_CURVE('',#166,#890,#914,.T.);
#914 = LINE('',#915,#916);
#915 = CARTESIAN_POINT('',(-10.205,-0.995,0.));
#916 = VECTOR('',#917,1.);
#917 = DIRECTION('',(0.,0.,-1.));
#918 = PLANE('',#919);
#919 = AXIS2_PLACEMENT_3D('',#920,#921,#922);
#920 = CARTESIAN_POINT('',(-10.41,-1.2,0.));
#921 = DIRECTION('',(-0.707106781187,0.707106781187,0.));
#922 = DIRECTION('',(0.707106781187,0.707106781187,0.));
#923 = ADVANCED_FACE('',(#924),#942,.T.);
#924 = FACE_BOUND('',#925,.T.);
#925 = EDGE_LOOP('',(#926,#934,#940,#941));
#926 = ORIENTED_EDGE('',*,*,#927,.F.);
#927 = EDGE_CURVE('',#928,#890,#930,.T.);
#928 = VERTEX_POINT('',#929);
#929 = CARTESIAN_POINT('',(-12.655,-0.995,0.));
#930 = LINE('',#931,#932);
#931 = CARTESIAN_POINT('',(-18.018314,-0.995,0.));
#932 = VECTOR('',#933,1.);
#933 = DIRECTION('',(1.,0.,0.));
#934 = ORIENTED_EDGE('',*,*,#935,.T.);
#935 = EDGE_CURVE('',#928,#158,#936,.T.);
#936 = LINE('',#937,#938);
#937 = CARTESIAN_POINT('',(-12.655,-0.995,0.));
#938 = VECTOR('',#939,1.);
#939 = DIRECTION('',(0.,0.,1.));
#940 = ORIENTED_EDGE('',*,*,#165,.T.);
#941 = ORIENTED_EDGE('',*,*,#913,.T.);
#942 = PLANE('',#943);
#943 = AXIS2_PLACEMENT_3D('',#944,#945,#946);
#944 = CARTESIAN_POINT('',(-18.018314,-0.995,0.));
#945 = DIRECTION('',(0.,1.,0.));
#946 = DIRECTION('',(1.,0.,0.));
#947 = ADVANCED_FACE('',(#948),#990,.F.);
#948 = FACE_BOUND('',#949,.F.);
#949 = EDGE_LOOP('',(#950,#958,#959,#960,#968,#976,#984));
#950 = ORIENTED_EDGE('',*,*,#951,.F.);
#951 = EDGE_CURVE('',#928,#952,#954,.T.);
#952 = VERTEX_POINT('',#953);
#953 = CARTESIAN_POINT('',(-12.45,-1.2,0.));
#954 = LINE('',#955,#956);
#955 = CARTESIAN_POINT('',(-12.7,-0.95,0.));
#956 = VECTOR('',#957,1.);
#957 = DIRECTION('',(0.707106781187,-0.707106781187,0.));
#958 = ORIENTED_EDGE('',*,*,#935,.T.);
#959 = ORIENTED_EDGE('',*,*,#157,.F.);
#960 = ORIENTED_EDGE('',*,*,#961,.T.);
#961 = EDGE_CURVE('',#150,#962,#964,.T.);
#962 = VERTEX_POINT('',#963);
#963 = CARTESIAN_POINT('',(-12.69999974888,-0.950000251118,2.4));
#964 = LINE('',#965,#966);
#965 = CARTESIAN_POINT('',(-12.7,-0.95,0.));
#966 = VECTOR('',#967,1.);
#967 = DIRECTION('',(0.,0.,1.));
#968 = ORIENTED_EDGE('',*,*,#969,.F.);
#969 = EDGE_CURVE('',#970,#962,#972,.T.);
#970 = VERTEX_POINT('',#971);
#971 = CARTESIAN_POINT('',(-12.69999949805,-0.950000501944,2.5));
#972 = LINE('',#973,#974);
#973 = CARTESIAN_POINT('',(-12.69999949805,-0.950000501944,1.25));
#974 = VECTOR('',#975,1.);
#975 = DIRECTION('',(0.,0.,-1.));
#976 = ORIENTED_EDGE('',*,*,#977,.T.);
#977 = EDGE_CURVE('',#970,#978,#980,.T.);
#978 = VERTEX_POINT('',#979);
#979 = CARTESIAN_POINT('',(-12.45,-1.2,2.5));
#980 = LINE('',#981,#982);
#981 = CARTESIAN_POINT('',(-12.7,-0.95,2.5));
#982 = VECTOR('',#983,1.);
#983 = DIRECTION('',(0.707106781187,-0.707106781187,0.));
#984 = ORIENTED_EDGE('',*,*,#985,.F.);
#985 = EDGE_CURVE('',#952,#978,#986,.T.);
#986 = LINE('',#987,#988);
#987 = CARTESIAN_POINT('',(-12.45,-1.2,0.));
#988 = VECTOR('',#989,1.);
#989 = DIRECTION('',(0.,0.,1.));
#990 = PLANE('',#991);
#991 = AXIS2_PLACEMENT_3D('',#992,#993,#994);
#992 = CARTESIAN_POINT('',(-12.7,-0.95,0.));
#993 = DIRECTION('',(0.707106781187,0.707106781187,0.));
#994 = DIRECTION('',(0.707106781187,-0.707106781187,0.));
#995 = ADVANCED_FACE('',(#996),#1046,.F.);
#996 = FACE_BOUND('',#997,.F.);
#997 = EDGE_LOOP('',(#998,#1008,#1016,#1024,#1032,#1038,#1039,#1040));
#998 = ORIENTED_EDGE('',*,*,#999,.F.);
#999 = EDGE_CURVE('',#1000,#1002,#1004,.T.);
#1000 = VERTEX_POINT('',#1001);
#1001 = CARTESIAN_POINT('',(-12.95,-1.2,0.));
#1002 = VERTEX_POINT('',#1003);
#1003 = CARTESIAN_POINT('',(-12.745,-0.995,0.));
#1004 = LINE('',#1005,#1006);
#1005 = CARTESIAN_POINT('',(-12.95,-1.2,0.));
#1006 = VECTOR('',#1007,1.);
#1007 = DIRECTION('',(0.707106781187,0.707106781187,0.));
#1008 = ORIENTED_EDGE('',*,*,#1009,.T.);
#1009 = EDGE_CURVE('',#1000,#1010,#1012,.T.);
#1010 = VERTEX_POINT('',#1011);
#1011 = CARTESIAN_POINT('',(-12.95,-1.2,2.5));
#1012 = LINE('',#1013,#1014);
#1013 = CARTESIAN_POINT('',(-12.95,-1.2,0.));
#1014 = VECTOR('',#1015,1.);
#1015 = DIRECTION('',(0.,0.,1.));
#1016 = ORIENTED_EDGE('',*,*,#1017,.T.);
#1017 = EDGE_CURVE('',#1010,#1018,#1020,.T.);
#1018 = VERTEX_POINT('',#1019);
#1019 = CARTESIAN_POINT('',(-12.719999,-0.969999,2.5));
#1020 = LINE('',#1021,#1022);
#1021 = CARTESIAN_POINT('',(-12.95,-1.2,2.5));
#1022 = VECTOR('',#1023,1.);
#1023 = DIRECTION('',(0.707106781187,0.707106781187,0.));
#1024 = ORIENTED_EDGE('',*,*,#1025,.T.);
#1025 = EDGE_CURVE('',#1018,#1026,#1028,.T.);
#1026 = VERTEX_POINT('',#1027);
#1027 = CARTESIAN_POINT('',(-12.719999,-0.969999,2.4));
#1028 = LINE('',#1029,#1030);
#1029 = CARTESIAN_POINT('',(-12.719999,-0.969999,1.25));
#1030 = VECTOR('',#1031,1.);
#1031 = DIRECTION('',(0.,0.,-1.));
#1032 = ORIENTED_EDGE('',*,*,#1033,.T.);
#1033 = EDGE_CURVE('',#1026,#962,#1034,.T.);
#1034 = LINE('',#1035,#1036);
#1035 = CARTESIAN_POINT('',(-12.90499043055,-1.154990430558,2.4));
#1036 = VECTOR('',#1037,1.);
#1037 = DIRECTION('',(0.707106781187,0.707106781187,0.));
#1038 = ORIENTED_EDGE('',*,*,#961,.F.);
#1039 = ORIENTED_EDGE('',*,*,#149,.F.);
#1040 = ORIENTED_EDGE('',*,*,#1041,.T.);
#1041 = EDGE_CURVE('',#142,#1002,#1042,.T.);
#1042 = LINE('',#1043,#1044);
#1043 = CARTESIAN_POINT('',(-12.745,-0.995,0.));
#1044 = VECTOR('',#1045,1.);
#1045 = DIRECTION('',(0.,0.,-1.));
#1046 = PLANE('',#1047);
#1047 = AXIS2_PLACEMENT_3D('',#1048,#1049,#1050);
#1048 = CARTESIAN_POINT('',(-12.95,-1.2,0.));
#1049 = DIRECTION('',(-0.707106781187,0.707106781187,0.));
#1050 = DIRECTION('',(0.707106781187,0.707106781187,0.));
#1051 = ADVANCED_FACE('',(#1052),#1070,.T.);
#1052 = FACE_BOUND('',#1053,.T.);
#1053 = EDGE_LOOP('',(#1054,#1062,#1068,#1069));
#1054 = ORIENTED_EDGE('',*,*,#1055,.F.);
#1055 = EDGE_CURVE('',#1056,#1002,#1058,.T.);
#1056 = VERTEX_POINT('',#1057);
#1057 = CARTESIAN_POINT('',(-15.195,-0.995,0.));
#1058 = LINE('',#1059,#1060);
#1059 = CARTESIAN_POINT('',(-18.018314,-0.995,0.));
#1060 = VECTOR('',#1061,1.);
#1061 = DIRECTION('',(1.,0.,0.));
#1062 = ORIENTED_EDGE('',*,*,#1063,.T.);
#1063 = EDGE_CURVE('',#1056,#134,#1064,.T.);
#1064 = LINE('',#1065,#1066);
#1065 = CARTESIAN_POINT('',(-15.195,-0.995,0.));
#1066 = VECTOR('',#1067,1.);
#1067 = DIRECTION('',(0.,0.,1.));
#1068 = ORIENTED_EDGE('',*,*,#141,.T.);
#1069 = ORIENTED_EDGE('',*,*,#1041,.T.);
#1070 = PLANE('',#1071);
#1071 = AXIS2_PLACEMENT_3D('',#1072,#1073,#1074);
#1072 = CARTESIAN_POINT('',(-18.018314,-0.995,0.));
#1073 = DIRECTION('',(0.,1.,0.));
#1074 = DIRECTION('',(1.,0.,0.));
#1075 = ADVANCED_FACE('',(#1076),#1126,.F.);
#1076 = FACE_BOUND('',#1077,.F.);
#1077 = EDGE_LOOP('',(#1078,#1086,#1087,#1088,#1096,#1104,#1112,#1120));
#1078 = ORIENTED_EDGE('',*,*,#1079,.F.);
#1079 = EDGE_CURVE('',#1056,#1080,#1082,.T.);
#1080 = VERTEX_POINT('',#1081);
#1081 = CARTESIAN_POINT('',(-14.99,-1.2,0.));
#1082 = LINE('',#1083,#1084);
#1083 = CARTESIAN_POINT('',(-15.24,-0.95,0.));
#1084 = VECTOR('',#1085,1.);
#1085 = DIRECTION('',(0.707106781187,-0.707106781187,0.));
#1086 = ORIENTED_EDGE('',*,*,#1063,.T.);
#1087 = ORIENTED_EDGE('',*,*,#133,.F.);
#1088 = ORIENTED_EDGE('',*,*,#1089,.T.);
#1089 = EDGE_CURVE('',#126,#1090,#1092,.T.);
#1090 = VERTEX_POINT('',#1091);
#1091 = CARTESIAN_POINT('',(-15.24,-0.95,2.4));
#1092 = LINE('',#1093,#1094);
#1093 = CARTESIAN_POINT('',(-15.24,-0.95,0.));
#1094 = VECTOR('',#1095,1.);
#1095 = DIRECTION('',(0.,0.,1.));
#1096 = ORIENTED_EDGE('',*,*,#1097,.T.);
#1097 = EDGE_CURVE('',#1090,#1098,#1100,.T.);
#1098 = VERTEX_POINT('',#1099);
#1099 = CARTESIAN_POINT('',(-15.21992176818,-0.970078231819,2.4));
#1100 = LINE('',#1101,#1102);
#1101 = CARTESIAN_POINT('',(-15.24,-0.95,2.4));
#1102 = VECTOR('',#1103,1.);
#1103 = DIRECTION('',(0.707106781187,-0.707106781187,0.));
#1104 = ORIENTED_EDGE('',*,*,#1105,.F.);
#1105 = EDGE_CURVE('',#1106,#1098,#1108,.T.);
#1106 = VERTEX_POINT('',#1107);
#1107 = CARTESIAN_POINT('',(-15.21992176818,-0.970078231819,2.5));
#1108 = LINE('',#1109,#1110);
#1109 = CARTESIAN_POINT('',(-15.21992176818,-0.970078231819,2.5));
#1110 = VECTOR('',#1111,1.);
#1111 = DIRECTION('',(-0.,-0.,-1.));
#1112 = ORIENTED_EDGE('',*,*,#1113,.T.);
#1113 = EDGE_CURVE('',#1106,#1114,#1116,.T.);
#1114 = VERTEX_POINT('',#1115);
#1115 = CARTESIAN_POINT('',(-14.99,-1.2,2.5));
#1116 = LINE('',#1117,#1118);
#1117 = CARTESIAN_POINT('',(-15.24,-0.95,2.5));
#1118 = VECTOR('',#1119,1.);
#1119 = DIRECTION('',(0.707106781187,-0.707106781187,0.));
#1120 = ORIENTED_EDGE('',*,*,#1121,.F.);
#1121 = EDGE_CURVE('',#1080,#1114,#1122,.T.);
#1122 = LINE('',#1123,#1124);
#1123 = CARTESIAN_POINT('',(-14.99,-1.2,0.));
#1124 = VECTOR('',#1125,1.);
#1125 = DIRECTION('',(0.,0.,1.));
#1126 = PLANE('',#1127);
#1127 = AXIS2_PLACEMENT_3D('',#1128,#1129,#1130);
#1128 = CARTESIAN_POINT('',(-15.24,-0.95,0.));
#1129 = DIRECTION('',(0.707106781187,0.707106781187,0.));
#1130 = DIRECTION('',(0.707106781187,-0.707106781187,0.));
#1131 = ADVANCED_FACE('',(#1132),#1173,.F.);
#1132 = FACE_BOUND('',#1133,.F.);
#1133 = EDGE_LOOP('',(#1134,#1144,#1150,#1151,#1159,#1165,#1166,#1167));
#1134 = ORIENTED_EDGE('',*,*,#1135,.F.);
#1135 = EDGE_CURVE('',#1136,#1138,#1140,.T.);
#1136 = VERTEX_POINT('',#1137);
#1137 = CARTESIAN_POINT('',(-15.49,-1.201952,0.));
#1138 = VERTEX_POINT('',#1139);
#1139 = CARTESIAN_POINT('',(-15.28465136216,-0.995,0.));
#1140 = LINE('',#1141,#1142);
#1141 = CARTESIAN_POINT('',(-15.49,-1.201952,0.));
#1142 = VECTOR('',#1143,1.);
#1143 = DIRECTION('',(0.704351645668,0.709851223317,0.));
#1144 = ORIENTED_EDGE('',*,*,#1145,.T.);
#1145 = EDGE_CURVE('',#1136,#458,#1146,.T.);
#1146 = LINE('',#1147,#1148);
#1147 = CARTESIAN_POINT('',(-15.49,-1.201952,0.));
#1148 = VECTOR('',#1149,1.);
#1149 = DIRECTION('',(0.,0.,1.));
#1150 = ORIENTED_EDGE('',*,*,#465,.T.);
#1151 = ORIENTED_EDGE('',*,*,#1152,.T.);
#1152 = EDGE_CURVE('',#466,#1153,#1155,.T.);
#1153 = VERTEX_POINT('',#1154);
#1154 = CARTESIAN_POINT('',(-15.26,-0.97015616,2.4));
#1155 = LINE('',#1156,#1157);
#1156 = CARTESIAN_POINT('',(-15.26,-0.97015616,2.5));
#1157 = VECTOR('',#1158,1.);
#1158 = DIRECTION('',(-0.,-0.,-1.));
#1159 = ORIENTED_EDGE('',*,*,#1160,.T.);
#1160 = EDGE_CURVE('',#1153,#1090,#1161,.T.);
#1161 = LINE('',#1162,#1163);
#1162 = CARTESIAN_POINT('',(-15.26,-0.97015616,2.4));
#1163 = VECTOR('',#1164,1.);
#1164 = DIRECTION('',(0.704351645668,0.709851223317,0.));
#1165 = ORIENTED_EDGE('',*,*,#1089,.F.);
#1166 = ORIENTED_EDGE('',*,*,#125,.F.);
#1167 = ORIENTED_EDGE('',*,*,#1168,.T.);
#1168 = EDGE_CURVE('',#118,#1138,#1169,.T.);
#1169 = LINE('',#1170,#1171);
#1170 = CARTESIAN_POINT('',(-15.28465136216,-0.995,0.));
#1171 = VECTOR('',#1172,1.);
#1172 = DIRECTION('',(0.,0.,-1.));
#1173 = PLANE('',#1174);
#1174 = AXIS2_PLACEMENT_3D('',#1175,#1176,#1177);
#1175 = CARTESIAN_POINT('',(-15.49,-1.201952,0.));
#1176 = DIRECTION('',(-0.709851223317,0.704351645668,0.));
#1177 = DIRECTION('',(0.704351645668,0.709851223317,0.));
#1178 = ADVANCED_FACE('',(#1179),#1190,.T.);
#1179 = FACE_BOUND('',#1180,.T.);
#1180 = EDGE_LOOP('',(#1181,#1187,#1188,#1189));
#1181 = ORIENTED_EDGE('',*,*,#1182,.F.);
#1182 = EDGE_CURVE('',#559,#1138,#1183,.T.);
#1183 = LINE('',#1184,#1185);
#1184 = CARTESIAN_POINT('',(-18.018314,-0.995,0.));
#1185 = VECTOR('',#1186,1.);
#1186 = DIRECTION('',(1.,0.,0.));
#1187 = ORIENTED_EDGE('',*,*,#566,.T.);
#1188 = ORIENTED_EDGE('',*,*,#117,.T.);
#1189 = ORIENTED_EDGE('',*,*,#1168,.T.);
#1190 = PLANE('',#1191);
#1191 = AXIS2_PLACEMENT_3D('',#1192,#1193,#1194);
#1192 = CARTESIAN_POINT('',(-18.018314,-0.995,0.));
#1193 = DIRECTION('',(0.,1.,0.));
#1194 = DIRECTION('',(1.,0.,0.));
#1195 = ADVANCED_FACE('',(#1196),#1212,.T.);
#1196 = FACE_BOUND('',#1197,.T.);
#1197 = EDGE_LOOP('',(#1198,#1199,#1205,#1206));
#1198 = ORIENTED_EDGE('',*,*,#260,.F.);
#1199 = ORIENTED_EDGE('',*,*,#1200,.T.);
#1200 = EDGE_CURVE('',#261,#491,#1201,.T.);
#1201 = LINE('',#1202,#1203);
#1202 = CARTESIAN_POINT('',(-16.835,0.325,0.));
#1203 = VECTOR('',#1204,1.);
#1204 = DIRECTION('',(0.,0.,1.));
#1205 = ORIENTED_EDGE('',*,*,#490,.T.);
#1206 = ORIENTED_EDGE('',*,*,#1207,.F.);
#1207 = EDGE_CURVE('',#263,#493,#1208,.T.);
#1208 = LINE('',#1209,#1210);
#1209 = CARTESIAN_POINT('',(-16.835,-0.325,0.));
#1210 = VECTOR('',#1211,1.);
#1211 = DIRECTION('',(0.,0.,1.));
#1212 = PLANE('',#1213);
#1213 = AXIS2_PLACEMENT_3D('',#1214,#1215,#1216);
#1214 = CARTESIAN_POINT('',(-16.835,0.325,0.));
#1215 = DIRECTION('',(1.,0.,0.));
#1216 = DIRECTION('',(0.,-1.,0.));
#1217 = ADVANCED_FACE('',(#1218),#1229,.T.);
#1218 = FACE_BOUND('',#1219,.T.);
#1219 = EDGE_LOOP('',(#1220,#1221,#1222,#1223));
#1220 = ORIENTED_EDGE('',*,*,#286,.F.);
#1221 = ORIENTED_EDGE('',*,*,#1207,.T.);
#1222 = ORIENTED_EDGE('',*,*,#516,.T.);
#1223 = ORIENTED_EDGE('',*,*,#1224,.F.);
#1224 = EDGE_CURVE('',#279,#509,#1225,.T.);
#1225 = LINE('',#1226,#1227);
#1226 = CARTESIAN_POINT('',(-16.185,-0.325,0.));
#1227 = VECTOR('',#1228,1.);
#1228 = DIRECTION('',(0.,0.,1.));
#1229 = PLANE('',#1230);
#1230 = AXIS2_PLACEMENT_3D('',#1231,#1232,#1233);
#1231 = CARTESIAN_POINT('',(-16.835,-0.325,0.));
#1232 = DIRECTION('',(0.,1.,0.));
#1233 = DIRECTION('',(1.,0.,0.));
#1234 = ADVANCED_FACE('',(#1235),#1246,.T.);
#1235 = FACE_BOUND('',#1236,.T.);
#1236 = EDGE_LOOP('',(#1237,#1238,#1239,#1240));
#1237 = ORIENTED_EDGE('',*,*,#278,.F.);
#1238 = ORIENTED_EDGE('',*,*,#1224,.T.);
#1239 = ORIENTED_EDGE('',*,*,#508,.T.);
#1240 = ORIENTED_EDGE('',*,*,#1241,.F.);
#1241 = EDGE_CURVE('',#271,#501,#1242,.T.);
#1242 = LINE('',#1243,#1244);
#1243 = CARTESIAN_POINT('',(-16.185,0.325,0.));
#1244 = VECTOR('',#1245,1.);
#1245 = DIRECTION('',(0.,0.,1.));
#1246 = PLANE('',#1247);
#1247 = AXIS2_PLACEMENT_3D('',#1248,#1249,#1250);
#1248 = CARTESIAN_POINT('',(-16.185,-0.325,0.));
#1249 = DIRECTION('',(-1.,0.,0.));
#1250 = DIRECTION('',(0.,1.,0.));
#1251 = ADVANCED_FACE('',(#1252),#1258,.T.);
#1252 = FACE_BOUND('',#1253,.T.);
#1253 = EDGE_LOOP('',(#1254,#1255,#1256,#1257));
#1254 = ORIENTED_EDGE('',*,*,#270,.F.);
#1255 = ORIENTED_EDGE('',*,*,#1241,.T.);
#1256 = ORIENTED_EDGE('',*,*,#500,.T.);
#1257 = ORIENTED_EDGE('',*,*,#1200,.F.);
#1258 = PLANE('',#1259);
#1259 = AXIS2_PLACEMENT_3D('',#1260,#1261,#1262);
#1260 = CARTESIAN_POINT('',(-16.185,0.325,0.));
#1261 = DIRECTION('',(0.,-1.,0.));
#1262 = DIRECTION('',(-1.,0.,0.));
#1263 = ADVANCED_FACE('',(#1264),#1289,.T.);
#1264 = FACE_BOUND('',#1265,.T.);
#1265 = EDGE_LOOP('',(#1266,#1267,#1275,#1283));
#1266 = ORIENTED_EDGE('',*,*,#294,.F.);
#1267 = ORIENTED_EDGE('',*,*,#1268,.T.);
#1268 = EDGE_CURVE('',#295,#1269,#1271,.T.);
#1269 = VERTEX_POINT('',#1270);
#1270 = CARTESIAN_POINT('',(-14.295,0.325,2.5));
#1271 = LINE('',#1272,#1273);
#1272 = CARTESIAN_POINT('',(-14.295,0.325,0.));
#1273 = VECTOR('',#1274,1.);
#1274 = DIRECTION('',(0.,0.,1.));
#1275 = ORIENTED_EDGE('',*,*,#1276,.T.);
#1276 = EDGE_CURVE('',#1269,#1277,#1279,.T.);
#1277 = VERTEX_POINT('',#1278);
#1278 = CARTESIAN_POINT('',(-14.295,-0.325,2.5));
#1279 = LINE('',#1280,#1281);
#1280 = CARTESIAN_POINT('',(-14.295,0.325,2.5));
#1281 = VECTOR('',#1282,1.);
#1282 = DIRECTION('',(0.,-1.,0.));
#1283 = ORIENTED_EDGE('',*,*,#1284,.F.);
#1284 = EDGE_CURVE('',#297,#1277,#1285,.T.);
#1285 = LINE('',#1286,#1287);
#1286 = CARTESIAN_POINT('',(-14.295,-0.325,0.));
#1287 = VECTOR('',#1288,1.);
#1288 = DIRECTION('',(0.,0.,1.));
#1289 = PLANE('',#1290);
#1290 = AXIS2_PLACEMENT_3D('',#1291,#1292,#1293);
#1291 = CARTESIAN_POINT('',(-14.295,0.325,0.));
#1292 = DIRECTION('',(1.,0.,0.));
#1293 = DIRECTION('',(0.,-1.,0.));
#1294 = ADVANCED_FACE('',(#1295),#1313,.T.);
#1295 = FACE_BOUND('',#1296,.T.);
#1296 = EDGE_LOOP('',(#1297,#1298,#1299,#1307));
#1297 = ORIENTED_EDGE('',*,*,#320,.F.);
#1298 = ORIENTED_EDGE('',*,*,#1284,.T.);
#1299 = ORIENTED_EDGE('',*,*,#1300,.T.);
#1300 = EDGE_CURVE('',#1277,#1301,#1303,.T.);
#1301 = VERTEX_POINT('',#1302);
#1302 = CARTESIAN_POINT('',(-13.645,-0.325,2.5));
#1303 = LINE('',#1304,#1305);
#1304 = CARTESIAN_POINT('',(-14.295,-0.325,2.5));
#1305 = VECTOR('',#1306,1.);
#1306 = DIRECTION('',(1.,0.,0.));
#1307 = ORIENTED_EDGE('',*,*,#1308,.F.);
#1308 = EDGE_CURVE('',#313,#1301,#1309,.T.);
#1309 = LINE('',#1310,#1311);
#1310 = CARTESIAN_POINT('',(-13.645,-0.325,0.));
#1311 = VECTOR('',#1312,1.);
#1312 = DIRECTION('',(0.,0.,1.));
#1313 = PLANE('',#1314);
#1314 = AXIS2_PLACEMENT_3D('',#1315,#1316,#1317);
#1315 = CARTESIAN_POINT('',(-14.295,-0.325,0.));
#1316 = DIRECTION('',(0.,1.,0.));
#1317 = DIRECTION('',(1.,0.,0.));
#1318 = ADVANCED_FACE('',(#1319),#1337,.T.);
#1319 = FACE_BOUND('',#1320,.T.);
#1320 = EDGE_LOOP('',(#1321,#1322,#1323,#1331));
#1321 = ORIENTED_EDGE('',*,*,#312,.F.);
#1322 = ORIENTED_EDGE('',*,*,#1308,.T.);
#1323 = ORIENTED_EDGE('',*,*,#1324,.T.);
#1324 = EDGE_CURVE('',#1301,#1325,#1327,.T.);
#1325 = VERTEX_POINT('',#1326);
#1326 = CARTESIAN_POINT('',(-13.645,0.325,2.5));
#1327 = LINE('',#1328,#1329);
#1328 = CARTESIAN_POINT('',(-13.645,-0.325,2.5));
#1329 = VECTOR('',#1330,1.);
#1330 = DIRECTION('',(0.,1.,0.));
#1331 = ORIENTED_EDGE('',*,*,#1332,.F.);
#1332 = EDGE_CURVE('',#305,#1325,#1333,.T.);
#1333 = LINE('',#1334,#1335);
#1334 = CARTESIAN_POINT('',(-13.645,0.325,0.));
#1335 = VECTOR('',#1336,1.);
#1336 = DIRECTION('',(0.,0.,1.));
#1337 = PLANE('',#1338);
#1338 = AXIS2_PLACEMENT_3D('',#1339,#1340,#1341);
#1339 = CARTESIAN_POINT('',(-13.645,-0.325,0.));
#1340 = DIRECTION('',(-1.,0.,0.));
#1341 = DIRECTION('',(0.,1.,0.));
#1342 = ADVANCED_FACE('',(#1343),#1354,.T.);
#1343 = FACE_BOUND('',#1344,.T.);
#1344 = EDGE_LOOP('',(#1345,#1346,#1347,#1353));
#1345 = ORIENTED_EDGE('',*,*,#304,.F.);
#1346 = ORIENTED_EDGE('',*,*,#1332,.T.);
#1347 = ORIENTED_EDGE('',*,*,#1348,.T.);
#1348 = EDGE_CURVE('',#1325,#1269,#1349,.T.);
#1349 = LINE('',#1350,#1351);
#1350 = CARTESIAN_POINT('',(-13.645,0.325,2.5));
#1351 = VECTOR('',#1352,1.);
#1352 = DIRECTION('',(-1.,0.,0.));
#1353 = ORIENTED_EDGE('',*,*,#1268,.F.);
#1354 = PLANE('',#1355);
#1355 = AXIS2_PLACEMENT_3D('',#1356,#1357,#1358);
#1356 = CARTESIAN_POINT('',(-13.645,0.325,0.));
#1357 = DIRECTION('',(0.,-1.,0.));
#1358 = DIRECTION('',(-1.,0.,0.));
#1359 = ADVANCED_FACE('',(#1360),#1385,.T.);
#1360 = FACE_BOUND('',#1361,.T.);
#1361 = EDGE_LOOP('',(#1362,#1363,#1371,#1379));
#1362 = ORIENTED_EDGE('',*,*,#328,.F.);
#1363 = ORIENTED_EDGE('',*,*,#1364,.T.);
#1364 = EDGE_CURVE('',#329,#1365,#1367,.T.);
#1365 = VERTEX_POINT('',#1366);
#1366 = CARTESIAN_POINT('',(-11.755,0.325,2.5));
#1367 = LINE('',#1368,#1369);
#1368 = CARTESIAN_POINT('',(-11.755,0.325,0.));
#1369 = VECTOR('',#1370,1.);
#1370 = DIRECTION('',(0.,0.,1.));
#1371 = ORIENTED_EDGE('',*,*,#1372,.T.);
#1372 = EDGE_CURVE('',#1365,#1373,#1375,.T.);
#1373 = VERTEX_POINT('',#1374);
#1374 = CARTESIAN_POINT('',(-11.755,-0.325,2.5));
#1375 = LINE('',#1376,#1377);
#1376 = CARTESIAN_POINT('',(-11.755,0.325,2.5));
#1377 = VECTOR('',#1378,1.);
#1378 = DIRECTION('',(0.,-1.,0.));
#1379 = ORIENTED_EDGE('',*,*,#1380,.F.);
#1380 = EDGE_CURVE('',#331,#1373,#1381,.T.);
#1381 = LINE('',#1382,#1383);
#1382 = CARTESIAN_POINT('',(-11.755,-0.325,0.));
#1383 = VECTOR('',#1384,1.);
#1384 = DIRECTION('',(0.,0.,1.));
#1385 = PLANE('',#1386);
#1386 = AXIS2_PLACEMENT_3D('',#1387,#1388,#1389);
#1387 = CARTESIAN_POINT('',(-11.755,0.325,0.));
#1388 = DIRECTION('',(1.,0.,0.));
#1389 = DIRECTION('',(0.,-1.,0.));
#1390 = ADVANCED_FACE('',(#1391),#1409,.T.);
#1391 = FACE_BOUND('',#1392,.T.);
#1392 = EDGE_LOOP('',(#1393,#1394,#1395,#1403));
#1393 = ORIENTED_EDGE('',*,*,#354,.F.);
#1394 = ORIENTED_EDGE('',*,*,#1380,.T.);
#1395 = ORIENTED_EDGE('',*,*,#1396,.T.);
#1396 = EDGE_CURVE('',#1373,#1397,#1399,.T.);
#1397 = VERTEX_POINT('',#1398);
#1398 = CARTESIAN_POINT('',(-11.105,-0.325,2.5));
#1399 = LINE('',#1400,#1401);
#1400 = CARTESIAN_POINT('',(-11.755,-0.325,2.5));
#1401 = VECTOR('',#1402,1.);
#1402 = DIRECTION('',(1.,0.,0.));
#1403 = ORIENTED_EDGE('',*,*,#1404,.F.);
#1404 = EDGE_CURVE('',#347,#1397,#1405,.T.);
#1405 = LINE('',#1406,#1407);
#1406 = CARTESIAN_POINT('',(-11.105,-0.325,0.));
#1407 = VECTOR('',#1408,1.);
#1408 = DIRECTION('',(0.,0.,1.));
#1409 = PLANE('',#1410);
#1410 = AXIS2_PLACEMENT_3D('',#1411,#1412,#1413);
#1411 = CARTESIAN_POINT('',(-11.755,-0.325,0.));
#1412 = DIRECTION('',(0.,1.,0.));
#1413 = DIRECTION('',(1.,0.,0.));
#1414 = ADVANCED_FACE('',(#1415),#1433,.T.);
#1415 = FACE_BOUND('',#1416,.T.);
#1416 = EDGE_LOOP('',(#1417,#1418,#1419,#1427));
#1417 = ORIENTED_EDGE('',*,*,#346,.F.);
#1418 = ORIENTED_EDGE('',*,*,#1404,.T.);
#1419 = ORIENTED_EDGE('',*,*,#1420,.T.);
#1420 = EDGE_CURVE('',#1397,#1421,#1423,.T.);
#1421 = VERTEX_POINT('',#1422);
#1422 = CARTESIAN_POINT('',(-11.105,0.325,2.5));
#1423 = LINE('',#1424,#1425);
#1424 = CARTESIAN_POINT('',(-11.105,-0.325,2.5));
#1425 = VECTOR('',#1426,1.);
#1426 = DIRECTION('',(0.,1.,0.));
#1427 = ORIENTED_EDGE('',*,*,#1428,.F.);
#1428 = EDGE_CURVE('',#339,#1421,#1429,.T.);
#1429 = LINE('',#1430,#1431);
#1430 = CARTESIAN_POINT('',(-11.105,0.325,0.));
#1431 = VECTOR('',#1432,1.);
#1432 = DIRECTION('',(0.,0.,1.));
#1433 = PLANE('',#1434);
#1434 = AXIS2_PLACEMENT_3D('',#1435,#1436,#1437);
#1435 = CARTESIAN_POINT('',(-11.105,-0.325,0.));
#1436 = DIRECTION('',(-1.,0.,0.));
#1437 = DIRECTION('',(0.,1.,0.));
#1438 = ADVANCED_FACE('',(#1439),#1450,.T.);
#1439 = FACE_BOUND('',#1440,.T.);
#1440 = EDGE_LOOP('',(#1441,#1442,#1443,#1449));
#1441 = ORIENTED_EDGE('',*,*,#338,.F.);
#1442 = ORIENTED_EDGE('',*,*,#1428,.T.);
#1443 = ORIENTED_EDGE('',*,*,#1444,.T.);
#1444 = EDGE_CURVE('',#1421,#1365,#1445,.T.);
#1445 = LINE('',#1446,#1447);
#1446 = CARTESIAN_POINT('',(-11.105,0.325,2.5));
#1447 = VECTOR('',#1448,1.);
#1448 = DIRECTION('',(-1.,0.,0.));
#1449 = ORIENTED_EDGE('',*,*,#1364,.F.);
#1450 = PLANE('',#1451);
#1451 = AXIS2_PLACEMENT_3D('',#1452,#1453,#1454);
#1452 = CARTESIAN_POINT('',(-11.105,0.325,0.));
#1453 = DIRECTION('',(0.,-1.,0.));
#1454 = DIRECTION('',(-1.,0.,0.));
#1455 = ADVANCED_FACE('',(#1456),#1467,.T.);
#1456 = FACE_BOUND('',#1457,.T.);
#1457 = EDGE_LOOP('',(#1458,#1459,#1465,#1466));
#1458 = ORIENTED_EDGE('',*,*,#1152,.T.);
#1459 = ORIENTED_EDGE('',*,*,#1460,.T.);
#1460 = EDGE_CURVE('',#1153,#584,#1461,.T.);
#1461 = LINE('',#1462,#1463);
#1462 = CARTESIAN_POINT('',(-15.26,-0.97015616,2.4));
#1463 = VECTOR('',#1464,1.);
#1464 = DIRECTION('',(0.,1.,0.));
#1465 = ORIENTED_EDGE('',*,*,#583,.F.);
#1466 = ORIENTED_EDGE('',*,*,#473,.F.);
#1467 = PLANE('',#1468);
#1468 = AXIS2_PLACEMENT_3D('',#1469,#1470,#1471);
#1469 = CARTESIAN_POINT('',(-15.26,-0.97015616,2.5));
#1470 = DIRECTION('',(1.,0.,0.));
#1471 = DIRECTION('',(0.,1.,0.));
#1472 = ADVANCED_FACE('',(#1473),#1484,.F.);
#1473 = FACE_BOUND('',#1474,.F.);
#1474 = EDGE_LOOP('',(#1475,#1476,#1477,#1478));
#1475 = ORIENTED_EDGE('',*,*,#550,.T.);
#1476 = ORIENTED_EDGE('',*,*,#457,.T.);
#1477 = ORIENTED_EDGE('',*,*,#1145,.F.);
#1478 = ORIENTED_EDGE('',*,*,#1479,.F.);
#1479 = EDGE_CURVE('',#551,#1136,#1480,.T.);
#1480 = LINE('',#1481,#1482);
#1481 = CARTESIAN_POINT('',(-17.5,-1.201952,0.));
#1482 = VECTOR('',#1483,1.);
#1483 = DIRECTION('',(1.,0.,0.));
#1484 = PLANE('',#1485);
#1485 = AXIS2_PLACEMENT_3D('',#1486,#1487,#1488);
#1486 = CARTESIAN_POINT('',(-17.5,-1.201952,0.));
#1487 = DIRECTION('',(0.,1.,0.));
#1488 = DIRECTION('',(1.,0.,0.));
#1489 = ADVANCED_FACE('',(#1490),#1496,.F.);
#1490 = FACE_BOUND('',#1491,.F.);
#1491 = EDGE_LOOP('',(#1492,#1493,#1494,#1495));
#1492 = ORIENTED_EDGE('',*,*,#1182,.F.);
#1493 = ORIENTED_EDGE('',*,*,#558,.T.);
#1494 = ORIENTED_EDGE('',*,*,#1479,.T.);
#1495 = ORIENTED_EDGE('',*,*,#1135,.T.);
#1496 = PLANE('',#1497);
#1497 = AXIS2_PLACEMENT_3D('',#1498,#1499,#1500);
#1498 = CARTESIAN_POINT('',(-13.96028525391,-2.2E-16,0.));
#1499 = DIRECTION('',(0.,0.,1.));
#1500 = DIRECTION('',(1.,0.,0.));
#1501 = ADVANCED_FACE('',(#1502),#1515,.T.);
#1502 = FACE_BOUND('',#1503,.F.);
#1503 = EDGE_LOOP('',(#1504,#1505,#1506,#1507,#1508,#1514));
#1504 = ORIENTED_EDGE('',*,*,#1160,.F.);
#1505 = ORIENTED_EDGE('',*,*,#1460,.T.);
#1506 = ORIENTED_EDGE('',*,*,#591,.F.);
#1507 = ORIENTED_EDGE('',*,*,#633,.T.);
#1508 = ORIENTED_EDGE('',*,*,#1509,.T.);
#1509 = EDGE_CURVE('',#634,#1098,#1510,.T.);
#1510 = LINE('',#1511,#1512);
#1511 = CARTESIAN_POINT('',(-15.21992176818,0.970078231819,2.4));
#1512 = VECTOR('',#1513,1.);
#1513 = DIRECTION('',(0.,-1.,0.));
#1514 = ORIENTED_EDGE('',*,*,#1097,.F.);
#1515 = PLANE('',#1516);
#1516 = AXIS2_PLACEMENT_3D('',#1517,#1518,#1519);
#1517 = CARTESIAN_POINT('',(-13.96996172223,1.86E-15,2.4));
#1518 = DIRECTION('',(0.,0.,1.));
#1519 = DIRECTION('',(1.,0.,0.));
#1520 = ADVANCED_FACE('',(#1521),#1532,.F.);
#1521 = FACE_BOUND('',#1522,.F.);
#1522 = EDGE_LOOP('',(#1523,#1524,#1525,#1526));
#1523 = ORIENTED_EDGE('',*,*,#615,.F.);
#1524 = ORIENTED_EDGE('',*,*,#671,.F.);
#1525 = ORIENTED_EDGE('',*,*,#695,.F.);
#1526 = ORIENTED_EDGE('',*,*,#1527,.F.);
#1527 = EDGE_CURVE('',#618,#696,#1528,.T.);
#1528 = LINE('',#1529,#1530);
#1529 = CARTESIAN_POINT('',(-14.99,1.2,0.));
#1530 = VECTOR('',#1531,1.);
#1531 = DIRECTION('',(1.,0.,0.));
#1532 = PLANE('',#1533);
#1533 = AXIS2_PLACEMENT_3D('',#1534,#1535,#1536);
#1534 = CARTESIAN_POINT('',(-13.96028525391,-2.2E-16,0.));
#1535 = DIRECTION('',(0.,0.,1.));
#1536 = DIRECTION('',(1.,0.,0.));
#1537 = ADVANCED_FACE('',(#1538),#1549,.T.);
#1538 = FACE_BOUND('',#1539,.T.);
#1539 = EDGE_LOOP('',(#1540,#1541,#1547,#1548));
#1540 = ORIENTED_EDGE('',*,*,#657,.T.);
#1541 = ORIENTED_EDGE('',*,*,#1542,.T.);
#1542 = EDGE_CURVE('',#650,#704,#1543,.T.);
#1543 = LINE('',#1544,#1545);
#1544 = CARTESIAN_POINT('',(-14.99,1.2,2.5));
#1545 = VECTOR('',#1546,1.);
#1546 = DIRECTION('',(1.,0.,0.));
#1547 = ORIENTED_EDGE('',*,*,#703,.F.);
#1548 = ORIENTED_EDGE('',*,*,#1527,.F.);
#1549 = PLANE('',#1550);
#1550 = AXIS2_PLACEMENT_3D('',#1551,#1552,#1553);
#1551 = CARTESIAN_POINT('',(-14.99,1.2,0.));
#1552 = DIRECTION('',(0.,1.,0.));
#1553 = DIRECTION('',(1.,0.,0.));
#1554 = ADVANCED_FACE('',(#1555,#1580),#1586,.T.);
#1555 = FACE_BOUND('',#1556,.T.);
#1556 = EDGE_LOOP('',(#1557,#1558,#1564,#1565,#1571,#1572,#1578,#1579));
#1557 = ORIENTED_EDGE('',*,*,#649,.F.);
#1558 = ORIENTED_EDGE('',*,*,#1559,.T.);
#1559 = EDGE_CURVE('',#642,#1106,#1560,.T.);
#1560 = LINE('',#1561,#1562);
#1561 = CARTESIAN_POINT('',(-15.21992176818,0.970078231819,2.5));
#1562 = VECTOR('',#1563,1.);
#1563 = DIRECTION('',(0.,-1.,0.));
#1564 = ORIENTED_EDGE('',*,*,#1113,.T.);
#1565 = ORIENTED_EDGE('',*,*,#1566,.T.);
#1566 = EDGE_CURVE('',#1114,#1010,#1567,.T.);
#1567 = LINE('',#1568,#1569);
#1568 = CARTESIAN_POINT('',(-14.99,-1.2,2.5));
#1569 = VECTOR('',#1570,1.);
#1570 = DIRECTION('',(1.,0.,0.));
#1571 = ORIENTED_EDGE('',*,*,#1017,.T.);
#1572 = ORIENTED_EDGE('',*,*,#1573,.T.);
#1573 = EDGE_CURVE('',#1018,#712,#1574,.T.);
#1574 = LINE('',#1575,#1576);
#1575 = CARTESIAN_POINT('',(-12.719999,-0.97015616,2.5));
#1576 = VECTOR('',#1577,1.);
#1577 = DIRECTION('',(0.,1.,0.));
#1578 = ORIENTED_EDGE('',*,*,#711,.F.);
#1579 = ORIENTED_EDGE('',*,*,#1542,.F.);
#1580 = FACE_BOUND('',#1581,.T.);
#1581 = EDGE_LOOP('',(#1582,#1583,#1584,#1585));
#1582 = ORIENTED_EDGE('',*,*,#1276,.F.);
#1583 = ORIENTED_EDGE('',*,*,#1348,.F.);
#1584 = ORIENTED_EDGE('',*,*,#1324,.F.);
#1585 = ORIENTED_EDGE('',*,*,#1300,.F.);
#1586 = PLANE('',#1587);
#1587 = AXIS2_PLACEMENT_3D('',#1588,#1589,#1590);
#1588 = CARTESIAN_POINT('',(-13.96028525391,-2.2E-16,2.5));
#1589 = DIRECTION('',(0.,0.,1.));
#1590 = DIRECTION('',(1.,0.,0.));
#1591 = ADVANCED_FACE('',(#1592),#1598,.T.);
#1592 = FACE_BOUND('',#1593,.T.);
#1593 = EDGE_LOOP('',(#1594,#1595,#1596,#1597));
#1594 = ORIENTED_EDGE('',*,*,#641,.T.);
#1595 = ORIENTED_EDGE('',*,*,#1509,.T.);
#1596 = ORIENTED_EDGE('',*,*,#1105,.F.);
#1597 = ORIENTED_EDGE('',*,*,#1559,.F.);
#1598 = PLANE('',#1599);
#1599 = AXIS2_PLACEMENT_3D('',#1600,#1601,#1602);
#1600 = CARTESIAN_POINT('',(-15.21992176818,0.970078231819,2.5));
#1601 = DIRECTION('',(-1.,0.,0.));
#1602 = DIRECTION('',(0.,-1.,0.));
#1603 = ADVANCED_FACE('',(#1604),#1652,.T.);
#1604 = FACE_BOUND('',#1605,.T.);
#1605 = EDGE_LOOP('',(#1606,#1616,#1622,#1623,#1629,#1630,#1638,#1646));
#1606 = ORIENTED_EDGE('',*,*,#1607,.F.);
#1607 = EDGE_CURVE('',#1608,#1610,#1612,.T.);
#1608 = VERTEX_POINT('',#1609);
#1609 = CARTESIAN_POINT('',(-12.699999,0.95,2.4));
#1610 = VERTEX_POINT('',#1611);
#1611 = CARTESIAN_POINT('',(-12.67992076818,0.970078231819,2.4));
#1612 = LINE('',#1613,#1614);
#1613 = CARTESIAN_POINT('',(-12.699999,0.95,2.4));
#1614 = VECTOR('',#1615,1.);
#1615 = DIRECTION('',(0.707106781186,0.707106781187,0.));
#1616 = ORIENTED_EDGE('',*,*,#1617,.T.);
#1617 = EDGE_CURVE('',#1608,#728,#1618,.T.);
#1618 = LINE('',#1619,#1620);
#1619 = CARTESIAN_POINT('',(-12.699999,0.95,2.4));
#1620 = VECTOR('',#1621,1.);
#1621 = DIRECTION('',(-0.704351645668,0.709851223317,0.));
#1622 = ORIENTED_EDGE('',*,*,#727,.F.);
#1623 = ORIENTED_EDGE('',*,*,#1624,.F.);
#1624 = EDGE_CURVE('',#1026,#720,#1625,.T.);
#1625 = LINE('',#1626,#1627);
#1626 = CARTESIAN_POINT('',(-12.719999,-0.97015616,2.4));
#1627 = VECTOR('',#1628,1.);
#1628 = DIRECTION('',(0.,1.,0.));
#1629 = ORIENTED_EDGE('',*,*,#1033,.T.);
#1630 = ORIENTED_EDGE('',*,*,#1631,.T.);
#1631 = EDGE_CURVE('',#962,#1632,#1634,.T.);
#1632 = VERTEX_POINT('',#1633);
#1633 = CARTESIAN_POINT('',(-12.699999,-0.95,2.4));
#1634 = LINE('',#1635,#1636);
#1635 = CARTESIAN_POINT('',(-12.719999,-0.97015616,2.4));
#1636 = VECTOR('',#1637,1.);
#1637 = DIRECTION('',(0.704351645668,0.709851223317,0.));
#1638 = ORIENTED_EDGE('',*,*,#1639,.T.);
#1639 = EDGE_CURVE('',#1632,#1640,#1642,.T.);
#1640 = VERTEX_POINT('',#1641);
#1641 = CARTESIAN_POINT('',(-12.67992076818,-0.970078231819,2.4));
#1642 = LINE('',#1643,#1644);
#1643 = CARTESIAN_POINT('',(-12.699999,-0.95,2.4));
#1644 = VECTOR('',#1645,1.);
#1645 = DIRECTION('',(0.707106781187,-0.707106781187,0.));
#1646 = ORIENTED_EDGE('',*,*,#1647,.F.);
#1647 = EDGE_CURVE('',#1610,#1640,#1648,.T.);
#1648 = LINE('',#1649,#1650);
#1649 = CARTESIAN_POINT('',(-12.67992076818,0.970078231819,2.4));
#1650 = VECTOR('',#1651,1.);
#1651 = DIRECTION('',(0.,-1.,0.));
#1652 = PLANE('',#1653);
#1653 = AXIS2_PLACEMENT_3D('',#1654,#1655,#1656);
#1654 = CARTESIAN_POINT('',(-13.96996172223,1.86E-15,2.4));
#1655 = DIRECTION('',(0.,0.,1.));
#1656 = DIRECTION('',(1.,0.,0.));
#1657 = ADVANCED_FACE('',(#1658),#1664,.T.);
#1658 = FACE_BOUND('',#1659,.T.);
#1659 = EDGE_LOOP('',(#1660,#1661,#1662,#1663));
#1660 = ORIENTED_EDGE('',*,*,#1573,.F.);
#1661 = ORIENTED_EDGE('',*,*,#1025,.T.);
#1662 = ORIENTED_EDGE('',*,*,#1624,.T.);
#1663 = ORIENTED_EDGE('',*,*,#719,.F.);
#1664 = PLANE('',#1665);
#1665 = AXIS2_PLACEMENT_3D('',#1666,#1667,#1668);
#1666 = CARTESIAN_POINT('',(-12.719999,-0.97015616,2.5));
#1667 = DIRECTION('',(1.,0.,0.));
#1668 = DIRECTION('',(0.,1.,0.));
#1669 = ADVANCED_FACE('',(#1670),#1681,.F.);
#1670 = FACE_BOUND('',#1671,.F.);
#1671 = EDGE_LOOP('',(#1672,#1673,#1674,#1675));
#1672 = ORIENTED_EDGE('',*,*,#751,.F.);
#1673 = ORIENTED_EDGE('',*,*,#799,.F.);
#1674 = ORIENTED_EDGE('',*,*,#823,.F.);
#1675 = ORIENTED_EDGE('',*,*,#1676,.F.);
#1676 = EDGE_CURVE('',#754,#824,#1677,.T.);
#1677 = LINE('',#1678,#1679);
#1678 = CARTESIAN_POINT('',(-12.45,1.2,0.));
#1679 = VECTOR('',#1680,1.);
#1680 = DIRECTION('',(1.,0.,0.));
#1681 = PLANE('',#1682);
#1682 = AXIS2_PLACEMENT_3D('',#1683,#1684,#1685);
#1683 = CARTESIAN_POINT('',(-13.96028525391,-2.2E-16,0.));
#1684 = DIRECTION('',(0.,0.,1.));
#1685 = DIRECTION('',(1.,0.,0.));
#1686 = ADVANCED_FACE('',(#1687),#1698,.T.);
#1687 = FACE_BOUND('',#1688,.T.);
#1688 = EDGE_LOOP('',(#1689,#1690,#1696,#1697));
#1689 = ORIENTED_EDGE('',*,*,#785,.T.);
#1690 = ORIENTED_EDGE('',*,*,#1691,.T.);
#1691 = EDGE_CURVE('',#778,#832,#1692,.T.);
#1692 = LINE('',#1693,#1694);
#1693 = CARTESIAN_POINT('',(-12.45,1.2,2.5));
#1694 = VECTOR('',#1695,1.);
#1695 = DIRECTION('',(1.,0.,0.));
#1696 = ORIENTED_EDGE('',*,*,#831,.F.);
#1697 = ORIENTED_EDGE('',*,*,#1676,.F.);
#1698 = PLANE('',#1699);
#1699 = AXIS2_PLACEMENT_3D('',#1700,#1701,#1702);
#1700 = CARTESIAN_POINT('',(-12.45,1.2,0.));
#1701 = DIRECTION('',(0.,1.,0.));
#1702 = DIRECTION('',(1.,0.,0.));
#1703 = ADVANCED_FACE('',(#1704,#1756),#1762,.T.);
#1704 = FACE_BOUND('',#1705,.T.);
#1705 = EDGE_LOOP('',(#1706,#1707,#1715,#1723,#1731,#1739,#1745,#1746,
    #1752,#1753,#1754,#1755));
#1706 = ORIENTED_EDGE('',*,*,#777,.F.);
#1707 = ORIENTED_EDGE('',*,*,#1708,.F.);
#1708 = EDGE_CURVE('',#1709,#770,#1711,.T.);
#1709 = VERTEX_POINT('',#1710);
#1710 = CARTESIAN_POINT('',(-12.699999,0.95,2.5));
#1711 = LINE('',#1712,#1713);
#1712 = CARTESIAN_POINT('',(-12.699999,0.95,2.5));
#1713 = VECTOR('',#1714,1.);
#1714 = DIRECTION('',(-0.704351645668,0.709851223317,0.));
#1715 = ORIENTED_EDGE('',*,*,#1716,.T.);
#1716 = EDGE_CURVE('',#1709,#1717,#1719,.T.);
#1717 = VERTEX_POINT('',#1718);
#1718 = CARTESIAN_POINT('',(-12.67992076818,0.970078231819,2.5));
#1719 = LINE('',#1720,#1721);
#1720 = CARTESIAN_POINT('',(-12.699999,0.95,2.5));
#1721 = VECTOR('',#1722,1.);
#1722 = DIRECTION('',(0.707106781186,0.707106781187,0.));
#1723 = ORIENTED_EDGE('',*,*,#1724,.T.);
#1724 = EDGE_CURVE('',#1717,#1725,#1727,.T.);
#1725 = VERTEX_POINT('',#1726);
#1726 = CARTESIAN_POINT('',(-12.67992076818,-0.970078231819,2.5));
#1727 = LINE('',#1728,#1729);
#1728 = CARTESIAN_POINT('',(-12.67992076818,0.970078231819,2.5));
#1729 = VECTOR('',#1730,1.);
#1730 = DIRECTION('',(0.,-1.,0.));
#1731 = ORIENTED_EDGE('',*,*,#1732,.F.);
#1732 = EDGE_CURVE('',#1733,#1725,#1735,.T.);
#1733 = VERTEX_POINT('',#1734);
#1734 = CARTESIAN_POINT('',(-12.699999,-0.95,2.5));
#1735 = LINE('',#1736,#1737);
#1736 = CARTESIAN_POINT('',(-12.699999,-0.95,2.5));
#1737 = VECTOR('',#1738,1.);
#1738 = DIRECTION('',(0.707106781187,-0.707106781187,0.));
#1739 = ORIENTED_EDGE('',*,*,#1740,.F.);
#1740 = EDGE_CURVE('',#970,#1733,#1741,.T.);
#1741 = LINE('',#1742,#1743);
#1742 = CARTESIAN_POINT('',(-12.719999,-0.97015616,2.5));
#1743 = VECTOR('',#1744,1.);
#1744 = DIRECTION('',(0.704351645668,0.709851223317,0.));
#1745 = ORIENTED_EDGE('',*,*,#977,.T.);
#1746 = ORIENTED_EDGE('',*,*,#1747,.T.);
#1747 = EDGE_CURVE('',#978,#898,#1748,.T.);
#1748 = LINE('',#1749,#1750);
#1749 = CARTESIAN_POINT('',(-12.45,-1.2,2.5));
#1750 = VECTOR('',#1751,1.);
#1751 = DIRECTION('',(1.,0.,0.));
#1752 = ORIENTED_EDGE('',*,*,#905,.T.);
#1753 = ORIENTED_EDGE('',*,*,#865,.F.);
#1754 = ORIENTED_EDGE('',*,*,#839,.F.);
#1755 = ORIENTED_EDGE('',*,*,#1691,.F.);
#1756 = FACE_BOUND('',#1757,.T.);
#1757 = EDGE_LOOP('',(#1758,#1759,#1760,#1761));
#1758 = ORIENTED_EDGE('',*,*,#1372,.F.);
#1759 = ORIENTED_EDGE('',*,*,#1444,.F.);
#1760 = ORIENTED_EDGE('',*,*,#1420,.F.);
#1761 = ORIENTED_EDGE('',*,*,#1396,.F.);
#1762 = PLANE('',#1763);
#1763 = AXIS2_PLACEMENT_3D('',#1764,#1765,#1766);
#1764 = CARTESIAN_POINT('',(-13.96028525391,-2.2E-16,2.5));
#1765 = DIRECTION('',(0.,0.,1.));
#1766 = DIRECTION('',(1.,0.,0.));
#1767 = ADVANCED_FACE('',(#1768),#1779,.F.);
#1768 = FACE_BOUND('',#1769,.F.);
#1769 = EDGE_LOOP('',(#1770,#1771,#1777,#1778));
#1770 = ORIENTED_EDGE('',*,*,#1708,.F.);
#1771 = ORIENTED_EDGE('',*,*,#1772,.T.);
#1772 = EDGE_CURVE('',#1709,#1608,#1773,.T.);
#1773 = LINE('',#1774,#1775);
#1774 = CARTESIAN_POINT('',(-12.699999,0.95,2.5));
#1775 = VECTOR('',#1776,1.);
#1776 = DIRECTION('',(-0.,-0.,-1.));
#1777 = ORIENTED_EDGE('',*,*,#1617,.T.);
#1778 = ORIENTED_EDGE('',*,*,#769,.F.);
#1779 = PLANE('',#1780);
#1780 = AXIS2_PLACEMENT_3D('',#1781,#1782,#1783);
#1781 = CARTESIAN_POINT('',(-12.699999,0.95,2.5));
#1782 = DIRECTION('',(0.709851223317,0.704351645668,0.));
#1783 = DIRECTION('',(-0.704351645668,0.709851223317,0.));
#1784 = ADVANCED_FACE('',(#1785),#1796,.F.);
#1785 = FACE_BOUND('',#1786,.F.);
#1786 = EDGE_LOOP('',(#1787,#1788,#1789,#1795));
#1787 = ORIENTED_EDGE('',*,*,#927,.F.);
#1788 = ORIENTED_EDGE('',*,*,#951,.T.);
#1789 = ORIENTED_EDGE('',*,*,#1790,.T.);
#1790 = EDGE_CURVE('',#952,#888,#1791,.T.);
#1791 = LINE('',#1792,#1793);
#1792 = CARTESIAN_POINT('',(-12.45,-1.2,0.));
#1793 = VECTOR('',#1794,1.);
#1794 = DIRECTION('',(1.,0.,0.));
#1795 = ORIENTED_EDGE('',*,*,#887,.T.);
#1796 = PLANE('',#1797);
#1797 = AXIS2_PLACEMENT_3D('',#1798,#1799,#1800);
#1798 = CARTESIAN_POINT('',(-13.96028525391,-2.2E-16,0.));
#1799 = DIRECTION('',(0.,0.,1.));
#1800 = DIRECTION('',(1.,0.,0.));
#1801 = ADVANCED_FACE('',(#1802),#1808,.F.);
#1802 = FACE_BOUND('',#1803,.F.);
#1803 = EDGE_LOOP('',(#1804,#1805,#1806,#1807));
#1804 = ORIENTED_EDGE('',*,*,#985,.T.);
#1805 = ORIENTED_EDGE('',*,*,#1747,.T.);
#1806 = ORIENTED_EDGE('',*,*,#897,.F.);
#1807 = ORIENTED_EDGE('',*,*,#1790,.F.);
#1808 = PLANE('',#1809);
#1809 = AXIS2_PLACEMENT_3D('',#1810,#1811,#1812);
#1810 = CARTESIAN_POINT('',(-12.45,-1.2,0.));
#1811 = DIRECTION('',(0.,1.,0.));
#1812 = DIRECTION('',(1.,0.,0.));
#1813 = ADVANCED_FACE('',(#1814),#1825,.F.);
#1814 = FACE_BOUND('',#1815,.F.);
#1815 = EDGE_LOOP('',(#1816,#1817,#1818,#1819));
#1816 = ORIENTED_EDGE('',*,*,#1740,.F.);
#1817 = ORIENTED_EDGE('',*,*,#969,.T.);
#1818 = ORIENTED_EDGE('',*,*,#1631,.T.);
#1819 = ORIENTED_EDGE('',*,*,#1820,.F.);
#1820 = EDGE_CURVE('',#1733,#1632,#1821,.T.);
#1821 = LINE('',#1822,#1823);
#1822 = CARTESIAN_POINT('',(-12.699999,-0.95,2.5));
#1823 = VECTOR('',#1824,1.);
#1824 = DIRECTION('',(-0.,-0.,-1.));
#1825 = PLANE('',#1826);
#1826 = AXIS2_PLACEMENT_3D('',#1827,#1828,#1829);
#1827 = CARTESIAN_POINT('',(-12.719999,-0.97015616,2.5));
#1828 = DIRECTION('',(0.709851223317,-0.704351645668,0.));
#1829 = DIRECTION('',(0.704351645668,0.709851223317,0.));
#1830 = ADVANCED_FACE('',(#1831),#1842,.F.);
#1831 = FACE_BOUND('',#1832,.F.);
#1832 = EDGE_LOOP('',(#1833,#1834,#1835,#1841));
#1833 = ORIENTED_EDGE('',*,*,#1055,.F.);
#1834 = ORIENTED_EDGE('',*,*,#1079,.T.);
#1835 = ORIENTED_EDGE('',*,*,#1836,.T.);
#1836 = EDGE_CURVE('',#1080,#1000,#1837,.T.);
#1837 = LINE('',#1838,#1839);
#1838 = CARTESIAN_POINT('',(-14.99,-1.2,0.));
#1839 = VECTOR('',#1840,1.);
#1840 = DIRECTION('',(1.,0.,0.));
#1841 = ORIENTED_EDGE('',*,*,#999,.T.);
#1842 = PLANE('',#1843);
#1843 = AXIS2_PLACEMENT_3D('',#1844,#1845,#1846);
#1844 = CARTESIAN_POINT('',(-13.96028525391,-2.2E-16,0.));
#1845 = DIRECTION('',(0.,0.,1.));
#1846 = DIRECTION('',(1.,0.,0.));
#1847 = ADVANCED_FACE('',(#1848),#1854,.F.);
#1848 = FACE_BOUND('',#1849,.F.);
#1849 = EDGE_LOOP('',(#1850,#1851,#1852,#1853));
#1850 = ORIENTED_EDGE('',*,*,#1121,.T.);
#1851 = ORIENTED_EDGE('',*,*,#1566,.T.);
#1852 = ORIENTED_EDGE('',*,*,#1009,.F.);
#1853 = ORIENTED_EDGE('',*,*,#1836,.F.);
#1854 = PLANE('',#1855);
#1855 = AXIS2_PLACEMENT_3D('',#1856,#1857,#1858);
#1856 = CARTESIAN_POINT('',(-14.99,-1.2,0.));
#1857 = DIRECTION('',(0.,1.,0.));
#1858 = DIRECTION('',(1.,0.,0.));
#1859 = ADVANCED_FACE('',(#1860),#1871,.T.);
#1860 = FACE_BOUND('',#1861,.T.);
#1861 = EDGE_LOOP('',(#1862,#1863,#1864,#1870));
#1862 = ORIENTED_EDGE('',*,*,#1772,.T.);
#1863 = ORIENTED_EDGE('',*,*,#1607,.T.);
#1864 = ORIENTED_EDGE('',*,*,#1865,.F.);
#1865 = EDGE_CURVE('',#1717,#1610,#1866,.T.);
#1866 = LINE('',#1867,#1868);
#1867 = CARTESIAN_POINT('',(-12.67992076818,0.970078231819,2.5));
#1868 = VECTOR('',#1869,1.);
#1869 = DIRECTION('',(-0.,-0.,-1.));
#1870 = ORIENTED_EDGE('',*,*,#1716,.F.);
#1871 = PLANE('',#1872);
#1872 = AXIS2_PLACEMENT_3D('',#1873,#1874,#1875);
#1873 = CARTESIAN_POINT('',(-12.699999,0.95,2.5));
#1874 = DIRECTION('',(0.707106781187,-0.707106781186,0.));
#1875 = DIRECTION('',(0.707106781186,0.707106781187,0.));
#1876 = ADVANCED_FACE('',(#1877),#1888,.T.);
#1877 = FACE_BOUND('',#1878,.T.);
#1878 = EDGE_LOOP('',(#1879,#1880,#1881,#1887));
#1879 = ORIENTED_EDGE('',*,*,#1865,.T.);
#1880 = ORIENTED_EDGE('',*,*,#1647,.T.);
#1881 = ORIENTED_EDGE('',*,*,#1882,.F.);
#1882 = EDGE_CURVE('',#1725,#1640,#1883,.T.);
#1883 = LINE('',#1884,#1885);
#1884 = CARTESIAN_POINT('',(-12.67992076818,-0.970078231819,2.5));
#1885 = VECTOR('',#1886,1.);
#1886 = DIRECTION('',(-0.,-0.,-1.));
#1887 = ORIENTED_EDGE('',*,*,#1724,.F.);
#1888 = PLANE('',#1889);
#1889 = AXIS2_PLACEMENT_3D('',#1890,#1891,#1892);
#1890 = CARTESIAN_POINT('',(-12.67992076818,0.970078231819,2.5));
#1891 = DIRECTION('',(-1.,0.,0.));
#1892 = DIRECTION('',(0.,-1.,0.));
#1893 = ADVANCED_FACE('',(#1894),#1900,.F.);
#1894 = FACE_BOUND('',#1895,.F.);
#1895 = EDGE_LOOP('',(#1896,#1897,#1898,#1899));
#1896 = ORIENTED_EDGE('',*,*,#1820,.T.);
#1897 = ORIENTED_EDGE('',*,*,#1639,.T.);
#1898 = ORIENTED_EDGE('',*,*,#1882,.F.);
#1899 = ORIENTED_EDGE('',*,*,#1732,.F.);
#1900 = PLANE('',#1901);
#1901 = AXIS2_PLACEMENT_3D('',#1902,#1903,#1904);
#1902 = CARTESIAN_POINT('',(-12.699999,-0.95,2.5));
#1903 = DIRECTION('',(-0.707106781187,-0.707106781187,0.));
#1904 = DIRECTION('',(0.707106781187,-0.707106781187,0.));
#1905 = ( GEOMETRIC_REPRESENTATION_CONTEXT(3) 
GLOBAL_UNCERTAINTY_ASSIGNED_CONTEXT((#1909)) 
GLOBAL_UNIT_ASSIGNED_CONTEXT((#1906,#1907,#1908)) REPRESENTATION_CONTEXT
('Context #1','3D Context with UNIT and UNCERTAINTY') );
#1906 = ( LENGTH_UNIT() NAMED_UNIT(*) SI_UNIT(.MILLI.,.METRE.) );
#1907 = ( NAMED_UNIT(*) PLANE_ANGLE_UNIT() SI_UNIT($,.RADIAN.) );
#1908 = ( NAMED_UNIT(*) SI_UNIT($,.STERADIAN.) SOLID_ANGLE_UNIT() );
#1909 = UNCERTAINTY_MEASURE_WITH_UNIT(LENGTH_MEASURE(1.E-07),#1906,
  'distance_accuracy_value','confusion accuracy');
#1910 = CONTEXT_DEPENDENT_SHAPE_REPRESENTATION(#1911,#1913);
#1911 = ( REPRESENTATION_RELATIONSHIP('','',#44,#10) 
REPRESENTATION_RELATIONSHIP_WITH_TRANSFORMATION(#1912) 
SHAPE_REPRESENTATION_RELATIONSHIP() );
#1912 = ITEM_DEFINED_TRANSFORMATION('','',#11,#15);
#1913 = PRODUCT_DEFINITION_SHAPE('Placement','Placement of an item',
  #1914);
#1914 = NEXT_ASSEMBLY_USAGE_OCCURRENCE('1','=>[0:1:1:1]','',#5,#39,$);
#1915 = PRODUCT_RELATED_PRODUCT_CATEGORY('part',$,(#41));
#1916 = SHAPE_DEFINITION_REPRESENTATION(#1917,#1923);
#1917 = PRODUCT_DEFINITION_SHAPE('','',#1918);
#1918 = PRODUCT_DEFINITION('design','',#1919,#1922);
#1919 = PRODUCT_DEFINITION_FORMATION('','',#1920);
#1920 = PRODUCT('Pin01','Pin01','',(#1921));
#1921 = PRODUCT_CONTEXT('',#2,'mechanical');
#1922 = PRODUCT_DEFINITION_CONTEXT('part definition',#2,'design');
#1923 = ADVANCED_BREP_SHAPE_REPRESENTATION('',(#11,#1924),#2258);
#1924 = MANIFOLD_SOLID_BREP('',#1925);
#1925 = CLOSED_SHELL('',(#1926,#1966,#1997,#2028,#2057,#2086,#2108,#2131
    ,#2154,#2177,#2200,#2217,#2234,#2246));
#1926 = ADVANCED_FACE('',(#1927),#1961,.F.);
#1927 = FACE_BOUND('',#1928,.F.);
#1928 = EDGE_LOOP('',(#1929,#1939,#1947,#1955));
#1929 = ORIENTED_EDGE('',*,*,#1930,.T.);
#1930 = EDGE_CURVE('',#1931,#1933,#1935,.T.);
#1931 = VERTEX_POINT('',#1932);
#1932 = CARTESIAN_POINT('',(-0.32,0.32,0.));
#1933 = VERTEX_POINT('',#1934);
#1934 = CARTESIAN_POINT('',(-0.32,0.32,10.5));
#1935 = LINE('',#1936,#1937);
#1936 = CARTESIAN_POINT('',(-0.32,0.32,0.));
#1937 = VECTOR('',#1938,1.);
#1938 = DIRECTION('',(0.,0.,1.));
#1939 = ORIENTED_EDGE('',*,*,#1940,.T.);
#1940 = EDGE_CURVE('',#1933,#1941,#1943,.T.);
#1941 = VERTEX_POINT('',#1942);
#1942 = CARTESIAN_POINT('',(-0.32,-0.32,10.5));
#1943 = LINE('',#1944,#1945);
#1944 = CARTESIAN_POINT('',(-0.32,0.32,10.5));
#1945 = VECTOR('',#1946,1.);
#1946 = DIRECTION('',(0.,-1.,0.));
#1947 = ORIENTED_EDGE('',*,*,#1948,.F.);
#1948 = EDGE_CURVE('',#1949,#1941,#1951,.T.);
#1949 = VERTEX_POINT('',#1950);
#1950 = CARTESIAN_POINT('',(-0.32,-0.32,0.));
#1951 = LINE('',#1952,#1953);
#1952 = CARTESIAN_POINT('',(-0.32,-0.32,0.));
#1953 = VECTOR('',#1954,1.);
#1954 = DIRECTION('',(0.,0.,1.));
#1955 = ORIENTED_EDGE('',*,*,#1956,.F.);
#1956 = EDGE_CURVE('',#1931,#1949,#1957,.T.);
#1957 = LINE('',#1958,#1959);
#1958 = CARTESIAN_POINT('',(-0.32,0.32,0.));
#1959 = VECTOR('',#1960,1.);
#1960 = DIRECTION('',(0.,-1.,0.));
#1961 = PLANE('',#1962);
#1962 = AXIS2_PLACEMENT_3D('',#1963,#1964,#1965);
#1963 = CARTESIAN_POINT('',(-0.32,0.32,0.));
#1964 = DIRECTION('',(1.,0.,0.));
#1965 = DIRECTION('',(0.,-1.,0.));
#1966 = ADVANCED_FACE('',(#1967),#1992,.F.);
#1967 = FACE_BOUND('',#1968,.F.);
#1968 = EDGE_LOOP('',(#1969,#1979,#1985,#1986));
#1969 = ORIENTED_EDGE('',*,*,#1970,.T.);
#1970 = EDGE_CURVE('',#1971,#1973,#1975,.T.);
#1971 = VERTEX_POINT('',#1972);
#1972 = CARTESIAN_POINT('',(0.32,0.32,0.));
#1973 = VERTEX_POINT('',#1974);
#1974 = CARTESIAN_POINT('',(0.32,0.32,10.5));
#1975 = LINE('',#1976,#1977);
#1976 = CARTESIAN_POINT('',(0.32,0.32,0.));
#1977 = VECTOR('',#1978,1.);
#1978 = DIRECTION('',(0.,0.,1.));
#1979 = ORIENTED_EDGE('',*,*,#1980,.T.);
#1980 = EDGE_CURVE('',#1973,#1933,#1981,.T.);
#1981 = LINE('',#1982,#1983);
#1982 = CARTESIAN_POINT('',(0.32,0.32,10.5));
#1983 = VECTOR('',#1984,1.);
#1984 = DIRECTION('',(-1.,0.,0.));
#1985 = ORIENTED_EDGE('',*,*,#1930,.F.);
#1986 = ORIENTED_EDGE('',*,*,#1987,.F.);
#1987 = EDGE_CURVE('',#1971,#1931,#1988,.T.);
#1988 = LINE('',#1989,#1990);
#1989 = CARTESIAN_POINT('',(0.32,0.32,0.));
#1990 = VECTOR('',#1991,1.);
#1991 = DIRECTION('',(-1.,0.,0.));
#1992 = PLANE('',#1993);
#1993 = AXIS2_PLACEMENT_3D('',#1994,#1995,#1996);
#1994 = CARTESIAN_POINT('',(0.32,0.32,0.));
#1995 = DIRECTION('',(0.,-1.,0.));
#1996 = DIRECTION('',(-1.,0.,0.));
#1997 = ADVANCED_FACE('',(#1998),#2023,.F.);
#1998 = FACE_BOUND('',#1999,.F.);
#1999 = EDGE_LOOP('',(#2000,#2001,#2009,#2017));
#2000 = ORIENTED_EDGE('',*,*,#1948,.T.);
#2001 = ORIENTED_EDGE('',*,*,#2002,.T.);
#2002 = EDGE_CURVE('',#1941,#2003,#2005,.T.);
#2003 = VERTEX_POINT('',#2004);
#2004 = CARTESIAN_POINT('',(0.32,-0.32,10.5));
#2005 = LINE('',#2006,#2007);
#2006 = CARTESIAN_POINT('',(-0.32,-0.32,10.5));
#2007 = VECTOR('',#2008,1.);
#2008 = DIRECTION('',(1.,0.,0.));
#2009 = ORIENTED_EDGE('',*,*,#2010,.F.);
#2010 = EDGE_CURVE('',#2011,#2003,#2013,.T.);
#2011 = VERTEX_POINT('',#2012);
#2012 = CARTESIAN_POINT('',(0.32,-0.32,0.));
#2013 = LINE('',#2014,#2015);
#2014 = CARTESIAN_POINT('',(0.32,-0.32,0.));
#2015 = VECTOR('',#2016,1.);
#2016 = DIRECTION('',(0.,0.,1.));
#2017 = ORIENTED_EDGE('',*,*,#2018,.F.);
#2018 = EDGE_CURVE('',#1949,#2011,#2019,.T.);
#2019 = LINE('',#2020,#2021);
#2020 = CARTESIAN_POINT('',(-0.32,-0.32,0.));
#2021 = VECTOR('',#2022,1.);
#2022 = DIRECTION('',(1.,0.,0.));
#2023 = PLANE('',#2024);
#2024 = AXIS2_PLACEMENT_3D('',#2025,#2026,#2027);
#2025 = CARTESIAN_POINT('',(-0.32,-0.32,0.));
#2026 = DIRECTION('',(0.,1.,0.));
#2027 = DIRECTION('',(1.,0.,0.));
#2028 = ADVANCED_FACE('',(#2029),#2052,.T.);
#2029 = FACE_BOUND('',#2030,.T.);
#2030 = EDGE_LOOP('',(#2031,#2032,#2039,#2047));
#2031 = ORIENTED_EDGE('',*,*,#1956,.F.);
#2032 = ORIENTED_EDGE('',*,*,#2033,.T.);
#2033 = EDGE_CURVE('',#1931,#2034,#2036,.T.);
#2034 = VERTEX_POINT('',#2035);
#2035 = CARTESIAN_POINT('',(-0.14514,0.14514,-0.5));
#2036 = B_SPLINE_CURVE_WITH_KNOTS('',1,(#2037,#2038),.UNSPECIFIED.,.F.,
  .F.,(2,2),(0.,1.),.PIECEWISE_BEZIER_KNOTS.);
#2037 = CARTESIAN_POINT('',(-0.32,0.32,0.));
#2038 = CARTESIAN_POINT('',(-0.14514,0.14514,-0.5));
#2039 = ORIENTED_EDGE('',*,*,#2040,.F.);
#2040 = EDGE_CURVE('',#2041,#2034,#2043,.T.);
#2041 = VERTEX_POINT('',#2042);
#2042 = CARTESIAN_POINT('',(-0.14514,-0.14514,-0.5));
#2043 = LINE('',#2044,#2045);
#2044 = CARTESIAN_POINT('',(-0.14514,-0.14514,-0.5));
#2045 = VECTOR('',#2046,1.);
#2046 = DIRECTION('',(0.,1.,0.));
#2047 = ORIENTED_EDGE('',*,*,#2048,.F.);
#2048 = EDGE_CURVE('',#1949,#2041,#2049,.T.);
#2049 = B_SPLINE_CURVE_WITH_KNOTS('',1,(#2050,#2051),.UNSPECIFIED.,.F.,
  .F.,(2,2),(0.,1.),.PIECEWISE_BEZIER_KNOTS.);
#2050 = CARTESIAN_POINT('',(-0.32,-0.32,0.));
#2051 = CARTESIAN_POINT('',(-0.14514,-0.14514,-0.5));
#2052 = B_SPLINE_SURFACE_WITH_KNOTS('',1,1,(
    (#2053,#2054)
    ,(#2055,#2056
    )),.UNSPECIFIED.,.F.,.F.,.F.,(2,2),(2,2),(0.,0.64),(0.,1.),
  .PIECEWISE_BEZIER_KNOTS.);
#2053 = CARTESIAN_POINT('',(-0.32,-0.32,0.));
#2054 = CARTESIAN_POINT('',(-0.14514,-0.14514,-0.5));
#2055 = CARTESIAN_POINT('',(-0.32,0.32,0.));
#2056 = CARTESIAN_POINT('',(-0.14514,0.14514,-0.5));
#2057 = ADVANCED_FACE('',(#2058),#2081,.F.);
#2058 = FACE_BOUND('',#2059,.F.);
#2059 = EDGE_LOOP('',(#2060,#2070,#2075,#2076));
#2060 = ORIENTED_EDGE('',*,*,#2061,.T.);
#2061 = EDGE_CURVE('',#2062,#2064,#2066,.T.);
#2062 = VERTEX_POINT('',#2063);
#2063 = CARTESIAN_POINT('',(-0.153217,0.149879,11.));
#2064 = VERTEX_POINT('',#2065);
#2065 = CARTESIAN_POINT('',(-0.153217,-0.149879,11.));
#2066 = LINE('',#2067,#2068);
#2067 = CARTESIAN_POINT('',(-0.153217,0.149879,11.));
#2068 = VECTOR('',#2069,1.);
#2069 = DIRECTION('',(0.,-1.,0.));
#2070 = ORIENTED_EDGE('',*,*,#2071,.T.);
#2071 = EDGE_CURVE('',#2064,#1941,#2072,.T.);
#2072 = B_SPLINE_CURVE_WITH_KNOTS('',1,(#2073,#2074),.UNSPECIFIED.,.F.,
  .F.,(2,2),(0.,1.),.PIECEWISE_BEZIER_KNOTS.);
#2073 = CARTESIAN_POINT('',(-0.153217,-0.149879,11.));
#2074 = CARTESIAN_POINT('',(-0.32,-0.32,10.5));
#2075 = ORIENTED_EDGE('',*,*,#1940,.F.);
#2076 = ORIENTED_EDGE('',*,*,#2077,.F.);
#2077 = EDGE_CURVE('',#2062,#1933,#2078,.T.);
#2078 = B_SPLINE_CURVE_WITH_KNOTS('',1,(#2079,#2080),.UNSPECIFIED.,.F.,
  .F.,(2,2),(0.,1.),.PIECEWISE_BEZIER_KNOTS.);
#2079 = CARTESIAN_POINT('',(-0.153217,0.149879,11.));
#2080 = CARTESIAN_POINT('',(-0.32,0.32,10.5));
#2081 = B_SPLINE_SURFACE_WITH_KNOTS('',1,1,(
    (#2082,#2083)
    ,(#2084,#2085
    )),.UNSPECIFIED.,.F.,.F.,.F.,(2,2),(2,2),(0.,0.64),(0.,1.),
  .PIECEWISE_BEZIER_KNOTS.);
#2082 = CARTESIAN_POINT('',(-0.153217,0.149879,11.));
#2083 = CARTESIAN_POINT('',(-0.32,0.32,10.5));
#2084 = CARTESIAN_POINT('',(-0.153217,-0.149879,11.));
#2085 = CARTESIAN_POINT('',(-0.32,-0.32,10.5));
#2086 = ADVANCED_FACE('',(#2087),#2103,.F.);
#2087 = FACE_BOUND('',#2088,.F.);
#2088 = EDGE_LOOP('',(#2089,#2090,#2096,#2097));
#2089 = ORIENTED_EDGE('',*,*,#2010,.T.);
#2090 = ORIENTED_EDGE('',*,*,#2091,.T.);
#2091 = EDGE_CURVE('',#2003,#1973,#2092,.T.);
#2092 = LINE('',#2093,#2094);
#2093 = CARTESIAN_POINT('',(0.32,-0.32,10.5));
#2094 = VECTOR('',#2095,1.);
#2095 = DIRECTION('',(0.,1.,0.));
#2096 = ORIENTED_EDGE('',*,*,#1970,.F.);
#2097 = ORIENTED_EDGE('',*,*,#2098,.F.);
#2098 = EDGE_CURVE('',#2011,#1971,#2099,.T.);
#2099 = LINE('',#2100,#2101);
#2100 = CARTESIAN_POINT('',(0.32,-0.32,0.));
#2101 = VECTOR('',#2102,1.);
#2102 = DIRECTION('',(0.,1.,0.));
#2103 = PLANE('',#2104);
#2104 = AXIS2_PLACEMENT_3D('',#2105,#2106,#2107);
#2105 = CARTESIAN_POINT('',(0.32,-0.32,0.));
#2106 = DIRECTION('',(-1.,0.,0.));
#2107 = DIRECTION('',(0.,1.,0.));
#2108 = ADVANCED_FACE('',(#2109),#2126,.T.);
#2109 = FACE_BOUND('',#2110,.T.);
#2110 = EDGE_LOOP('',(#2111,#2112,#2119,#2125));
#2111 = ORIENTED_EDGE('',*,*,#1987,.F.);
#2112 = ORIENTED_EDGE('',*,*,#2113,.T.);
#2113 = EDGE_CURVE('',#1971,#2114,#2116,.T.);
#2114 = VERTEX_POINT('',#2115);
#2115 = CARTESIAN_POINT('',(0.14514,0.14514,-0.5));
#2116 = B_SPLINE_CURVE_WITH_KNOTS('',1,(#2117,#2118),.UNSPECIFIED.,.F.,
  .F.,(2,2),(0.,1.),.PIECEWISE_BEZIER_KNOTS.);
#2117 = CARTESIAN_POINT('',(0.32,0.32,0.));
#2118 = CARTESIAN_POINT('',(0.14514,0.14514,-0.5));
#2119 = ORIENTED_EDGE('',*,*,#2120,.F.);
#2120 = EDGE_CURVE('',#2034,#2114,#2121,.T.);
#2121 = LINE('',#2122,#2123);
#2122 = CARTESIAN_POINT('',(-0.14514,0.14514,-0.5));
#2123 = VECTOR('',#2124,1.);
#2124 = DIRECTION('',(1.,0.,0.));
#2125 = ORIENTED_EDGE('',*,*,#2033,.F.);
#2126 = B_SPLINE_SURFACE_WITH_KNOTS('',1,1,(
    (#2127,#2128)
    ,(#2129,#2130
    )),.UNSPECIFIED.,.F.,.F.,.F.,(2,2),(2,2),(0.,0.64),(0.,1.),
  .PIECEWISE_BEZIER_KNOTS.);
#2127 = CARTESIAN_POINT('',(-0.32,0.32,0.));
#2128 = CARTESIAN_POINT('',(-0.14514,0.14514,-0.5));
#2129 = CARTESIAN_POINT('',(0.32,0.32,0.));
#2130 = CARTESIAN_POINT('',(0.14514,0.14514,-0.5));
#2131 = ADVANCED_FACE('',(#2132),#2149,.F.);
#2132 = FACE_BOUND('',#2133,.F.);
#2133 = EDGE_LOOP('',(#2134,#2142,#2143,#2144));
#2134 = ORIENTED_EDGE('',*,*,#2135,.T.);
#2135 = EDGE_CURVE('',#2136,#2062,#2138,.T.);
#2136 = VERTEX_POINT('',#2137);
#2137 = CARTESIAN_POINT('',(0.153217,0.149879,11.));
#2138 = LINE('',#2139,#2140);
#2139 = CARTESIAN_POINT('',(0.153217,0.149879,11.));
#2140 = VECTOR('',#2141,1.);
#2141 = DIRECTION('',(-1.,0.,0.));
#2142 = ORIENTED_EDGE('',*,*,#2077,.T.);
#2143 = ORIENTED_EDGE('',*,*,#1980,.F.);
#2144 = ORIENTED_EDGE('',*,*,#2145,.F.);
#2145 = EDGE_CURVE('',#2136,#1973,#2146,.T.);
#2146 = B_SPLINE_CURVE_WITH_KNOTS('',1,(#2147,#2148),.UNSPECIFIED.,.F.,
  .F.,(2,2),(0.,1.),.PIECEWISE_BEZIER_KNOTS.);
#2147 = CARTESIAN_POINT('',(0.153217,0.149879,11.));
#2148 = CARTESIAN_POINT('',(0.32,0.32,10.5));
#2149 = B_SPLINE_SURFACE_WITH_KNOTS('',1,1,(
    (#2150,#2151)
    ,(#2152,#2153
    )),.UNSPECIFIED.,.F.,.F.,.F.,(2,2),(2,2),(0.,0.64),(0.,1.),
  .PIECEWISE_BEZIER_KNOTS.);
#2150 = CARTESIAN_POINT('',(0.153217,0.149879,11.));
#2151 = CARTESIAN_POINT('',(0.32,0.32,10.5));
#2152 = CARTESIAN_POINT('',(-0.153217,0.149879,11.));
#2153 = CARTESIAN_POINT('',(-0.32,0.32,10.5));
#2154 = ADVANCED_FACE('',(#2155),#2172,.T.);
#2155 = FACE_BOUND('',#2156,.T.);
#2156 = EDGE_LOOP('',(#2157,#2158,#2159,#2167));
#2157 = ORIENTED_EDGE('',*,*,#2018,.F.);
#2158 = ORIENTED_EDGE('',*,*,#2048,.T.);
#2159 = ORIENTED_EDGE('',*,*,#2160,.F.);
#2160 = EDGE_CURVE('',#2161,#2041,#2163,.T.);
#2161 = VERTEX_POINT('',#2162);
#2162 = CARTESIAN_POINT('',(0.14514,-0.14514,-0.5));
#2163 = LINE('',#2164,#2165);
#2164 = CARTESIAN_POINT('',(0.14514,-0.14514,-0.5));
#2165 = VECTOR('',#2166,1.);
#2166 = DIRECTION('',(-1.,0.,0.));
#2167 = ORIENTED_EDGE('',*,*,#2168,.F.);
#2168 = EDGE_CURVE('',#2011,#2161,#2169,.T.);
#2169 = B_SPLINE_CURVE_WITH_KNOTS('',1,(#2170,#2171),.UNSPECIFIED.,.F.,
  .F.,(2,2),(0.,1.),.PIECEWISE_BEZIER_KNOTS.);
#2170 = CARTESIAN_POINT('',(0.32,-0.32,0.));
#2171 = CARTESIAN_POINT('',(0.14514,-0.14514,-0.5));
#2172 = B_SPLINE_SURFACE_WITH_KNOTS('',1,1,(
    (#2173,#2174)
    ,(#2175,#2176
    )),.UNSPECIFIED.,.F.,.F.,.F.,(2,2),(2,2),(0.,0.64),(0.,1.),
  .PIECEWISE_BEZIER_KNOTS.);
#2173 = CARTESIAN_POINT('',(0.32,-0.32,0.));
#2174 = CARTESIAN_POINT('',(0.14514,-0.14514,-0.5));
#2175 = CARTESIAN_POINT('',(-0.32,-0.32,0.));
#2176 = CARTESIAN_POINT('',(-0.14514,-0.14514,-0.5));
#2177 = ADVANCED_FACE('',(#2178),#2195,.F.);
#2178 = FACE_BOUND('',#2179,.F.);
#2179 = EDGE_LOOP('',(#2180,#2188,#2193,#2194));
#2180 = ORIENTED_EDGE('',*,*,#2181,.T.);
#2181 = EDGE_CURVE('',#2064,#2182,#2184,.T.);
#2182 = VERTEX_POINT('',#2183);
#2183 = CARTESIAN_POINT('',(0.153217,-0.149879,11.));
#2184 = LINE('',#2185,#2186);
#2185 = CARTESIAN_POINT('',(-0.153217,-0.149879,11.));
#2186 = VECTOR('',#2187,1.);
#2187 = DIRECTION('',(1.,0.,0.));
#2188 = ORIENTED_EDGE('',*,*,#2189,.T.);
#2189 = EDGE_CURVE('',#2182,#2003,#2190,.T.);
#2190 = B_SPLINE_CURVE_WITH_KNOTS('',1,(#2191,#2192),.UNSPECIFIED.,.F.,
  .F.,(2,2),(0.,1.),.PIECEWISE_BEZIER_KNOTS.);
#2191 = CARTESIAN_POINT('',(0.153217,-0.149879,11.));
#2192 = CARTESIAN_POINT('',(0.32,-0.32,10.5));
#2193 = ORIENTED_EDGE('',*,*,#2002,.F.);
#2194 = ORIENTED_EDGE('',*,*,#2071,.F.);
#2195 = B_SPLINE_SURFACE_WITH_KNOTS('',1,1,(
    (#2196,#2197)
    ,(#2198,#2199
    )),.UNSPECIFIED.,.F.,.F.,.F.,(2,2),(2,2),(0.,0.64),(0.,1.),
  .PIECEWISE_BEZIER_KNOTS.);
#2196 = CARTESIAN_POINT('',(-0.153217,-0.149879,11.));
#2197 = CARTESIAN_POINT('',(-0.32,-0.32,10.5));
#2198 = CARTESIAN_POINT('',(0.153217,-0.149879,11.));
#2199 = CARTESIAN_POINT('',(0.32,-0.32,10.5));
#2200 = ADVANCED_FACE('',(#2201),#2212,.T.);
#2201 = FACE_BOUND('',#2202,.T.);
#2202 = EDGE_LOOP('',(#2203,#2204,#2205,#2211));
#2203 = ORIENTED_EDGE('',*,*,#2040,.T.);
#2204 = ORIENTED_EDGE('',*,*,#2120,.T.);
#2205 = ORIENTED_EDGE('',*,*,#2206,.T.);
#2206 = EDGE_CURVE('',#2114,#2161,#2207,.T.);
#2207 = LINE('',#2208,#2209);
#2208 = CARTESIAN_POINT('',(0.14514,0.14514,-0.5));
#2209 = VECTOR('',#2210,1.);
#2210 = DIRECTION('',(0.,-1.,0.));
#2211 = ORIENTED_EDGE('',*,*,#2160,.T.);
#2212 = PLANE('',#2213);
#2213 = AXIS2_PLACEMENT_3D('',#2214,#2215,#2216);
#2214 = CARTESIAN_POINT('',(1.E-17,-1.E-17,-0.5));
#2215 = DIRECTION('',(-0.,-0.,-1.));
#2216 = DIRECTION('',(-1.,0.,0.));
#2217 = ADVANCED_FACE('',(#2218),#2229,.T.);
#2218 = FACE_BOUND('',#2219,.T.);
#2219 = EDGE_LOOP('',(#2220,#2221,#2222,#2228));
#2220 = ORIENTED_EDGE('',*,*,#2061,.T.);
#2221 = ORIENTED_EDGE('',*,*,#2181,.T.);
#2222 = ORIENTED_EDGE('',*,*,#2223,.T.);
#2223 = EDGE_CURVE('',#2182,#2136,#2224,.T.);
#2224 = LINE('',#2225,#2226);
#2225 = CARTESIAN_POINT('',(0.153217,-0.149879,11.));
#2226 = VECTOR('',#2227,1.);
#2227 = DIRECTION('',(0.,1.,0.));
#2228 = ORIENTED_EDGE('',*,*,#2135,.T.);
#2229 = PLANE('',#2230);
#2230 = AXIS2_PLACEMENT_3D('',#2231,#2232,#2233);
#2231 = CARTESIAN_POINT('',(0.,0.,11.));
#2232 = DIRECTION('',(0.,0.,1.));
#2233 = DIRECTION('',(0.,1.,0.));
#2234 = ADVANCED_FACE('',(#2235),#2241,.T.);
#2235 = FACE_BOUND('',#2236,.T.);
#2236 = EDGE_LOOP('',(#2237,#2238,#2239,#2240));
#2237 = ORIENTED_EDGE('',*,*,#2098,.F.);
#2238 = ORIENTED_EDGE('',*,*,#2168,.T.);
#2239 = ORIENTED_EDGE('',*,*,#2206,.F.);
#2240 = ORIENTED_EDGE('',*,*,#2113,.F.);
#2241 = B_SPLINE_SURFACE_WITH_KNOTS('',1,1,(
    (#2242,#2243)
    ,(#2244,#2245
    )),.UNSPECIFIED.,.F.,.F.,.F.,(2,2),(2,2),(0.,0.64),(0.,1.),
  .PIECEWISE_BEZIER_KNOTS.);
#2242 = CARTESIAN_POINT('',(0.32,0.32,0.));
#2243 = CARTESIAN_POINT('',(0.14514,0.14514,-0.5));
#2244 = CARTESIAN_POINT('',(0.32,-0.32,0.));
#2245 = CARTESIAN_POINT('',(0.14514,-0.14514,-0.5));
#2246 = ADVANCED_FACE('',(#2247),#2253,.F.);
#2247 = FACE_BOUND('',#2248,.F.);
#2248 = EDGE_LOOP('',(#2249,#2250,#2251,#2252));
#2249 = ORIENTED_EDGE('',*,*,#2223,.T.);
#2250 = ORIENTED_EDGE('',*,*,#2145,.T.);
#2251 = ORIENTED_EDGE('',*,*,#2091,.F.);
#2252 = ORIENTED_EDGE('',*,*,#2189,.F.);
#2253 = B_SPLINE_SURFACE_WITH_KNOTS('',1,1,(
    (#2254,#2255)
    ,(#2256,#2257
    )),.UNSPECIFIED.,.F.,.F.,.F.,(2,2),(2,2),(0.,0.64),(0.,1.),
  .PIECEWISE_BEZIER_KNOTS.);
#2254 = CARTESIAN_POINT('',(0.153217,-0.149879,11.));
#2255 = CARTESIAN_POINT('',(0.32,-0.32,10.5));
#2256 = CARTESIAN_POINT('',(0.153217,0.149879,11.));
#2257 = CARTESIAN_POINT('',(0.32,0.32,10.5));
#2258 = ( GEOMETRIC_REPRESENTATION_CONTEXT(3) 
GLOBAL_UNCERTAINTY_ASSIGNED_CONTEXT((#2262)) 
GLOBAL_UNIT_ASSIGNED_CONTEXT((#2259,#2260,#2261)) REPRESENTATION_CONTEXT
('Context #1','3D Context with UNIT and UNCERTAINTY') );
#2259 = ( LENGTH_UNIT() NAMED_UNIT(*) SI_UNIT(.MILLI.,.METRE.) );
#2260 = ( NAMED_UNIT(*) PLANE_ANGLE_UNIT() SI_UNIT($,.RADIAN.) );
#2261 = ( NAMED_UNIT(*) SI_UNIT($,.STERADIAN.) SOLID_ANGLE_UNIT() );
#2262 = UNCERTAINTY_MEASURE_WITH_UNIT(LENGTH_MEASURE(1.E-07),#2259,
  'distance_accuracy_value','confusion accuracy');
#2263 = CONTEXT_DEPENDENT_SHAPE_REPRESENTATION(#2264,#2266);
#2264 = ( REPRESENTATION_RELATIONSHIP('','',#1923,#10) 
REPRESENTATION_RELATIONSHIP_WITH_TRANSFORMATION(#2265) 
SHAPE_REPRESENTATION_RELATIONSHIP() );
#2265 = ITEM_DEFINED_TRANSFORMATION('','',#11,#19);
#2266 = PRODUCT_DEFINITION_SHAPE('Placement','Placement of an item',
  #2267);
#2267 = NEXT_ASSEMBLY_USAGE_OCCURRENCE('2','=>[0:1:1:2]','',#5,#1918,$);
#2268 = PRODUCT_RELATED_PRODUCT_CATEGORY('part',$,(#1920));
#2269 = SHAPE_DEFINITION_REPRESENTATION(#2270,#2276);
#2270 = PRODUCT_DEFINITION_SHAPE('','',#2271);
#2271 = PRODUCT_DEFINITION('design','',#2272,#2275);
#2272 = PRODUCT_DEFINITION_FORMATION('','',#2273);
#2273 = PRODUCT('Pin002','Pin002','',(#2274));
#2274 = PRODUCT_CONTEXT('',#2,'mechanical');
#2275 = PRODUCT_DEFINITION_CONTEXT('part definition',#2,'design');
#2276 = ADVANCED_BREP_SHAPE_REPRESENTATION('',(#11,#2277),#2611);
#2277 = MANIFOLD_SOLID_BREP('',#2278);
#2278 = CLOSED_SHELL('',(#2279,#2319,#2350,#2381,#2410,#2439,#2461,#2484
    ,#2507,#2530,#2553,#2570,#2587,#2599));
#2279 = ADVANCED_FACE('',(#2280),#2314,.F.);
#2280 = FACE_BOUND('',#2281,.F.);
#2281 = EDGE_LOOP('',(#2282,#2292,#2300,#2308));
#2282 = ORIENTED_EDGE('',*,*,#2283,.T.);
#2283 = EDGE_CURVE('',#2284,#2286,#2288,.T.);
#2284 = VERTEX_POINT('',#2285);
#2285 = CARTESIAN_POINT('',(-0.32,0.32,0.));
#2286 = VERTEX_POINT('',#2287);
#2287 = CARTESIAN_POINT('',(-0.32,0.32,10.5));
#2288 = LINE('',#2289,#2290);
#2289 = CARTESIAN_POINT('',(-0.32,0.32,0.));
#2290 = VECTOR('',#2291,1.);
#2291 = DIRECTION('',(0.,0.,1.));
#2292 = ORIENTED_EDGE('',*,*,#2293,.T.);
#2293 = EDGE_CURVE('',#2286,#2294,#2296,.T.);
#2294 = VERTEX_POINT('',#2295);
#2295 = CARTESIAN_POINT('',(-0.32,-0.32,10.5));
#2296 = LINE('',#2297,#2298);
#2297 = CARTESIAN_POINT('',(-0.32,0.32,10.5));
#2298 = VECTOR('',#2299,1.);
#2299 = DIRECTION('',(0.,-1.,0.));
#2300 = ORIENTED_EDGE('',*,*,#2301,.F.);
#2301 = EDGE_CURVE('',#2302,#2294,#2304,.T.);
#2302 = VERTEX_POINT('',#2303);
#2303 = CARTESIAN_POINT('',(-0.32,-0.32,0.));
#2304 = LINE('',#2305,#2306);
#2305 = CARTESIAN_POINT('',(-0.32,-0.32,0.));
#2306 = VECTOR('',#2307,1.);
#2307 = DIRECTION('',(0.,0.,1.));
#2308 = ORIENTED_EDGE('',*,*,#2309,.F.);
#2309 = EDGE_CURVE('',#2284,#2302,#2310,.T.);
#2310 = LINE('',#2311,#2312);
#2311 = CARTESIAN_POINT('',(-0.32,0.32,0.));
#2312 = VECTOR('',#2313,1.);
#2313 = DIRECTION('',(0.,-1.,0.));
#2314 = PLANE('',#2315);
#2315 = AXIS2_PLACEMENT_3D('',#2316,#2317,#2318);
#2316 = CARTESIAN_POINT('',(-0.32,0.32,0.));
#2317 = DIRECTION('',(1.,0.,0.));
#2318 = DIRECTION('',(0.,-1.,0.));
#2319 = ADVANCED_FACE('',(#2320),#2345,.F.);
#2320 = FACE_BOUND('',#2321,.F.);
#2321 = EDGE_LOOP('',(#2322,#2332,#2338,#2339));
#2322 = ORIENTED_EDGE('',*,*,#2323,.T.);
#2323 = EDGE_CURVE('',#2324,#2326,#2328,.T.);
#2324 = VERTEX_POINT('',#2325);
#2325 = CARTESIAN_POINT('',(0.32,0.32,0.));
#2326 = VERTEX_POINT('',#2327);
#2327 = CARTESIAN_POINT('',(0.32,0.32,10.5));
#2328 = LINE('',#2329,#2330);
#2329 = CARTESIAN_POINT('',(0.32,0.32,0.));
#2330 = VECTOR('',#2331,1.);
#2331 = DIRECTION('',(0.,0.,1.));
#2332 = ORIENTED_EDGE('',*,*,#2333,.T.);
#2333 = EDGE_CURVE('',#2326,#2286,#2334,.T.);
#2334 = LINE('',#2335,#2336);
#2335 = CARTESIAN_POINT('',(0.32,0.32,10.5));
#2336 = VECTOR('',#2337,1.);
#2337 = DIRECTION('',(-1.,0.,0.));
#2338 = ORIENTED_EDGE('',*,*,#2283,.F.);
#2339 = ORIENTED_EDGE('',*,*,#2340,.F.);
#2340 = EDGE_CURVE('',#2324,#2284,#2341,.T.);
#2341 = LINE('',#2342,#2343);
#2342 = CARTESIAN_POINT('',(0.32,0.32,0.));
#2343 = VECTOR('',#2344,1.);
#2344 = DIRECTION('',(-1.,0.,0.));
#2345 = PLANE('',#2346);
#2346 = AXIS2_PLACEMENT_3D('',#2347,#2348,#2349);
#2347 = CARTESIAN_POINT('',(0.32,0.32,0.));
#2348 = DIRECTION('',(0.,-1.,0.));
#2349 = DIRECTION('',(-1.,0.,0.));
#2350 = ADVANCED_FACE('',(#2351),#2376,.F.);
#2351 = FACE_BOUND('',#2352,.F.);
#2352 = EDGE_LOOP('',(#2353,#2354,#2362,#2370));
#2353 = ORIENTED_EDGE('',*,*,#2301,.T.);
#2354 = ORIENTED_EDGE('',*,*,#2355,.T.);
#2355 = EDGE_CURVE('',#2294,#2356,#2358,.T.);
#2356 = VERTEX_POINT('',#2357);
#2357 = CARTESIAN_POINT('',(0.32,-0.32,10.5));
#2358 = LINE('',#2359,#2360);
#2359 = CARTESIAN_POINT('',(-0.32,-0.32,10.5));
#2360 = VECTOR('',#2361,1.);
#2361 = DIRECTION('',(1.,0.,0.));
#2362 = ORIENTED_EDGE('',*,*,#2363,.F.);
#2363 = EDGE_CURVE('',#2364,#2356,#2366,.T.);
#2364 = VERTEX_POINT('',#2365);
#2365 = CARTESIAN_POINT('',(0.32,-0.32,0.));
#2366 = LINE('',#2367,#2368);
#2367 = CARTESIAN_POINT('',(0.32,-0.32,0.));
#2368 = VECTOR('',#2369,1.);
#2369 = DIRECTION('',(0.,0.,1.));
#2370 = ORIENTED_EDGE('',*,*,#2371,.F.);
#2371 = EDGE_CURVE('',#2302,#2364,#2372,.T.);
#2372 = LINE('',#2373,#2374);
#2373 = CARTESIAN_POINT('',(-0.32,-0.32,0.));
#2374 = VECTOR('',#2375,1.);
#2375 = DIRECTION('',(1.,0.,0.));
#2376 = PLANE('',#2377);
#2377 = AXIS2_PLACEMENT_3D('',#2378,#2379,#2380);
#2378 = CARTESIAN_POINT('',(-0.32,-0.32,0.));
#2379 = DIRECTION('',(0.,1.,0.));
#2380 = DIRECTION('',(1.,0.,0.));
#2381 = ADVANCED_FACE('',(#2382),#2405,.T.);
#2382 = FACE_BOUND('',#2383,.T.);
#2383 = EDGE_LOOP('',(#2384,#2385,#2392,#2400));
#2384 = ORIENTED_EDGE('',*,*,#2309,.F.);
#2385 = ORIENTED_EDGE('',*,*,#2386,.T.);
#2386 = EDGE_CURVE('',#2284,#2387,#2389,.T.);
#2387 = VERTEX_POINT('',#2388);
#2388 = CARTESIAN_POINT('',(-0.14514,0.14514,-0.5));
#2389 = B_SPLINE_CURVE_WITH_KNOTS('',1,(#2390,#2391),.UNSPECIFIED.,.F.,
  .F.,(2,2),(0.,1.),.PIECEWISE_BEZIER_KNOTS.);
#2390 = CARTESIAN_POINT('',(-0.32,0.32,0.));
#2391 = CARTESIAN_POINT('',(-0.14514,0.14514,-0.5));
#2392 = ORIENTED_EDGE('',*,*,#2393,.F.);
#2393 = EDGE_CURVE('',#2394,#2387,#2396,.T.);
#2394 = VERTEX_POINT('',#2395);
#2395 = CARTESIAN_POINT('',(-0.14514,-0.14514,-0.5));
#2396 = LINE('',#2397,#2398);
#2397 = CARTESIAN_POINT('',(-0.14514,-0.14514,-0.5));
#2398 = VECTOR('',#2399,1.);
#2399 = DIRECTION('',(0.,1.,0.));
#2400 = ORIENTED_EDGE('',*,*,#2401,.F.);
#2401 = EDGE_CURVE('',#2302,#2394,#2402,.T.);
#2402 = B_SPLINE_CURVE_WITH_KNOTS('',1,(#2403,#2404),.UNSPECIFIED.,.F.,
  .F.,(2,2),(0.,1.),.PIECEWISE_BEZIER_KNOTS.);
#2403 = CARTESIAN_POINT('',(-0.32,-0.32,0.));
#2404 = CARTESIAN_POINT('',(-0.14514,-0.14514,-0.5));
#2405 = B_SPLINE_SURFACE_WITH_KNOTS('',1,1,(
    (#2406,#2407)
    ,(#2408,#2409
    )),.UNSPECIFIED.,.F.,.F.,.F.,(2,2),(2,2),(0.,0.64),(0.,1.),
  .PIECEWISE_BEZIER_KNOTS.);
#2406 = CARTESIAN_POINT('',(-0.32,-0.32,0.));
#2407 = CARTESIAN_POINT('',(-0.14514,-0.14514,-0.5));
#2408 = CARTESIAN_POINT('',(-0.32,0.32,0.));
#2409 = CARTESIAN_POINT('',(-0.14514,0.14514,-0.5));
#2410 = ADVANCED_FACE('',(#2411),#2434,.F.);
#2411 = FACE_BOUND('',#2412,.F.);
#2412 = EDGE_LOOP('',(#2413,#2423,#2428,#2429));
#2413 = ORIENTED_EDGE('',*,*,#2414,.T.);
#2414 = EDGE_CURVE('',#2415,#2417,#2419,.T.);
#2415 = VERTEX_POINT('',#2416);
#2416 = CARTESIAN_POINT('',(-0.153217,0.149879,11.));
#2417 = VERTEX_POINT('',#2418);
#2418 = CARTESIAN_POINT('',(-0.153217,-0.149879,11.));
#2419 = LINE('',#2420,#2421);
#2420 = CARTESIAN_POINT('',(-0.153217,0.149879,11.));
#2421 = VECTOR('',#2422,1.);
#2422 = DIRECTION('',(0.,-1.,0.));
#2423 = ORIENTED_EDGE('',*,*,#2424,.T.);
#2424 = EDGE_CURVE('',#2417,#2294,#2425,.T.);
#2425 = B_SPLINE_CURVE_WITH_KNOTS('',1,(#2426,#2427),.UNSPECIFIED.,.F.,
  .F.,(2,2),(0.,1.),.PIECEWISE_BEZIER_KNOTS.);
#2426 = CARTESIAN_POINT('',(-0.153217,-0.149879,11.));
#2427 = CARTESIAN_POINT('',(-0.32,-0.32,10.5));
#2428 = ORIENTED_EDGE('',*,*,#2293,.F.);
#2429 = ORIENTED_EDGE('',*,*,#2430,.F.);
#2430 = EDGE_CURVE('',#2415,#2286,#2431,.T.);
#2431 = B_SPLINE_CURVE_WITH_KNOTS('',1,(#2432,#2433),.UNSPECIFIED.,.F.,
  .F.,(2,2),(0.,1.),.PIECEWISE_BEZIER_KNOTS.);
#2432 = CARTESIAN_POINT('',(-0.153217,0.149879,11.));
#2433 = CARTESIAN_POINT('',(-0.32,0.32,10.5));
#2434 = B_SPLINE_SURFACE_WITH_KNOTS('',1,1,(
    (#2435,#2436)
    ,(#2437,#2438
    )),.UNSPECIFIED.,.F.,.F.,.F.,(2,2),(2,2),(0.,0.64),(0.,1.),
  .PIECEWISE_BEZIER_KNOTS.);
#2435 = CARTESIAN_POINT('',(-0.153217,0.149879,11.));
#2436 = CARTESIAN_POINT('',(-0.32,0.32,10.5));
#2437 = CARTESIAN_POINT('',(-0.153217,-0.149879,11.));
#2438 = CARTESIAN_POINT('',(-0.32,-0.32,10.5));
#2439 = ADVANCED_FACE('',(#2440),#2456,.F.);
#2440 = FACE_BOUND('',#2441,.F.);
#2441 = EDGE_LOOP('',(#2442,#2443,#2449,#2450));
#2442 = ORIENTED_EDGE('',*,*,#2363,.T.);
#2443 = ORIENTED_EDGE('',*,*,#2444,.T.);
#2444 = EDGE_CURVE('',#2356,#2326,#2445,.T.);
#2445 = LINE('',#2446,#2447);
#2446 = CARTESIAN_POINT('',(0.32,-0.32,10.5));
#2447 = VECTOR('',#2448,1.);
#2448 = DIRECTION('',(0.,1.,0.));
#2449 = ORIENTED_EDGE('',*,*,#2323,.F.);
#2450 = ORIENTED_EDGE('',*,*,#2451,.F.);
#2451 = EDGE_CURVE('',#2364,#2324,#2452,.T.);
#2452 = LINE('',#2453,#2454);
#2453 = CARTESIAN_POINT('',(0.32,-0.32,0.));
#2454 = VECTOR('',#2455,1.);
#2455 = DIRECTION('',(0.,1.,0.));
#2456 = PLANE('',#2457);
#2457 = AXIS2_PLACEMENT_3D('',#2458,#2459,#2460);
#2458 = CARTESIAN_POINT('',(0.32,-0.32,0.));
#2459 = DIRECTION('',(-1.,0.,0.));
#2460 = DIRECTION('',(0.,1.,0.));
#2461 = ADVANCED_FACE('',(#2462),#2479,.T.);
#2462 = FACE_BOUND('',#2463,.T.);
#2463 = EDGE_LOOP('',(#2464,#2465,#2472,#2478));
#2464 = ORIENTED_EDGE('',*,*,#2340,.F.);
#2465 = ORIENTED_EDGE('',*,*,#2466,.T.);
#2466 = EDGE_CURVE('',#2324,#2467,#2469,.T.);
#2467 = VERTEX_POINT('',#2468);
#2468 = CARTESIAN_POINT('',(0.14514,0.14514,-0.5));
#2469 = B_SPLINE_CURVE_WITH_KNOTS('',1,(#2470,#2471),.UNSPECIFIED.,.F.,
  .F.,(2,2),(0.,1.),.PIECEWISE_BEZIER_KNOTS.);
#2470 = CARTESIAN_POINT('',(0.32,0.32,0.));
#2471 = CARTESIAN_POINT('',(0.14514,0.14514,-0.5));
#2472 = ORIENTED_EDGE('',*,*,#2473,.F.);
#2473 = EDGE_CURVE('',#2387,#2467,#2474,.T.);
#2474 = LINE('',#2475,#2476);
#2475 = CARTESIAN_POINT('',(-0.14514,0.14514,-0.5));
#2476 = VECTOR('',#2477,1.);
#2477 = DIRECTION('',(1.,0.,0.));
#2478 = ORIENTED_EDGE('',*,*,#2386,.F.);
#2479 = B_SPLINE_SURFACE_WITH_KNOTS('',1,1,(
    (#2480,#2481)
    ,(#2482,#2483
    )),.UNSPECIFIED.,.F.,.F.,.F.,(2,2),(2,2),(0.,0.64),(0.,1.),
  .PIECEWISE_BEZIER_KNOTS.);
#2480 = CARTESIAN_POINT('',(-0.32,0.32,0.));
#2481 = CARTESIAN_POINT('',(-0.14514,0.14514,-0.5));
#2482 = CARTESIAN_POINT('',(0.32,0.32,0.));
#2483 = CARTESIAN_POINT('',(0.14514,0.14514,-0.5));
#2484 = ADVANCED_FACE('',(#2485),#2502,.F.);
#2485 = FACE_BOUND('',#2486,.F.);
#2486 = EDGE_LOOP('',(#2487,#2495,#2496,#2497));
#2487 = ORIENTED_EDGE('',*,*,#2488,.T.);
#2488 = EDGE_CURVE('',#2489,#2415,#2491,.T.);
#2489 = VERTEX_POINT('',#2490);
#2490 = CARTESIAN_POINT('',(0.153217,0.149879,11.));
#2491 = LINE('',#2492,#2493);
#2492 = CARTESIAN_POINT('',(0.153217,0.149879,11.));
#2493 = VECTOR('',#2494,1.);
#2494 = DIRECTION('',(-1.,0.,0.));
#2495 = ORIENTED_EDGE('',*,*,#2430,.T.);
#2496 = ORIENTED_EDGE('',*,*,#2333,.F.);
#2497 = ORIENTED_EDGE('',*,*,#2498,.F.);
#2498 = EDGE_CURVE('',#2489,#2326,#2499,.T.);
#2499 = B_SPLINE_CURVE_WITH_KNOTS('',1,(#2500,#2501),.UNSPECIFIED.,.F.,
  .F.,(2,2),(0.,1.),.PIECEWISE_BEZIER_KNOTS.);
#2500 = CARTESIAN_POINT('',(0.153217,0.149879,11.));
#2501 = CARTESIAN_POINT('',(0.32,0.32,10.5));
#2502 = B_SPLINE_SURFACE_WITH_KNOTS('',1,1,(
    (#2503,#2504)
    ,(#2505,#2506
    )),.UNSPECIFIED.,.F.,.F.,.F.,(2,2),(2,2),(0.,0.64),(0.,1.),
  .PIECEWISE_BEZIER_KNOTS.);
#2503 = CARTESIAN_POINT('',(0.153217,0.149879,11.));
#2504 = CARTESIAN_POINT('',(0.32,0.32,10.5));
#2505 = CARTESIAN_POINT('',(-0.153217,0.149879,11.));
#2506 = CARTESIAN_POINT('',(-0.32,0.32,10.5));
#2507 = ADVANCED_FACE('',(#2508),#2525,.T.);
#2508 = FACE_BOUND('',#2509,.T.);
#2509 = EDGE_LOOP('',(#2510,#2511,#2512,#2520));
#2510 = ORIENTED_EDGE('',*,*,#2371,.F.);
#2511 = ORIENTED_EDGE('',*,*,#2401,.T.);
#2512 = ORIENTED_EDGE('',*,*,#2513,.F.);
#2513 = EDGE_CURVE('',#2514,#2394,#2516,.T.);
#2514 = VERTEX_POINT('',#2515);
#2515 = CARTESIAN_POINT('',(0.14514,-0.14514,-0.5));
#2516 = LINE('',#2517,#2518);
#2517 = CARTESIAN_POINT('',(0.14514,-0.14514,-0.5));
#2518 = VECTOR('',#2519,1.);
#2519 = DIRECTION('',(-1.,0.,0.));
#2520 = ORIENTED_EDGE('',*,*,#2521,.F.);
#2521 = EDGE_CURVE('',#2364,#2514,#2522,.T.);
#2522 = B_SPLINE_CURVE_WITH_KNOTS('',1,(#2523,#2524),.UNSPECIFIED.,.F.,
  .F.,(2,2),(0.,1.),.PIECEWISE_BEZIER_KNOTS.);
#2523 = CARTESIAN_POINT('',(0.32,-0.32,0.));
#2524 = CARTESIAN_POINT('',(0.14514,-0.14514,-0.5));
#2525 = B_SPLINE_SURFACE_WITH_KNOTS('',1,1,(
    (#2526,#2527)
    ,(#2528,#2529
    )),.UNSPECIFIED.,.F.,.F.,.F.,(2,2),(2,2),(0.,0.64),(0.,1.),
  .PIECEWISE_BEZIER_KNOTS.);
#2526 = CARTESIAN_POINT('',(0.32,-0.32,0.));
#2527 = CARTESIAN_POINT('',(0.14514,-0.14514,-0.5));
#2528 = CARTESIAN_POINT('',(-0.32,-0.32,0.));
#2529 = CARTESIAN_POINT('',(-0.14514,-0.14514,-0.5));
#2530 = ADVANCED_FACE('',(#2531),#2548,.F.);
#2531 = FACE_BOUND('',#2532,.F.);
#2532 = EDGE_LOOP('',(#2533,#2541,#2546,#2547));
#2533 = ORIENTED_EDGE('',*,*,#2534,.T.);
#2534 = EDGE_CURVE('',#2417,#2535,#2537,.T.);
#2535 = VERTEX_POINT('',#2536);
#2536 = CARTESIAN_POINT('',(0.153217,-0.149879,11.));
#2537 = LINE('',#2538,#2539);
#2538 = CARTESIAN_POINT('',(-0.153217,-0.149879,11.));
#2539 = VECTOR('',#2540,1.);
#2540 = DIRECTION('',(1.,0.,0.));
#2541 = ORIENTED_EDGE('',*,*,#2542,.T.);
#2542 = EDGE_CURVE('',#2535,#2356,#2543,.T.);
#2543 = B_SPLINE_CURVE_WITH_KNOTS('',1,(#2544,#2545),.UNSPECIFIED.,.F.,
  .F.,(2,2),(0.,1.),.PIECEWISE_BEZIER_KNOTS.);
#2544 = CARTESIAN_POINT('',(0.153217,-0.149879,11.));
#2545 = CARTESIAN_POINT('',(0.32,-0.32,10.5));
#2546 = ORIENTED_EDGE('',*,*,#2355,.F.);
#2547 = ORIENTED_EDGE('',*,*,#2424,.F.);
#2548 = B_SPLINE_SURFACE_WITH_KNOTS('',1,1,(
    (#2549,#2550)
    ,(#2551,#2552
    )),.UNSPECIFIED.,.F.,.F.,.F.,(2,2),(2,2),(0.,0.64),(0.,1.),
  .PIECEWISE_BEZIER_KNOTS.);
#2549 = CARTESIAN_POINT('',(-0.153217,-0.149879,11.));
#2550 = CARTESIAN_POINT('',(-0.32,-0.32,10.5));
#2551 = CARTESIAN_POINT('',(0.153217,-0.149879,11.));
#2552 = CARTESIAN_POINT('',(0.32,-0.32,10.5));
#2553 = ADVANCED_FACE('',(#2554),#2565,.T.);
#2554 = FACE_BOUND('',#2555,.T.);
#2555 = EDGE_LOOP('',(#2556,#2557,#2558,#2564));
#2556 = ORIENTED_EDGE('',*,*,#2393,.T.);
#2557 = ORIENTED_EDGE('',*,*,#2473,.T.);
#2558 = ORIENTED_EDGE('',*,*,#2559,.T.);
#2559 = EDGE_CURVE('',#2467,#2514,#2560,.T.);
#2560 = LINE('',#2561,#2562);
#2561 = CARTESIAN_POINT('',(0.14514,0.14514,-0.5));
#2562 = VECTOR('',#2563,1.);
#2563 = DIRECTION('',(0.,-1.,0.));
#2564 = ORIENTED_EDGE('',*,*,#2513,.T.);
#2565 = PLANE('',#2566);
#2566 = AXIS2_PLACEMENT_3D('',#2567,#2568,#2569);
#2567 = CARTESIAN_POINT('',(1.E-17,-1.E-17,-0.5));
#2568 = DIRECTION('',(-0.,-0.,-1.));
#2569 = DIRECTION('',(-1.,0.,0.));
#2570 = ADVANCED_FACE('',(#2571),#2582,.T.);
#2571 = FACE_BOUND('',#2572,.T.);
#2572 = EDGE_LOOP('',(#2573,#2574,#2575,#2581));
#2573 = ORIENTED_EDGE('',*,*,#2414,.T.);
#2574 = ORIENTED_EDGE('',*,*,#2534,.T.);
#2575 = ORIENTED_EDGE('',*,*,#2576,.T.);
#2576 = EDGE_CURVE('',#2535,#2489,#2577,.T.);
#2577 = LINE('',#2578,#2579);
#2578 = CARTESIAN_POINT('',(0.153217,-0.149879,11.));
#2579 = VECTOR('',#2580,1.);
#2580 = DIRECTION('',(0.,1.,0.));
#2581 = ORIENTED_EDGE('',*,*,#2488,.T.);
#2582 = PLANE('',#2583);
#2583 = AXIS2_PLACEMENT_3D('',#2584,#2585,#2586);
#2584 = CARTESIAN_POINT('',(0.,0.,11.));
#2585 = DIRECTION('',(0.,0.,1.));
#2586 = DIRECTION('',(0.,1.,0.));
#2587 = ADVANCED_FACE('',(#2588),#2594,.T.);
#2588 = FACE_BOUND('',#2589,.T.);
#2589 = EDGE_LOOP('',(#2590,#2591,#2592,#2593));
#2590 = ORIENTED_EDGE('',*,*,#2451,.F.);
#2591 = ORIENTED_EDGE('',*,*,#2521,.T.);
#2592 = ORIENTED_EDGE('',*,*,#2559,.F.);
#2593 = ORIENTED_EDGE('',*,*,#2466,.F.);
#2594 = B_SPLINE_SURFACE_WITH_KNOTS('',1,1,(
    (#2595,#2596)
    ,(#2597,#2598
    )),.UNSPECIFIED.,.F.,.F.,.F.,(2,2),(2,2),(0.,0.64),(0.,1.),
  .PIECEWISE_BEZIER_KNOTS.);
#2595 = CARTESIAN_POINT('',(0.32,0.32,0.));
#2596 = CARTESIAN_POINT('',(0.14514,0.14514,-0.5));
#2597 = CARTESIAN_POINT('',(0.32,-0.32,0.));
#2598 = CARTESIAN_POINT('',(0.14514,-0.14514,-0.5));
#2599 = ADVANCED_FACE('',(#2600),#2606,.F.);
#2600 = FACE_BOUND('',#2601,.F.);
#2601 = EDGE_LOOP('',(#2602,#2603,#2604,#2605));
#2602 = ORIENTED_EDGE('',*,*,#2576,.T.);
#2603 = ORIENTED_EDGE('',*,*,#2498,.T.);
#2604 = ORIENTED_EDGE('',*,*,#2444,.F.);
#2605 = ORIENTED_EDGE('',*,*,#2542,.F.);
#2606 = B_SPLINE_SURFACE_WITH_KNOTS('',1,1,(
    (#2607,#2608)
    ,(#2609,#2610
    )),.UNSPECIFIED.,.F.,.F.,.F.,(2,2),(2,2),(0.,0.64),(0.,1.),
  .PIECEWISE_BEZIER_KNOTS.);
#2607 = CARTESIAN_POINT('',(0.153217,-0.149879,11.));
#2608 = CARTESIAN_POINT('',(0.32,-0.32,10.5));
#2609 = CARTESIAN_POINT('',(0.153217,0.149879,11.));
#2610 = CARTESIAN_POINT('',(0.32,0.32,10.5));
#2611 = ( GEOMETRIC_REPRESENTATION_CONTEXT(3) 
GLOBAL_UNCERTAINTY_ASSIGNED_CONTEXT((#2615)) 
GLOBAL_UNIT_ASSIGNED_CONTEXT((#2612,#2613,#2614)) REPRESENTATION_CONTEXT
('Context #1','3D Context with UNIT and UNCERTAINTY') );
#2612 = ( LENGTH_UNIT() NAMED_UNIT(*) SI_UNIT(.MILLI.,.METRE.) );
#2613 = ( NAMED_UNIT(*) PLANE_ANGLE_UNIT() SI_UNIT($,.RADIAN.) );
#2614 = ( NAMED_UNIT(*) SI_UNIT($,.STERADIAN.) SOLID_ANGLE_UNIT() );
#2615 = UNCERTAINTY_MEASURE_WITH_UNIT(LENGTH_MEASURE(1.E-07),#2612,
  'distance_accuracy_value','confusion accuracy');
#2616 = CONTEXT_DEPENDENT_SHAPE_REPRESENTATION(#2617,#2619);
#2617 = ( REPRESENTATION_RELATIONSHIP('','',#2276,#10) 
REPRESENTATION_RELATIONSHIP_WITH_TRANSFORMATION(#2618) 
SHAPE_REPRESENTATION_RELATIONSHIP() );
#2618 = ITEM_DEFINED_TRANSFORMATION('','',#11,#23);
#2619 = PRODUCT_DEFINITION_SHAPE('Placement','Placement of an item',
  #2620);
#2620 = NEXT_ASSEMBLY_USAGE_OCCURRENCE('3','=>[0:1:1:3]','',#5,#2271,$);
#2621 = PRODUCT_RELATED_PRODUCT_CATEGORY('part',$,(#2273));
#2622 = SHAPE_DEFINITION_REPRESENTATION(#2623,#2629);
#2623 = PRODUCT_DEFINITION_SHAPE('','',#2624);
#2624 = PRODUCT_DEFINITION('design','',#2625,#2628);
#2625 = PRODUCT_DEFINITION_FORMATION('','',#2626);
#2626 = PRODUCT('Pin003','Pin003','',(#2627));
#2627 = PRODUCT_CONTEXT('',#2,'mechanical');
#2628 = PRODUCT_DEFINITION_CONTEXT('part definition',#2,'design');
#2629 = ADVANCED_BREP_SHAPE_REPRESENTATION('',(#11,#2630),#2964);
#2630 = MANIFOLD_SOLID_BREP('',#2631);
#2631 = CLOSED_SHELL('',(#2632,#2672,#2703,#2734,#2763,#2792,#2814,#2837
    ,#2860,#2883,#2906,#2923,#2940,#2952));
#2632 = ADVANCED_FACE('',(#2633),#2667,.F.);
#2633 = FACE_BOUND('',#2634,.F.);
#2634 = EDGE_LOOP('',(#2635,#2645,#2653,#2661));
#2635 = ORIENTED_EDGE('',*,*,#2636,.T.);
#2636 = EDGE_CURVE('',#2637,#2639,#2641,.T.);
#2637 = VERTEX_POINT('',#2638);
#2638 = CARTESIAN_POINT('',(-0.32,0.32,0.));
#2639 = VERTEX_POINT('',#2640);
#2640 = CARTESIAN_POINT('',(-0.32,0.32,10.5));
#2641 = LINE('',#2642,#2643);
#2642 = CARTESIAN_POINT('',(-0.32,0.32,0.));
#2643 = VECTOR('',#2644,1.);
#2644 = DIRECTION('',(0.,0.,1.));
#2645 = ORIENTED_EDGE('',*,*,#2646,.T.);
#2646 = EDGE_CURVE('',#2639,#2647,#2649,.T.);
#2647 = VERTEX_POINT('',#2648);
#2648 = CARTESIAN_POINT('',(-0.32,-0.32,10.5));
#2649 = LINE('',#2650,#2651);
#2650 = CARTESIAN_POINT('',(-0.32,0.32,10.5));
#2651 = VECTOR('',#2652,1.);
#2652 = DIRECTION('',(0.,-1.,0.));
#2653 = ORIENTED_EDGE('',*,*,#2654,.F.);
#2654 = EDGE_CURVE('',#2655,#2647,#2657,.T.);
#2655 = VERTEX_POINT('',#2656);
#2656 = CARTESIAN_POINT('',(-0.32,-0.32,0.));
#2657 = LINE('',#2658,#2659);
#2658 = CARTESIAN_POINT('',(-0.32,-0.32,0.));
#2659 = VECTOR('',#2660,1.);
#2660 = DIRECTION('',(0.,0.,1.));
#2661 = ORIENTED_EDGE('',*,*,#2662,.F.);
#2662 = EDGE_CURVE('',#2637,#2655,#2663,.T.);
#2663 = LINE('',#2664,#2665);
#2664 = CARTESIAN_POINT('',(-0.32,0.32,0.));
#2665 = VECTOR('',#2666,1.);
#2666 = DIRECTION('',(0.,-1.,0.));
#2667 = PLANE('',#2668);
#2668 = AXIS2_PLACEMENT_3D('',#2669,#2670,#2671);
#2669 = CARTESIAN_POINT('',(-0.32,0.32,0.));
#2670 = DIRECTION('',(1.,0.,0.));
#2671 = DIRECTION('',(0.,-1.,0.));
#2672 = ADVANCED_FACE('',(#2673),#2698,.F.);
#2673 = FACE_BOUND('',#2674,.F.);
#2674 = EDGE_LOOP('',(#2675,#2685,#2691,#2692));
#2675 = ORIENTED_EDGE('',*,*,#2676,.T.);
#2676 = EDGE_CURVE('',#2677,#2679,#2681,.T.);
#2677 = VERTEX_POINT('',#2678);
#2678 = CARTESIAN_POINT('',(0.32,0.32,0.));
#2679 = VERTEX_POINT('',#2680);
#2680 = CARTESIAN_POINT('',(0.32,0.32,10.5));
#2681 = LINE('',#2682,#2683);
#2682 = CARTESIAN_POINT('',(0.32,0.32,0.));
#2683 = VECTOR('',#2684,1.);
#2684 = DIRECTION('',(0.,0.,1.));
#2685 = ORIENTED_EDGE('',*,*,#2686,.T.);
#2686 = EDGE_CURVE('',#2679,#2639,#2687,.T.);
#2687 = LINE('',#2688,#2689);
#2688 = CARTESIAN_POINT('',(0.32,0.32,10.5));
#2689 = VECTOR('',#2690,1.);
#2690 = DIRECTION('',(-1.,0.,0.));
#2691 = ORIENTED_EDGE('',*,*,#2636,.F.);
#2692 = ORIENTED_EDGE('',*,*,#2693,.F.);
#2693 = EDGE_CURVE('',#2677,#2637,#2694,.T.);
#2694 = LINE('',#2695,#2696);
#2695 = CARTESIAN_POINT('',(0.32,0.32,0.));
#2696 = VECTOR('',#2697,1.);
#2697 = DIRECTION('',(-1.,0.,0.));
#2698 = PLANE('',#2699);
#2699 = AXIS2_PLACEMENT_3D('',#2700,#2701,#2702);
#2700 = CARTESIAN_POINT('',(0.32,0.32,0.));
#2701 = DIRECTION('',(0.,-1.,0.));
#2702 = DIRECTION('',(-1.,0.,0.));
#2703 = ADVANCED_FACE('',(#2704),#2729,.F.);
#2704 = FACE_BOUND('',#2705,.F.);
#2705 = EDGE_LOOP('',(#2706,#2707,#2715,#2723));
#2706 = ORIENTED_EDGE('',*,*,#2654,.T.);
#2707 = ORIENTED_EDGE('',*,*,#2708,.T.);
#2708 = EDGE_CURVE('',#2647,#2709,#2711,.T.);
#2709 = VERTEX_POINT('',#2710);
#2710 = CARTESIAN_POINT('',(0.32,-0.32,10.5));
#2711 = LINE('',#2712,#2713);
#2712 = CARTESIAN_POINT('',(-0.32,-0.32,10.5));
#2713 = VECTOR('',#2714,1.);
#2714 = DIRECTION('',(1.,0.,0.));
#2715 = ORIENTED_EDGE('',*,*,#2716,.F.);
#2716 = EDGE_CURVE('',#2717,#2709,#2719,.T.);
#2717 = VERTEX_POINT('',#2718);
#2718 = CARTESIAN_POINT('',(0.32,-0.32,0.));
#2719 = LINE('',#2720,#2721);
#2720 = CARTESIAN_POINT('',(0.32,-0.32,0.));
#2721 = VECTOR('',#2722,1.);
#2722 = DIRECTION('',(0.,0.,1.));
#2723 = ORIENTED_EDGE('',*,*,#2724,.F.);
#2724 = EDGE_CURVE('',#2655,#2717,#2725,.T.);
#2725 = LINE('',#2726,#2727);
#2726 = CARTESIAN_POINT('',(-0.32,-0.32,0.));
#2727 = VECTOR('',#2728,1.);
#2728 = DIRECTION('',(1.,0.,0.));
#2729 = PLANE('',#2730);
#2730 = AXIS2_PLACEMENT_3D('',#2731,#2732,#2733);
#2731 = CARTESIAN_POINT('',(-0.32,-0.32,0.));
#2732 = DIRECTION('',(0.,1.,0.));
#2733 = DIRECTION('',(1.,0.,0.));
#2734 = ADVANCED_FACE('',(#2735),#2758,.T.);
#2735 = FACE_BOUND('',#2736,.T.);
#2736 = EDGE_LOOP('',(#2737,#2738,#2745,#2753));
#2737 = ORIENTED_EDGE('',*,*,#2662,.F.);
#2738 = ORIENTED_EDGE('',*,*,#2739,.T.);
#2739 = EDGE_CURVE('',#2637,#2740,#2742,.T.);
#2740 = VERTEX_POINT('',#2741);
#2741 = CARTESIAN_POINT('',(-0.14514,0.14514,-0.5));
#2742 = B_SPLINE_CURVE_WITH_KNOTS('',1,(#2743,#2744),.UNSPECIFIED.,.F.,
  .F.,(2,2),(0.,1.),.PIECEWISE_BEZIER_KNOTS.);
#2743 = CARTESIAN_POINT('',(-0.32,0.32,0.));
#2744 = CARTESIAN_POINT('',(-0.14514,0.14514,-0.5));
#2745 = ORIENTED_EDGE('',*,*,#2746,.F.);
#2746 = EDGE_CURVE('',#2747,#2740,#2749,.T.);
#2747 = VERTEX_POINT('',#2748);
#2748 = CARTESIAN_POINT('',(-0.14514,-0.14514,-0.5));
#2749 = LINE('',#2750,#2751);
#2750 = CARTESIAN_POINT('',(-0.14514,-0.14514,-0.5));
#2751 = VECTOR('',#2752,1.);
#2752 = DIRECTION('',(0.,1.,0.));
#2753 = ORIENTED_EDGE('',*,*,#2754,.F.);
#2754 = EDGE_CURVE('',#2655,#2747,#2755,.T.);
#2755 = B_SPLINE_CURVE_WITH_KNOTS('',1,(#2756,#2757),.UNSPECIFIED.,.F.,
  .F.,(2,2),(0.,1.),.PIECEWISE_BEZIER_KNOTS.);
#2756 = CARTESIAN_POINT('',(-0.32,-0.32,0.));
#2757 = CARTESIAN_POINT('',(-0.14514,-0.14514,-0.5));
#2758 = B_SPLINE_SURFACE_WITH_KNOTS('',1,1,(
    (#2759,#2760)
    ,(#2761,#2762
    )),.UNSPECIFIED.,.F.,.F.,.F.,(2,2),(2,2),(0.,0.64),(0.,1.),
  .PIECEWISE_BEZIER_KNOTS.);
#2759 = CARTESIAN_POINT('',(-0.32,-0.32,0.));
#2760 = CARTESIAN_POINT('',(-0.14514,-0.14514,-0.5));
#2761 = CARTESIAN_POINT('',(-0.32,0.32,0.));
#2762 = CARTESIAN_POINT('',(-0.14514,0.14514,-0.5));
#2763 = ADVANCED_FACE('',(#2764),#2787,.F.);
#2764 = FACE_BOUND('',#2765,.F.);
#2765 = EDGE_LOOP('',(#2766,#2776,#2781,#2782));
#2766 = ORIENTED_EDGE('',*,*,#2767,.T.);
#2767 = EDGE_CURVE('',#2768,#2770,#2772,.T.);
#2768 = VERTEX_POINT('',#2769);
#2769 = CARTESIAN_POINT('',(-0.153217,0.149879,11.));
#2770 = VERTEX_POINT('',#2771);
#2771 = CARTESIAN_POINT('',(-0.153217,-0.149879,11.));
#2772 = LINE('',#2773,#2774);
#2773 = CARTESIAN_POINT('',(-0.153217,0.149879,11.));
#2774 = VECTOR('',#2775,1.);
#2775 = DIRECTION('',(0.,-1.,0.));
#2776 = ORIENTED_EDGE('',*,*,#2777,.T.);
#2777 = EDGE_CURVE('',#2770,#2647,#2778,.T.);
#2778 = B_SPLINE_CURVE_WITH_KNOTS('',1,(#2779,#2780),.UNSPECIFIED.,.F.,
  .F.,(2,2),(0.,1.),.PIECEWISE_BEZIER_KNOTS.);
#2779 = CARTESIAN_POINT('',(-0.153217,-0.149879,11.));
#2780 = CARTESIAN_POINT('',(-0.32,-0.32,10.5));
#2781 = ORIENTED_EDGE('',*,*,#2646,.F.);
#2782 = ORIENTED_EDGE('',*,*,#2783,.F.);
#2783 = EDGE_CURVE('',#2768,#2639,#2784,.T.);
#2784 = B_SPLINE_CURVE_WITH_KNOTS('',1,(#2785,#2786),.UNSPECIFIED.,.F.,
  .F.,(2,2),(0.,1.),.PIECEWISE_BEZIER_KNOTS.);
#2785 = CARTESIAN_POINT('',(-0.153217,0.149879,11.));
#2786 = CARTESIAN_POINT('',(-0.32,0.32,10.5));
#2787 = B_SPLINE_SURFACE_WITH_KNOTS('',1,1,(
    (#2788,#2789)
    ,(#2790,#2791
    )),.UNSPECIFIED.,.F.,.F.,.F.,(2,2),(2,2),(0.,0.64),(0.,1.),
  .PIECEWISE_BEZIER_KNOTS.);
#2788 = CARTESIAN_POINT('',(-0.153217,0.149879,11.));
#2789 = CARTESIAN_POINT('',(-0.32,0.32,10.5));
#2790 = CARTESIAN_POINT('',(-0.153217,-0.149879,11.));
#2791 = CARTESIAN_POINT('',(-0.32,-0.32,10.5));
#2792 = ADVANCED_FACE('',(#2793),#2809,.F.);
#2793 = FACE_BOUND('',#2794,.F.);
#2794 = EDGE_LOOP('',(#2795,#2796,#2802,#2803));
#2795 = ORIENTED_EDGE('',*,*,#2716,.T.);
#2796 = ORIENTED_EDGE('',*,*,#2797,.T.);
#2797 = EDGE_CURVE('',#2709,#2679,#2798,.T.);
#2798 = LINE('',#2799,#2800);
#2799 = CARTESIAN_POINT('',(0.32,-0.32,10.5));
#2800 = VECTOR('',#2801,1.);
#2801 = DIRECTION('',(0.,1.,0.));
#2802 = ORIENTED_EDGE('',*,*,#2676,.F.);
#2803 = ORIENTED_EDGE('',*,*,#2804,.F.);
#2804 = EDGE_CURVE('',#2717,#2677,#2805,.T.);
#2805 = LINE('',#2806,#2807);
#2806 = CARTESIAN_POINT('',(0.32,-0.32,0.));
#2807 = VECTOR('',#2808,1.);
#2808 = DIRECTION('',(0.,1.,0.));
#2809 = PLANE('',#2810);
#2810 = AXIS2_PLACEMENT_3D('',#2811,#2812,#2813);
#2811 = CARTESIAN_POINT('',(0.32,-0.32,0.));
#2812 = DIRECTION('',(-1.,0.,0.));
#2813 = DIRECTION('',(0.,1.,0.));
#2814 = ADVANCED_FACE('',(#2815),#2832,.T.);
#2815 = FACE_BOUND('',#2816,.T.);
#2816 = EDGE_LOOP('',(#2817,#2818,#2825,#2831));
#2817 = ORIENTED_EDGE('',*,*,#2693,.F.);
#2818 = ORIENTED_EDGE('',*,*,#2819,.T.);
#2819 = EDGE_CURVE('',#2677,#2820,#2822,.T.);
#2820 = VERTEX_POINT('',#2821);
#2821 = CARTESIAN_POINT('',(0.14514,0.14514,-0.5));
#2822 = B_SPLINE_CURVE_WITH_KNOTS('',1,(#2823,#2824),.UNSPECIFIED.,.F.,
  .F.,(2,2),(0.,1.),.PIECEWISE_BEZIER_KNOTS.);
#2823 = CARTESIAN_POINT('',(0.32,0.32,0.));
#2824 = CARTESIAN_POINT('',(0.14514,0.14514,-0.5));
#2825 = ORIENTED_EDGE('',*,*,#2826,.F.);
#2826 = EDGE_CURVE('',#2740,#2820,#2827,.T.);
#2827 = LINE('',#2828,#2829);
#2828 = CARTESIAN_POINT('',(-0.14514,0.14514,-0.5));
#2829 = VECTOR('',#2830,1.);
#2830 = DIRECTION('',(1.,0.,0.));
#2831 = ORIENTED_EDGE('',*,*,#2739,.F.);
#2832 = B_SPLINE_SURFACE_WITH_KNOTS('',1,1,(
    (#2833,#2834)
    ,(#2835,#2836
    )),.UNSPECIFIED.,.F.,.F.,.F.,(2,2),(2,2),(0.,0.64),(0.,1.),
  .PIECEWISE_BEZIER_KNOTS.);
#2833 = CARTESIAN_POINT('',(-0.32,0.32,0.));
#2834 = CARTESIAN_POINT('',(-0.14514,0.14514,-0.5));
#2835 = CARTESIAN_POINT('',(0.32,0.32,0.));
#2836 = CARTESIAN_POINT('',(0.14514,0.14514,-0.5));
#2837 = ADVANCED_FACE('',(#2838),#2855,.F.);
#2838 = FACE_BOUND('',#2839,.F.);
#2839 = EDGE_LOOP('',(#2840,#2848,#2849,#2850));
#2840 = ORIENTED_EDGE('',*,*,#2841,.T.);
#2841 = EDGE_CURVE('',#2842,#2768,#2844,.T.);
#2842 = VERTEX_POINT('',#2843);
#2843 = CARTESIAN_POINT('',(0.153217,0.149879,11.));
#2844 = LINE('',#2845,#2846);
#2845 = CARTESIAN_POINT('',(0.153217,0.149879,11.));
#2846 = VECTOR('',#2847,1.);
#2847 = DIRECTION('',(-1.,0.,0.));
#2848 = ORIENTED_EDGE('',*,*,#2783,.T.);
#2849 = ORIENTED_EDGE('',*,*,#2686,.F.);
#2850 = ORIENTED_EDGE('',*,*,#2851,.F.);
#2851 = EDGE_CURVE('',#2842,#2679,#2852,.T.);
#2852 = B_SPLINE_CURVE_WITH_KNOTS('',1,(#2853,#2854),.UNSPECIFIED.,.F.,
  .F.,(2,2),(0.,1.),.PIECEWISE_BEZIER_KNOTS.);
#2853 = CARTESIAN_POINT('',(0.153217,0.149879,11.));
#2854 = CARTESIAN_POINT('',(0.32,0.32,10.5));
#2855 = B_SPLINE_SURFACE_WITH_KNOTS('',1,1,(
    (#2856,#2857)
    ,(#2858,#2859
    )),.UNSPECIFIED.,.F.,.F.,.F.,(2,2),(2,2),(0.,0.64),(0.,1.),
  .PIECEWISE_BEZIER_KNOTS.);
#2856 = CARTESIAN_POINT('',(0.153217,0.149879,11.));
#2857 = CARTESIAN_POINT('',(0.32,0.32,10.5));
#2858 = CARTESIAN_POINT('',(-0.153217,0.149879,11.));
#2859 = CARTESIAN_POINT('',(-0.32,0.32,10.5));
#2860 = ADVANCED_FACE('',(#2861),#2878,.T.);
#2861 = FACE_BOUND('',#2862,.T.);
#2862 = EDGE_LOOP('',(#2863,#2864,#2865,#2873));
#2863 = ORIENTED_EDGE('',*,*,#2724,.F.);
#2864 = ORIENTED_EDGE('',*,*,#2754,.T.);
#2865 = ORIENTED_EDGE('',*,*,#2866,.F.);
#2866 = EDGE_CURVE('',#2867,#2747,#2869,.T.);
#2867 = VERTEX_POINT('',#2868);
#2868 = CARTESIAN_POINT('',(0.14514,-0.14514,-0.5));
#2869 = LINE('',#2870,#2871);
#2870 = CARTESIAN_POINT('',(0.14514,-0.14514,-0.5));
#2871 = VECTOR('',#2872,1.);
#2872 = DIRECTION('',(-1.,0.,0.));
#2873 = ORIENTED_EDGE('',*,*,#2874,.F.);
#2874 = EDGE_CURVE('',#2717,#2867,#2875,.T.);
#2875 = B_SPLINE_CURVE_WITH_KNOTS('',1,(#2876,#2877),.UNSPECIFIED.,.F.,
  .F.,(2,2),(0.,1.),.PIECEWISE_BEZIER_KNOTS.);
#2876 = CARTESIAN_POINT('',(0.32,-0.32,0.));
#2877 = CARTESIAN_POINT('',(0.14514,-0.14514,-0.5));
#2878 = B_SPLINE_SURFACE_WITH_KNOTS('',1,1,(
    (#2879,#2880)
    ,(#2881,#2882
    )),.UNSPECIFIED.,.F.,.F.,.F.,(2,2),(2,2),(0.,0.64),(0.,1.),
  .PIECEWISE_BEZIER_KNOTS.);
#2879 = CARTESIAN_POINT('',(0.32,-0.32,0.));
#2880 = CARTESIAN_POINT('',(0.14514,-0.14514,-0.5));
#2881 = CARTESIAN_POINT('',(-0.32,-0.32,0.));
#2882 = CARTESIAN_POINT('',(-0.14514,-0.14514,-0.5));
#2883 = ADVANCED_FACE('',(#2884),#2901,.F.);
#2884 = FACE_BOUND('',#2885,.F.);
#2885 = EDGE_LOOP('',(#2886,#2894,#2899,#2900));
#2886 = ORIENTED_EDGE('',*,*,#2887,.T.);
#2887 = EDGE_CURVE('',#2770,#2888,#2890,.T.);
#2888 = VERTEX_POINT('',#2889);
#2889 = CARTESIAN_POINT('',(0.153217,-0.149879,11.));
#2890 = LINE('',#2891,#2892);
#2891 = CARTESIAN_POINT('',(-0.153217,-0.149879,11.));
#2892 = VECTOR('',#2893,1.);
#2893 = DIRECTION('',(1.,0.,0.));
#2894 = ORIENTED_EDGE('',*,*,#2895,.T.);
#2895 = EDGE_CURVE('',#2888,#2709,#2896,.T.);
#2896 = B_SPLINE_CURVE_WITH_KNOTS('',1,(#2897,#2898),.UNSPECIFIED.,.F.,
  .F.,(2,2),(0.,1.),.PIECEWISE_BEZIER_KNOTS.);
#2897 = CARTESIAN_POINT('',(0.153217,-0.149879,11.));
#2898 = CARTESIAN_POINT('',(0.32,-0.32,10.5));
#2899 = ORIENTED_EDGE('',*,*,#2708,.F.);
#2900 = ORIENTED_EDGE('',*,*,#2777,.F.);
#2901 = B_SPLINE_SURFACE_WITH_KNOTS('',1,1,(
    (#2902,#2903)
    ,(#2904,#2905
    )),.UNSPECIFIED.,.F.,.F.,.F.,(2,2),(2,2),(0.,0.64),(0.,1.),
  .PIECEWISE_BEZIER_KNOTS.);
#2902 = CARTESIAN_POINT('',(-0.153217,-0.149879,11.));
#2903 = CARTESIAN_POINT('',(-0.32,-0.32,10.5));
#2904 = CARTESIAN_POINT('',(0.153217,-0.149879,11.));
#2905 = CARTESIAN_POINT('',(0.32,-0.32,10.5));
#2906 = ADVANCED_FACE('',(#2907),#2918,.T.);
#2907 = FACE_BOUND('',#2908,.T.);
#2908 = EDGE_LOOP('',(#2909,#2910,#2911,#2917));
#2909 = ORIENTED_EDGE('',*,*,#2746,.T.);
#2910 = ORIENTED_EDGE('',*,*,#2826,.T.);
#2911 = ORIENTED_EDGE('',*,*,#2912,.T.);
#2912 = EDGE_CURVE('',#2820,#2867,#2913,.T.);
#2913 = LINE('',#2914,#2915);
#2914 = CARTESIAN_POINT('',(0.14514,0.14514,-0.5));
#2915 = VECTOR('',#2916,1.);
#2916 = DIRECTION('',(0.,-1.,0.));
#2917 = ORIENTED_EDGE('',*,*,#2866,.T.);
#2918 = PLANE('',#2919);
#2919 = AXIS2_PLACEMENT_3D('',#2920,#2921,#2922);
#2920 = CARTESIAN_POINT('',(1.E-17,-1.E-17,-0.5));
#2921 = DIRECTION('',(-0.,-0.,-1.));
#2922 = DIRECTION('',(-1.,0.,0.));
#2923 = ADVANCED_FACE('',(#2924),#2935,.T.);
#2924 = FACE_BOUND('',#2925,.T.);
#2925 = EDGE_LOOP('',(#2926,#2927,#2928,#2934));
#2926 = ORIENTED_EDGE('',*,*,#2767,.T.);
#2927 = ORIENTED_EDGE('',*,*,#2887,.T.);
#2928 = ORIENTED_EDGE('',*,*,#2929,.T.);
#2929 = EDGE_CURVE('',#2888,#2842,#2930,.T.);
#2930 = LINE('',#2931,#2932);
#2931 = CARTESIAN_POINT('',(0.153217,-0.149879,11.));
#2932 = VECTOR('',#2933,1.);
#2933 = DIRECTION('',(0.,1.,0.));
#2934 = ORIENTED_EDGE('',*,*,#2841,.T.);
#2935 = PLANE('',#2936);
#2936 = AXIS2_PLACEMENT_3D('',#2937,#2938,#2939);
#2937 = CARTESIAN_POINT('',(0.,0.,11.));
#2938 = DIRECTION('',(0.,0.,1.));
#2939 = DIRECTION('',(0.,1.,0.));
#2940 = ADVANCED_FACE('',(#2941),#2947,.T.);
#2941 = FACE_BOUND('',#2942,.T.);
#2942 = EDGE_LOOP('',(#2943,#2944,#2945,#2946));
#2943 = ORIENTED_EDGE('',*,*,#2804,.F.);
#2944 = ORIENTED_EDGE('',*,*,#2874,.T.);
#2945 = ORIENTED_EDGE('',*,*,#2912,.F.);
#2946 = ORIENTED_EDGE('',*,*,#2819,.F.);
#2947 = B_SPLINE_SURFACE_WITH_KNOTS('',1,1,(
    (#2948,#2949)
    ,(#2950,#2951
    )),.UNSPECIFIED.,.F.,.F.,.F.,(2,2),(2,2),(0.,0.64),(0.,1.),
  .PIECEWISE_BEZIER_KNOTS.);
#2948 = CARTESIAN_POINT('',(0.32,0.32,0.));
#2949 = CARTESIAN_POINT('',(0.14514,0.14514,-0.5));
#2950 = CARTESIAN_POINT('',(0.32,-0.32,0.));
#2951 = CARTESIAN_POINT('',(0.14514,-0.14514,-0.5));
#2952 = ADVANCED_FACE('',(#2953),#2959,.F.);
#2953 = FACE_BOUND('',#2954,.F.);
#2954 = EDGE_LOOP('',(#2955,#2956,#2957,#2958));
#2955 = ORIENTED_EDGE('',*,*,#2929,.T.);
#2956 = ORIENTED_EDGE('',*,*,#2851,.T.);
#2957 = ORIENTED_EDGE('',*,*,#2797,.F.);
#2958 = ORIENTED_EDGE('',*,*,#2895,.F.);
#2959 = B_SPLINE_SURFACE_WITH_KNOTS('',1,1,(
    (#2960,#2961)
    ,(#2962,#2963
    )),.UNSPECIFIED.,.F.,.F.,.F.,(2,2),(2,2),(0.,0.64),(0.,1.),
  .PIECEWISE_BEZIER_KNOTS.);
#2960 = CARTESIAN_POINT('',(0.153217,-0.149879,11.));
#2961 = CARTESIAN_POINT('',(0.32,-0.32,10.5));
#2962 = CARTESIAN_POINT('',(0.153217,0.149879,11.));
#2963 = CARTESIAN_POINT('',(0.32,0.32,10.5));
#2964 = ( GEOMETRIC_REPRESENTATION_CONTEXT(3) 
GLOBAL_UNCERTAINTY_ASSIGNED_CONTEXT((#2968)) 
GLOBAL_UNIT_ASSIGNED_CONTEXT((#2965,#2966,#2967)) REPRESENTATION_CONTEXT
('Context #1','3D Context with UNIT and UNCERTAINTY') );
#2965 = ( LENGTH_UNIT() NAMED_UNIT(*) SI_UNIT(.MILLI.,.METRE.) );
#2966 = ( NAMED_UNIT(*) PLANE_ANGLE_UNIT() SI_UNIT($,.RADIAN.) );
#2967 = ( NAMED_UNIT(*) SI_UNIT($,.STERADIAN.) SOLID_ANGLE_UNIT() );
#2968 = UNCERTAINTY_MEASURE_WITH_UNIT(LENGTH_MEASURE(1.E-07),#2965,
  'distance_accuracy_value','confusion accuracy');
#2969 = CONTEXT_DEPENDENT_SHAPE_REPRESENTATION(#2970,#2972);
#2970 = ( REPRESENTATION_RELATIONSHIP('','',#2629,#10) 
REPRESENTATION_RELATIONSHIP_WITH_TRANSFORMATION(#2971) 
SHAPE_REPRESENTATION_RELATIONSHIP() );
#2971 = ITEM_DEFINED_TRANSFORMATION('','',#11,#27);
#2972 = PRODUCT_DEFINITION_SHAPE('Placement','Placement of an item',
  #2973);
#2973 = NEXT_ASSEMBLY_USAGE_OCCURRENCE('4','=>[0:1:1:4]','',#5,#2624,$);
#2974 = PRODUCT_RELATED_PRODUCT_CATEGORY('part',$,(#2626));
#2975 = MECHANICAL_DESIGN_GEOMETRIC_PRESENTATION_REPRESENTATION('',(
    #2976),#2611);
#2976 = STYLED_ITEM('color',(#2977),#2277);
#2977 = PRESENTATION_STYLE_ASSIGNMENT((#2978,#2984));
#2978 = SURFACE_STYLE_USAGE(.BOTH.,#2979);
#2979 = SURFACE_SIDE_STYLE('',(#2980));
#2980 = SURFACE_STYLE_FILL_AREA(#2981);
#2981 = FILL_AREA_STYLE('',(#2982));
#2982 = FILL_AREA_STYLE_COLOUR('',#2983);
#2983 = COLOUR_RGB('',0.800000010877,0.800000010877,0.800000010877);
#2984 = CURVE_STYLE('',#2985,POSITIVE_LENGTH_MEASURE(0.1),#2983);
#2985 = DRAUGHTING_PRE_DEFINED_CURVE_FONT('continuous');
#2986 = MECHANICAL_DESIGN_GEOMETRIC_PRESENTATION_REPRESENTATION('',(
    #2987),#2964);
#2987 = STYLED_ITEM('color',(#2988),#2630);
#2988 = PRESENTATION_STYLE_ASSIGNMENT((#2989,#2994));
#2989 = SURFACE_STYLE_USAGE(.BOTH.,#2990);
#2990 = SURFACE_SIDE_STYLE('',(#2991));
#2991 = SURFACE_STYLE_FILL_AREA(#2992);
#2992 = FILL_AREA_STYLE('',(#2993));
#2993 = FILL_AREA_STYLE_COLOUR('',#2983);
#2994 = CURVE_STYLE('',#2995,POSITIVE_LENGTH_MEASURE(0.1),#2983);
#2995 = DRAUGHTING_PRE_DEFINED_CURVE_FONT('continuous');
#2996 = MECHANICAL_DESIGN_GEOMETRIC_PRESENTATION_REPRESENTATION('',(
    #2997),#2258);
#2997 = STYLED_ITEM('color',(#2998),#1924);
#2998 = PRESENTATION_STYLE_ASSIGNMENT((#2999,#3004));
#2999 = SURFACE_STYLE_USAGE(.BOTH.,#3000);
#3000 = SURFACE_SIDE_STYLE('',(#3001));
#3001 = SURFACE_STYLE_FILL_AREA(#3002);
#3002 = FILL_AREA_STYLE('',(#3003));
#3003 = FILL_AREA_STYLE_COLOUR('',#2983);
#3004 = CURVE_STYLE('',#3005,POSITIVE_LENGTH_MEASURE(0.1),#2983);
#3005 = DRAUGHTING_PRE_DEFINED_CURVE_FONT('continuous');
#3006 = MECHANICAL_DESIGN_GEOMETRIC_PRESENTATION_REPRESENTATION('',(
    #3007),#1905);
#3007 = STYLED_ITEM('color',(#3008),#45);
#3008 = PRESENTATION_STYLE_ASSIGNMENT((#3009,#3015));
#3009 = SURFACE_STYLE_USAGE(.BOTH.,#3010);
#3010 = SURFACE_SIDE_STYLE('',(#3011));
#3011 = SURFACE_STYLE_FILL_AREA(#3012);
#3012 = FILL_AREA_STYLE('',(#3013));
#3013 = FILL_AREA_STYLE_COLOUR('',#3014);
#3014 = DRAUGHTING_PRE_DEFINED_COLOUR('yellow');
#3015 = CURVE_STYLE('',#3016,POSITIVE_LENGTH_MEASURE(0.1),#3014);
#3016 = DRAUGHTING_PRE_DEFINED_CURVE_FONT('continuous');
ENDSEC;
END-ISO-10303-21;
